"property_id","price"
"d56159653f5d2abc5ed5acd7",636492038.510243
"45550aa81c0151f1fd9fd8fe",707928312.892371
"735deef3382aa15930482f3e",615689071.353693
"0dd49fa8bb7be52b851c6dc9",761746355.38087
"7d3220a91e78f8bc2924d1cd",613753295.910628
"d3054072b2175deec2c1f8dc",481403382.769366
"b7574b06d593fca4eac59815",478989071.192759
"79e822115c5c1a4531366001",406454596.946671
"d3ed5316a463d38c1bd321d0",773430784.705449
"2f1880c9b8f7ac2715e1236d",806014450.035187
"dcca1c7f109175760ff531c6",442937556.269684
"dfc4f3facf91bbd93ee0fa4d",447142711.488804
"30e134a6cbe61d7954d0f56b",407811218.74978
"385fee7bd9ad7722d45dd034",421511590.758618
"87199c236bf22903d1aafdd0",427916756.085435
"19e19ad0cd6b5e84d8aa970e",412675036.749183
"907f968e78d748fde69dd44f",615420207.656248
"be094e5db0f784e3aa013aae",407517301.887816
"7ab96f83915bc84f8c03c1bd",416569843.615184
"07f4aa9b9ff5b0b05d31e6c0",771297639.05286
"e9be8cd37abed8ab510ba1f5",791187941.040028
"5f6ad58df27b562db077b5ce",660331364.618476
"ee96d947484aaace40f9b77f",783083765.847995
"15c4aef8401208054697b81e",968075554.117965
"22d6cb11333f2839b8112b89",850554850.546532
"288c09c33907dadbae495c11",869609850.698797
"f71d2bca0c5fe2720a1544c4",496853423.628509
"451744cf3ce55a98db8a3562",491989293.990584
"fba9ae05a6a8a9e0c6268a9f",452246977.249525
"1338e58f7dcebf5a1ea59388",432707454.739486
"a817e8da0ada143ac87277ee",415279124.406627
"46d8bb3e9a0ca584d3c7a317",788046272.507009
"b2506aa9463aebf01e1e00ca",438818816.851018
"7ec025b9b6e6f33bf65af41b",447235682.570158
"2ff531e27672ecd2362eed55",712818234.120279
"9b3cf0d1b91b9c6a2a887647",470187110.611193
"7db5291ce4602d9b2b266872",414713171.724363
"65d5918e826c33bb950fc008",647255631.251687
"395c34e4b8f52cbdb0522459",689093344.881124
"855f4b67d2bd6d18fd03d8e7",592791695.220866
"9ff06409b37e5b5dece4604a",558042668.287216
"0508cd7bd2c77ebb6fea1e56",595555800.364107
"b45fff2e718e54772d46a3fd",653961597.869039
"cf4d2297b73dbc357d21e31b",631915959.486737
"0ada7044c5b29925abc90879",613685402.458524
"6305f02255274ab5fb6bd39c",749803558.255756
"d9a94194ae1350512beff3e6",769254004.562593
"e3896296cb80d50d9ad3f903",767531933.180976
"6514f355887c64136edb5595",812864619.753124
"f03400cc18e12903b3ffbe5a",612471612.932309
"4e134600155a64783b3f8c3e",668525601.599006
"d63ebc63c82fbf66d8b6ffd3",748793132.974093
"1bd64811bd59706844230198",775784355.471597
"a83921284639eedd4a511cb6",770206830.065078
"a2f3f7a1cd573e2a33f52e2d",768906348.31505
"47344a66471fa51f61c64652",731747372.142447
"78fd849c9429091347d7e5c9",740272722.792611
"c3daf2abea55af99c9579319",693160040.466607
"52864916eb1984abca41ec66",829029752.069645
"c62494a9d7aede44f2f84023",838630921.897097
"a2b576643f7a032371587e5e",857116295.006991
"e53bc68f0e97ccead24f3e56",418781347.109326
"fd82c710aad91bc90af490fe",581490190.2424
"d436abc2ee37ba3dd561e940",688481133.973299
"216a598114a403676011cb51",597561820.321841
"ea230d5eccd2b687888173bb",669782766.892911
"18bd0dd7580f2a7cb19a90b9",406648455.817501
"b143c8ca6d334f6a73c3f2a0",406808265.00857
"ab388cb4fa511968783bafee",476318783.079634
"6a4f08cd04d558a56af732d9",411340677.142262
"7216c895aa047c4f405c4941",525612238.826823
"a493488dcd906dc74cf8a604",656846787.75355
"7844b0b2bc65dced90a355c6",646241632.711594
"c1976383069b6b82ab29d092",408907886.811515
"e5cfd99e2308b7b73581dbdc",461575947.744272
"c18c2ea88f4ac53970b53d2c",707956669.048354
"842c9f0e4edf1e5a672ce15e",642673259.629627
"7dd1e46dcbddc6bf5ef694de",409944164.670463
"6cc4f32b39180bd1ec7e117b",671535243.230586
"79e643789a85dc4ffad49a25",715836102.781615
"b3402a9173d289d6db78e09d",791187941.040028
"a446507813234e358db8b573",460590967.587947
"c8ef57ddfb35061d1876f94e",729647076.200759
"360be0df2c003005e3db080e",737379640.721313
"9ab245a4c91877cb7a8661ce",1095689389.87719
"a57a34c7486e7a40e8deb316",780575533.078025
"ceba7d0f56f6cb03538962fb",769190916.020086
"d5475993f9db58c3e4baf7a3",849356811.958387
"d37a1dda09e30da13ff5bfc3",732732000.631211
"68a8b8d077a8232723bf37e9",660331364.618476
"e1eea7716ca6490b7640717a",741749690.51759
"4ae6d75b10848d259ecba576",752897589.774616
"17afbce5c0b56732abbea936",813480368.091178
"84a2673eccd3cf3bd7fd3eb0",829029752.069645
"f2f4e6cbafe527b155707f01",850554850.546532
"de2e3a592cda5b76c9573c5c",811027904.329269
"fac651cf404a58f24dc7d286",1266808253.62247
"e6f312a0877af26b69855a3d",1146668358.8013
"333a643c623a9bc75f3a40f2",805771585.243654
"64593641e470908ef23b46cb",923476376.594014
"ce9f2f0071be658ae75ca6f9",857116295.006991
"9ab385e399a4673732b6a799",762724795.611945
"3429c774b736cefc051e2c55",668386628.904037
"a51ad0372758b2bbfe73f8fd",550309728.98227
"8c801a266256e3fbabe7e3d2",781813731.555863
"ca2f81b8fb6fda20aefb0ccb",602220987.64545
"3c1b1f86087f9b99380e387c",646602887.818192
"b0cad5d612954b8cab18101c",761208966.154356
"7eb991f4c69215377e4dac8f",756678085.834775
"0d130b8bea4321300396fa34",851704218.105447
"8dfa059401e1dca80ae65ae1",720465890.152337
"3e3f264cd0ac7a65ed2349a2",718222606.131824
"112dce80bf512f3f24391d23",423679018.361301
"ff25ded6333278149f8fb68f",645232914.75573
"d555b82c192794e87e9d536f",658497590.645411
"a787382d96ef9fce8f27bc70",799979991.568673
"8c3aa295f7bcfd9a43eb2037",693915369.580425
"13ac95652fb3cf6c43dafc66",464555063.350472
"42fc6a80b882c32f6264ac10",429375312.809249
"1e9c53e09220d689a0210ab9",408483824.98736
"3348706086aa3db5c92259c3",507689012.858422
"66d402a9b7d05f29282ddb00",749899383.54354
"cf88be51d6f31c10e5868ff7",427729890.203625
"30b3f38716be209a894b0942",465209442.3291
"0a5908a92d0ba3e36f54b1f3",432690948.574874
"dd206b6ea2d7f6555109ea39",446838345.162574
"c641febd8bc2ece3e4d2d8b6",621233253.170596
"c11fdc02a288af0572a2bca1",739084808.160446
"35dc60a65969b264ab283d6d",505734800.278423
"d9cb0f637cd4feaaaf8a21c0",712512391.352745
"7e8dfae9a5f1faf8afa706f7",542330062.500374
"a280fe7610c254b935c9dcfc",411558845.459984
"85524880fdc4e4daf90e96fd",422999141.216356
"f361109d06f6609c16724b39",647255631.251687
"3f6b2f0c0876c21755369cb6",749803558.255756
"de26819064a290ce78d8fcc1",487757606.331596
"91be1260a84ab7fa3521c495",852996672.77595
"18c8dc4549d38c918af2972e",866832739.891721
"782b0fb8641849c2c34291e6",442074131.330367
"54933f8b33a4fd6f031ed5be",755674251.041795
"953176c9a901b4f61c030432",718887315.473135
"357e2add3d68167a4f3ce15e",688470628.665051
"90332d50e91925eb9b614bef",813834207.695968
"11723d1d472bf1a3fdd8b72c",825479565.672553
"01f8b6799e2910f7769db175",649445702.241306
"a0d5001f7dd42d7f0c91d2a9",467809419.87823
"d4439c35bcb88e1490916c67",514098879.753046
"4a73dad0ff8a5262e8b07c4b",853100804.701936
"3dd8085a65f24b497ea59557",831040372.212523
"39ef085809bc80e32e7b6af6",861962470.55336
"b98ee16e8fd7d1c75a9da13c",817803686.356579
"16deb26bf740fa61e258f545",757915961.591641
"732a3bd457d7798e1fd892f6",780288241.832416
"1376058cb128a1c7729cd2e9",653142613.499294
"cac7e7c3e13af91bdc7107e8",825715771.058543
"9f3dfa6e1422f6aeac527c61",566444724.755602
"4dd3d1288ccb66ee4fb9c097",924595537.744134
"15fb97d6a43731d61e95d004",772435663.981028
"dac29573163315edf99e0e7a",475921023.631505
"b93f2864087d41c3c92d43c3",755005767.800722
"cd4656aed92f5c0a0b6b7c0c",755005767.800722
"556210496090b42ac10cf1b8",857116295.006991
"762979729fb21e56a32ed14e",857116295.006991
"ea935b76abe664d5e2c4736f",647255631.251687
"40e9ef1e7c6749b7a8d04ea9",644402737.501023
"058265732a484ac8d5497f5c",619509238.271719
"6f52ea8340cdd283f9a79720",697752288.416034
"cafe7c1ee67458e05c84d5fb",749803558.255756
"3f45ed2f08a2b03b738fbb5e",459103426.073112
"f203b18854b75c4564d7a17d",773576843.507804
"d5333f639d11bc3ab073ed72",483063597.364838
"c14f644116669a160446a945",423259012.810814
"de585856ff546e00a5a4672e",413488139.588361
"7a80663cae7c191b5d025fa0",476695962.319566
"71f80198e68fbba902650b1a",436134494.52095
"f3523e0626df8cea803ead0f",409075606.126583
"619abd5f978b1573761be86d",458128091.184388
"17a2323b855e93533a9f09f2",460787795.323612
"38e8630f2c05ea38e2257c21",507160574.457586
"1e3798d739f85ee0e5a314ca",415975155.106209
"46d0544f411bbfb6b452858c",509444737.058539
"605e7a71eecb13b23ffca0c1",422226925.995813
"7515b37b7ae7c62f3dafbe7d",511674770.890723
"28be121ada9c9303be802474",543474293.695308
"331d54f8a1bd3dabce73d6d9",548516735.044463
"22d167639ccaace593dffa31",587147346.040422
"36cd68fc3ffab79fcaa340ab",430040830.395757
"db924733e88c361cdfab874a",650080236.340576
"64eea2e9a13a8edfe8ac7027",647007535.840959
"97fe6eeed892111bfa20255b",671563422.562025
"b54e6757829ac95e2076d954",646521495.330499
"dd59b8122458557041903207",439359001.464602
"b35c58fc1c05a77433025318",628659265.944121
"c41964afa164d8b75f8dbe92",647792879.929939
"96b3ea80cce599b68f96f86e",614397486.573412
"a4bc87ad4f1ad97c0a63d843",615247680.172951
"16e62269e6aa2ea052d05f71",553232291.606761
"518b37b51f824fa0fb5075d3",660555590.497908
"e083d83369cbc93fb94842a1",596250259.726423
"57deff02895d5286eda10d89",654397061.922581
"7ed35835fbe694bc237abe38",635831958.370887
"b48efa9ddf36e85164354f26",669140487.892153
"5910c9b29a1025bada93a5e1",619158396.484681
"10a650e8cb5425c97f08f68a",604820222.072646
"9e0feca2ec3043ae6f840631",675247126.004767
"35ce37bbecac6b164fa21e6c",594418682.912138
"c4955010d066e013812a85ea",659212633.755392
"d5a83c31bec18d1c3eb9af7d",550104039.460382
"70217bd08583854329722821",546528358.839685
"28e748e7aa0a447731e06706",648742490.627243
"27929c0a3e0fd2d6d2969e03",617063399.052278
"5c5ea0d8bae75e0a5c88414f",715927587.010784
"2233f50cf7b04791cf1ddeaa",629191879.579408
"bf430621f17dcaf17fb91ac7",645439702.816773
"d8dc9de06461e0220bc55906",458086150.22488
"d988975f8c4e6ee8fd8dc1e1",662412783.650821
"bab884e0f99df269805e83a4",633635825.460539
"8fa9b20af1508af7a01e2267",664533717.605269
"b6f195d44ddbe10b78b97191",718295214.549747
"2ab0eeac4a228d5769fb4365",672369595.664472
"347a4deda03bfdde6d1c163d",463518635.042907
"17230f18b30b94606fea047d",423674977.862585
"eab4ae491bbbe7b8ab107229",641129380.741403
"07c753474a847bf2bccd55b7",620575976.961372
"b7ce05400f0261743073e072",558940663.99401
"4a33d213841d2af537aa967a",743308994.766039
"04eb0b590ce7483c615b043b",613599961.029968
"a01a51af09a3dc387a18b58c",576003985.167093
"270b930a9e22d5016ffa4019",865714142.788034
"5ed1320fe84a518e267ff537",761824816.878395
"f04b574dc221473cfd616e22",566454448.507203
"6f7e390aa6135019dc5a828f",556894318.982581
"776d4a19fb3852fe6dcd3ddb",455000093.205609
"b7f164b79658952248866c34",475583461.400839
"aafeff5826516e363471e439",431191520.288838
"eba6a2b80a17a846ae560ece",406467001.14586
"90e62f8656ae504bf6175e0d",424871028.665843
"dc4331d09a1e36baaa6bde53",643731997.848451
"372d67ccb9d251e290891f0a",406456147.450868
"a7801c67a0ddd71c50ba38d3",416569843.615184
"e4d6b81f169cab8ea0244d75",511830945.467813
"cd5c6655243a4be0912bc92a",780575533.078025
"f7a7281a19733251134364fc",790614701.734589
"a716ec25a219961fbe90f367",850554850.546532
"8bd45966c16d4eafb49ee2a2",842533306.06524
"baabbdaa5e8f69fc90d303c1",886262556.390613
"8bed46960db1b2a7954ffbcb",862459120.58743
"dbc123f9502159d660f375ca",625301271.129068
"a4683facc81ccda10e9ae388",857116295.006991
"3a576586fa1aac85c2ffb75b",861512114.999072
"b1fb98d0ba25b21c6647d423",876436971.947446
"97fa4be3ed93c37c048f507c",432214192.363756
"cf184cc576effe39c0f857b8",504473697.376481
"784f67fcb2d009d352740ed1",412454703.342988
"f4d6ce332121f814aa663fca",475110189.034762
"c87ae84ef029febca1e633e8",492058740.129351
"e876c6fd9c161861fb92ad5a",732699857.102537
"9047c4764f2c6b1a10b87e99",892985337.197338
"234c94e9a248ae57bb5a0771",641398465.788263
"a49c2976ca4f24f3a6b622e3",574009020.987255
"ffc171cf73514bed077339a6",443104020.301409
"fba83f5feea2522888377066",506235682.081416
"1a593800d5785ecc36c25ead",706340832.266502
"ab157c9601861dc387a91b82",752631969.575804
"f87f8003f15b0fbc12609514",547125992.087733
"f44d035ea2b15b2c69d4da50",789457422.55362
"fc815b59cce7934f816f0502",702535739.692879
"32915b77ca68000ba9eed6d8",531614285.299559
"cb083fa7ff634f424a351840",477005199.211844
"4f3c7b9bc78f882f858b3d3a",423352670.261334
"53d33316e237830ad463a26b",553444428.846299
"f5d852e25d51377686c43bc8",661925270.618044
"64731b6eaf4fd2bb6c155013",832809621.21636
"dad7e45e4706ab2564ef9cf1",441749622.539446
"255914e9b13ad94efa6ed365",622700715.333783
"5a8950a64b4aea4ac13dad45",851913803.98548
"70f51b4abf26651111305b1b",770702060.051355
"8919ca18fff7571002e440ec",832800090.521141
"f776a4e0c8c82b3d29756b34",857116295.006991
"7ea4af39a7e577ffbd600f0d",650147195.989933
"45fc0d46c7a4df7ff6976fce",815073858.790508
"7cdcecc706fc7c79cce45b20",808663035.148383
"3503f56e09e639be4762ff2d",764580441.66416
"f70ac0d227db6f5333aa821e",755495546.728469
"20db610da64f80afc1621b12",491370342.884866
"c80ef212c870e2f20ed2234a",739878891.262445
"7dc68d5cac1b7fcdab35586e",432837875.57799
"a478fb93a131fee4119bb9f9",824835855.561837
"7749b2b534213ec7b536372b",557457565.183441
"43e59f5312e304fc21c1e052",878627923.060338
"82a7920524816f3db7f5a4ca",763908450.950948
"1a7e331d9ff88ae5efafa8ea",657528684.14691
"a57350d4c79a415137281cb7",418458771.548565
"f3a6132006d54d0e22a17e84",681295131.139715
"14caab87a129f51b2b70508e",628873936.546022
"ba2423d79744d763aa3744f8",779495390.761468
"1caac10c1121a795a172889b",868457853.249537
"40768729f2697b87ed6519d1",598325946.808558
"843234d3c6c20bb60a17fbee",766775443.570778
"cd2e4dff930a1c7a1a569992",510516664.17717
"5a6eab133b7e95155f6a9012",710281678.905646
"5bba6c40aeb129c433d2c58e",733898506.048694
"ad3c644b506498127c7beef1",579639826.877065
"a379656c49f4cb1cfc5b3f03",497458406.833877
"998c1a6ace613d8a7468ba5c",668525601.599006
"dd610d7ece83bb02dcd7a22f",660015310.265652
"539467d04a2b3e78c592b11b",453693265.050533
"e40fe4ac43cabe82c03dda59",652161683.559591
"5561eab714583013b422e7d4",646241632.711594
"d9110b2b5b1c02766da9e24e",733752941.254136
"c72cf05b93b9c290c063b08b",738294393.681043
"d71cc157c0c43935989009f5",749324615.459899
"4199eaa19ddf8ac436bb2ba3",791187941.040028
"d23d12bd86def2657038a481",790614701.734589
"ca438e13d8aa6285858da0aa",829029752.069645
"a173eb804f4bcf6bfe889417",850554850.546532
"9b3677d498c2ccf69c756ec7",857116295.006991
"f8c787390e4c6d2e99fc7c3d",501603929.214846
"a188aa896d1b4520ccd6b65f",414244372.351469
"9fa39c9eb4b10a20dda6c3c2",537473647.741558
"7bc9022fa1eadbd9ab39acd9",612538203.775017
"46f0731f62232b32eb733dc3",534848520.41964
"b6767d1e329ff5e28c42f632",615954527.981672
"abde4b06769fcb1d5577fa7f",550309728.98227
"1496d159d31717ce254f67a7",521896042.329894
"1470749d0d2551a93827e441",713124208.169457
"3ac517f74dbf8cdc8feadfe8",535851239.208332
"fc6616c62030a53d2aa46b12",828449636.836328
"8497f34947cb4c0ff18a0eaa",471711464.101826
"3b2936127f5a4684a1d3de22",566757048.615973
"dab58562904cd13a93d913e1",585664241.967155
"69d1e47b6bdc57512f1838a5",725515751.338928
"23c7f9a0534a4ae6a24e38a6",693801554.601623
"640e9fe41fb79ecba89d8951",1026391676.52005
"31f6a25d56f3bb36386d07ae",844087103.648688
"bfb30ae71cdca27f5a5494c6",759488969.718372
"baacf0dbd690644d74f3a929",597034344.97567
"cdcb874d2e62220d12230632",818082944.802445
"1421bdbd9cf7572b799b732c",834888326.134623
"ee9e5adab1455d38edfcaa6e",822471510.122926
"1fae43a9450fae02919962b9",667095183.995737
"5f9ee280509afd55d24f39b7",771702306.883713
"82902f2082dd405ab538ff58",668598286.899422
"eae52c81f779a61f57cb5b58",758453919.328645
"4ec0aee1b202642d2739068b",642248047.077412
"f4c6c3210a3c2eb935c6d5bb",822469941.384512
"14a14706d405569501327924",409644022.525483
"146a5a4f3d111dc7b955ce42",783990914.423466
"99bdce7cdea643b0442976f5",771814179.79782
"733c7cdfd50db77066a67140",465415345.332043
"de328410e22767c66d919423",746384768.400249
"d0116b53467b3081664fb268",828723046.557346
"dc722ea5c4d62773f9fb6bbc",597752190.345658
"e84605e3aadd50b064c8eac3",815453276.795404
"31a3719e57ab1425e7267fad",667288614.26299
"34993717af3f861b9735df6e",786814711.091047
"543822711986a454cfd764e3",789454411.018293
"5bbc4ff9cc3ddacb39469e27",839157342.79646
"d7ced905983af0800c19b7fe",844810289.076341
"02d5bac2567ee9e19041ad42",807069762.775623
"f4897a8a0a911a2acfb8e8c7",850554850.546532
"4ba19ab08d1fe7f72d0dd37a",744114712.790539
"b7c07f8afe037d55bddb8e41",626055491.498612
"40b20b5a3a986802d64f7675",675209777.018925
"01fb5931cb55f5308382818e",840241625.617769
"7cd0c7174b957df1f004fc88",759488969.718372
"ca13bacbf6dc8d1b09fe4c67",741176927.789328
"0ed0dc77661be57aab63bc83",553502490.522811
"d03558acc19951a882bd568b",412078834.542053
"b8cca0d70fb46f3a31473e98",737182765.40123
"f665a58fa8eda69547c1a159",865293184.402822
"8aa5ae4637ba83e672cd3ab9",750769522.276914
"a6da1996f66e545041d920d6",763417586.33375
"b828609eff041a68fa243a12",747266507.093612
"3f39a260b81dd7de1dff2b31",717425766.163263
"40fd167916ff071afdc44792",801401811.319197
"6ca31945172976c3a11732c6",790049412.220559
"1437d1f1601d26a3dca7594f",686188220.087653
"ebab054e5f256bf4e382002a",857116295.006991
"0838d0df248d723da4e25ea9",773988612.184513
"7a134e45b9ebe710c6c6efe6",743314665.785252
"6e9c7f27d6b89c5f9696fae6",476318783.079634
"bd12c705950c46e679c34bf6",862459120.58743
"fa2c1092f17ce021964f8953",835417178.03363
"e3202b635974f7a3367c0ff9",791187941.040028
"49bdf0f970af03d83a57dcff",844810289.076341
"91af29fa680d8033188ffc39",628534574.782959
"cb626b981c0997d254388e76",453693265.050533
"155a8e4186d1626fdda4d0ee",753391749.009572
"d337476c2cfa780518523a6b",634989653.291646
"7c3ea8523ece273991a190da",652314701.1707
"674c02227165e1c7189c54e4",850939423.659135
"17056748001fd65cb961b384",767950737.381044
"f56bca5bebfc765162c8cae0",857853915.854125
"5f4b0ec9c7452b888b33c3e8",494100507.88702
"13dbc077e552640736267a49",410830238.988391
"cb645955c851790e83e696a7",765986095.771406
"649cca8c83352caf7442f20a",746508633.266169
"fc8836e71725949c5f3fa7f7",850554850.546532
"4f431d80287051ca323f2c08",646241632.711594
"42defcc69fa22e4c858f3c24",765986095.771406
"291a2f9022933c9d81311e81",765986095.771406
"d48a061a2040d851937413aa",768067926.304743
"55d2ad80322427ee3426dceb",652276132.372799
"8c41bfacbc1a6ab831b26fa8",765986095.771406
"c7214222fefdd8d2ad7f8f8f",777955134.577615
"b3d9a095c9c73004643c9e78",765986095.771406
"d49aeae19e13909e75dda2b6",768067926.304743
"dd10dcc52d2549df85f2a8ec",483189841.643165
"6732b448d2e4f32679f235ad",1084977220.84068
"f08a5c2992cfee4c0910f68c",760557346.212175
"e3a62f080c25f404ca995e06",843959925.728281
"7634d584c3042533942e2dc0",664526112.663918
"ae58dee872922a9c678dbfcc",791219632.170698
"5ec01e911785dbd5b49b166c",490305884.578386
"9bc12d9c9ad95064412c3413",584081268.614471
"7acdaa0cee1ee62e15f4490b",632123302.350856
"d76d5b14d0acc5295b8057e2",687925885.58149
"32f3364ac1fabdd13db1cfe5",406432890.508946
"8cab957b322f1aba06bae4ad",497265832.31565
"e3dc8b417819e9afe3fc7d0d",495637155.322234
"c71fbecd8f7310c201adbf40",474321543.434646
"54c9bffcdc46819f67e4b3d1",657931385.209182
"4d94a2295f612b96264a0db8",786814711.091047
"874f4a836cb74be301e068cd",860338024.9386
"a18925f908acda4171bfbe36",921456511.453809
"a587c7419568288d68c46feb",554595184.447275
"19994da77ce4f2db3efe6660",449077754.807273
"9c4dece6127f1f3f3bc1e0f7",663602759.667152
"09c28a830f8093802384071c",616613965.980575
"5766f7cfab59c920081e3046",663602759.667152
"964b7d9de17c1ce396fb83fd",554287448.205154
"44f77a86369d6607753adc09",511313799.673187
"7f25471be85adf0baeb8ebbc",419504050.86377
"6859481703fb0cb34c1e564d",457287384.497186
"7ba0c14dce0cb09ef5735d9f",582977179.225747
"62cd6a29e98a5b7a5ad38050",478652984.669619
"9c6d7e6260e4fe83d43706d4",587627977.473593
"5dbcb55dbba823dc31b041f6",718222606.131824
"85abc5c0353c5b678f087824",646647288.039361
"56dd1bc39664f8e9f316851b",824881481.06037
"b23341faa7307d9d6009c6d8",627843227.738123
"2af941adae2e8dfd66542055",549674019.146118
"268f887f25d416dcd3c0c9c2",764580441.66416
"9ddc7272fe43f07035d3da63",862459120.58743
"4002635ca8b087877ad22d5b",820691350.859518
"b515b1caa608ff42574e5a06",676931261.499887
"710542343cece039a279dbee",773752445.643098
"187a143dbd6d4bd81d6d9c32",733661977.919457
"26db92c003c8e67d92d88aaf",893774283.015662
"641ac8f4f60ae2b9cf6add93",710197689.07495
"784714647351cb6745c867b1",773753921.460175
"5fcf1e2ab4edf13ec844decf",650147195.989933
"2575d932e98c421bbb38b267",782037442.259209
"af9d2f5f62bf74a7fa9c74f4",551642273.746195
"4db8d529af9f718e6d81a85d",453693265.050533
"9a3368605e5f563e29182f3b",453895802.432912
"5ff696d8369101b6dc60e2ed",417847040.550069
"95ade3ab8dc04237acd6441a",416496751.987492
"607ed21e896eb5ffb50d5ead",480858278.393918
"40d9a852bbed67a6036c6d8b",627335686.243255
"97badba651a94721af5df3f0",749324615.459899
"b2f089146c30929c4836f0fb",584471315.105247
"936307e2f478c3ff7b9652e3",752522877.084515
"b6d5cb459999de084965e993",822284851.257795
"aeb66f808982c6308d891f55",441847371.535126
"cf8418c60f4e54dfa09b1e6e",490259127.595037
"1dcf71e8fbfef2c6534576df",660331364.618476
"c78b16f05ef58855da0d4f2f",406822231.901712
"19ecf1fc86396ada203c2a19",1375521816.55834
"985fc7ab5aabf1831ce3d298",554258904.016175
"8aaeae6bcfcee5ad928ce28d",756266871.67169
"1a93cae134c79a43b13ce656",791187941.040028
"ffad647e8ee35eaea6378fb6",774325274.057854
"c21a3eaa136ef8a912ce7b74",689030259.389029
"fabe0f299a4e4bc6f51d54b9",609734819.50299
"5af99278b1091dca9b0b0332",746508633.266169
"3f0c845deec1c24472a35efd",1121713564.70786
"c10f25fd39dd36287a6cde73",850554850.546532
"f37d31c512866b575780c4b7",857116295.006991
"5d34f871e5a5cb3a655a0b13",646241632.711594
"95bb852a958d7b16fd676e3c",1084977220.84068
"24857a7a80d5f13a52eeb054",679030034.909376
"f9796e9d13fe1becef435e54",847988997.990742
"1c2739878e452a340a4e8972",929465066.670863
"698f3f1929a2dbbc69865b65",755619482.325133
"bc230105784ca8640e499ca2",717425766.163263
"622fdba953206a65224f2c82",620378338.097939
"6765fc17d98c08142d3d7757",657900013.34395
"6f35fcba4ffd6a58bce85892",647517407.108079
"d8654c08e95b39e3b4891cd9",744060781.870155
"33305df46dc2186c7e3f727e",857853915.854125
"0cec193a20d720af010383b1",773988612.184513
"734efe04fa6b326ae1d072e8",449929112.794357
"69190139558b2ef3eface18d",485532710.067823
"bb084299ad23f245d7cc5b69",542719141.101323
"d4c7b3372d70b898b167b92a",774325274.057854
"4a119b1bbf04b4bd6051c5b1",780575533.078025
"f844345b6224bc76bc3c6f91",460641923.844478
"052505ca8210e5e651fc0b63",849666292.062146
"5731cdf8cac0b8371d786c90",865293184.402822
"594d8d78af90086bf8cdf09c",732732000.631211
"fcaddcc78938f3a234dd2d3f",525340624.542659
"1574958978c9b5d23d9521b5",777793413.737966
"55902baa0ece72e2e8c869d6",836777481.654994
"46161effff173111bb6c3a32",794883204.710198
"b3fcd9cbfd485e4e1da6c89c",627929454.805117
"213ddc1761cd6b018349786a",755969782.336517
"be3b1df5f008636e14bec3fe",756678085.834775
"dd27922be5b6f730f8b4e058",461575947.744272
"cd2aeb1b2649ef421102def7",773165293.895614
"a226b4af016a772dc7e39ac8",617395389.647161
"dcef5b332fd31d0ed8d754f3",623458933.86833
"481492907baba4574d4a6f35",791187941.040028
"10e5e54ab66b58b3f41ec381",731658052.963779
"d48866a153ea0fd23a858cd6",635261008.1041
"d273a2075d28e343a657d9de",880434668.346079
"90a711f776d53cf654614649",738081788.393536
"f87c76eb5071c5b309e3ac3a",451312892.786214
"74df03749e60c216a3e1292f",519216259.560501
"03a84af05df0f577e09d60c1",605252977.953635
"78682041182f01ee4db04e8e",862459120.58743
"25c76b5a1da0c2d8158b3732",694540361.055146
"af8f09175265e1546200ff86",633887256.732701
"c8d4ffb290aa9cea002e8d67",439935931.345661
"cb89ad8156c3428ac80a4db3",533541277.619087
"7602cb1e6fef087d8ee81aac",678302552.265343
"00c75d59ed4777481a50cbd3",731884163.26684
"fd36cffb856c2a14982a5fa9",546539825.581274
"06ccfa37fa6b011ac38422de",413692454.554111
"257b533b6a66b40d0f097c55",532871068.074632
"736eef4bb36681acbcc3c41b",586389666.628359
"e1a4437b17f7bec650d8cd97",579791310.474738
"ecabfcb8ce9bb47ec3089c7e",579791310.474738
"a5a46af0c9fb5c0a03855660",597641608.758646
"920b50f4355cd2674ceee068",658511406.619618
"410e5af026805ec8088f2e71",610074503.334264
"efa0c01632d13ab59f629ab1",502997909.94476
"5965d19a68a8414b0419bc68",727183774.88793
"64955a117f2d9264eb59fa82",839813831.354581
"8cd46b5c9cbd056d3712f155",755619482.325133
"65f736c3fee3d14c31a57d1f",727475101.75409
"66e9c614882d58c022de7a2c",865293184.402822
"8c787c1e6161b18601e6d7de",609327913.431631
"29a115ba5b198689fce5f93b",417644656.662834
"de8ee990e70c8e5ad167dc89",719512840.403834
"0b65098a19c2fc1caa6577ed",791187941.040028
"70ea0403b722a1dae1ff9b18",774325274.057854
"5c77e242474e477513b60ad8",632488728.829034
"1655a92b20740a11a5889519",648198272.657013
"1709b1446b20b21482dd2d36",829029752.069645
"e5dba7fa0cfb81488b0c331e",435462868.877948
"d09dc3a3270073e5f1cb353c",780575533.078025
"368e740cb71b9175fe5b7b6a",857853915.854125
"b8a8ad4c0215077d3e5aa472",842016009.405263
"1f4a78e094987ce29f054fb8",487736209.35345
"aae3a99ac764b8e9bfc562cf",663038487.777771
"a63ecc5539e8725af4128cb5",545465083.547931
"a29e18f37ded2e901181d7d2",681061267.166778
"14ead7469d05e5eacce6a575",630323378.921686
"1cbf39c44f6b0fdbf9554845",653537642.212942
"9012294b64280c565a88a1d8",711473507.171628
"dc0e9ce44b9932c6e48a9390",769463847.865829
"a4f272acb4b3b4f5fc72e99d",692797880.297343
"b0a7295da89516be1c44512e",735522669.150377
"b638b937d4f62949b9eb9fce",761182832.567115
"cadd4a6e1075b57f7b74c63e",778777611.785981
"a88f4eeeeac5ccd1ba9b8a4e",864390877.754399
"29616bf14b5f1cd42786a91d",629470361.668646
"f03f97ca55e9a43928c18237",444331189.561532
"5fb9bd3aee2e1320dcbea448",451878800.135417
"34bcfc2f0cefad790922879e",866832739.891721
"8c9849cf3d20991e5126420b",772724485.569339
"ca7b9296080c9fc9fb232782",870502661.949155
"63a5989d0dad994a6af7734c",436134494.52095
"7d25023ecf668945c87e0666",483063597.364838
"fde3d4a4a819b1fa40530238",457092051.978938
"e3338ac993873aca45755dc8",476695962.319566
"bfeab1b12dd82efa96efac31",423259012.810814
"2d564574f0191164ff1d068b",409075606.126583
"5529d858e9c9e3e92ce8a95a",423219456.836824
"2755af908b841e9024718b3d",458392932.132813
"623df36ea9610ed5c58dbd8b",578939315.815437
"77924a3c7880310a4822e5a7",413488139.588361
"24fd0b7f75feda5db89a4127",458626433.724869
"c2b9a3b2747f32d26c8219fe",458128091.184388
"3c3c7861a9727bedf5e3cb29",617350642.915197
"822ba8fd3c7392bda84461a4",507160574.457586
"4625168852b335b223a05bb3",460578668.646424
"b732ff1637ec53286e890865",509444737.058539
"706bddaf0b87e4f076247450",666679244.451094
"917218fe1425d2c222da1ed3",460787795.323612
"7ac0428c4b7197ca14f3b86a",587147346.040422
"e828e83be8651bc2e07641e2",454649619.35756
"4d069f925100b6cad0b657b8",430040830.395757
"a50640d13126880a423521e8",548516735.044463
"45e92799de1a5334c3d2d72f",415975155.106209
"93ca9e75cbeaceee69b4f0e4",650080236.340576
"8fc4070ce12262679c381515",647007535.840959
"63182bbbd5f94cea67de2d8b",645439702.816773
"6e163c3a0e30e7bf1e909661",671563422.562025
"3cd016f68705e73b819cf74b",614397486.573412
"3da41d55a2b9f78c2b10c75d",604820222.072646
"0eb8f10c9d5ded1b09f60baf",546528358.839685
"330c37fb5065311564fd35a2",553232291.606761
"b849cef46f19e13d3fc9d5c5",619158396.484681
"7bc034984b19479f29886cc9",614416236.782812
"5cae4522fa829a1614739b64",675247126.004767
"bf6bd06201e60a4c98c8623d",607691411.914841
"549ebb2f616d50ca778e92cb",837074395.227148
"448ad6cf4b43298a39c7b5e6",458086150.22488
"e9a37a1a4150461126dbb6e9",610555269.697593
"1d4c50978603ef41377af057",439359001.464602
"bb71a24bc5ea4051d84ecacd",660555590.497908
"286ab2411118455780314355",550104039.460382
"045108344bf09b01b597e7ce",596250259.726423
"d714e15ab5c2d5a2503bffcb",707732551.379604
"60823c81f0b98e8a57192a9b",635831958.370887
"dfa988a524343181a0d3ead5",615247680.172951
"fe8bcbd17b16ad023a202843",669140487.892153
"69fe76202cd89637a15de1d4",648742490.627243
"e7cf67cbc08fa04be9f0a3d4",594418682.912138
"670583e7a2ec6e337429fbf9",659212633.755392
"796935018bf2b241646a2dae",647792879.929939
"5f5856dd16c0e5131835e650",617063399.052278
"ea2e380226005bb55c724ce1",654397061.922581
"f40defb11ff73ba4e3db7611",673329547.817283
"a4b2dd2771f49951c027eef2",628659265.944121
"a949ede7227c8f8587715029",662412783.650821
"83f402857435d4fadb27fa36",633635825.460539
"36ab522893b5f01caea4cd0d",664533717.605269
"8e4875b7ecd0898571f0b1ae",563075271.26125
"7ef3f8bfd0368696369ac957",482622462.348942
"73ec13a5687c542137eb9a41",458370200.503018
"6334eb4a37d102ee00c6e2a1",414809685.270445
"fab91f0b03598c943fa425dd",594266777.994522
"c57c3c7edd591e16c0b7c1f6",480837184.075878
"03aea1b6ff072f117ec733af",516932651.832315
"91b57e8d6c41b7afe949bcba",408882929.816386
"ebbc5fdad817b304af3585c4",410820052.360253
"0232a50c9afca03cbf4277c8",700810626.249005
"05b12b1916e51a804419c654",442101114.217491
"95c9cee9b36fd1d68f647aa5",487562277.454284
"3d31144a77cb51647f3deb02",631632781.20582
"ea87e3259c2b0d6263d39a2f",610554105.156944
"61f634438de4a10a861f42c0",625405041.813288
"c3ca43d0474dea2f2dfb9791",409209050.602768
"a13a3638569b89ddf1260470",415091443.379011
"124959d1429de095473bf5a0",517259111.204068
"4d85bbc09ae56cd85a8f87c6",556007034.384913
"2c13f29a8b9ac9b464e3a582",412969522.844796
"70215712bdd8ae7585520550",588397357.341705
"3352469ca509e8ca652fad1a",611104015.315023
"893caa7433c200e0d43e9f27",634712361.272076
"767cb14f03c909c595c2a731",426760967.403321
"11433baf7716402e8c58bd33",554921084.526063
"e07ca567b0678126a1aec803",654174926.558323
"b2286067a73bc0049328b55b",567944150.706357
"c85d56080167254c7bc19303",534656767.993429
"5b9ef8d6defdaf13dccc5ae9",598030444.814302
"f7972b1936c6d9e95d3f632b",583427689.201393
"defd03ae7d0c0a44baf80abd",780005519.539119
"6fffb7958a58a73b0e16f2b2",581969520.845764
"5d86a1db39e324770ae58efa",463446145.197798
"c56163e390d9e5a7a76e77be",508413848.074045
"fd5ba2795eb7b5fe338d6b4e",598728931.767373
"24d6d85cd0e2dc3deb2db896",669444312.485715
"feea3a2bd9f643219de51c46",425461393.03002
"055d7c66464d7e327711b497",715569909.230433
"046aaa4162cd410e92b216d0",569182590.48087
"b6bf2760cfa26cb28fc989fa",813142191.637672
"3a6262eed8967d695182e435",843243901.655527
"cf3665f24927de548639ee4d",591409381.054774
"4c243fc50d5511a1288bdc0f",619092266.764875
"d753227b5c685e93b378baea",610118722.677991
"149e49c22fa0eb163a36c932",643966554.447847
"8baa01b8c6d29c82a6108cb8",563519000.099228
"2d437a09b860d9d46644ea23",488659923.68127
"66bd80fd26836fd426be5733",685650514.00737
"a30e69524af9c1bddbc5de34",428606172.203447
"fcc96840d952d32a7300366c",533574861.100462
"659bccaa707b94f303610225",532871068.074632
"df1c66d8dfb9520c6818a32b",576002886.527727
"dd1dacc0c90022e5b40849bf",423256590.910245
"1a06bfdfaa9d9ac754ad07bb",486158216.74068
"a0ecc8ce0592a40959bd755f",514169485.338307
"739c2b9be0941e4c126d2f3a",617741697.68221
"d723eb2516802250027312b4",646341481.680154
"04cc75f46642efb1192f1875",413616712.137939
"9f37bcaa95fb0044aeef6075",547255408.832996
"7be8abb5d23794ac47ceda32",539548444.355984
"c06c737cc0cef7fafa3fc4c5",584355388.384853
"48e71c45f41778f8dca24cf5",650169517.40568
"b41f7c1cb9cfbd188f8e0233",838423004.674752
"32ce96d8adc8e549b90b4a8b",752897589.774616
"c6bb4ca5a0c839d38dd8ce19",782037442.259209
"1d91edf33a141fa2181abc4b",745859638.926016
"aba4e24dcc6998e5020731c8",752897589.774616
"00af33cff3ff7c6927306df4",601316534.950296
"6d2328def08bae481705e20c",682500802.92843
"7815163b8e4a54843d121dc1",706633243.469942
"c9f92088dbdc0d81412968dd",771948154.227946
"8e1bd01ce4b7910d42f59be4",591998502.743915
"5fd89a857727753eae6632f3",695875646.708622
"332e395d4ce62523a2e3208e",437443307.329801
"4fc89ee51cb0e1b9d6459819",643982522.139264
"2571fe181b6ab939eac19d2d",641316505.202726
"af98a0e223a825cbab78ae49",577028828.668668
"ae187fea3c46c3fbee7e6e8f",712490647.531963
"c681519ec1ee1a28f6a3607b",665415212.481231
"bebcca3e75e747b5a01f5485",728676321.976383
"0842a0730545c623043b1d8e",550494495.314569
"973afa2d67c20297aa108bda",561028769.869195
"64a9f0bf04f1c890cc6e31eb",705358032.731744
"9e92b27f554068b7dfb640cd",723340898.344242
"57b7aff18c444fa3c577b079",685755143.955437
"6b23f191d2ccbebf9166926c",787185478.722285
"b80c961aeb98d24d968c71d3",807411573.813991
"064c1cd5e94efdf8c7262fec",445522666.447536
"723078b6cbdf02c88286c596",690370752.7714
"e239ff5eaaebb287beaf76fa",698174297.611638
"b3b30d8b869eaad2382c5447",693921987.304638
"3f295e6c14e23cff1468bf82",814954161.06969
"be78bb0e06d5768ac1908247",463747671.344014
"4daf52564456895ca7f4429c",533846659.749208
"c832701653f1e7f01913660f",767663700.078801
"82433a009defc21498037127",741749690.51759
"b53d3d578b1d7d9e00c8a00d",699791473.404172
"36fab4c38cdd91de650e6abd",866186520.162035
"bed932e11a599f7cd4bfa31a",851689597.759051
"1d9addd835c9fe8665e01500",456803566.032746
"d8216aa4e029c0d3d646efbc",790821321.697259
"c1b0ddd3c104ec4482d5025b",490573420.240294
"bd0f754b0fd9b7af284419b2",780582977.261901
"01e907d7672006fa2bba8b0f",694030526.986969
"7ad046b20064565644ebfaca",433646039.242776
"1ac2b23683ba89e9175d1b99",609402298.82047
"ab4c55e78eb83d80c153f50e",433657618.995902
"2ad54bda875fcf8c6b675bf5",522992173.288026
"07e76c765d1137cdd7c2ff53",482917121.636666
"5531b9663c5a37a2bdd97e9a",679863325.315702
"c740655aea4eab7066446c42",668201801.746817
"3b6c37e7e6ff1c03ee4fe995",739523352.552552
"1b5d3ddc71634099fa1f04a8",604867521.646036
"1ad916edbe6fd38f40289a04",642460005.477257
"a1368aa4d3ae850bbfd90bca",584978764.973488
"0f728f676325ece6a001b4d5",502512691.586832
"0f98c4e431100aa87e6fa6af",731779473.885623
"91a08474a18644c43224c62b",423331676.272338
"185dd9366a6dd1e820880917",506602730.898177
"e364018f4d994cd15d4af374",818114152.785412
"77348acef84ef77f6a076268",471224068.802564
"7f8f506137780f4cf12e73b6",412879737.445071
"809082a38e6fc3faa66845b9",637620855.657486
"2072a783a44474cd0dd10d7d",665540873.045726
"b71905255273cbb0af1290a9",527267000.673401
"c7d5f021595b58c507f47d3b",1136391592.79633
"65ba1feafecd7efdcf214ed2",805788491.18165
"72eb64cd02ad2a54b65083eb",825473267.787294
"35d79b2ac92083bc439124ac",428008995.092917
"2f7d36523df4a5eee3edbe05",551052319.743887
"b0d20a04106ebb87e2cdea37",810104922.882743
"43650eb8b70dfa256ca64979",650147195.989933
"311fa1bf3c405f9bed13b38a",411558845.459984
"d12dc721a59af021e8ac68e5",411558845.459984
"36f9a0ea831710344f468bba",411558845.459984
"1eacbf36422a54f1327fa291",411558845.459984
"9567966987eb1d3117677cc5",430511904.710458
"e5bc85e227ed7dabfccbd005",411558845.459984
"d1f39f86c82916524273bada",503701636.376852
"deeb837c2c6bcbd01930431d",493456311.597274
"57aa22792684debb8d4079dc",547125992.087733
"5b0530f544da162b9a8ff772",711997512.860212
"b7d66c5f1ad06dfcae5b33ff",609327913.431631
"bc353a421fc579770e432176",531614285.299559
"45ae1e929b0fc88718151191",486921033.150327
"b04449c499843cf46ccb695e",627694753.322414
"e4d89c9d33a0f2659df21185",444601622.566217
"b2a7a8ccbbec39b63e4cd028",533846659.749208
"3be69554b1cb31ed5732a836",609374403.235559
"de7f584df6103e8bf95f4a37",422302634.173802
"0f4de499e5bd2c57fcc75013",647255631.251687
"b4fd0aa09f993bbfb1fa8abf",663602759.667152
"88a83e58eaf136a82ab1fe37",526384750.820639
"379429ee3675d1adbf816cc5",701186336.86722
"c6084b85c8d95e0ededc25d1",668525601.599006
"8eae4346936f8c6c67be81ba",454819617.496319
"a13fc9e9b4e47340a5d53bcb",517876099.796463
"7b8a4d701066372dfbdffbec",606672277.588024
"a62a6094ffed3ea7a54fee73",643139233.222284
"bf0ad098fbccd3548d834ff1",663602759.667152
"0a231779f131c36d8e6910f4",722732722.657156
"51ba7338f5900d8ef12206fe",550309728.98227
"81b14dbf863114fdddb38579",596427698.233569
"adaa406ec9ac311e9f9c0bbe",653848100.438002
"4cb11f32806c0e07b4251984",566260005.186298
"3fee486268a1451a7b9fff7c",616562219.84854
"5666f3c36f0ce4eab2c39299",613333179.459893
"8a8dff62516671aee2250cb0",756289951.457197
"ee4fc6a146e888e993a4412a",690345734.448213
"5a16b30f4d580352710e92f1",737385266.502972
"424bb491c71e913e900db76f",776614906.526443
"100bdfc998bbde3d00548bdb",765315789.069509
"d793efed9a723e77ca8272f8",777166136.502866
"725c029b7c5807a4b0ba2bc9",866832739.891721
"b6d3345346f43dba053ceccc",789454411.018293
"888bc3c4ceaa108e048ad28d",758837374.780972
"267e000c89d3416e551462c2",797365929.113574
"0ab4a4b8adda35f634812221",838423004.674752
"823ed628bddea9b56792d108",749803558.255756
"a189bd7e4eecdd18ebc7d353",737379640.721313
"da16828139a19aa11bd94ffe",692797880.297343
"874102a58234cc7888902d42",668423600.469896
"789e5d19fa507823cc4c5296",720511239.507331
"174bcb77be3b7e408e61d7e1",692797880.297343
"31a1492e589f317a58a79df7",771702306.883713
"0825f2ca4baf5b34231ecfd2",787935052.511646
"ebc96ea800887a647422b8fe",773787866.029865
"969b956eb7769b6f509d3ee6",759488969.718372
"6ef9135481d8fc882a1a735f",810038484.049069
"5f501c4532ade3f412359a1c",763439428.198542
"c6d075772255b1efa52317ac",790668990.80177
"535bdffc5b79d62aa6179c48",807069762.775623
"e95653d504208e8da19fdd03",692797880.297343
"e4e529e778dbc89f854252f1",602938169.065791
"ec5866fcdb9afffad2d7f5c6",736593859.710984
"814694a725a50c306d774342",741360729.339659
"1cd6531d8539468cd5f4b315",753298351.052362
"0c3e734afaa6b7c370754082",737385266.502972
"f80eace37237614562f942aa",747545917.676958
"3aee70815bcf6effcf0e5fdf",866832739.891721
"ea21ddfa37d60737492509cf",663230741.769355
"67c78ce1b8a64f36ddf90cf6",773988612.184513
"fd2efcb61008dc9d11756381",834888326.134623
"f51658b9fea670bd943d6db7",853100804.701936
"b83b0a53ead29faf9dffc0fe",844534793.540903
"c1329245f57c5d9019105382",846431246.663549
"98665b825fb3a06b914d39cf",869697763.547724
"24e90a7d9a2bd0c30a4f661e",790614701.734589
"6e64677f8d730e1f9ca240d2",808544278.889459
"a742819d8e4cf8fdfda6e094",865344348.804366
"ed75d1c40109eeb51fd636f1",843995340.439137
"cfc2ab56604b4e3734d7cbbe",829029752.069645
"ed5622c308bfd10602e939ca",739716620.255725
"5f537d233678443192d22642",859268781.037345
"aaa79ce67339dc53b4f41dd2",815453276.795404
"5f467c6c80023b0174823d85",809437691.923793
"46fcc0d53b263beae95b8eb9",825479565.672553
"2bd47c19e5d29a3157fb8465",857116295.006991
"9c9c2f05352c92c02d080e96",882662549.367669
"cf8fb8db6f74c236cad0cfcd",821211209.822465
"f42a53a05dc90e617e0e4c38",455674907.760052
"bd612d494e2f21051556ebe7",554214504.866139
"ed1c8ac25a3db5120c92525f",442683333.513772
"2c30c2736472590fe45277c3",426307007.094448
"bbe2c06e6f90c4234a7781ab",858056831.934346
"b527813993b7bf4a10c05683",801097687.06273
"2f610d2242d583654337d468",862459120.58743
"dc25c9240c67effcf655b02d",506865623.989709
"c35f5ef73168d03cba1b1f4f",501452788.086178
"e88009be52bf5803ba3665d3",680744379.719571
"12a63d4fcb56c1d690e1bbb1",648302133.544433
"1d58ad85a82f7731e0f198dc",1085291819.77473
"a2fdc7da13d098cfeba13b76",493186263.063017
"1969ba34b72e61337246cb5b",407483880.322936
"8be43cd8653accbb8fe8a270",452440239.286251
"10092cf2f8afb3658ae475ac",671535243.230586
"0fd313e5a0f02df07eb6b104",416569843.615184
"9b5f013e795f5fa610d03238",423679018.361301
"b1ec4b8badc955f9f4fe2131",646241632.711594
"e491adef93281c097ab08dea",437320674.059135
"9a65fe451b30c59beb3d62ef",639177010.733781
"0d3245463127143a8a52014b",791187941.040028
"a0e3198470f97f6a169044b3",718222606.131824
"33e4901b6e72593513a02207",556937870.541788
"f45234a3f0aceb12341be024",736860846.930984
"a71d53ec4fd0d64f8c06da2c",1084977220.84068
"f1b30c4ea99f19a81d12f73b",850554850.546532
"a52e2c893f85b49e2499cbab",722630720.61379
"b2fd7ee866066f3ae0dfb3c0",732699857.102537
"5acc9d767e3117bed0fd8464",774325274.057854
"0449a82dd1667c8c564904f8",831473212.74906
"a0a8d63b5f43b87c0c7e1fb1",802748067.157253
"03de77e22e987fc3fed4eb78",683876854.180898
"3fed1dd17fcfbd2b86e73143",463747671.344014
"04fe204d03bd1c9876242ccd",778883082.356655
"32bdf33933c29b1cbf89539c",771702306.883713
"3f6c05c97778fbdc86304bf4",786280632.568531
"478e13e8c1cb5bc80f1080e0",755619482.325133
"3128a4896665d38feb72b456",774325274.057854
"fba6203abad5f4b3b721f29e",502787846.890156
"b25f461b3d48d833a73316a9",815453276.795404
"1282e129e1a355b161621dd8",606582027.72951
"293320b55fad21ea3f4a5899",407811218.74978
"de2f5db1cd1024a9734871c3",449401646.636797
"200897b1f8bcd7c116a85306",470622265.063196
"7023f5a68e1ce9cfd23fd021",413209834.178248
"13faa4142e9d60412abb4184",411737075.908928
"d74d0241fe5222f5c5b67222",642934408.492031
"0e51111c47813a0b0dd51b64",675770228.782852
"25e3793214088669aaaa4ca5",846139083.552123
"43d7b77a99e86e8bd21a19ff",825818147.714678
"38b87cf007043b76670207d8",835818819.367436
"8fedbf13ebb7cd3475fa3074",842936760.825514
"4be510fa977b93e34a789f26",701186336.86722
"8f165174bc07c28f9fddeee3",843763562.026864
"7ff6f389e364e67c4238df8a",643433706.393629
"2c91099736f3158f7f09778f",447071077.236168
"7bb1bc81e6eb3b4390440165",690935881.587125
"74e43ea3081841278c76cda6",643433706.393629
"9b948f070b94c18e00a857a7",638548247.363306
"99340b6cf8f818392d501e9e",872247778.517597
"b27088c3ccd93e7d8d5571c2",799226581.240265
"4b45cba0d601f29c2b7db97a",772354636.505243
"362212de783981c9ddb767bb",601008092.531533
"5aa78a2bc8ec5e2be315fbcc",851387500.117218
"92fecc04105a999a622ba3cd",622262605.510148
"5098115b26f2473c812b70ed",675770228.782852
"e9860f6b4c3e6699e62f6c31",433584010.116045
"71273ae563da6bbc66aa87af",436180249.250091
"6c6e7af42a6ddf62b04c35fe",561559779.427799
"484922bbe02cb218ced0e779",426740618.339792
"76745c2648b66151008f6399",635895024.665617
"2100201e0851e80488371b67",469490804.757725
"5885faa4aac834118c5e4351",593789777.011492
"f340405bd7f2c4bf524c50d9",484724914.819011
"1951c1c8855fed5db8031e5c",470587258.376606
"7dd96ddad0fa88f5c5978e39",499176846.653785
"db7535339826028d0fb3355a",475330446.860983
"4317746d5b88142780e6897c",528430851.670271
"5796e37eb1a995db5cc06eea",432671967.263972
"817915cc3582112fb5541a49",563879182.268421
"ba524c4e2f13109ce814ea38",647561870.12646
"c2439ab65fe194d1d60eaa07",653642358.62819
"92e4dcc5911b42e7f70311d7",486856955.123466
"6bf86a580c8b510b7447071a",485594761.402681
"975482a692bb98df98b2f243",422436364.749983
"336888717766096b24215b26",727881767.128354
"ad79f4fa23a28cc84487517a",536358418.421398
"d925c1d4dcb68990c7204b33",557803233.73588
"f4658aee77fa0e35a71da7f1",532312357.184657
"210d58091ea74bb902915250",558466453.123968
"186d4731b3af01bbe4d08b23",608495185.021385
"b760fde2d4df27a168ce0e80",719276832.883553
"2e653d2567a47067df169d97",655555132.837983
"8b63358f3cdf8df0eb1f43e2",718988789.12079
"c09d691e4c7d7b8c8f6a8370",656736547.453155
"4502e2809bb5bd47b2781212",603193526.075984
"d03101c7f823dd7d17e49a83",637416572.624002
"f5dbd7dcf63b08f711561e58",680623637.660546
"9855712ed7be7e865656de13",865610122.260607
"5a6397b85f45fba27dd9311f",689748197.783173
"4d1b0315b5aaf21bac150d96",677137876.051743
"32c7a2d032ee21f8bbc6eccf",494488938.321131
"beae197df95b84881128790d",790462410.638993
"0cf7a6d43221664a060ef681",721322512.914462
"c431fd6dbad57351a497fae8",473405067.67694
"b1f8fdc8e3e25517ab80c065",533714306.038231
"7b346d5a5f5ec7165d1f8644",533714306.038231
"947ba86487536d611f548142",1217987166.15537
"8398ba3b03595704b5897704",563222425.862946
"3f895518a7fccca44e534578",437320674.059135
"232e859fc353dbff75c97cf8",736860846.930984
"b234ef225690d57e7c2af4c0",718222606.131824
"393e2e7ea1f20eb6b4148d60",646647288.039361
"668db5244c4d5b5c76b0b395",764580441.66416
"646de9441934226c2ffeff77",774325274.057854
"de53880a3299626eb6c2cdf9",850554850.546532
"07f10df13b244dc33b464582",746508633.266169
"e4aa393309860fd5e30f49d9",862459120.58743
"8c714badfcdef8ccc73df9cb",869609850.698797
"0f8ded86be8d3543a5069b6f",594354061.89622
"3e9d73530ff24d3f4a543091",492400482.781048
"076ceb408227ab2563a663d0",412408290.954556
"e0ae474a5307ef4057da4994",413124724.341665
"d41fc79d800458b1691bbb87",693869047.278015
"dc8262e1493ed593103acfa6",511336230.999769
"bd6c24498bf413b6c5adf81a",422044154.759071
"885c77c839d705ca7d04d383",694696696.859267
"b8896656cf6f5dd7c33ae46c",513500103.024019
"34a9e3ca94ac06347d879942",844810289.076341
"ca3b5cd3505049f1471c47e8",673711085.309405
"8c05c66be6008af7f6dcc10b",813966160.965004
"565fb93190cd34ac8b01f01b",813966160.965004
"6c8119e00b901efd2dd40f0b",628890729.516034
"34c92caf68dd0cec9fc383ef",727636075.203643
"68939c438c34e79a317a4f3b",737385266.502972
"dfaba547699e319462abfd6d",573698171.955019
"dd1d2e305d37d9dde55393b0",685042668.426267
"c32df77def9978a84f8ba7f1",722630720.61379
"62103a85a8ddcfbf5e40e284",791187941.040028
"93bcdd2a8ee1d5b61d00d58a",764580441.66416
"9700892d7133ff2c0d1763e7",857853915.854125
"fca6d7455056792cd61e2ddf",489895510.521276
"4e84c5953b493be7ca96103a",743310412.516786
"42fc4101da60fdb41f41f0a4",832908111.453887
"12d40725335f83e2fb9b937a",606865550.002702
"2b9681901b216f2174af0089",767152863.514819
"9ab74e81283becc00a779172",606865550.002702
"8f378dc1215f9213f187c02c",709960674.579737
"4a3a6698b5490216e8f8e6f5",892804812.604715
"0dd795526c080e8efdf8eb0e",635796789.500267
"3e7217f628a1d0fc9bc47071",753298351.052362
"157195fb2358bf2d5051c439",552501516.329304
"37063e689732880621e4e733",834560351.411618
"3bc68bc2d6a2b81f9e3b9a50",591732083.892321
"ce21f368495d385fbd98de73",521279235.730253
"1a6af7fd6a5b0602052c4c27",532997112.971553
"e38259adbfd953bf085a69b6",462484519.020195
"0cb6801c9b57e874102ca349",435994764.339986
"79f1a5bc0be914956d632658",701551543.998438
"f571f85be35a72b2ac358d27",506700333.369695
"163bec92a997aa8263f5a909",707186055.934861
"9ce3000cd80aeec2c5188e8e",598343065.296088
"6a6178c4cae2e92a08b0dd0d",680744379.719571
"d52cd6eee468311666218625",798358143.279372
"8eccd2a6352c33d8c7abcea7",721995599.563248
"53d3e32b1dc782308e352a33",847579891.8117
"be26f0523e5cb13846539384",526336561.063353
"ad7739088e8febc68abb42e5",793978596.562703
"add4f9dd26fa34829aa25eaf",779612854.398948
"17005d6ec889a947397ab980",414812850.029262
"3fb3a581a9a74146dcf9b71f",420433241.367388
"51c4a8b438bb0d97f712af31",661716987.221571
"0aa1332c56bf357f492da2c0",425930700.529177
"6cc06c89c226a062fc46795a",458175279.353834
"682b38de3539b2a584446922",407064400.92136
"1cfe9cba4c2015e7b58f05a0",682627086.00648
"17d34f9cb105ca5010191142",785003916.201821
"1fc0faf46f3b533f2cae2c06",841134766.947127
"12f9e1f78c630defe302f781",726544652.152251
"87bd6ee6f17d2bd5b61b0ddf",797858838.36213
"fd4ce3ddaf79d1b97043ce0b",862459120.58743
"97aacb0847561f45a5540f21",750769522.276914
"a6dac56445613d70e49647e5",863972210.708917
"8b1acd29eb268fd684036180",524808827.790185
"656c13ca7a1974df58e1b826",821211209.822465
"56f72c2d672b7bc3c264f7fd",732039131.037475
"3771c66b9ecd6db0b201d4c4",413318611.152732
"45e2395bee937c187e3486e2",607404028.20252
"7c6880b05c212c66b8961b71",444601622.566217
"e0ae8d2a51c771aef5f245e9",452198674.640599
"3573093e56e95a982a41879c",664137109.294123
"0920b2df9df4f0e509a7efb5",422834584.638771
"43600371d44fbbc81f6b6fa3",415320314.716914
"2684f67bcc89c8a5b95e5592",483988616.700475
"ca463fbe3e5cacc152aa70a6",413318611.152732
"0935e87627068206f6d9c0c4",508679621.469881
"10afe23f1f58f96422c97934",416122755.480189
"f3c8cf1fbbd6cced1fba0930",544795482.378178
"abfda926d174a8da1d946e27",581350459.86405
"fc9fb2f209a4b5e66f89712b",646647288.039361
"15d10635d71919d0c9663fde",607207109.818298
"79733fdf8881b0d25412abcd",678373712.767308
"7254c91fc9b51e76c6fd2a99",665275617.458308
"b732021729ecf88d6297b48c",574718912.884828
"edf4e11d1f1aa6f8080c3156",725421658.260587
"0706ce398b2bd64913e68d39",644972062.465153
"ea4a797b3d73d1b2cba9d651",661987137.09976
"6c598362e322971968739673",422714434.260574
"130a119701171ed3c439c527",594944982.106998
"849c918d78991c57f32f2031",673822889.752346
"036fc9e01b2b1e3ef4574372",765247185.115443
"e4ee1a81aa121aa5f55e20f3",888523826.269174
"de926223fe4296d96466c685",874233141.867845
"340ae520163a220061bd7f28",504918433.031381
"11e36a3effeb0119b8bded5b",771702306.883713
"2492a7a74edb57f784f6361c",473628148.502812
"1900e7808046a5fe89d8e440",828724627.222623
"fba35c04cfb7b6db50cbb57b",761191543.663171
"daff79365fd94d1d3a2bbbd3",604203359.241649
"51230c899cea0054bb74cc44",408937525.221743
"5e04875f99a5e4476c0b4186",482145863.654888
"542db19bc6b9a1366715dd7e",619072193.068914
"a117f625c794b7d52ec67cd4",777081648.4699
"4c59acda820b7b75823fa277",593705973.180994
"f040a167241599987e7b0967",471863540.989414
"4a016eba4744dd01954f137f",426150104.570746
"0d995f0ad226dd21bc96ff6b",511830945.467813
"3d44c742b1aa4c022a968ea2",437607706.522326
"e47aa2541fb576b9915fd625",482456795.516296
"61fe9ea90c8a777971db8384",758928564.407717
"4a611bd82c9216a3771ca7b6",783264513.968319
"0cc5caa9b48a835c92da7653",732358943.004966
"9a7f24ba55c92696d377bcb8",762768440.323502
"32366fe92222b329e3d03b29",690264102.015504
"aa26461420614755c2a52db2",720568960.996655
"53a447ad5e011909080c0ecb",862459120.58743
"9d790c8c474c9de2afeb00a2",508136583.082188
"dbf200ef5f1e15211e2fc6d3",622933549.494648
"b96c9e2591a4cdf9c4e0c09d",605557823.806402
"78eb6f51d94a61a967da24f4",739393595.282835
"fb338e93dda9159476b8382c",432839526.7266
"72536bfda19f78d370d95f26",752703749.576396
"7c581e2b9daf20131803eed3",601106685.166354
"50cb0ad562ab5ef4e06f84ed",499652172.851513
"a24901956dac4ee0e4b0c91f",812410474.71234
"c1b386f478152f9be1f546ea",647169219.070416
"1f34129d15f992a3b62d4b21",479085922.492984
"299117d35bcdd48afa4c2eb0",679111634.073426
"4ff6c53c0bcfd1d24bac7ad5",720568960.996655
"2e52008bd11000eb776bd80a",1269711068.35175
"56b78bb57b2d1f064c47891f",459576531.630845
"ef64a8989a6444cc529dd1cb",665477405.148445
"078f7c6532204fe046b13d14",673826745.40888
"28c0649dd8b294574a876e95",837585460.841186
"6b9b9d28723c7ad176a9306e",795858667.524186
"a640228932682c0c04538ac3",832892225.143915
"b19efe9cbc26d61daff5ae90",610924541.060101
"dc69d70e4d2713fcdfd93dd9",609575512.48611
"358e85ba765ddde3ac31be33",416569843.615184
"5e6b2661bb7ba0ce4776d483",413124724.341665
"0b6dcb5c1952dcea931e2c20",561475169.670556
"cde84d2435eb1d0d4ffe2a43",646647288.039361
"bac550d41b2cbdc6a110ec7c",463510678.286487
"78fbb49efe7dc0d8e144ad83",826032392.244569
"606affed5c707249158c4b49",685186411.176629
"d44778d36fc789f8b8c745b4",659293108.959315
"27ee3504d1df34ee8ae5dbb2",743314665.785252
"60bae7a45a084f117eda823d",716095566.105314
"98aee6a36f208227a992f9b6",1150723828.81227
"388a6dbda422f886e503e685",862459120.58743
"2869a2d2689af65497775b1a",985684661.900649
"19993833220392781bc15279",1138402637.9686
"f0efda3f7fb18af1b44d6aa5",791187941.040028
"cb915d1ef92dff803c5cceae",857116295.006991
"4bf02d040efe5358d4a5940a",863764600.733871
"1382140d8fb634851d4d210e",857853915.854125
"b8ea07763f2e1a3d635eb23c",458022372.375643
"8ec00d454698c119085cbee7",528095326.915135
"30d5185ca2ac2fcda2bcb79c",512477624.567155
"d0ea7bcd8cef8588ca50c778",445290740.431126
"fe6c19c6f54606a611d412c8",427578988.274841
"f22ae3d17c92427f5227cbf7",407063624.508372
"92b3b7d8dac6b2f6d5fcfd9a",447776833.489151
"8c44d216517f5c59e2611aac",411843894.118858
"b85fa4bc59149a7a25447537",408096785.294559
"99f10097f39b32a478877340",654584313.209021
"44f8d5ab70828e06198579f3",813966160.965004
"1f674965c913f9fe282d07cd",414790697.224584
"60e768892afb284b0e5042bb",687039467.763332
"8a6d013451e46411d35c2b6a",468279885.559715
"6f953b9964d60f6a74c81226",537960814.465388
"05076b448cfbf9dede72904a",751255120.207882
"47051c25acf866250b5d3ec4",661941683.610907
"0952c73b02dd5432aebdf2c1",611513273.826051
"cc3ef2f4fd5568aea96c257e",524973016.385996
"834fe4a1e9e4efeefb5aba08",562928155.107023
"104cd052884247b14d697673",733129019.559314
"8bf61f106e60d6be03799de7",767996145.966946
"c13e387f56342f88c993f0a2",769933634.680635
"ae664789baac0c47d13c3c19",753281109.618716
"ecd1e3003c5d74a3c7cbdb11",736214623.221113
"561cf254aba002fdef8258ff",769447704.041184
"98799228c26c9e4899bed65e",455821814.560072
"03025756be203027ab75aaae",649796354.452607
"8997555e7bea06f7b90ce821",755819839.823825
"e91a3f962129068a3a76d209",554416443.980603
"4bd0a354d75759510ab6bb46",647737281.807111
"f6c1705a83c039f7a7d46255",638922262.632932
"0c4afcff5f5a90cb79807682",622158169.562778
"d3222a7545e302bf10894658",477110749.452926
"03463535ae93b8b123eaba8b",575849097.697129
"360e5cc9ee1282e5a6ea17dc",613441984.248411
"07f24808e42c9e11a7c20232",524613670.372141
"b80d0456fba49a40fd774e5d",693604407.721478
"f865411c20924c43a080794a",608684394.263085
"c578eb2dffe903475aecbffa",425413517.034727
"d639498fabe1db1236656593",590060676.673979
"e6e3bcae6ba114caf108049f",442936711.434147
"7dd9760286606c45e6a15926",548700899.379566
"2c5f07a9402cc93f4c683759",657687978.766826
"e3295e732bcf306a2d338387",441110574.180261
"240ccc45a242f80f817b04d9",585627379.952851
"a7ff59863f8719590146e71c",588066378.192052
"e6477c2014ad081d22f12b9d",422904755.348772
"807687fdb46614d9aa139b20",457446153.630055
"317d8f9d18599b346639a4d1",546877681.16915
"b85acd44e18ab485d3ac543e",418111721.6984
"e61476e47d7e7be706d23fee",653547614.482051
"270a97e07eec2be02cd89a86",627340472.452967
"4c9dc4494a3428435457f575",410084149.818767
"26e58d0b13e7f7f5a54585d2",641161175.818215
"166e1e60acca831bfad07736",627504422.180584
"aa25d9f8737f142b8cfa970b",661348549.333723
"44cdcca08e1e66a1496fac6a",539761511.561388
"d75b7730e8c291ed41d7caf1",709021521.385111
"6d1534800bf0ce97197efb6f",666235607.30311
"8b13054b3318289aac1f13db",416972076.909716
"c6cb6ccd3f5876c9b9e29685",537659231.856848
"0356797c1683d002bcd94899",635330076.718835
"558cb38bcb8de04588bdfa30",605766916.686509
"0685f2225b939147c8482e6f",478989071.192759
"cf1ba56710023ede80a8381e",808781808.849825
"2d4bd56e71f90e6fb387a2b4",1111088110.51721
"b96b8e1d636f0c10c63e5c6e",606524182.317775
"534be635a841fe21c7a702f2",609422058.965734
"dd5b4eb5d20b8b9c813ba52b",557264084.369288
"46941e09b153ec19f86c0c2a",654430763.200572
"9f06ad3793ede2ba7f39de43",572108256.409286
"b3df8c66475021fc04f107a6",550994515.087038
"468df200fa490e667bfaa31d",634722046.288003
"8130ab67c5e0d96a9a67fb12",640692969.302189
"f7ea437311c0d217b0d572b2",412908876.180548
"ca0b59b35225b44447967ef8",414342357.384512
"90961073d9887bc1023315a0",494769137.029209
"a1421c30fb33a249bcd54394",490401282.65229
"c87d9677bed80b0fe06308b7",412587676.213755
"d331a4d58875a393080fdc48",412738798.002999
"2f3281ef06475d2114fbf9a7",464772200.854656
"487ede1f7f155194b69c531a",414197758.576527
"04308f869d7c992ed3ea646a",702688514.088154
"912471caea3c71e3f9f70877",646241632.711594
"1baabd705f72393167dba5c8",632815741.371559
"aa4c66791884ea2a8357924a",652161683.559591
"1ce08c19161bd0545eef8a16",711997512.860212
"01eb0a2c1033c30830161321",542032233.508105
"b2759de47d28e8cc05c94e36",619760974.485104
"bcdea05b890394a10d24601c",434859456.031548
"db9f66f68aa772fe29e37edc",556970802.030626
"bd094081331ab259b1076261",446884370.464127
"81e7c8c1894e0c3a9315ff27",526136821.415871
"7cc9cdd32c209a62908a18ad",506154580.871865
"1e18024ab7d931bc7ab5873f",597717987.669523
"baa146a6537e8630180fdd35",577253393.764956
"8b788f742021f2438ffbf528",419288868.282535
"66d41314804d77ea0f440695",464308801.612258
"72dec1e6e65f6117e10a2473",419324857.679246
"4066da904062a0041a809b02",631396695.529095
"b7570bfc5ddc7caaf610908d",506154580.871865
"f6c6eb3fac9658c4951c4222",631396695.529095
"5fe25ab9cf4ea071cd6287dd",568159761.855082
"0ef36d33e6c378c946b8a65e",631396695.529095
"991a94dd1e99de493672da14",631396695.529095
"798d87a368f073efafead25b",631396695.529095
"9e8cbeb53820394a460f0879",631396695.529095
"7b5582907bf47bb9e873a513",463492997.09456
"0f21ea53a480e4363b8d7aa9",747266507.093612
"ee667413d1cc49427ad448f9",585664241.967155
"12bb70a95996dc6e286086ed",585664241.967155
"9e9e3655ffa5921889cd8ae1",729018302.78761
"f2bfe55b6188070fc5c3f59e",687533675.195666
"1f00fb18ad48b32c666fd319",654021472.582306
"86f15ce6ea8e97837e6b9383",751755370.682765
"7002d00c9acf8b8a4a5865b6",869394253.03842
"3e85deb0237521f1a7a8fa84",790614701.734589
"1bf77cd1c4037f4d2ed28036",830574488.236378
"ce8e1e2e4a79fa55a8547457",850554850.546532
"73a8efbc036911954c07b91c",829029752.069645
"9a2051367d6dcbd90a4d60e0",835087402.753888
"3804d5b313b742228ef0f1d8",844534793.540903
"fd7b741b96080ca5b964cac4",871873530.69145
"c4cf9ab3776289a412684892",751147659.987237
"1c51566c7dedd4a46503131d",1007791966.79638
"62259b400be228a30a655a59",802276620.557675
"e5092b4a94f1c231a0c47680",857116295.006991
"6f435cb10e5728ef45be9f29",805771585.243654
"04a071d777e60627223e28d4",425669188.578042
"1117078fa37ed101e9120923",813211987.187066
"d56fda10944b088d9cbe1162",494769137.029209
"e01c49250329331a442615d6",531338555.961544
"30ab0bbf876dfa515b266c9f",427538213.109248
"6aaefcb58913bb3f49954b2d",837674929.398319
"629a6122db92e378f0eab96e",784613224.382409
"a8549fa4bb56a2bcc0e15b11",425669188.578042
"34291b30d129222905ffdaba",609374403.235559
"cd5658fc146ae4b5d78fb565",610096612.605504
"ce14bec246191176c16c4e27",656581240.250896
"46529f0455fd35b2f4a489d0",587571939.574759
"52b3823c59546a6ff3de4d09",425669188.578042
"959b7ea50d93bf1c36e35005",854517609.663711
"5c6edbdf110bca5a66a51585",425669188.578042
"d4f6cc3cc6e923cd37d0fbb7",440219642.372438
"2865962bdff8929888a51341",756289951.457197
"105bcd15e02d39f70ec2ecb7",659822729.833998
"b2357bf117ecb5b9082871ca",425669188.578042
"273cb73a7bdec0d291e845f1",494769137.029209
"1f4cd62152d4940990ac6a9d",477846609.699084
"a13ff325f90eb49363f59052",768591099.876473
"40871d7ade3e592560d0b3e3",701186336.86722
"ad2081cd75928b8f5e506944",870182272.975303
"1508ebe40f90f90a68f6dd69",494769137.029209
"d3cda82d1fa53a7ca1b46a33",756154367.803147
"dc20d46be2470d85ad9e7e45",600037933.227329
"0a7fb26822c2ca556f62a257",610096612.605504
"40a1cefb3cbb7e2972e30d97",526636814.960923
"4c3a2b3e3d5999f747ae0d53",778063461.830341
"a8870552db951bc4e76e7f9a",497612140.494942
"cc48e66185c23195cf958612",717914444.557036
"09d4b5b5c2f97ff88215708d",718415788.135199
"a59320023948e2d915c07306",622140369.729396
"a74214a0d4d40b898ee2be88",604330139.450588
"dd9f28d722d43112651786e6",505272961.857195
"275360e29bf3309e09ec41d9",410063031.679599
"1e21ee2ab4ef88194cc85166",482622462.348942
"268c1e17bc17dd646d1885cb",466849425.350098
"33e22ea4154e8f71062dba8b",627512800.324427
"5b5db88fa09ecd8f4b9cef6a",685681901.315455
"c41dfc0b917edb6e6ef7b1c8",441926597.793304
"3ba6b07e752fa580f630eb8f",771712610.289875
"fa6db64bd7cd8b0f1c0e2453",753370194.607075
"2422ffac7337b402339dc550",782010593.595266
"dd6d47e2626e2bf24f842f21",613333179.459893
"bb433dc1bd769d684d8b3352",831040372.212523
"812ad0d57e4291da184bfae5",526136821.415871
"51a0a1a680770b625579e25b",862459120.58743
"a91fd5b9b1a791a6af59b70d",738086011.743489
"094da6ca19427f1a943105f6",741387596.46058
"7af0a604d1901925aa179436",700025092.995737
"890df90091e14d1c3a1b30e8",454359208.412677
"aac17b54a68bd216e2bd1d45",409480756.27058
"fce26c7fbf0bc93937ea5198",572716383.301702
"b4245f075bc41aa29b55d324",768204180.90679
"bb70d80b0c6ad3022160c8af",409506530.82623
"ac85c8f7605ceff58dcb55cb",440661521.123367
"520415ebcdd1a4059d18e2fc",607151520.89176
"81547b223494084af3e15bf3",562521369.760658
"a0f1496a0b4a7cd8b850f010",613123813.806223
"436fd4dce2ff0f71232f4b6c",406930879.663001
"3923f0e655615aa6b52721b8",763245785.456073
"afe03b938be9cf14e98d4a0b",428321776.112877
"0f1c472b94feffc41f1caa44",435693831.208718
"5b76ae185e6b41243777cb4a",408897747.84853
"d70b133f81d6f1c9d93e2ed5",415547727.057111
"865459f5342a0102d255fa07",410765989.100385
"fea5eb95dfad452d6786b042",411492911.901072
"415622d0f7adb1a9f7009a63",406470877.535738
"543edc342ad39b149501aaeb",438141386.103888
"89e1d01cb5bfdf567faca443",559933011.945693
"e86b99e5dac8ed0d8296e950",422833778.146573
"2c85b19f02bb3768c10d14fc",484724914.819011
"c17a3139c360750a6de5950a",517016466.143186
"cf76e6077d47a14abaf0cfb3",414437203.67786
"82ad4b3d5a215f17e745d77e",449215680.185975
"dbb4260c89524c78de7433be",515517751.719102
"5b312ebdf71ab7971f9fd2d6",603270614.524805
"b3413352f0280412f53562e0",418245720.616081
"28fc5f188c5e11717cdb4a98",421392620.057045
"c4d7a906b747428aabd368cf",863224389.656779
"a4dec2ce375ab5e4bffa5966",619914666.570858
"546d570784c7ab8746bba80e",511830945.467813
"cca9a08bc4a91f317b851f11",693915369.580425
"bf43226ba66a3e2033d32fe0",602203758.211258
"c2717194de73e1a1d8dce40f",406629065.770393
"acfc06021a7a81313d85f62b",406571676.649491
"2d531a26f8b1a8afa511e3dd",735689632.978656
"4a8acae29064919c68fc8600",673753491.70725
"691b030abfe1190802349715",411560415.435381
"a302ef23e1d0d6a273274cd0",406625187.871921
"a742f415d6c57e8493762c57",708203820.773176
"4672d1c9c3b04fcc87a0ae9b",858168128.871498
"371a0ee537001f7a9d58465a",723394707.213214
"ca5eecb01282d4a84017bd50",723474738.062423
"40eefaf8c26b8b4736308bf7",582160475.395132
"a7ff08f7e09b19c1546453fa",539679156.774229
"07a6da2c9c4833ee4cbe8625",526867896.04579
"b2d32589626abfc81e44cf70",680239482.88971
"aeb68eb7eecc4aecd5529717",675234246.810767
"3c0b438c7a4fcbfaff9f678e",668667153.94744
"c37b357d57918c3a651a5760",585593871.044083
"b65c0544e9deed76615a3138",783279453.695793
"3a8b7b9048c82797fb01a8a1",530876624.645338
"7549cbd5c8003204c85ce1a5",673514508.700346
"21b4c1ad11bb1feac4d02308",668972039.584454
"b972611aaf1b68340de16545",716502703.282575
"eb3356f3856526dc140be7f4",795100039.353077
"93ba409ab36d3e10eaae18c1",915617215.008629
"5717732a654405ba208c0f5f",1016312421.19964
"aebb556fa6c9275a9b5c543c",1241386933.99374
"fc72e535900c592d6053b806",819524434.232361
"04d77c8ade9a55fddd28b00c",674227854.172248
"028adaf559a05c8882893767",675160840.09549
"95781f187bd3fffa3d1b19f5",711807414.394644
"cc2c78d41e3fe29de0b4ec4c",814388555.214793
"f78886545677e19e472fd0c4",542130457.628604
"3dcdbb92628e6a200adf48e8",1144913464.69296
"4993d1487d78cd9ae2c23619",1156925515.8599
"a8a2c61f2b994411af5d9bde",851704218.105447
"57fd11f829e31e198326ac98",799979991.568673
"59b9a5730cc8a41bb7a1d16a",937071254.062603
"85b8a65f1b00f78e67622bfb",664120641.865187
"971c610e55f133a1d1e6c2b2",957092819.175643
"0f9867abe3ea0b9c5363982c",1082156123.13905
"086521dbe18727963538aa7b",746890323.207213
"bda3c74ea6f73407a3c0a17e",663621745.765994
"257c765ac81bcf773473039b",413476309.767023
"80d2415c0460088d69574285",1162679299.80256
"1554f8aa4c8fbe17e9e82d0e",686069129.608271
"00f6a62599f25ac506113149",744557661.863553
"ae26e4726c16cb2f6a6d3f2e",845732482.956122
"8018df1613094a9e4606c875",777476004.555519
"eae4a1cce7c039c644f01c6a",943495360.097305
"b07cd6c30350efc5de211a8e",588234649.402661
"5a2624a08494481388f6daff",683095969.788646
"b8eb177e22c63e84738e7788",563904995.199725
"ca02c904cf5eb96ad20705ca",727572236.64325
"8e6dfdcc28f830f2696de9cf",765369800.764226
"99fdac6a2ddb1136f7117f0a",438057825.23575
"22e9f1b4b5e887cb5f0dbfd1",467001716.212936
"d89f812c7edfeb3121bf639a",682858882.748064
"19957244dabc3f727733527d",567593280.463294
"ad1322132f3b533b4aced580",633168283.605729
"40c2ea5f89f5b77cc09d1455",641398465.788263
"140c4de69883df9f3fb3a538",428818775.278262
"5529091bcc05ba5cb2156b15",511786040.395296
"55c5e58ec636586755df3dee",606560045.823197
"6049fb02c166ec9b4471a7c6",720768273.109094
"758b4df32244a51b2271a891",456726028.368612
"2ed1ae5e6fa77e447af230fb",771896622.84903
"527a1c27e038e45d2d1fcd9f",441514607.896277
"1d0c3ba50087cf01637de6c0",449088033.499003
"d0804da971548399183ecb85",813966160.965004
"46a7d0f520dd1e78c0cbce0f",813966160.965004
"57e5120d0b71ec6a67746a59",722967106.210427
"b5292c1e1683d40be46bc2de",656975842.519712
"01e9c7531cf3c63c04b9189f",558466453.123968
"06e91b526821a6ad1372fc44",430639199.651601
"34bca71dc9c74a2072f11e9f",804787042.442988
"22385ae2b3e7640e8c40411b",753417615.106594
"6e4adafdd872a2837921276f",508348880.820605
"8cd3031963c612efd0049f8d",537356793.388792
"43b2fb09efd1593a94b61b4c",646613987.587668
"74448f56811e9562536eff6d",833435709.005143
"44f0e088fee626993778e7fb",778704830.566862
"6e6f7fa167c0f617f50c86cb",757216609.220241
"83da5fb4c15e3daf727a3cc6",681817717.33112
"b45c8a6224ae2656b4189526",549239097.00467
"0d926a0b5ef567c627a7eb0a",817763131.606843
"c73a1177d787a5ed72b8a9a7",637073816.084704
"75c1083db5c940e626c02f53",530640748.996851
"b925c9218f5132c6c81f3a18",407811218.74978
"9a091c59b3cb4c730372b34b",406470877.535738
"bcc704b2e178dd20497e073e",416569843.615184
"6f65de020f663622146b89aa",446048982.887003
"9f3680d00c86707fba024dac",627420646.894192
"18d5cc463455fdb4d443a6f2",437318171.697325
"f1d76d78f9266d9552bb86f2",536651082.672442
"74dbd25d407e51337f883659",741360729.339659
"88ff73eb829a6ec5bfcc0222",759488969.718372
"ed5559fbfaba86299e87ed89",570036535.321466
"5d97aad3e83e26b551c3399a",782879167.496853
"2258ec00dec6a2b85f439135",782879167.496853
"6c94fd185169e708a08d3535",452220237.667793
"ddaa88a11432ca21d3eca774",415347249.05182
"2749b5cfd2728ebdf124a0a3",523145815.226305
"a7546a6c6194506dffd65360",572108256.409286
"6de7bfc5e8149ebc40ec0e4b",657521159.371347
"6f83f14861e13af92a2b8cf9",448908190.355074
"d71d0c8357f09fe2f77bedde",449362218.748135
"90b28f5125a0b8a0e3b10580",858056831.934346
"940e08f8fc66ac29f6d76687",655272609.620583
"41d2864e1f73e29f222c61e0",645502490.875843
"f7399e57df358ae7adc9e08f",621158608.426499
"1679719f26e7c650f24eee6d",801097687.06273
"0803ef3270948a30b3fee2f0",541484572.815463
"4a3defc2b7d2cd751c9c970e",838251911.482264
"8bd2490f83568ba653cb74f6",746484428.170837
"b4ffd0a2cdcadfb962578199",700053132.587272
"7e5064603267b61520d8f83b",542075656.713829
"88964e1202647db0519a8a00",450764029.370196
"f3d94d0616744b87ff139533",638748019.803365
"60704a08df293592e4cb5719",437504219.623583
"347d5081f7bd36c8edc1f352",667324252.271349
"41d3afc1118758b5314db48e",617975034.998878
"80a1dc97797c41b61f46ec6a",578009190.216091
"c0ff8812c1e8eeab07c698a1",473133358.179147
"a9a4a765b1daec2f3ed59a80",566444724.755602
"33258f995a375ca192ca4d3c",643209158.395329
"80b6c823bad5b4c0fff46657",680466575.211065
"719055eed27f361071cb9eca",777915072.154317
"9a354d8c526efc5bcce59dca",681275639.408494
"9850d970fe9fd9bae89f09ad",568753928.27265
"f2c87b07466aad7328b7e0b0",825592935.823997
"27ca0c2320c520342717355d",488890192.993512
"e958bd2b19db118c31f893cd",488890192.993512
"46dcddfc78444011abd29870",624372873.016588
"061d3fd39da1b4b1397054c1",676931261.499887
"3d1a8884a9687e53e5fb0bb7",648483930.142976
"1c0236d4bc291372483a9151",601360119.500056
"c1420f278d45b85c56f415fa",732694267.067578
"ce6fc507df0105c68c29214c",425324271.089416
"e4f26a73bad4e41c375dd897",764511903.627641
"719190aff81379902beb6497",740059547.809286
"da627dae6941b59d1eb98e35",502335406.491412
"2189d3297ea703e50ec34d96",621401532.950555
"c7205874bee601a7b01a0cd3",715816988.150657
"a22bc19d0d83b13a53630b7b",700214715.924024
"8acebaa9fd7e917d7e3b391b",465858523.151575
"4e104916ab915cf3c0bef846",693280361.813167
"b0df95e9fc94d9aeebc960df",601271806.723345
"ab419cd48b81038c5a30c721",425176650.729789
"5b9bae6f556700e099fedf08",667060830.536966
"989360149d9cc6088391db4d",670334878.318288
"bad7560aac04600e1ec1a9ce",473105383.668012
"08d9f04bc4ebdc74e9d80b16",638643253.292173
"f4311c45516bafcfe8864c70",627880351.829228
"c84e1db639ee43ad83f930c3",459576531.630845
"f778fa43c92344cfbd700432",634725678.207075
"2019bd32dbd09fa285a388f7",667587778.030744
"4db834146c4e73b515d510ce",461091109.733601
"9f9f2548425519863e2cd6b6",599703837.665305
"6c3bb7e1696df587990161b1",452539490.717271
"82f08aadf1eeaf2058b50592",750513241.747749
"753e74e4dbefeccf3e6b27fb",628340393.585548
"a26149f589edb9a903782a3f",642973651.291695
"bd264728a0464376e22b6bee",647255631.251687
"2d5564a502635dce2d46ef8e",759387573.770071
"05bcc7d7db8d352216a4af59",612851394.62167
"4794d9994512f01a4bbb6c48",660965188.122972
"64a4528640fe492865ebc0dd",768724514.832173
"f655ec98cd42b0bf2d7cfbfe",803256560.121462
"b09de5f1e028d4fafeb8a22b",749803558.255756
"4c79f17573007a39bb2b4b7b",830119948.659382
"824894236c20b081af2c9868",702311998.571294
"107e76f0c913e19217662faf",857265076.501528
"d5e2bbb69ba3876b93af2d3c",828225287.015477
"a2905faba4c1177603e6cd5b",781347127.957749
"d13e3d432783206eecb0e192",868240885.158004
"6fecee4b1e5f50c0b27dbba4",888039267.179392
"57891292fbd530872cbe68b2",879905849.027029
"d0d6a1b5c60ad420ebf2ab8f",735076682.803574
"711736da4f0e8282fc8c9e69",816200188.424699
"f32a3b542efba398907ec912",454308080.626043
"299a94a02e887c6ab1de59c7",458626433.724869
"ad844bdb1150508a4c6d57b8",631652057.402696
"78c17e6ceb87f7587364c873",424298478.130328
"22e8713e2051c88cdafe2364",451366266.225806
"79c5085c14068e492e402a26",806917380.185635
"205e9d987013859f391b27b5",845679252.110443
"36aa7d0cbfe40adf3c86a134",672334970.588864
"d54d787189cc8f014ae58aaa",656691454.481305
"fe2f1459eb0a380dc31e3a4e",689717939.870384
"ad663952ff2ba1953efdc460",583130647.242489
"b7320c35e90f33fbb1c28813",537000237.227934
"8f90134b8e68948cb18fced1",588400724.188022
"2dfeb06300828182d4109c43",631420781.860982
"3f5a0cbba1433e9b6588dd73",521684057.163216
"f952c40e24c9df4ab2d62017",619947774.469895
"462c7546b358b00e617ce012",475172721.00259
"e0df3391aeb8d3f4b00f418b",712171361.598906
"1e48878318d35476c3e87520",609852291.481968
"e3903705d5a48c6d9f828ab9",505801362.926396
"9e590ad7d22105456bebc767",769199718.761908
"d0fe3d393eee5c0cea5bb6e2",515020456.060361
"57b3791f2c5acffb0097f7c4",698106386.163335
"e11f9a5cf9d6ab0ffddd6096",752703749.576396
"9a3920f803b087c29b487cec",490154408.132086
"6cc0fe8ddc318f1bbad360c5",565932842.993523
"3e0c656b64d39ab38201a112",442149181.564837
"cd55abdb54bd56d54b11fad2",565932842.993523
"7cd39eb8de56700519d8f287",644297043.511347
"d762007a4ea5de370738e875",682627086.00648
"f4fc67d9b9c6078003f9af35",770525680.534693
"dc0a4632d7378c25be351760",746508633.266169
"530a3bae5a13291c69bb8474",439071657.766701
"32b678be83da2a07b37f3012",471860840.972299
"349768047d470d2fa6ff1930",764580441.66416
"e017c3311e2fdeb50a686547",722630720.61379
"bd0329ddd50f2dc4dafebd26",732699857.102537
"f6252e878aef5f8a641c3d6e",531363892.762323
"45ae8ffacfd00fb4a4f53d0f",808376199.197117
"d186e369ed884150e71906da",880547188.358208
"7b9e6b7eb3a5db0443193fbd",778002618.639894
"1ddeeae13139b7c9ada353a3",567788181.606525
"a1ae6f9f5d02548c89b23904",613333179.459893
"dc298d37c5235e15b4cd68a3",628050432.176517
"f640753edfd8fb1a995f1de1",522570388.944466
"69a1f439de0f06e1143a0006",576870364.730141
"98f253233bfcd16533e2a448",722630720.61379
"ece6f8c652d4227370ef0fcf",952312832.445935
"599506739a6544839bd97b81",751147659.987237
"a12f49f4ac3c5bb0dc7d8d20",448432381.914462
"9da00f8ff8e19d26c1342274",987668221.736902
"cf5213877dfb4df98f0dc10f",481917851.763555
"84c7006b5a63add890a224e8",553165817.568833
"88aed38ca59c09e1a6202672",756206290.58574
"e6bda9370c80a5f7e5cb6b07",637720589.008477
"3b54ab53b6e3453e333a0939",412415370.472829
"e72ff7414cceec6b162df345",506608528.539508
"f2d4c1faeb7694370bc65ec2",411343030.859231
"e1ffd027cce28c44c0d2f80c",645612076.825024
"5c5039602efa36222e64108a",622016971.555998
"b50f2c871166ee1009416be6",647656981.831688
"5e7e36116dbc08932f5fcbf0",808109502.244477
"325ce336d3df17a078db5166",502296124.748591
"a26e967b288a1eb6d8e71d46",420242429.441294
"139331d23d9e3c40cf083a7d",607929069.648325
"1704b2d5f4a33401fb153608",437555960.013478
"ee70354146295365bf241d9c",482456795.516296
"fbb0a76f05908c118f7a3df6",428632333.046495
"2aeb794adc9892354aff7240",587571939.574759
"b0a32581cbb586f9710dc3e2",696818652.080693
"ad7f3aae29fa1e7ec900b563",554214504.866139
"1695225258263bd2f463b21e",770437505.913983
"f72fb486fae49fc1de1fdcfd",738081788.393536
"6b8f7074aed7ae7e6cfbb090",841969436.168885
"619dab52b321ab297a604185",800679131.957118
"b5bb9af24f9de68e91a1df76",862459120.58743
"ac3d21f51637207d3e031c2d",749803558.255756
"2aac28d03c2110d871b5f274",658668426.691013
"9ef498b11563827597c82947",703463618.468093
"4f2ca698ff03df0c6386e48f",646241632.711594
"606df4826416ea0f146ddf99",593512363.624992
"9ff08a6ca1c63480c563442c",771669925.645624
"ec27554aa1c62314f4d46fc8",510441692.221583
"762374e94f17a8783a66d598",647255631.251687
"83ca3a41ca4b5337107c197e",687229505.490547
"c166a9293fa27e910e1fa9c1",641360542.424345
"57f8a1e37c4ffb1b8cbd342a",656134310.859379
"393d99ca47315ae98fe9e7c8",881377257.529994
"9bef4aacc63605f2b2b62292",578896252.091752
"a266efa4e41df357ac4edda4",838861290.39404
"adfdb0eda9aa97f0d3005c4d",727594440.724629
"f05aee3e433cb036653b4375",538433017.845114
"2dfd1808bb95170a088deac6",605430786.046054
"dadf0a00434e8ceefb3e26af",758274557.670291
"4336ff9b2dc1d97ac8f9694a",415930726.538964
"eb14a5813f860bb74740da2b",444892585.264585
"3d580d0df1bf9dd124c282c9",504918433.031381
"49bb5311607e4c7600caa03b",547125992.087733
"78a39ae05ac53535ba0fad2c",707049835.170167
"936e18fcf06ca3c46eda7c8c",628085172.560169
"23f12add67accdc9ed40f59f",441667900.757224
"eb1b9e15dcb88964f79e6a4a",531614285.299559
"e2b7f984616fff25e3dd6a3f",844810289.076341
"b8e2b98548a234a245d7935c",754946727.681281
"79382c56606e701e44d55033",857853915.854125
"983874e637a1a5782f31089f",439074170.162068
"3da9de8f610e5c40401a5b78",506792154.836252
"cd69a049dd8a3822e228ebaf",604820222.072646
"604f1b5149f770a8f370fc75",424663622.749208
"0d24fc1c5deb78eb1a0caa51",674073553.322149
"583af1118e60e46c347ec593",719768144.98879
"13b181b46359620191e6e4c1",413451862.542088
"50d8333064f0560cbe549f89",543006990.391678
"d9000c1afed253d05de7819b",418576913.944185
"792ac070d1a314f585f09987",558789299.044039
"3e874c25176a3abb336b31ac",559881750.893963
"419ce7158ed62eb6897cf09e",511046649.979861
"b6b87c05c4238be76d94da2b",425669188.578042
"980d809e549333b475477bf9",535973899.860613
"a7df3d344010d5bb7dc70bf0",566524680.55838
"3d474c6a88ceb86e00f68b3a",545618042.62624
"be4bdb73add69f12f7aa6d06",531866824.735347
"fa5234ddf23dd0d9cbd3cac2",542918962.718136
"91a08f81b621333ac58c3845",613930088.236339
"702aaf395bc78986a008d70a",679580695.547065
"86b0c9c1277e9143ee765b43",457945501.292675
"9c2c22e70cffe6836f554f24",657450932.28522
"31f56b841b122b35615bae2c",453637020.707253
"41227dc9c9948a5f0688e426",633215384.591292
"781989d4b732f961f91bc3e4",715343381.440108
"cfed0221146f4d83d641e1aa",457846810.753448
"8ec491780efb2c27df8dc08b",772005578.959741
"8a5866428508658b4a2a4cb4",642441624.811999
"156dc81d6e14a71716aebcab",617164625.486864
"c24be8293c8f4080562ec0fa",633215384.591292
"7fa11c05ed1c123c1a457b1f",716230797.418607
"a63c36f6e7e7ce7c7e7fe457",596843065.179842
"f9bca38d3e08176649504e74",640019987.301707
"3d389130627ca7bade643f47",747384816.17142
"70314b0bd995a4b03c771ae7",443579251.425329
"a3c3c9fc04cf2e2a051a12e6",632860401.956279
"4cbe75a162b076c4c454dfe9",643493844.571454
"0c62d4d501a426cc8fde0c36",627990539.475811
"533363375cf2cbc50d86773c",707956669.048354
"21d0f28d5f30a64352e60ac4",613250126.429321
"471b5135fced50f7cb4197e2",731272988.878559
"1c7586fd8a1a38bbda9c92cb",650377887.578341
"a0f28aaedd12f3d0eee8c6ea",465461508.506062
"8923182b6dcc9f2d8be1ab53",584355388.384853
"67f694b29bfa494bd9d9cf44",672559424.054208
"b721a5846527d5338322c9d6",675323118.249799
"ed09fe201c9ab02a91779dcd",750048151.532829
"f49045b312d12268eefedcba",648423325.613132
"22ae194316f34d482bdf404b",633215384.591292
"4f450ba5de4766e5ecb8a4a5",656698969.761595
"235a2209cde8f8b0276c845a",594249776.128839
"f563f0899884de7f9bdab405",728748597.229428
"5b462279f602c5b67ada82ee",663545804.629694
"fa4af69aa064a4306cb110d0",717083752.448609
"a70d32ccaa78ae9417aa7e4f",633215384.591292
"77c9e5e3a6d965ede708cda6",751580460.165515
"5637f3d3278ea049333afff4",613250126.429321
"1b1c220eb91c9448b520b76a",650952491.542551
"f4a6ec71ad7790df9578324f",645833768.194863
"217e1715fdd5db76ce93cfe2",614893387.69227
"2cfa1397c901b4e940d9f673",642521278.159574
"44672de0d6d9d0cb3b4ae938",633215384.591292
"1c50477e5b3a67f3d8fec62c",683921204.932769
"0a2a67e8b310471b115c60bf",581256216.273452
"06220a42e68510eccb4d790d",645972980.004004
"611a3e1d63c6ce5ff8779243",634709940.041185
"1284d7ed08122731aa7c0461",468229870.542881
"d44eebc871d1fa6981c32ccb",643349031.550041
"43272151f217feab78190393",740271310.835792
"6bff92260afd556a98d3e3a5",738081788.393536
"00586a92b53f4a8f9f6b3022",756849851.947888
"745e7f6a83b55196f231466f",732799087.32037
"9c558e10e5bbf230f16968f6",803855830.861733
"1b425a31cbb73b713f291e19",743206923.818421
"076ccba20dac8bfcf184b8a8",768976747.016264
"c8fd8b729f4ac6270aff9c9d",818100109.045754
"52f026e670e9851b08c70542",752897589.774616
"00304df33a3c9a7e396ddd3a",719636363.570528
"ee27eba49457286b5ab76172",758328072.4344
"97b57932e5e20416bad6919e",847579891.8117
"e570c5f58a20fda42bfb535b",753613076.544692
"79acb227b5ea365414982957",748765997.484175
"d24258de8d2ca10186660a1c",725911629.387438
"8a8c202c069c20696c2de85a",745273752.041837
"40f301afabee5be092ba20ad",777493799.7727
"afa842858299a6ebee166e31",752631969.575804
"7641dcf512a05ca754930bed",664406979.944525
"8c9b472c55d4b99e44041de5",759642537.92827
"88b98c026b7650192034535f",657203943.027989
"9bdb1bc52a9ddfe92e6a948b",701110108.823353
"4abef5720fd889512ecff70a",749536170.36372
"58b139bc16fa2731e4b76f28",732358943.004966
"9ad9ac8728cfc2387285c24f",609542958.510834
"75fd5603c4de9678627f81d9",783984933.070288
"9f4a25a5550f016ef2370229",816768610.348794
"d4f4d0ed36ac9affd71f302f",738342273.516808
"51bf7bc1c19fcd42e71f2463",647572986.3581
"49ce19caa1325233d0de331e",831441495.168117
"5aa1667bc8db26bac1c72f5f",745859638.926016
"b43b36ea4f81bbfd4dc4d781",759852657.940551
"2a623b33f3cc1f54620b5233",781639281.633507
"8745eefb9e2761ff7eef558f",773121054.288344
"0e49eaa5cde9375b1f026820",777793413.737966
"f5acbf43add5776430d8d4a9",733210127.338276
"ca50f7143937a99accef865f",842428857.231322
"0e1bc8ba1953ec8c28e53b9e",544545113.230954
"980bafcd065c8e3d6cece127",750438807.937973
"c81133d5a58d7e8eebb10c8c",814029816.660966
"09656004f0a7f544580958fb",814029816.660966
"edd342f84fc90478e344ea1f",542697403.289825
"76974826c758eec5c255c5da",740056724.711537
"63b09e45c1b7dca181491030",741749690.51759
"89952b237fda041b09f0efa1",759488969.718372
"219164e1d9b14cabb9bbb8ab",739245530.566786
"ac8aa244c21a9b86de4ed599",814029816.660966
"92ba222e2dd63a4453a30637",801097687.06273
"bfaf8b7796c8c57bb5997be7",721195949.176429
"dd5a565f854eaef90976c5fc",719958996.26849
"f8ccd21343b112d8f9e7123c",747938123.966271
"a90991f865ac81cdb3de201f",723049847.964153
"fc57fa9bbc16d1b8106c2c70",814029816.660966
"9ee3218bc61636cf0d7f8107",780486208.408772
"c00592c7c0c3a863a1bab9c3",683709912.437756
"f0aa18bf86a36daeb59946e8",777155760.28476
"e186499af986f1959f729b9b",773150547.078589
"18420ed4661539a2d72ff400",757754070.567093
"957731b9940c9131d92a22fa",766697934.559537
"9172caeeaf6498737fa0c6dd",736966263.26044
"c798ea36d2e4a8119723eae7",773430784.705449
"eb963f082209fc077aa72bc9",783984933.070288
"07b7ba964a8e30dc16d66443",901495819.878121
"7fe364ae771a7689d2fa5584",838274295.522044
"c59e06a2ed37fd750cf39976",875369424.960814
"ce03d8ae43a426e074ed35f5",828789437.094871
"b76c45ccae25a06dd5fc432e",853100804.701936
"f855725acc115bbbf03bacec",848299597.705721
"b0b0db3bbe07839bc2b600fe",833971594.092917
"cfc8dcf337e020b875ef1572",856211083.291999
"390107256faa08574d7231d2",857695216.565404
"fb10f3b45e865b4626f65ddf",718702231.52331
"75f167e2273fbecb2c81ac0e",851954427.369742
"a7b15424d7c025d885636a72",831473212.74906
"f9c11e980254045d7478f273",858305633.254309
"e0b13f6dc213d05133252d15",868240885.158004
"c12f362b9060344ad044cfb7",807002033.627711
"f872f224d2af413cd104f24d",844359232.162292
"092045750c36a8945c526a12",467326947.716003
"5ef33cf17d4b45277edf35a1",591410509.079724
"fc64387d7c3c91a6e6e876ab",555832079.539214
"c1168159d4e2fffdd5662757",768141178.46308
"cb604e3a56cc847189462004",809862370.256017
"9e95710c61a4706e21cf70b3",591202988.707944
"ab37f67a3afa274e719ecbd8",770061407.55391
"970cb360eb64128037be7e23",450015796.483051
"e42fc32db529e088f15cec8b",771712610.289875
"8925028d6e7a6cfce9967779",412210113.775228
"759e76e38d84a4188dff5446",596023988.504738
"83a376df2024c4c9fbf2a0ca",417837476.899739
"a8bb80d99280e332084b3950",631343708.833081
"c16ab4a11cf67a39fec6f049",544939938.500209
"9cd1127b1bc10db6b8ce5d4b",857116295.006991
"ddfa979b1d7cdea1d7dd0a86",440155833.420065
"d78f7a1592c0779093150ddc",711960847.062302
"97ce3e0ef38ad12f7fa8c4d0",407811218.74978
"5c789f2834a1a69aede6316c",452326342.736839
"c29ec380fc7295a9a770a74b",416569843.615184
"5987f6171a2bcb37062ccc94",736860846.930984
"1e91de6194769980800b4de8",743123292.796265
"0a0f206f04bfb10c137388d3",801836037.86838
"34dd15023216e187daaf5a07",746508633.266169
"33d2d1db291a13affdc209bf",651060519.126311
"6fa5e5160d7c2bed824bc0d0",603002573.249661
"8c04aa7506b8c80c1bac23f5",675909447.499017
"e5d445e39104d9ee6b244822",561594055.362688
"2ca6b3016a89139ec7590f9a",698707165.575593
"e567e9e5862b13f0085505d4",414426137.158341
"edd1c4fdbef4e6beafbd39b8",460938108.823265
"039a9029c4341b1528ca6b46",414077693.013554
"fa1533051ea4145f7f710ed9",622752976.650478
"9c99a85c5dd878568582dd9f",564579776.872928
"9ec426691c80918203394ee1",467841542.904741
"66f58d9d1e1eb7e81cab24a2",658066928.858299
"0d0f8ce05ebe99dd3bb7b23b",726299411.562312
"6a65986cecddc5c47fbddb9e",734597338.914715
"a82fc744f537ddc6fbd16883",606233881.692686
"d4c40178c19d6cb2fcc88e48",462541860.32362
"4034cb3cb77e9cb39cc98fc5",664619913.023394
"41ae9d3d280d4eebe510606a",550309728.98227
"4aaf6763c105ddf2a6eddbfe",409799537.496727
"633a7038a23ffaf4b3f7896d",866832739.891721
"2a531aa9576c5f91891cc8a9",746809126.547598
"85d58cf85a179e167428ffa5",815691280.636342
"42f05e5d4862d653efda75c0",758461152.543366
"256a46a6d45d168169f63aab",790581526.91748
"4b0fba692104472b36c38c3d",748765997.484175
"253c85b226a15d0ec2fbbff4",745208366.054185
"b0bb2299d5f456f800993a11",648406011.073496
"47fe78f6299f757b231be10e",651100257.919543
"4d09ece928ffac7e7d270bd8",473383397.40873
"fc762d2d172737cabbdfcc75",695794687.49318
"2809252a96f47776d12021af",679440720.654992
"29eb473852b36dcfbda0c702",611608923.564345
"231c050bebe12f568ef92afc",485235529.3245
"acaf9e18bbc7295633d92e01",765048706.187783
"860435300909449c0443c10e",720511239.507331
"f967ad5e086f485c27f09990",759488969.718372
"678927546243e932b48d6058",856684811.278106
"c537ea2620b8c3a3f013c0b9",830656870.467691
"10037227b2a24d9a72ced322",713178617.304313
"1b4b3662ca18e731acc18928",880999092.597083
"e6717956eeaadb3e95840256",892985337.197338
"ccc4457f68fcc1a416e3acf3",580809598.669803
"94d91969cc4b9aa1e856d801",692916817.143565
"2cc821cd7b5fa82b27308f87",429825981.78192
"f05b3779581ac0015f29571f",470720118.074701
"dfe09a5f848e8e819c361ac9",437320674.059135
"ba87ed2a657b0b042a05460e",491964896.322753
"f967aa89a4440cc1c44bdc54",412438969.744794
"81fc8d666c8735e1095d0d4a",761526996.674805
"fd8b9540f1e9da778d566d25",519523351.530999
"70baafa9789d2fcf1bc212bb",637918885.777348
"4911f8879e5bc9c27ac13bb1",558680597.405743
"ce53f3477814fdea2889cd2c",421914572.016434
"62f022e19ce6608919eab5f9",463965316.408177
"55657bb933aa2ea3083e0b90",440556471.752994
"808dd470aed6064f02aa5103",407974597.483528
"39bc028f3b42d9ea48808ad0",452326342.736839
"c0c01ecbb9189d77098659b8",671738929.555503
"57c68d470f6248d00b6719e4",801097687.06273
"26c66cf2f43bea00e6387326",770265594.424505
"b5f0dfbd34392f6855bb4b52",487686906.846893
"25202264e18928158b89278b",664925489.764069
"e93abbb49b24717d3a0767e8",611475951.156844
"906e1f2e1bc5cd51a55b0266",858056831.934346
"eef1d35ffd08dd161a36a2d1",858212324.306284
"35e0cac576415a4e61acec80",845679252.110443
"53ebe061b85f046ed12ee9c5",865864416.72957
"059d77736dc72013de7767f1",581256216.273452
"17d7986a62e0b066e4e5530e",464052934.097813
"8236c798dbffb3db51d5d744",503170630.220115
"587e67078115103d184970be",416496751.987492
"7569fb4aaa9a52d6a525e3b0",416496751.987492
"db122cadb7a9c33f420fe246",416496751.987492
"e852246b7661d30dd2e1f0ab",416496751.987492
"f04eb16931448e87aec205fd",523993651.924209
"90e858d3740d4aec0fa21c12",698833781.471442
"65647ca6e47eb2b9ba20058d",687562525.862111
"d0792d22549d1b3f63baf3ad",437295651.085362
"76c4045b5dad9a8226e9244a",624440757.821206
"fac4f0bee67523194fd4312f",541369944.165813
"ba89ed56d156579ce288dbcc",511357687.972095
"adce397b6d1473b9b6d02865",785228539.754894
"f1a924badef699637ea8fcc2",698159649.485592
"3bdce823d3b96e8f0170d96d",667395533.998148
"439004dc23f97a878ebf371a",670338714.016204
"192e05cd731950f91fef1d83",1216090650.14366
"5110c49047db23ac3aa4ace4",628346385.935075
"f4f7bd9d03eecf35e9f37619",855853510.60236
"141dfd80a005f7b32bf70375",734511874.759582
"08513fe1cddb2cad74874a59",428656860.287051
"6b23aa3ca5edd20134811cea",491370342.884866
"0fcab263453a9f196468e552",830119948.659382
"127e08fa99afcaa339eff684",605225272.305212
"d2c46ef63db73ba3cb7e32a1",673765057.551732
"7c50c93bc9e8846345892c12",759488969.718372
"63698398738ebc7ccebac817",700039780.260757
"417e974a3f0d97e502e49800",777806765.561404
"6483f2fcdfbd26c621a527fb",836469505.251923
"3b739666f401ca6b2135652c",853859398.644952
"1b750e6e2e92e8222482cb46",636358511.174169
"dd34882ac55c57480663f7ec",801097687.06273
"026c6384ceba017c5f2cd66e",635353101.259144
"3f4272a3a4b14ce152fc3abb",431164380.868587
"5cccf025fcc0a7d9ea01b170",413288655.216197
"c8d179013c5bb6379693ef03",456283705.724729
"8c258d10ce32150f5fe5b712",636980258.570921
"eeb6fa8f820ec63aa0aaa303",858056831.934346
"ec8b305ddc2bc211a8a05d0c",450799281.078903
"5a84e6d2ab8db0fc60775d03",633473898.521443
"015d17895f32e2a8b616ca1b",741316895.600989
"6fa35f1af6d51d341a3165ae",666694503.702667
"17821a9cb766b0f3ecf24e83",634331131.21521
"23141c17df584746755dc508",490891659.562421
"00076c8f390d5dcccc133309",624170453.388798
"25488b1c8fedde6250b413ba",444635544.272089
"5ba6b4953759b45cb83512c7",938987431.959126
"8ea02baab0c59eac6584f62d",834108403.327017
"b5c34f90096fc88b8ca758f2",845679252.110443
"35bc25d0f9de2ed4f714fc8c",682397971.085108
"8b0e1911b8ab8028409dc9fe",868454540.352058
"2ba1672e49c023258d262d1d",485021782.838328
"2d778563921376962d126cbb",476755974.972705
"bfe7c873b2fbad871327994a",636651093.981176
"72d0f19409c85dbe32cf6ec4",594237308.403153
"d406baf5cc9b4473ae9b8426",406825335.720863
"070912b7e5fb205918c1f4a3",481011469.241789
"659abd72d12756ba0670f466",419324857.679246
"7a464b948b65544159cd0db0",668484799.279656
"e89774d061d50c83b409a071",423590944.224958
"fd6b2efe5da2c35058333bbf",590670986.756019
"4577c1623c8407e95e893e63",666057726.953295
"21adc839dec9e8efb128abf1",482456795.516296
"aa843a050ebe8e4b3a04e9ef",772354636.505243
"0252fcaf7bcde09274d34be5",764580441.66416
"46d77c92811f0c87d2d4907d",746564165.568193
"a8c662f906075eedb098ae5d",653055415.373564
"b8b46931b93b7750e0d1ada3",731150257.435751
"efde559422ec1dcc55abc686",739084808.160446
"339bc881458ca34bdcb771da",788563501.341873
"d7ad6527cae719481f849927",770859365.837486
"df3abaff81c430b4ba85d4a3",773706696.70988
"bfd2f20a7bfb0d865d7f7193",862459120.58743
"fa3ee96e6b6ffdfd00aa335e",872327638.842432
"163228979751798ded8c3fcb",566761372.645595
"3578144f12e13e98e8cb2480",656151831.769638
"7136cad475a0480044707984",455195399.967179
"93f5694b4854068f42ffe55b",553202746.603764
"51608bf64739db05c47a3bc8",722689990.319119
"6a01b6d09d516d67f4a2fb43",488467960.159807
"5f26f33bd89fa7563ac6873f",534832198.387189
"aba54b001154ad881dfeea6c",443947440.368031
"b2eb63e5da917ce649a72142",609327913.431631
"1427aec89ee9564b95e93cd4",484309974.32959
"a0087db5e9e2cdd6073021a7",614893387.69227
"4396f94f7f3c403c43d3ede9",517279830.081635
"aa703cc78a1ce659901e711b",670316978.684884
"0dd1bb83f0f18af30da139f4",630171914.072068
"37efd3e2a5b6567957c62081",579592289.091574
"ea47ad6335e74dea06228b16",646488201.356764
"8a975117ab302b77ac057823",486348344.916987
"ca5949c4bcf0b63e5d1be784",421051970.941373
"e9f3f41366d5d784c2928937",684184759.888705
"7a9c505db21b777203d34bf6",596693955.006778
"238cf9f99c4b01777a97f82d",545829342.347368
"385fcde12021f4bbae6ac2fa",649168288.368138
"d9eaec557a7a6674565db1ac",752161262.479689
"30b0c440c0bc8c6005855ff8",712194454.077529
"09feba43c0b8f3560fe09be8",789454411.018293
"2547bcc87b618d3d7e22dc21",632720395.536229
"1240a616080d6ba5459335a5",631518340.901758
"7cbc8fca4f84908ed4e7192a",692797880.297343
"151a16e94d538a7a6d658ee0",738078972.840327
"a8ecaa9120c6da21229cf145",755779475.767403
"3ca34fa833e6ba10cb4b1944",608301393.606253
"dca2e851b82c512f01611ade",788065812.776009
"3747996611a842c452865a9c",747501718.232474
"3528df61a44a9895248336c9",767881897.226608
"398a67970cee5dc873d71bbc",844087103.648688
"1ba2c2eedb352ef9bb59c638",736903011.653184
"f6f4a467f40bace72ecff598",801401811.319197
"b2af9047dbf58867ed0c42af",747196670.767335
"012b8d616667a6dcece0dfaf",829969546.111955
"0b117f10e699f10f97a7e7c6",829029752.069645
"8d5192b6208902ddf4804839",799716064.666648
"b86cad78da7bf06b5ac39f99",749163130.632235
"4cc8c95dee29e43463a8dfd9",478536140.294593
"76846ed8b7ab36821b848f2f",651890569.794699
"5428bf7f37a94ce9fb2dd435",726282788.078278
"b22c39c3df7d8e32cec2ba43",489307191.0978
"44f5380847c175a42becfcdb",1126136046.01927
"fae53fba5d405b2e6a3abf01",406435991.357647
"3b52bd5eee5ef8e3871dcb3d",1196355786.93974
"21eef7da02b0f2a2fd987135",482824100.374381
"1dd6b0ade195edae38a4a20a",631482206.166267
"f359afc7bb50cf6a61ac63d6",478975367.401543
"b0de107a8cfad95f09876eb2",738870565.973618
"2e8c76f4ed59cd3924f7136d",843657351.527913
"06a2efde5244f7d653ddfb8e",729456439.393795
"f72e2f6cfbd32d97bbff3ac5",725406438.468161
"9705748d2bb061678a80826c",858777244.140172
"9620068cef0622c404e15960",609677836.299016
"cf2e8824527989d3cd29c058",512641866.427558
"6e606a7c8bc632ba0ba37184",423791359.652589
"63fa384ea296390350f23d7f",452108121.153545
"4d3f5e7ecf4d361d7eb55f5e",607226798.783566
"e31a209077a3e47712588730",668815114.555458
"5f18524e839c2987594a11a9",746669545.907306
"def06f49a0b8230ab613db94",760626980.504426
"faa72370e4c7718964930805",760626980.504426
"983503bb75d84c410d1c5d3e",648142639.740541
"30f381306494ebaa760b990c",603545681.939909
"5e72dbafa642e4f416e6f01a",537784357.853774
"3d5ece38670c1c96df4cfff8",603545681.939909
"1bd6861d451d128c8bdb72e4",765048706.187783
"072a6f084d31a5a4be4060dc",736970480.227289
"4d8deb43d663fb079262708f",746475885.383399
"f00b8eac1812a500d7a732ff",763939049.398274
"77a62d5e2c89da24f66a2118",729320102.017542
"961886897eda4b0ce54d1d82",772793759.858934
"6f6c83ff891e43b7c84728e0",834745020.355342
"ca8c85e8100f64416146368e",831008671.142822
"24297f4a3e14c24c941e7720",853305851.582331
"98d7f0935f021acf313630a5",850559717.474351
"a362533eea6c235049bf3359",720593700.193336
"2ddda0ae748b38a6258f660c",862164714.017572
"b18107a422b9eb6da9fb692f",825175747.473548
"11cd643195dbe5dd4567b62a",835724766.984499
"c9ee7f0666429c0c15c37499",407638575.229846
"c386d1ac4fa8dcec4cbf9788",644903175.695602
"21e0bc9789139640ea33ed09",780350752.168064
"cacb91ac1b835d62422b8a8e",729699962.388734
"bc41e69def6bc7490800c4a4",413519687.43331
"7a13669d2d7ed2e50b80b4d8",564906156.866746
"08dbbd8d672fd09463c061a5",700001059.954021
"cb93b0d5e9a26628b0462b14",556897505.566552
"d6a43f209f810455fa41dfd6",723300889.215835
"ed5dfe95f82f4c087af07045",745155777.140005
"02060d2f56e979a61427f806",637326611.576377
"88ffa9f0bc3f6c9f2e589a75",746518600.298253
"b48093abeaa178d1f7fbd83b",613054820.677105
"b42734770dacb7e580a6d742",673514508.700346
"d3aa845e96d22f31a3656aa1",415945006.632344
"becc3ae7a71d597bcb16d261",582160475.395132
"8dcfc24742ba669335a2d65f",723394707.213214
"45e2411d38589a2d85774c5f",585593871.044083
"9761b0f43949eb5307472ba2",819524434.232361
"e07035cb49625760c7da85d1",416619902.889826
"f88bb9c5a471504c13d3616c",435693831.208718
"4bb5265c6e63449e5fbaa270",777476004.555519
"ac73b8700744cb7835f328cd",716502703.282575
"a632ececd6a023aae8a7b730",423818843.351331
"858288683063dea9d5c57420",503957256.627353
"d04f549fdf8f34bab19a171c",428321776.112877
"6ed5fa8f114431d158d35f43",414437203.67786
"f849dfccaa8163d24ed935e2",744557661.863553
"bfde6e7200fc27e6e6f1497e",814388555.214793
"59c11d3de7153d2605cc2273",783279453.695793
"33ddf4e1ed8c864e9db16887",542130457.628604
"00f5ba660a4fcf6ddb96220a",619914666.570858
"a13004b87c6d7e7bf6b75730",711807414.394644
"eebc02ff14b6d270746ca055",723474738.062423
"65ba6e178f3565a84c6ff973",675234246.810767
"a57f40f00f80abc7450aaf9b",530876624.645338
"df37b916acdce817865197ae",668667153.94744
"b5c074ee2e2538aeca099fc4",845732482.956122
"004c9da9ef1b3b5e309e475a",491555946.41095
"c5b47ac5c4b7476d50bd56ec",526867896.04579
"778ec765417db9ee48d697de",863224389.656779
"b287339babba162e290d0fb0",517016466.143186
"4d35e00e86a9d508d82ea90a",410765989.100385
"0dc2a023fb6c5e0b92d86ae2",605926384.07327
"5787d7c671378e596edfb58c",680239482.88971
"8595b5517cb3f1ff8094d67c",449215680.185975
"f4d53276bdb5899c6f059c67",675160840.09549
"9562ef63320854bc6f94b5a4",495637155.322234
"c04e72fb6244d9a9b28322b8",738081788.393536
"3d141576443a97b0202c9672",774607414.923488
"7caa4bad394586a46dfad854",774529114.222371
"8420bb74fadc0c8853cda025",406503440.670262
"b274adb68a37458cc5181fe2",574469036.053555
"8561bc940a91f029147430f1",736860846.930984
"258a968e403e747af5693a3a",769325902.465454
"0de34892fee879f449facb19",548322174.0065
"9634cfebe7e6b095f0065ee7",476758703.000081
"1f3544c9f47bc00fcdf59d74",406513520.264389
"e3077f6e47d130106e7165c9",838440595.673977
"f0ce47907c3c30b6b5e990b1",775180876.293525
"1432cf7de2beb14fc7603ae7",763004164.925328
"60f0df18cb4324ce5f4bf650",751755370.682765
"7c1dc421f5a689aea5babe4c",690810696.64624
"020dfae44183c65b708727c7",425658634.014813
"92a9c07259efc617e7d58f9c",549122826.774297
"18531c57f6dca78763d360bf",636954745.269952
"dacd62440872b6e94ea56fab",442571893.151507
"b607bd072e8293d6594f3829",432627405.719458
"eb86c1da60250e5559fc3cfe",466886825.521869
"fae649fc7256b9a3ec036583",638802846.338534
"b7fa81aa571906a93e9b6cba",755018728.444935
"0823be832fff81b3f1291859",469478268.168083
"fca3a0fe5db369235960d285",457846810.753448
"496fd5c93b2a578d970ed55f",480355018.68563
"9c63c6c27c74c03f071385e2",647823769.838003
"6ebe90f7140b738b3696f086",533846659.749208
"7110d6374f3fc282e4f4bdb0",622752976.650478
"d33994c75d98941acffeeb90",814643340.016886
"b8e8d84450f5e0bc8a721c94",736917067.096744
"cba57e3b393b3e392c7431fb",696754859.347975
"fc2ceba651bc629e7f690849",699791473.404172
"857761b5fc5c7d101cb765b6",769487330.397233
"55f67dd7302b68477e803399",790581526.91748
"19f538269846412f3e150a4a",750888385.960732
"75e0fa8e5c83c49d3a0dea48",945401232.362781
"fcdbfb9e15352cf210cce7cd",786754684.182382
"c2b91ce4b1bc8c576a0ce1c8",739241300.582032
"73eaff92528288fdbcd61e2a",854424712.522951
"f6544a1c169aafe6c8142907",801342199.98305
"cba9aead5bad82b31da51e6e",835421958.342744
"b239bdcbfae846bf74791728",773638816.180907
"3b823e81c5378ee3c977e863",619542324.517971
"1b4db5fcd1f92d3aadd5c28f",740863156.642718
"b50a6b85399ea2c6b5c33405",542032233.508105
"1e6176a558f301d81bb050f8",811027904.329269
"8bcc1b035ea93a5192256b37",709830688.798541
"71a3f0980cdfea0ebb869935",470914088.741391
"8cd0345dfac13ab380240b0d",619542324.517971
"e66b2c71519ef8756db69b97",737230573.145727
"c843044c1fb30819300448d9",453440652.843904
"4ae10e7fec364242c88e511b",661925270.618044
"c9e92b994e48df83dcf9976b",868722925.99822
"27f41f09ccf8d182c79cd48a",846683136.695225
"d8a7c0b01bb545c414e12a23",888039267.179392
"f3e2fddf1dbb400788a5517d",631414760.191871
"89a066b7d6a31dd066fa0d32",803256560.121462
"c245bfa6587eeb55227c8a4d",444788223.979342
"500d7c5346ca11ba934e7ca5",635454903.963202
"536fa59adc007df763949045",830343227.951004
"223813dc0188fc229b63e8f3",850939423.659135
"7c972ecb7b90537b1da0deba",646716361.110157
"98d8411005ac05d77cb12516",768724514.832173
"d12c08cf48be75014a149873",783355650.738509
"955544a0bc2eff312e965c2e",825614981.828146
"20488db7a62f765ac8da0a2c",568806001.633663
"3f370094239ab6fc817e9ec0",879905849.027029
"ff54bb34225682d25c551178",783355650.738509
"d0c7294b2184d0b4d0e2fa07",879905849.027029
"104e960974eee31e7e0eac6b",857420425.395871
"0d477acd9c95e9ec63839a53",716558736.91201
"6d255e0026d70dd44229a2f7",798786149.962395
"926cdc0242544bbc850520ff",416118787.043268
"e75a05dc0018f29517948ea1",430878287.311694
"dc40c56571cbee9c2b7770f0",526011395.575015
"2f76a2b53e091df35a125b13",475330446.860983
"a4a49182c79c72854732594a",485985774.513815
"50287f73d47b4cc4c2e1840f",776320188.661232
"5efca36c25884a2822bb7a81",451128716.816353
"4347bf26ecd61ebc7a16b4a3",770350810.709644
"7c979648ab3729b2c0cd2106",764166390.522683
"f40acdcf5cb9925c09c9df7a",646986557.009118
"6ff3eaf8b5a2f16efddde1cc",470289358.151683
"d35596846155e74d1a637d7c",672223413.029749
"a389a1ca097a820fd9af9d15",613333179.459893
"ef450748c440c4958e5db54d",549043232.524227
"02779b92b2f9bafde0c75c11",596154737.780874
"77e5e0b64140fa00b0227a3b",506341905.697298
"eb55b0778607da932c3b311f",549043232.524227
"9fa391febd5d0a8e4c6ecb8f",415581017.354854
"6270356f1cc3dff186d0ff4e",633449733.870865
"ea7d5c601c3f8c86ca8f15e1",734422218.137812
"072efeafd082025bbc5a25e5",660051818.775033
"d8bb6151d30573c7595ee7c0",533846659.749208
"f26c43f2304c8c694c818a9b",632815741.371559
"14ea4a7c57d830eba13638b1",699791473.404172
"c1ac42dad98d2f23dcbf140d",752631969.575804
"aa6af44635b5d51da4b02059",770350810.709644
"291a4ea1a695347e1901bd4b",763015807.53376
"024d2e34a561efaf4811c17a",838423004.674752
"e5a40a555d11d4429b9675c3",644109049.383298
"3a10398b72905bd710ffe9e1",858056831.934346
"340d1313fc2dc8e5b6918262",801097687.06273
"699bf5460c63a4d0e4542ade",846923793.958951
"e98bb3a89bcec8650e33e730",665512946.425219
"5de86bddd492f76596b17a0d",822983078.362676
"95dae083200a9e43a5aaf210",843137756.56991
"23fe512fcb21a0b84781a318",406484832.845401
"a9dd62f527cb0dbfa51aeb7f",515693787.47018
"8964dbb5b0cbfe509613a63f",670749260.534895
"f75009356c700f7da7106cc7",769342043.734572
"6f502f363fb55811478e3b88",432493748.620795
"a48f29071cf207b27ddb03da",615471857.942784
"b46bbf66cc82a4345c5da177",672781385.989276
"a460aea3370926825b0dbc13",783083765.847995
"7a21a8d99a85171334695004",749231721.705139
"279f6f594d3f8ca8e8a5e2d5",850554850.546532
"bc3c509022e3f6104cba5203",1046733261.6177
"654d2a3a0e02065560ba2484",449761800.43354
"02a2ebb6eca5772e3526d78b",629307098.601746
"d4646b7f4dbebf9785963cfc",582582573.878549
"68fabddb27fc928b57efcfea",554433363.685918
"53688de79b052b3185fa9435",802700603.827188
"bb962a9e3861b06ae1daf833",608115783.076584
"d80c5f0b8ba55e7cf105d282",749865056.659691
"ed88c773fa9ae8bb29645fbf",613850466.847304
"0c3af9e0e9c80a68acebd041",680928779.884634
"0faec12daf0493a512b2fa0c",888666194.54904
"1807debb0a0b590b9ba4ebcc",786894253.799509
"20a2a0dfc963fb8a355e704b",700802606.153758
"a2c033f497e62ea10ff8ba3d",861959182.433752
"985e40843a30150e6892e4f9",558080987.351916
"2ba0807f8cbdac389424ae04",662936059.400516
"9a565e7220cbc3d5d340e8d7",832968482.195284
"33598222854631e92fb72baa",814388555.214793
"03fb5bfbc1895115a04e8116",548516735.044463
"5045ba9a65b4bce4fd305f82",596745171.857703
"277f6440854cb0c98728e685",551083852.112686
"12c7037cfa63de49e984a789",567571628.910917
"ed9976e922a774cafb601f5e",469962064.988779
"ccc70d1d8e4411331730bd7d",419537658.109938
"30d38a7bab2eaaef1ff6be0d",647792879.929939
"31a6c440ca9eb29acc0f1086",756981228.813278
"7a82ce4b2dcd2b43485f5047",617924353.242225
"a74be48ad396ae4aa33ffed6",627636091.65997
"4ea46b833575642ecb2ed1cf",407811218.74978
"b780a0ec18c61b0760df9433",663691366.109285
"b83a5c303a2b079585b9b94f",418544181.967757
"a3c45875c0834b144f834798",411616938.538516
"c3ae3f44bbae215f7f2fad9b",426343598.888697
"5d54a0a596d49d9f85f1b5e8",643772517.228051
"355d1fb69bcb4e8e8ed9ba1a",858056831.934346
"cd791a46ed616911ae7d4fbd",801097687.06273
"d2d2f335839ed35571b19bb1",848501872.2025
"0823b0dc92805ab05d3f8650",1061101864.46825
"f92f4d135119fa88994929ec",887707344.331833
"401f0de98764e9fdd4055406",415806193.176175
"68a7d01e50462f7506f8c8d7",421082489.577586
"e4434407771070783b97c014",608923601.7635
"7e1153d411af129357ae5c10",441496081.594734
"f409c701e200046f574f4e06",418818091.774628
"30a8b9c197bc42f088d0b873",430178652.424753
"d5abd56b5a8ab8c2f61a07f3",760104878.675093
"805a27aeafb3ca91cac56d14",705021771.989081
"1ee04111d277e8758f740139",446522262.426001
"b9de7d7b9a8ef7c64e5f6bdf",577665323.450474
"5a12a15af3c0585d81ba8f5a",449569682.504926
"abb63383766a9853c1091c5a",644845365.692889
"1f95c205d5094c674f6e45a5",609358131.400724
"4911a6285f548dd30c8061e3",691291794.238401
"0b9730cff49bcaeb4d703c06",641190526.519405
"f033750cb9db15e886b156ce",651617083.009374
"fc7e93bffb7fbbdebebfaa2c",856431579.23904
"4f500afb7f7bb42189820a18",562806840.053121
"3921d7b508fa1591d40802d4",407352552.354406
"caddb9dce27a7e8012478da5",528880567.155232
"4eeafa126ac5f301cf60f9ff",659822729.833998
"59afb00a84b4f2a9ffbf71c6",761300440.775672
"7baa3608aad1fbf357d789a6",748641758.063824
"a5b8869e9cd3d0cc32a0b298",742497068.125248
"d084dce4ab9c4008ffa3bbc4",759488969.718372
"e3ff13537ffb7172336ab5c0",796535974.622163
"1bc2ae31ed1970ba52b1ff60",1283588086.90881
"eac7136b26bccb3c5d2b6202",642670808.030377
"073fccba71b28afd815be434",515118697.785398
"9b1c23d616e9407fff6553d6",435398918.952008
"4122eca7b73c1347a7814a70",452108121.153545
"cece8267e60c2461d6c409a2",837850699.031089
"ba4e89128058d5564987dfc5",435398918.952008
"69843aedb25a928097a22a89",534904631.205397
"a45863121bdec787e119b14c",411379907.516791
"02e8811bff38125bcf8e1a6d",488467960.159807
"d709a76487a49bf257489c0b",447869936.418808
"46c42803286c800351fe633b",624202598.004334
"2ae3ae7f794d558ec119287d",464308801.612258
"76991a35e9c1b69e1616659d",726322962.149348
"3de5d35f742cb4eb68d5f314",727107494.275241
"a53c748935206f61751dec1f",517419950.93888
"ddaf8a1e5e6922cc3dee5caa",428005729.655887
"841fed959f036a03697868e8",619843727.026624
"ebe1b5c9471f3441a388f7ac",739878891.262445
"f0f9bedbcb57383511805d17",740056724.711537
"f9402b785deedebd3ddbce6e",761834988.404958
"d1f92e6b18faf07ab70ca1ae",730185859.579833
"6e794276348acc39751eaf47",723667952.455532
"4b04e0296820d04421db5219",567795762.447216
"ea0ca17e989ec57a480aa464",791187941.040028
"cc6fcb8ea6556f676c13a76e",765749449.923677
"2778de5e56ad7ece898249e9",803820567.268869
"9f0bdae4f8609ec93588de3c",818089186.3038
"90dcc3f9428a4e7cc396a15b",734006298.588056
"2d7bf0032580e6b6dd1ce36b",858056831.934346
"c45d86d17d1d0519b455b7d4",755201641.258135
"4c7e7cfb286d82aa96356fb5",834888326.134623
"edc204c3e18368e0a9eab593",824164351.493947
"e789e801fb5d4501b5d64e2d",829029752.069645
"3997c10ceccd2f8c8e43cda0",850554850.546532
"580d8eee8dc4b7d43cb193c7",790614701.734589
"c823e3fcfbf0c43bf2d82586",870502661.949155
"30677852542c78698083d4f3",1121583062.87096
"8fc78c514a2f1cdbc5ae6e1b",857116295.006991
"73c618d704a2e1ac2bc41954",723877786.507409
"4ba85374c1d1f1d3f4632ca1",406913804.522001
"9a471715e4c4865b822a6b77",414338405.92671
"4e9f1e21c855f1166428fbdd",417866965.524652
"f11137d27a5d7fa57f94e97f",685459605.502736
"5fe5f3c5919c0ebd57ec8e36",415066900.657589
"e40742774df7d2b614f32de6",406565472.905369
"24b28522c72f7fc359f2a718",743480562.240022
"26ff1e1f4a6f6bda702fdabe",659567301.354817
"9e617d1fd8a4f33d7b66098a",954861001.53569
"3b4e889562e4078f8f369172",453657787.037383
"3a50d40f15b1cf5bfb338092",417957835.453904
"cb2188cb8e534973ea3411a5",504918433.031381
"fa57f96bc6affd285d10c4f9",409945728.48633
"c0ea6c76eb977d83c163fd7a",406774901.593668
"367cd12d7f4aa93124047eb9",531614285.299559
"54952b5f463c64c605576601",426159858.484202
"57eaaaf24cf82d885f0f1dff",547125992.087733
"f2ba4a7a0765c3ce737b5c81",644897025.448977
"5282c3c48495dc31359e70c6",408595254.495227
"552b01d72edb192663998c4b",743314665.785252
"5f3a1ab21669ad9234d4dc63",780575533.078025
"68f431548c330f84c46174f6",692797880.297343
"048051ce9bf8f6a48e9451fd",788186071.250815
"fa4028ad48fb2082d167989d",667214798.728517
"5b1902dd7768f5144ae7704c",844810289.076341
"be0a8f4be774eeaa42fe460d",774325274.057854
"16263617308958055850aef9",791187941.040028
"729f5fab1578f8cae4fca8f9",777720724.49778
"bddb9388922dd56737d8847b",816069429.521564
"9847a4ab995b7b1c30196704",853727491.622632
"d19937a773269962c7f9e8a3",857853915.854125
"b3c8714dcaf5322475ce2c60",853471878.010429
"875126e5776dabde40e29b09",851666855.496837
"3a36f59d7c0e6c4eb85ca0cd",870502661.949155
"630f00e15cbd7826475d1509",1084977220.84068
"434782c3d1dc2b9ce7bcbbd9",746508633.266169
"a470bd174fc7587dc1449c89",850554850.546532
"99c6f87ac92cc323c8caa005",802276620.557675
"ac9ae945fe25a46184057606",880087122.716563
"15d910dd93e0aec22ccc2083",857116295.006991
"6e1a9c8457d3ac6a57598052",790172987.656699
"14e179618d1a44c5c55e23e6",450351531.431112
"2b8b979cf1952fcedc63ca9e",409506530.82623
"7cfc3061c0b2f3bd48375ab9",803500199.421627
"7200e3ba2013876cdbbde972",1375521816.55834
"9ddc1924043ee8361201b39d",662508812.971697
"f22d6cc8c9611a7c23fa8969",474717060.636993
"b7c0a0a4f5c5b986a70ff249",416265644.417671
"adf176b63ea23e08d252b5ea",685735524.624051
"77069fb9fac6b61aa6a89ae3",748497551.950158
"7f0f27f6d30c743acb3e867f",702970027.578643
"7e299fd8c2d53ff1cf95aee3",583446607.108188
"f309733881a4f89d9c8a8958",574718912.884828
"0f937643c067371018c8deee",940329831.929422
"8e35609c1265ddf59e1c015c",626897902.549125
"c1ba606f32ce0337cbccc2b1",736761066.699786
"15f02dd18da12f4d7b0ac2ab",601524163.357042
"bcbe8ed608f233d5ed7362c1",889637958.3298
"14611fccccfa2a6499b2acef",650377887.578341
"b10b428245022d55db248b72",456577088.442855
"13e6c5cde1004803fed93cfc",649681101.573375
"ba31c38eada33f680d44627a",740895658.295186
"3786daeec4a4fb40ef07d8e5",790668990.80177
"7736ac030d8b587f44f7898b",744679803.150121
"98f89d21e5dbe53f8704e745",794464865.879868
"981fcb79db3881259eb303bb",528783735.096581
"08bb88dabf0070f72a801a4b",830721831.44977
"32d56542ab5486bdaf4466fc",829130958.167556
"c0f911fe7ee2113ec59cb5f8",755254939.153044
"3adadd50e603746e5e4fc082",716912806.738379
"d117e9672b3ea0435e7a894d",528783735.096581
"020473766363019ee40d6685",801401811.319197
"b04d16faf40ee02eda59a9af",528783735.096581
"bd6f3819a1c0e551598fb9c7",434348828.054746
"5520cf373444931ed8630635",463597325.877261
"40355fef059659469e16e3ec",430842128.08408
"deb844a2812586991b3022f4",765292433.8415
"ac0b895f523b53b4abd013dd",764054168.821197
"ac208e250f5ae3e5e1008351",674893037.663534
"0064cd1c55914cc8370a096f",648842725.996293
"165fab7a9f8dd404cf4e9d9a",560079345.346492
"df3eca0f59974a812b4ea9b4",754838739.409721
"1b7c062b606d0560e850a2e6",560057980.422526
"87ddb3a17b601cf7c61e8c07",606214224.922161
"837cb6389640f3919bc73e9b",799228105.645446
"77bab76414ecb20888cef7a1",847334199.615719
"a9268ef5b7133cf6ed1a376a",824511829.817573
"cf7cbedea50333cd2dfb0e30",699791473.404172
"b0cfed2d25a5d78c96d39d20",619574230.786077
"ec0c283eeb8db461c20af1d6",624455050.299478
"27c3b7ba2991e7bc0c9fc322",688131918.404682
"0332c7ec0d3e547ec6d61664",808689256.413178
"e58b92216ee6438a921ee0d4",744155873.228107
"f7959842378c94c9f620f561",646885374.550077
"cd0236af88ded6bc15b49eb2",744679803.150121
"d40e0c2222c0debe89735e88",646885374.550077
"2bc9bbe0f0216ed9d865a85a",558858580.729002
"e9bbc31499ca187c6a492175",689596921.492203
"f2409d037bc8b3e63ca69fd7",781675063.059237
"5ad71b7cfd356a75021174ab",513208317.687396
"67dec8c47ad4de9605d56db7",570130047.213669
"c6d679cc07ce4373197748a8",850949161.943735
"a36ff3637b7d2b1c52999ea8",827117069.622795
"3a384d68b7ddab45e01b6e99",733738946.160911
"42d34ca2252acaf6e777d23b",880584138.363914
"c4b2a42a8908cc35e649fb16",611053897.068751
"18c38418824075acaad8f960",627735460.555135
"85bb6775065df76bda33f738",602938169.065791
"14cee0bdd9dd5537b96d0786",733752941.254136
"ab332133aca64315672a7192",768752373.624361
"d53b60b0f2c65918153ca2e5",407214276.355224
"ed1f81648083d4d2726710ac",497431840.398144
"b6692a933facd74b4b11569e",408126364.914628
"90e00fc58569167c00fae7d0",465381613.600224
"8a514fffdec277cd46c7cc71",691047908.394806
"7f0b4b5851c77d78805320c5",418734222.801148
"fed1a608e3c0f2b79cd02ebb",420921889.989314
"075a5474294e25da55373a09",408342828.414105
"8826b9e008064cea38855d35",417400173.901777
"660eb3b40b2bcd07df8f5c3f",458022372.375643
"d55cdfba22aae78b6fab5491",406930879.663001
"ea6e83dbade169818975e5b3",460331880.756764
"dcac44d3f8024c6ea1632432",415532668.036587
"2772adb268cffadfb2917c2f",420835191.681801
"3192bb7190b9130c4e67be4e",501309341.813844
"9d892f73b02f001c2f715607",440482532.017439
"c27d72aa1fc5d37f4cc105eb",650126115.356492
"6c0ac32bc8a66844197c5fb4",561761180.507172
"52338f4f7c8af6c649106a96",475330446.860983
"356815b8ffc300fe03073b7a",696490447.600277
"22c780d56cb97fc34f29e9cb",415469267.620476
"806907598158861a6958388c",498171486.211842
"449cddc4dc3ef1e93b7f7c26",586389666.628359
"b225270821758e45cdead76d",424167394.193425
"e07bc486c6f5541e4788f83b",798358143.279372
"970c0d4928a9292748c0fd00",745359046.734667
"f73f720abdfe4b5adfa2bcda",589467861.763645
"48d3b0ef6e5f999bb90fbfc1",667373894.097678
"b3ec2f8af6e9adce047536b8",764420043.130615
"0e1c66f843e06f14d7264864",797163681.077173
"91c4f018fc7939d150593935",676056431.703903
"102434eee07ed18268857a9d",694199988.719001
"a4c70eae507d630c2f285eb5",822495041.5582
"45abee1de734dc32936d0b1d",610555269.697593
"82bdf442e186baa829e06da1",646613987.587668
"019cd320e02a64ba3ba9a37d",743031167.819328
"ba1b3c8ac8afafef56233c84",769036884.344272
"3c3a0f57e030472879f454d8",728562364.025783
"d520e90e7d0c44a6b8852e5b",465056848.906537
"38328747d2e1e0e568c05523",665271810.731581
"659e9ad0f593b644071cd850",479883405.041548
"3e6645f2cd377ba17ae2e46e",435634001.87457
"307eb683db84db535106c445",630426780.595456
"26c8961848e3a77d98049638",713086124.244879
"52373e15e9dc1ad371a0c090",591847216.308321
"e5b2a446c12222efc187e02e",608277028.99475
"156f706d1d30de19f7e369ea",535789919.409436
"aa94d2ad36bc0e91bf561be5",823945876.800276
"8ab41842b8e41b89d8670ecb",437440804.26628
"b19ab02a8e22f3e88a26031b",770350810.709644
"a6b1ca7a4e91c4c0f4366984",781561760.829921
"a277d5e8216fdc3d7c93eb2b",736862252.382853
"f939b7271c4d399a5e647f8f",735950677.57141
"941392f9a135909273422dec",734901447.755805
"e07d8e9e38e309958288a516",955274515.439861
"258f10f742fcc835d53063cf",864529379.209014
"fb672b4cb1b66f2022f36a40",712744819.885308
"ce9dbb6d009cbdbe654edcfc",785857827.702591
"22e524f1fab17d5b8616d741",812114564.564606
"7f0d874df9235245f47b04c3",799005573.26285
"27a8a052b815998c771a1f55",812114564.564606
"b80593fba07e21f8bdbc352e",785018889.106076
"d18d990404e7fd07424f5a77",421805141.817347
"033599f7e7ecd8d9c8cfba46",636651093.981176
"51cf2fa527c3db62914169b7",638748019.803365
"2b2fa2ed0055a19859e78446",659708215.182037
"a8e1adbf076dd737c079129c",681474481.234913
"adf948af7b24f9b6f29610cd",406648455.817501
"23473bcde48f634641769e22",417566597.749895
"c90486bba327ede32dec60a6",546830744.295604
"d254d88ea0989a609b71fb72",437320674.059135
"2373c595d24a7b862b518ec5",794495172.887439
"ec401de1c0ab2dbc149da048",809155211.208741
"17c0a8fd3a2c8b5b18d61e4b",694606600.744055
"1a1016e7a96da2237b391be5",443497191.169624
"c5b40b510bf7f121c93a2332",744060781.870155
"aca37e216a27b4dd5337df99",1147399081.70476
"96f59167d17d1c99f31be997",806391188.940484
"062b36cb4a87cec372f9f91d",777493799.7727
"0466a7e06b152c1860d44334",720511239.507331
"f44726680d0c594a2d430bbb",843491625.491771
"8aac8946e7ae5725971c5557",802988489.060331
"e1aa6c46135f4d1aa1b7a1f4",669270681.544165
"fdbe5801070756d1744211cc",616981017.699811
"6ec4c88b8d3a16148e2e7348",712676850.483506
"57c87ce038e4e523b4ec189b",625217789.97544
"9bd500fb24eebd53d8262b62",712676850.483506
"85a86e01443aba593f95dae4",526117754.760764
"13e2ec0a12c8a48a753b85ef",536841502.459601
"b93dc01af5f49e6dcfb7a547",485160568.535992
"71a42155184509caba01a1dc",410080238.970203
"25fb1c0c4aace859265de172",610555269.697593
"6f63e4f866bda86d5c993c8d",465461508.506062
"72bc42a5c73e7b1f9d54c835",661941683.610907
"c06f36b42021a1512cb6e3bb",406533680.202446
"f1a7fa5dc1996591ff97a34e",594249776.128839
"6128a8deb1f0bfbbf0d67769",640011442.170018
"b5254c6c29b4f6984d328216",459303998.370069
"6cb19c3e491a60bb2c166669",533846659.749208
"dda4ee9f3811c29e2b261a5c",465056848.906537
"7a564ce9a4ed3d2b8fbb1103",610555269.697593
"63b982fab95cd17211a4a58d",438423939.843348
"5272c50f1d8fded01f7fb0e0",595969423.376669
"02b47e60ab77588aff6cb433",657450932.28522
"ddcc7f7a087aa5f4797a8a5d",533846659.749208
"77a887ca508d924ad5203194",725827175.740766
"b57ab7afef2b8aee016ce6a0",813902510.246806
"640a801d503d85835eb65a42",838423004.674752
"767ff947b16b2271f516c28d",770180387.565999
"1dbb46a250f504e9c8673bed",762916851.024516
"fd6e9c9ed7679485dfd0b022",516377848.217103
"7dc4f9de14c2924b229ca0a3",750438807.937973
"3064379f468404110d594c87",759642537.92827
"6005ebd6442c62f8becdd2f5",777492316.822379
"b62e960eebdf95c2eaaaf9f3",781961373.438697
"7b0258f1aaee97661c34de64",590017911.069659
"91e2f9f7d4ed776d38a3274f",752522877.084515
"d505277049a254f960e114ef",718526788.528569
"32040dd7b8edfbe331773288",541819303.387897
"70e427235490d7d9c9239676",822586036.109294
"1a2aa38b8e18fd7ed5be77ff",619574230.786077
"4883f7ce7086ba9c8ddd4315",768177807.162033
"4116cde03803e63a3e87e847",814029816.660966
"d6de5d741702387dc3f4481f",731902310.949187
"2346533f4712f3bbd036d85b",814643340.016886
"f6a12c0f02fcff1be042ed0e",699791473.404172
"eba3cb8156e0115bd7dfb525",847815952.709241
"ff27ae490bf03513b6bb386f",868240885.158004
"e87779bf2f8af86fc4ae9583",412587676.213755
"4a809b3987cff0290c1df8fc",416932313.249785
"8f4241a17d1211687bf232c4",423359130.159713
"bd8c1ff6f9919ec6f1dccda9",644267550.60835
"081e008e772c6a79b809a87b",689358892.965956
"0eff08cf4bc42dd442a70231",575305673.501444
"b4e084d14962cc58d4089955",554214504.866139
"d02c3b5ac6fa0ed6db06e490",718222606.131824
"e8abf103cbe9fecbdd758516",554214504.866139
"05308c4f3d0e0887e4a68a92",609762731.586827
"256a6ba3ff423a899229f154",554388950.560715
"097314d920292b46eab5dbc1",459334661.243409
"4ce0fcf14266d144c82f8d4b",447666672.459636
"548791b5faf236b1c03b7523",582993858.575232
"40ef1682158d0c3cd07f484b",789454411.018293
"7b473504c85e9cb576f951e2",476378748.248573
"730c7382d76a07904f559b28",452220237.667793
"e05598d3c49f409b937ff2a1",443867005.213975
"844dc89fe6588acccf0c7536",466312795.904651
"ad1492590bf61d2cc83b493c",724236854.232473
"88fce3ad9b8a965dc11336cf",558067149.608367
"b76d853ea415967415ace0d7",584041164.313429
"c12c81b3eb12bb329466e88a",771956988.524035
"4e27458d179a469435d02ff4",560953869.447446
"8d15b4bb1447eba7a680ef47",457283023.485643
"482c7150c7555cb35558398c",793394255.6153
"e5d6be06fd53d317c8e5c7c0",628435079.390084
"f798e7105aa8aa66750a2c85",741360729.339659
"eb24e0a0ebfbe16eba466280",793471436.621007
"618dede0dbd48df4fe610af1",804859191.121698
"6fd936b82bcfd3cd2451bdfa",626698250.300975
"adbb5c4ba7be2903799a51b2",779055431.205796
"3a99197868ce338c738a3b20",632720395.536229
"d4c45f35f214fc226ec85b36",641810874.171325
"c3140ab2134de662162af508",408138041.670627
"0fe23ccd8e42605f4d9f78a7",406439867.451792
"8816e8101ddc4e704053e23c",464308801.612258
"64ecb100d7882ddec6bafbcb",456525711.084309
"9151a8c65e1f01ce591c595d",530211784.906637
"c8a40314be3014c2a218f5bd",548311715.690749
"29bd4cbe11f44759e07487fd",502142859.523909
"72ddab9ba5f24941e4dbed6b",639939423.450352
"1f18df9ee1b19359816ed13c",585593871.044083
"fb82175fad61a81e9b665fd3",803081920.81434
"dee2e190c4e2539124ac3ee1",550104039.460382
"0cc2f3a49dd703e7554ba638",672161871.955345
"ece0394e38b152e6c1571324",802276620.557675
"e14328c988a27176e9fc63af",737182765.40123
"a91664b9f15f9d6f262e7b2e",841083429.721902
"d54270fd6b09b38a978cd7b9",803366878.197956
"40c74dec061500aaa78f78b7",658161072.821118
"cbf6faf7b47b43b2a77b3654",830517459.170213
"52fa1eb3cc7cc2f77ff98764",625642467.09413
"bae512bdd3b04405c519bf4a",818541822.050109
"e7fbff0a25cde72a38e7c7bb",774849754.032562
"d3f297fadece964afe5f1cc4",770265594.424505
"2679ba671751ff16e76f1807",686171205.896468
"8059e45ca26bfefbb18d8e40",817455916.728063
"9e7ee8e17b1e76965e96ef95",692940606.962931
"9039bc918a76e486041842d0",669982087.987252
"1d7912750a5e345f7edcdcbf",412486172.34
"4fe0482ad622080f55a0460f",636771322.575827
"953fd7541735fa8d9a342642",760831568.110915
"0b3021c156324d1e7974ce3b",911127781.359541
"b0a8e4b4ef6678e6b43865e2",752978012.208117
"bb47fda808b52f30364a4d6f",517279830.081635
"d846dbe691d0ee3ac5c3bec6",868350190.550122
"21932b5a5fa65d237ddb6293",517279830.081635
"07481a101afc1d5db45245df",706138775.439233
"d99c00c516cf57b6fd9e877b",454549905.130936
"6dbb494acdc64c03742fa730",581717601.125533
"35f69c7a9870ac62735d7639",519684895.322649
"2721f5495ef5dde16fd29cf4",666280084.812805
"0c068dbfdafa3429c71189af",454054260.0552
"f3293c4064d71f9322ca97b2",742542387.932853
"5eb268b95d7b6006b064f9af",755619482.325133
"e13a1c06ccbf814945dbc768",751920282.619941
"935a1e8c7e62ca9d3bff398e",866832739.891721
"f0c7ecd3b2261873d3664748",865293184.402822
"d2f20425e236285124eaebad",706090290.402049
"05926b977b5df59857194ec1",450480396.471189
"f548ef815603ec44f4629a60",856934849.240255
"6cd147720319f60ed2599361",701110108.823353
"6302477fe8172d08f3b4815f",601529899.965849
"b0af9b1e84a1886489d46b91",550309728.98227
"5f3a2a31f6d1838e0a9531fd",855474875.02517
"96786aff35713dc21f6bfe5f",759488969.718372
"68de232e27aa83405b4a19b9",864832840.899186
"8d252e9b0912f09703110b81",635261008.1041
"f4e646df504728ee1e6ad0d8",412502694.524564
"e89cf4cc82c5283f3db6f5f6",496452719.744522
"1bc2c099466f9a989266be0d",409462012.158147
"bef2008b362c4af1fc3be566",578939315.815437
"7988f76ba063d25a4f467730",768438653.993792
"391a98a344e894c6397d62f3",415736407.344081
"5ab0b8b0d6d93c4654b5cc14",650080236.340576
"305d6abea2f3e496e3b6fcf4",663338276.527263
"f512fde4fa3f1f7fe885de83",614397486.573412
"c7b6e7a287602275f7854ef0",673329547.817283
"3d11a16b008c26fe43deca03",662936059.400516
"ac7f21d22d013874c362d440",526164920.903917
"c933750eeb53302db0245782",473105383.668012
"766a8ff17723a5c34324576b",604820222.072646
"802fe3175a2059f12d7edb99",452455772.855793
"508bfd077c80b6cdfc5a10e1",717473661.09881
"ddf8733adb641e15837bd728",533574861.100462
"17914fbe0c3634dae8ce9d71",590628176.918487
"09e4397bf9794fe24d87d07c",617850106.081463
"302918a3460b98acb64fafdd",623538612.246889
"a7e57a8be8fc8d8a844cf9f0",490524766.536919
"7b50b071f4d795c9b5ad7531",617640376.597091
"91a7bcd95c0c960e4cc22d91",646742265.413854
"5d4a23137173c0e2288ec418",603670021.32541
"751ba0c00d4fae1078c02fb9",601524163.357042
"e6bc998ad1d87c5be3559ab1",545231045.552325
"53aa9cd32e2a6aa346d3d789",545231045.552325
"06f22f7a8e4e78f45ae81638",721901963.017954
"2105c17a4e2f97183e24aa4b",733796327.739546
"ec13a869c212c39b6ba21b57",768443051.04762
"0b49dedfb53ec812962e31e7",759234057.103349
"69e6fbd4d3816c4cc37b265a",759488969.718372
"ad46f8bd482500f3bb935737",808841973.61374
"368f7a70a62962bf31ec9583",737379640.721313
"07412230b931192771072334",746659576.859894
"e63d334d9ae8b672dc7b7d5c",737379640.721313
"3e1c2c5b0831edf78f7b7082",746659576.859894
"226277c02e8532922a1c769d",825021519.900409
"7902ada9116a1cf7458933cc",842533306.06524
"b21f6e217d6733230a8eb7b7",690974100.456781
"09ac622c303bce9ad5514442",444352377.428859
"ea63bca8e3a77fe88d88fafc",412048968.460338
"a3c7c54fa12d5b57dd997210",415678525.712216
"cdadb2607807935a0a5597e1",654604289.841757
"8d041784b65d33c76e5245a4",720984142.180586
"e6807209b634455bad257998",548070184.11387
"b1e3f1efb232cb0976506cc2",864827892.300134
"dea95d98e8bff87b905f9172",827906246.177649
"44b6382d9195ceb3f12d4939",813570365.327851
"41f33deb9990562def18c917",619347377.466789
"0a61250b2c208d42a3077bde",723877786.507409
"c714b30713eb7877ed3cd92a",414197758.576527
"bf120b883bfaf7641eda65a9",617395389.647161
"90b34ed38e0f18988f11d77c",768536860.85658
"feade1f4b3b06fdc12ec213f",699791473.404172
"00bff9be2d524083e3b3149d",609762731.586827
"f1e38e53ddb8a9d5b641d934",832815975.073768
"49dbaf0bcca86f32f86e641e",823485540.694201
"18539b6cb6884f753e0ac18f",767531933.180976
"7586a79a0151387a1c0cd85a",761807380.291667
"d533a334c2ad9d510865fe54",564417195.866205
"95f7bbdcfb59b4cdb41b0394",614397486.573412
"4a2ae08359e1ecd39b43afbc",532682056.616126
"e8cf39cada5b7755f60306d1",775158698.508014
"0489a476b376f7f6efbc193b",437013824.501011
"7b31b5e53015f8116fedb0c6",647311188.032342
"4c0892a39011cc6a37fc1145",453104343.422965
"92d7d4fa9fd09075bec14a3c",638617673.382413
"5e5ea93675900efebecaa19a",428320142.198086
"084de1226de9a6f4a6075c2d",604892903.429853
"54f16cb9563346e15b019102",416091802.675859
"512a6de80962ab797ed2bf72",851728585.907169
"871befe27fa79fc1e1813b19",848943807.417559
"4e0b1df5e05ac505c701f519",440204528.889885
"37227e66adec69299f853e51",620575976.961372
"0a0e3ee960f60d04ffd6bc0a",598478889.320277
"82b15a5da307865c7045dd56",647664393.720052
"44d596fa36e3992208292ade",458601066.371911
"3569024b3ae4865240973e6d",429881733.701257
"31d3215c8345d48ce9734c65",411175950.418135
"147e7f5381d3c951fc446376",445656949.874119
"77deea164a3a622df41249f5",431812904.173144
"3cdee5304896e4cb9604ebe3",489035682.147752
"f5418917530b72c9fea14f66",473105383.668012
"ffcbce226963f10da8c53fd7",583097281.193826
"2fffe55a1584619bd7c489f6",604820222.072646
"3920eb3f72b96fcb58ef778a",414342357.384512
"d10bdbfbd411ae625dc80611",421921814.722238
"d61ac80c0d4737c3529f4a2e",730177503.313642
"f8948886cb4cb018eca25d19",451208746.670063
"da5bf7f1c7b2f4ad670e2382",696572816.376852
"f406c9c3c92e9b31310a50ec",753594390.539032
"171b560236ce760573a990fb",848943807.417559
"4d852bd93332172bfb081aff",848943807.417559
"2e1f7569d134a931098a2ede",769717790.757012
"6d8d2ba62c52445d78f687ed",668525601.599006
"65ae1a893abdc2eaa63d9271",880362461.585153
"c9c51c39725d7df94822fb20",640899524.792327
"56ddb54e50deaf650a25e82c",619591957.200585
"aeb330dede55fb66654901fa",790614701.734589
"4f4e3350c429c6afc0bb0094",668423600.469896
"39377d0d271da03ad85c7bd1",547125992.087733
"bda2fcbba2b412981e708054",829029752.069645
"eb89d0b7914010148e6bb597",732732000.631211
"513d0ddf1ce44ca671675fe1",791187941.040028
"14cd5f188cf6d2433240b5cd",531614285.299559
"dbbe0b6f5eb07a5f9ec873a2",646241632.711594
"f9acdd3fa50068bc0180d008",630323378.921686
"4a85c36fb854e922936b57fa",574118514.961222
"937876bdc44c3b8fe063a9aa",640899524.792327
"001399d3861c5792ccb8b515",850554850.546532
"f28514aa4d6ffa36104411c7",627843227.738123
"3b185e3e31f7f5e6a1b3193c",696970183.230175
"f4c7cc4a249ae7037aa0b35e",763684099.7822
"b74a02ef5cc838952bb9afd4",531434842.232212
"75f5aff9fa70208ddd843779",463501837.606213
"b7273cac93fb7a0034039600",784782350.606247
"b73bcc0cbfa173c9fa404369",741360729.339659
"3c4c18326318a7207b589dbd",457283023.485643
"29a230f7dde5753e65b661dd",551598084.202462
"c083a5c64c4d6952accd7bdc",594483310.953962
"1cf29f882ee8b458b8f27091",724014487.456789
"94c15574aacdc5c3cf5a406b",515995843.503943
"661f7eaf134a5b142843368c",591844958.594669
"14a5bf235097782f468fbf23",550477695.812142
"d2d46c70dc048c92c8e4f09e",655272609.620583
"f6faf74c3f4e02a6b333b7af",614355300.694349
"6dfa362ff7a0d55693793db3",758918431.685842
"b070e3747bcf22ed67509efc",655505119.858397
"7333f19416625d6f4244fe02",660331364.618476
"3c86651d9bbfbb335f15b544",796203323.578048
"9d8affa93ce4dc7c1a21b3a3",783083765.847995
"eb8cc67810d95d1b102410b7",791187941.040028
"047f94605add5f6f84fc3f90",768204180.90679
"56ba332c82c36f07ba6bd271",857155531.575281
"5814a1dd61362ded4f1d8d8d",869609850.698797
"141ac7bbe9637f9e5142135c",857116295.006991
"08db0ce5cd15db2404ff3d28",523993651.924209
"c38677ed0876b7996f596336",417835086.021358
"daa4d7da8d7df8efc1adc9d1",432793296.946327
"f15c6403c6d4e3676a607780",636853916.98593
"4d0cf77f8cfcada2265ac585",427247191.402076
"4caab3951bd6cb6dc71ac8a0",583357587.012984
"7cb64b94877a9361f20027cd",451180347.355094
"3f438d6202cfd4527bd8f983",511357687.972095
"b7763beef728bc2021ebb841",442956143.059179
"4cea8ea969dcc433fcb59d96",773292128.133663
"24fadbd1dec637edb728baa3",791436976.979548
"63cf422266e7c39a6c895b3e",631720733.635052
"dbaa5d47ff63125584bf7ac0",608459207.098807
"da12ac932dd8a2fabade4bdd",478980848.870982
"f35538e95b4a567f9b834034",813331429.023255
"6ee1e976768b68cbc8008950",695136745.732712
"a910019b3d18da92b4c6862f",700039780.260757
"a09413ca0b723170c26652a3",745676144.248416
"2b451da55be3683c33e4de31",812703392.457519
"561840990333852ace562b82",546814056.600279
"b6695af1ce28eb50d7a2c25d",832293532.246608
"9327563b40f2a0f888c68f28",871991609.328337
"3438e5d77044f21743e56edc",674410489.139651
"63cde4fad1be942dc5ee695d",431019666.140376
"8e712705b7de6e791c8735de",423679018.361301
"85de01c0aa787152c77c6180",406650782.685287
"c9b0673becdedeede0209697",409417498.32982
"15ee6357e02b76367682d6bd",718222606.131824
"5f284a75ec8e9c72abc76695",781338186.200656
"37e696957da15625da71146e",721768414.256399
"96a478c359fea0014fde607d",792012323.122116
"1a61721fb7306d55dd77b6ba",792012323.122116
"a7577260fa10bf408f1997d8",765178587.311129
"b3f8ffa761119a5441a44ad4",870502661.949155
"a5c85b445f503a56e0e2a924",1040850242.24322
"5aac1a1d5da10b76ba4b690c",863035066.38727
"1420543e2eb5f38e4d38ba81",862459120.58743
"a530e3ff6d7bc1abe333245d",626698250.300975
"aa9988248c7dedb016d8b6ae",793978596.562703
"fe8ab5495cae81b5478026a4",590017911.069659
"b463c62e3c21e339e7acb52f",732732000.631211
"00a5133e7373eae3f0be8f2e",656698969.761595
"38b424cb0e54f0f7f2745781",771702306.883713
"c43530f324a3ac90f53a8849",641810874.171325
"abf93b2418fcdac14293c9a7",594249776.128839
"9b1be976725ddd512cd222a8",844810289.076341
"9b7f17ddae12105d47fad7eb",761182832.567115
"3caab5e89722761d5ab2498a",650377887.578341
"a2f40c8227b466249d6cb659",828724627.222623
"e6a5007ffb7c1321d4fc21a8",524489608.019089
"0d50b435188b7830a6949026",430151576.754937
"d4bee60a74c2e2235f507ec0",546528358.839685
"b474103c4b637ca25b5d89e8",577353595.596552
"ce6ddb82d2ece3b8d58fcc63",522459764.30059
"28403f16831effcb75471738",439233317.826034
"03f518e2e5861002772345fd",418576913.944185
"011a6d0f12ba108ef15076b4",415489079.211307
"93ac0b004ca60ea56cc2bb9f",643301176.785005
"1b70fbd3e46da8c47c3eed61",437975115.674505
"cb40d6ea6a1eab77a60c1ba3",526160906.599461
"87c73db5d50e8ec3a22e6ccc",553798171.692369
"9aea45bade274e4ed91ec301",446884370.464127
"43c22bfa9a14df7b0126c12e",416581761.944502
"6d848e54ee68e6d8f23b3b1a",454819617.496319
"e5cd7a2aed48057b0dc8d970",434859456.031548
"bc4b94c892fea57ebae3eeb6",452326342.736839
"e7bb12e99318573a6e6ce1cf",740271310.835792
"4b52ebb0f0a8878def4170c9",793978596.562703
"3e85b447edd3b23b5a0d3b79",684756579.453295
"15005fe7eb24aa25b9e3cee7",673711085.309405
"22e00f8057294350ddf4d42a",700038445.042113
"ddf2583bd65f02abf7ce3280",823372459.929566
"704e5657734af93d19a0e5fa",644235601.486925
"cc1a11362066152d21d4cc60",524080610.294993
"12062de068acd322b610fcf1",668525601.599006
"e9804af0513b2f68daf182b3",437014658.039526
"f13d8f4b2e3114d71e5ed941",607255754.304025
"11bccaef3431fc17953eb81c",736970480.227289
"ef2b9c11f884cc5f31c26f60",816069429.521564
"25986c851e13c92ede6c6d6b",855062157.338717
"37e28ed39a51956880d211af",854424712.522951
"9530217ea0b5d2395adfcc9d",845679252.110443
"d8607e3261ef1546eb0c30f0",810290362.405854
"22a025ad47ba22ea9fd1a094",681325019.544047
"1c88ddc21f3e8e4ca633621d",476547781.616393
"e45ba581daff88707ad842a9",719876608.214429
"d7e97cc158c6c54b02fe635c",598945948.20176
"04bb7cdebb8b66e783058248",457515087.057749
"d60cf6dcb7b4b40077536604",814643340.016886
"85ceb648cee9f6f3d221254c",700017081.890153
"f58528d3ddce3bc6c71bfce9",785610547.314962
"c269765ece36cd93058efab9",486918246.973798
"919bdfeb16dd0bf67787d53e",533846659.749208
"ed8eacb8746dbcc3c2ef3aa9",517876099.796463
"15ec532ec6fb73074b9b12c9",596427698.233569
"58a724e8a0e05140b07539b6",699791473.404172
"2b7a5be93795a65d29970b02",808544278.889459
"6dde9af12b6597425160a47a",884128449.613717
"f0ec99c13c61e89310ca9b8a",529231732.036557
"65c83da72c07b8e74bf581f5",589002576.714036
"3ecdb7a7d178b48361340ea9",573118516.505034
"af22669e3ed10470623fd8eb",748660321.264804
"748c981380925e1247b9e64e",725421658.260587
"78ab6cb1f62a7e781d4c4d0a",481143601.132336
"e80ba06329760362c7685ca5",527505401.185127
"3cecc0cc43ef46670a8e69bd",443351719.585989
"527e4b1b06637b5362c8f17d",831684165.4412
"cf9eb2cd0f20b13cc8816bbc",406895954.004306
"4b3a6baf8196a59bac8c08c0",519739415.297388
"9bb9864a6bcff25b17477717",775957498.66406
"4f7d630c921cff500705ee5a",476796897.022431
"7b7c0544ece4aa383fd5b4ce",729456439.393795
"191094739043620c72aad2a0",670111167.251283
"a20435d582c7646db231e7d2",743480562.240022
"1555743ec7e2f38904852860",694606600.744055
"1c7452cfc46652a60b7a4f05",724778554.608797
"97439d5a82f970e7f50d51b9",732732000.631211
"7667cd57d0bec809417c9b11",671047415.957561
"103f6eaf04b44c4013acf097",830514291.003575
"e6ef433629e193042bd30f4d",862587440.930018
"2ee7f959d069c9ca223115cc",850416965.830427
"b46625b69fba1afc154471e0",782435805.704661
"5cc0700421954934cd8dc445",830140532.18051
"066f1b68f7c053a196662fe0",674893037.663534
"645e1c7b799a489887086a1d",865293184.402822
"f426c41d6d8bc99f359f480c",430166345.090844
"d1be4eae680cb16d0c842606",856934849.240255
"57a5f4f83a474ae156f207ee",755619482.325133
"53eab0ecc3ff098d55666699",849076594.809888
"54022fa49ecd9cf290aefc89",781427608.376609
"545db4962e6294cc5ed07727",844810289.076341
"8e17bc9f09099ba3138c232a",789324925.866365
"3b4b303bbeece313f92cb85e",770021751.634559
"d0119d7bb15452c473ed28ba",718946278.146791
"1a36f98c62f5126c8064314c",743314665.785252
"96a77e8e42d676b0da3fa572",750769522.276914
"d7d6f668e3e40d957163276f",584426725.183688
"5b908b8abd8dd0862440c172",754946727.681281
"81716dd4aedf72a6a14392e4",412483812.081942
"47d252717c4bcae3e1ff19e4",813966160.965004
"4f0b2f7e4d787a108a4d2537",550334920.739079
"90a43053efa1d292af692a87",432940258.703439
"c3df4b9fdaa4dcb13723b5f1",635831958.370887
"4b905620f76873355d317dc1",711123480.072683
"ea16314310144a10c81da9c7",519347989.682503
"0e5db1a36a521a5d2912b238",590843384.081015
"c53c58dd7b26902f67c3becd",494759700.146836
"6c17875f20f58b1fb211c18f",646894011.459277
"200020552855ed39d1af999a",591971403.823329
"b44b862cbd855d46954eca5c",594197640.107118
"ce47299ee877638c4729f60a",595860308.106147
"3a28bf9841e6a9d3f1bc293a",692641971.806344
"3a488b9e24d9b8fc7c222e20",429132966.57593
"5469c33200ffa87952b356d0",433570778.384044
"b57174dd86ed451448dc501b",568563033.398674
"ebe09efa32acf6d680341840",599900611.159402
"33f7d5aa494288cc90d60456",865048957.341285
"de9a32ec454c2696cf75eb0d",563554470.51293
"df4400c44a166c851ff46eab",610570408.92815
"5dcc8f6a6854a864dcd27a87",636428913.005345
"bc08ce9f24533cd644ef08b8",563430871.161264
"2935cc0e053bf558a8b73054",636428913.005345
"f08001f2590d7b734467c58b",433645212.129384
"5a9892659590355b91442979",627694753.322414
"ea34dfefac91681864c2bfe1",542880649.247652
"ee3b5d47d05a80c07751f7a1",737379640.721313
"448ad01af4c5cfba3feeab26",737379640.721313
"bcf43ae0b4b15ae168abca97",759488969.718372
"8ccd326e4f515bf7e817a14a",661385131.590743
"94535dcf38c9c6461a73db02",568655218.944822
"9b3557302e940d4da341cdab",546539825.581274
"edf8c961862a4ff8e1e44f1a",720600572.343149
"6e508fb72f189a4fa91bde58",731345521.687327
"7d0a4771afb00cf9a38ccb81",862459120.58743
"8c32b6b31d1a1d5736c4df61",862911617.060718
"da782fc0c8a79e3e250f0f67",420878538.603145
"c86e643b7f7b57b4482020ef",411561985.416767
"4632f1e8fc93e268ddeba07b",562540682.730765
"2cd372392fda500e6526695b",622718531.19901
"a05ef49ad8b2d6c466ac7412",558951325.042795
"9f50ed2b7e40847ffd877f4b",645421236.902911
"c00083aa30ba7d953361674f",438255054.464835
"50857161c59b991304f5c55c",610352673.052153
"3676f63aa0ab23ca7cd344b7",421644266.611697
"3710ec95af4702c45f165279",673711085.309405
"16db516a238934a730ced1e8",643372346.699524
"d450dd622183c7cc43a20d70",698999083.056061
"ba84fbef80c8a82895ec599d",857098312.180111
"ee85a12b8f764bc15164dc7a",518263450.531944
"0038a3b703f4ec779bbcfe6b",714067433.709449
"aa643acab634ee591a2a43ce",646647288.039361
"d6438814f4ff3853bf6cdb13",801097687.06273
"a37522af63bbed2f4d10900e",862459120.58743
"0b715ccd3b3e01444b855857",409022552.580904
"fbdb9caee4455e99259cf921",497395788.21893
"b3c02569b8fb721934f51c52",643243510.387666
"c07e2ef0bed4be12e41c783e",674862144.21913
"1b4e4016cb766bfadea42f73",476318783.079634
"ecf4e968c925cf8322f8a0bd",453693265.050533
"6cc0e6bfd30ed93fca2bb217",445982627.691484
"3e7f514983daa92e49a7c87a",411855677.235741
"97a22807207cdfb341d5c50c",422079575.600397
"3f9e95762d2f2056e9716039",679427761.475284
"255c5b92d71a00c3a73b9aa8",424375367.1828
"58d24ab99d74ae4c449c90ba",768976747.016264
"51d1df6e1f28c40dc9074b74",726016864.072677
"16261339c3a99635717fcda8",702093685.235288
"1475cdbbac4aa486266e439f",715459365.625551
"2a9974fe07b1e4427e386e06",711997512.860212
"cf76689ebaa20c70d9db4d51",791187941.040028
"f9379319f992cbadc43b9189",719301527.717774
"62313cfe4272d263173e1ea9",703612568.526242
"b2c62bb0cf8d210dc4635653",844534793.540903
"5d2fd288d33283826210cb90",845679252.110443
"3454ab4ad567d2d22d990fec",620906304.518324
"58be66aeab226c35330d57d5",662635188.551293
"315ea6fbd6b3261cae7fb900",644730990.959104
"6930d8e260fafaa5c317dc82",485921819.56549
"0fa99fd0e8cebb71a3bb0871",502488730.485732
"fba946e4ceea37176170835b",450519063.173135
"b53d4d8d0bd4a0ae84fbc22e",494709687.675151
"8bb1a2ecc997779d1addf12c",412557773.252915
"6dd97377cbc262b07ea2eb99",434234516.358849
"5c50853824c890a5a7f0cd70",550751801.735722
"4c3865a97f5877090e7a9649",733105248.289943
"a3cb2a035f98276076f2d848",535285319.715201
"40d04ff9c405cccfc82ed5a5",481813995.010908
"22caf82aae904c79057fcb3b",635046579.735616
"eaf87358d89af17c3e004c21",635779812.12102
"9ab5ef2c5650c4bd05248990",476318783.079634
"d96e3063ce77ab1235e2ba26",470221190.654444
"665d62a8019b27bf5ce6e6b4",467274360.705487
"56234f11aae98489ae00a8d3",687499580.514268
"76a5158e1a5c1f9fae8ee882",619288314.714483
"d974970034de145d469d09c5",460754398.980983
"7b5db1e4f4f47b4bf7c827ee",583725995.838947
"73ff6ce99ba5dd8cfab0faed",647255631.251687
"e1cecc8f17883ba6e2723826",631915959.486737
"857870b1412b84f0f19ed751",609327913.431631
"d89dff35fa1944191aa9ed98",834619249.999061
"86b89233e0176e034ae3cb7b",693801554.601623
"dd3d529f3745159d9e7746b2",748568937.643158
"af10ec1529a63d0bc10b056d",751325335.854905
"a2645174e4e15c49331f576a",799979991.568673
"311dcf366691c44243b7b89c",832182416.489392
"4cbc74a93e33f7b4812e1a7c",595789848.445026
"6e0140e1d667cecd155c6e23",715317458.134646
"dba6308e2358f30b7ec33f59",733866311.347695
"761ba98d35074faee3594dbc",762916851.024516
"b961220d34be930fada80887",773576843.507804
"c9c3973bb37b5c688a7c0157",726364523.871692
"79a0bffec81b17d606a606f5",799979991.568673
"135f6f92c4ec95847e8840eb",607689093.760495
"05858b1e4445f56f22e1f4bb",732438568.571523
"623b7d96c0fa09e50148aa7b",607255754.304025
"e61e5d3288f02b904d3b1e38",783355650.738509
"0d173e7afc8f8babbef6ae97",775067037.059065
"7635a792e5002ab99ceef583",685437379.885566
"4da93e7126354a474d435a4a",806254312.405759
"a4c71322f79dbbbedab3191a",780350752.168064
"57ef53ecf8b709ddc05aceec",749803558.255756
"65c3e09ee6f1ef0500ca4316",837219697.772772
"74d0b6e87c2045f95fd493c4",742294579.031251
"4a3d0390e005fa5b4c9403f4",843132932.110771
"a3aac701ae444b6d91b7bb0f",721717479.485771
"4afa3a1b63c076123e7a5279",858859147.425688
"c97adfa6f5ad3e3db6b80edd",806486554.865318
"58cdc29143b85386c76bedbd",854035306.378384
"1f81176d8a0c61a7177c6c2b",855300302.134583
"1c2e69465c75fb3af2d57351",844463920.334415
"7a10ffd970cc822108ce7cf0",862390032.925297
"3bfccc757ef82ff2774f2db9",882176138.875737
"3c753ecb3a4f8ce43077a6c1",883764274.939586
"100e9e2623cb0fc52fb08813",847673661.558476
"90a269d52e47c1705f9b6cf0",857116295.006991
"34f4df9fce2ec05633d0cbd1",676046115.98012
"1e4fd826fc8693b17f6efc3b",832439592.662924
"efd9d848677015f13688453b",527505401.185127
"07cd866c871333283ecb2d23",769672280.377038
"76a307d6b36b8a51115e91b2",591996244.453153
"080969c751cb94822aeeb755",454032609.577088
"1e37fb708b70b6b5e8fb5cd2",509070774.223014
"4e47d2c8ccf9929ad9c84544",638539721.881334
"3c877a0fbe08cda958ff8f46",644845365.692889
"ae59a0d6441697841d86cfcb",471403860.809663
"2fdb80ee4f9a35663e92b3b2",581256216.273452
"3a513410a390c75fc14b0b3b",418338268.740747
"0616401503f2ebc05af7ce4f",423940924.844816
"98b973c8597d5805f87dd074",455058242.456027
"7063abb555d919d5300af3aa",604587239.147093
"88c4b21ecffe12cb6c408a6c",752522877.084515
"75a4421cced1111492d00298",504918433.031381
"0482cd89d767b3b7de976c3a",420222391.198465
"bda9e5d8048acbbe5a9d49ea",441342006.574426
"2152ed6b2b2eaf16ec272cb6",424404507.7272
"9bf2e0c1bc82010e92da2540",685186411.176629
"110af3c21ecdf156898c7c0d",718222606.131824
"2790ead3eba9370f00024472",646647288.039361
"9b06c7cebd33cd26cd6cc089",862459120.58743
"fbb89795386c14f5088fccdc",764580441.66416
"e8a3d9d6134ae8d631791e52",857853915.854125
"5c535b7d92e34c0fe4b66891",547812040.779917
"d88544e4e85add30aa795ce6",521903010.440331
"01b78983d268b52137e5ac1b",422537899.361462
"25414034e50ca33fcdcda4cf",605915982.746803
"2212e0125cb7f75390020951",620667125.069553
"a4d5ea1b907e98be72b5c49b",578616967.768115
"2df90c0a3e2b9138fe276a75",645275990.137633
"c520b7e8de3796450ce49a30",408025180.355434
"35114fa32397272437e67a54",423679018.361301
"bb5726ac16b4ade709151159",558912946.218799
"b4dc6733589bb35444b74c55",553050825.795521
"3b0b0bb06d95c5ea1aed2d95",430135988.50598
"fb7bd85c05cd74d945d22de0",451137321.495825
"6396667677a878ff61e1b536",418088595.278201
"47b5804ba1a998c3e7544092",665108142.08663
"ad4d91ed26c1fd5702b94064",690264102.015504
"2b802261b8bd839aa0b04b16",764580441.66416
"0bf9fe130da23aea7142bb7a",658802865.613693
"90511f2411d4a37a7224b995",773988612.184513
"1355fdce5b97bb36da15734e",868229292.968933
"775a6affce535c5a19ea5f30",747545917.676958
"e36d70d72c2758d7fef242df",649724473.913697
"2fde05df6a3aa9f57385e6a7",599685536.435843
"5e0100ae728e347eedce5b14",856934849.240255
"a636ffa140f80412f003734d",744527839.709004
"74746d24b9bd86e23338bcd9",755619482.325133
"99c539fecb3bc233288ff905",785228539.754894
"44760087930212643641eeb4",862459120.58743
"2c5d940b5ef2276f1fac1ca5",865293184.402822
"b26f22f1fd5a991ecd1e07f8",675735428.584544
"1ffafa78622c45ea4127ce82",777166136.502866
"32a555016892e7a74d231545",750769522.276914
"8d06037db08d0754bb67da4f",674893037.663534
"80255211d99c72e343b32798",880999092.597083
"070062cd1c769f3be9255af1",862459120.58743
"0451f65828e628c2220df77f",770021751.634559
"d96f6225db81dbf3d1a0e9bd",494962632.789391
"b1527eec2e6709dc51e03f9e",692797880.297343
"5464fe43eded098294d634ba",773988612.184513
"ea37ad89fbe4159940586718",458791793.262969
"4057a676e7012fd37af9c3b1",416118787.043268
"51273a81121232e7f30cfd1e",408690344.257532
"3cfd9ba5c6993718c0c532ff",553502490.522811
"8567e677b30c410df80004c9",659662918.168962
"7a34bcd9f86f5036b526c3f4",616562219.84854
"3dda25226646e1e91f4c948d",616562219.84854
"a2529027db6b525e365e7be0",463611473.960753
"c6115d5e908e04e67915a581",709800903.742397
"8d0ae601094562744c8dba4f",445374831.514043
"55209683056fe2f9faef7fc8",437424951.863245
"e840095310907e82a159d683",616562219.84854
"278fcdbf16e3064ba42c6785",764651902.755032
"74af10afa02e7724eeeef108",854180294.61779
"b763f71e8a5bdeecf0f3f0e5",415576261.434756
"5472d536d1b6b731537bb67e",674254860.452196
"995ba6d1fd63d5160fb18e71",514318573.41951
"f424ca724e7df1c37ed78aa9",650946283.605429
"c2aa451b62293042b7244fff",670749260.534895
"d4ca9506161d3f4bb3ca57fa",416973667.534992
"799862427c1f335eadedf4e8",421410302.766071
"1f3b3bd08063993c23586c93",435776941.137775
"817422f4c278ff27a22b05d7",655030186.811357
"db9798a3f9ac287754f3ae01",745697478.519217
"7ead45d1f505649429904307",600806371.965961
"ac7ab254166442188c6c5c25",730192823.208043
"67250a8950aebdbc67f7fbfa",852544497.221531
"641f4319c315cbb74872b8ac",504128383.223966
"710b0541a025b1b6a5a80c41",406736886.15409
"a10f459124248ef30f290cad",610839484.017325
"1aac53220223d0d823e70d0f",437538434.357465
"9d0ae0c4dc11d8c6d94e545e",620613855.069027
"be685d2954b8c7337ec94942",719453831.264918
"e43151473292e4e98f121f63",407843889.26152
"e04fab3d74d14be3b8dd2c8c",613583576.362073
"c77509a6eb6665bb8eb07d95",621100557.604154
"9753470e033b35407a2eca2d",817919122.421917
"825f57ad0527d4abf41cffc9",738098681.938347
"0d8074979d302868c2534262",1044248594.63445
"15a3e60c7a5d55243057d7df",490722218.234261
"6de06f867a28393a9e95c7d4",413810040.566897
"4d418d0079828e244dbaff5a",464251241.261163
"2de93fc191360ae22b0402dd",427603455.240801
"86792949f2e6a347208cbffd",498326390.722943
"6d8a0768adedcc1070d28390",795884473.601568
"459963742bbaadbd9db97723",768204180.90679
"235b10cad7233d579a966948",456401210.286134
"4443407341bec8b7b0af40b4",764580441.66416
"d7047492f4c53a0cdbde60e5",722630720.61379
"5541cbe23acd6ffd4aa0d939",808841973.61374
"1d0853f825cc0aec6f5544cb",722630720.61379
"f016623361c6ccc5163e79d5",732699857.102537
"d280fed64d1c23ac9d79ce20",732699857.102537
"7e86f11cd63ff6c8a3c12fe2",732438568.571523
"9d7f161ee660b1bcb54574b1",857116295.006991
"a0722c5527c6d3cd5cac9477",862459120.58743
"278a2cd98528eb1341a6b685",418548971.853205
"b755f88ff3907bbe2a417e07",674443934.702979
"2bb55b0a92d62454867bb158",825715771.058543
"960c9349b6ef9b747ebe5829",847427942.180992
"2c8352c418097f82a50d9bbf",889597234.868049
"47d7ba800f164f397fcafa9d",505395370.607343
"610061a0e67aea7d222f08cf",828789437.094871
"a33de2559b5f56d1b3cfce08",636324526.87064
"f020fef57e9069e4dea2d71f",832293532.246608
"883f095dd3f7e972d7dd3c2b",607260387.31543
"b0b784bfe2d3c1b3b1320613",461483516.443712
"1ea66dd4a72d93f5967be730",594266777.994522
"90b04117887941ac898a67a8",417381863.367439
"022357a3d48ea87d58ffb46e",462013707.166686
"292224fa68b0303a90063801",754228536.153147
"6cf924390dd3ed4454403887",588397357.341705
"555a293dbc104e00f182fe34",654340896.982591
"e13ef02a57d35f71a4fe6121",617395389.647161
"c82929467d22589ec62c0475",819018140.194334
"18a74c9a49ad381aee5e02de",582977179.225747
"da40d46cb91d9e59fe12e6ba",707049835.170167
"6320f26d77fcd56675db6b97",654825322.021683
"3307731f3bc518012912f1b3",650691809.150916
"ba94572d1e050bb92522f112",555179401.055903
"6e0d6bcb01e99fc4959d3f7f",451715932.205421
"dc3cbbb2fa00043d02958219",629488371.217779
"495aa774f4db66db6df30e93",550652015.585401
"6ba298925ffad32daae55385",533846659.749208
"8df5099d856c7f9de43990ab",634482385.572402
"93c5c5d9d1e99824178be9ff",659034114.471045
"ffbce3ccf241890ec95104e4",662621286.057607
"2c03c38782e365e68b32d6bf",693951106.040952
"7734421098413f27fae86fef",607740095.198906
"2b50969f1faab80655bb9104",612615318.006443
"025a98586386211b1519f9be",490340487.616941
"6013b8c04f7b9fbc74ef1ec4",659016516.596562
"11075db1cf9899c8640e1b90",742266263.280326
"61ba09084039a467410aeadb",658885804.239119
"eb2880c2433c4b2500fd40ef",455753136.256375
"f7f8607535159c82dbfc6c14",438260069.924608
"35c7a7c0ace36f4b95423c4c",582745941.427137
"c71123c31d02408cdaa74daa",596427698.233569
"dd8aa138623604829d56ac2c",451715932.205421
"cb94eee5ecfc75d0fd5ba6e5",550751801.735722
"ae6bfb4eb4770f2266e3b961",762644786.793361
"573ea1962372999346590c0f",890964185.534314
"9f7204b4bb3ffb8591e3164d",750888385.960732
"a4410bebf9843297fe32d63c",601316534.950296
"2afd9dd680803e3c12d5242b",733752941.254136
"a7618c242fd918ed894304b5",757112628.483562
"5ebc5cc2c1488f681cd119f2",745360468.395582
"cd53a991573ecb5c53f47986",750271358.855802
"75ecbc0c0e8e76bb8d734f60",741215098.207775
"47c2934aaa5934c68dcb9e51",747123990.910381
"386ad1ba1cada9649f3415c0",701590350.06964
"9ca0839c9c294674e86eb691",781427608.376609
"bdbaafd11259af6300321a89",689792929.303163
"2e41ceccc918145dbe7de0be",506821154.545642
"11df35a3fbcef34e47747e38",603355768.440392
"b0bcb64f2f2ba69cc712e0ae",619574230.786077
"bce0a4447db2d54d36661011",547978200.073054
"ef7ba10407cd74590ea3fff3",736838360.065644
"a743dc3903eaf3576046ef3d",753238007.761045
"b3d072ebd7908688d908d350",825511055.819596
"a48abdedbe3d132276dbe403",838423004.674752
"c6b7e739125907c86a8997d3",763770044.715548
"813d9415d9abca46ad4d92f0",838603729.791731
"c631f8920a2fd1160f6b15cc",769381664.649143
"16194707d4e85fe332411bd4",699791473.404172
"31e241881acaceb02ef915d2",702621503.684678
"a3f1214ea44063ad10956fca",765877989.213464
"ab086fddcb949e3dc0ed9b5d",780486208.408772
"ec4df02b32d90c019125d108",741387596.46058
"09eb808ca3859318d6328db8",587653756.70169
"f520fd12dd3ed32ba78d357b",822498179.13377
"0a2f7379cd1bed7d2d2d5a01",773675707.033905
"30652905d3eacda34ff61a9e",750345776.056798
"0509650d34981639b9c64a22",794708870.100337
"77cd6b199ee485314bc74626",616742173.968141
"10c836c2e566dfe9edcf3d8e",858890272.722261
"e109ccb29c02c9b35b789c90",893709505.275255
"2d60a221b478264cab9816f7",801342199.98305
"d34c48ffe935cec3358b2247",855869834.868273
"9cbed1ed72b444c22d8c1614",727659669.132601
"735c3aff4c151dbc32f9a76b",832611087.5978
"a4b6ceedaf89cff74a292ab5",837229279.046672
"052957f95b6e7b41bc625009",833052690.800186
"33a61cda27fadacce0d1aa7b",810104922.882743
"6c3bc8c58ce67b8bb9f5894f",848307687.759687
"1988513503246248b80c7f17",853305851.582331
"57c29184563b31f5f752c5c1",852603038.816297
"bc6a7d4ceee8bbff9ac5eda8",837724460.744716
"f1b7ae24195b4414e6d6a001",857420425.395871
"e7b3ec90b47c9e6009ca8a75",908782984.14531
"39b62c6fca161b80bc6726c4",870253644.763729
"55163359d7cd910861059389",870799915.708895
"df35908d6ae2847dfc73cf9f",820691350.859518
"ac822dd448e04e9f8dd1721d",886413015.799893
"7e86148f53beefced6e0f3e4",445695202.558555
"6eff15cd6372aeaab2e665d8",417903629.960389
"0a1af9bb571b90233856289a",452326342.736839
"b3cc5930a3cb26e35a45e09a",447019916.939164
"0c12f73305bc7d72bdbd9789",474047499.577039
"ac048209de77cae737d60545",454565511.131351
"9239fafbffc066dff0811302",407638575.229846
"8e0ba427ea909cb7943929b0",543153044.243722
"b3c99f30b16fa80cdb4f213c",523937686.352912
"d1dc16c82942902c668a5c9b",740678065.720248
"5cfc9e48ab90da0f4e98a7ae",741271650.589217
"9abad9f79352ed42d1a9f099",410167068.585603
"dedeafb60b4a39950e7a984d",410167068.585603
"74cca5cd08c4bbf5d0404d74",509862734.598291
"b6aa1cb0187c4a1715517fca",410167068.585603
"e22bad460ec1bc991f14bfbc",663902803.548687
"594d46a91315527995cbd807",641469425.201411
"2c0b4c8269cbe25a4e85e049",681985497.839037
"1014d3a98e886e1a7358e29f",614486555.164538
"73d6bb3d6ae08921a6117f5d",604251763.091356
"de3b619a7c80549db6ab16af",457668697.615868
"da34d6cd832009e428d2b467",564885685.250956
"104722434c2deed04a901aa0",490829867.550489
"cee66eef685e4764b9553a02",647255631.251687
"58b40969f1b73182cb6d30db",647255631.251687
"964e9c3f87176e761484543e",569206474.833968
"19487167081a9b0dd09d7975",842734205.607057
"7d8e345c9b16d0fd69f848ea",847589591.64929
"7d4ba999100c8e694fd820cf",837385788.709455
"c6b157e7a6ca08d04ec4de4f",432069949.387184
"84ec2d5245cfa146dab05065",734228933.285092
"c844a386941b86a3d4c0312a",563806052.046267
"0648aae13097ac649fe714b9",713173176.204027
"34f220a8ee1f24bcc5790364",522876472.792831
"d12eda0ba04f846d73cd7acf",853457227.3204
"c12904320223ddd043f39c63",421644266.611697
"8bce0097d22b34a804b502bb",411957025.958367
"ec1171cac1eee089be6f427d",411265365.309973
"5d85d77a06d0f0324d15d162",718222606.131824
"0349908483ce628a0a5fc164",826032392.244569
"d74da3bb780515b1273d741c",764580441.66416
"64cb8fc8412c9247a5c243ce",857853915.854125
"3a53919313bd750f2b1af906",692797880.297343
"91d265ffaa6b407e9747b15b",743314665.785252
"1db1d1b76e09197dd915a8f1",1157327197.75005
"6645a3080e5d10779672d139",823476116.704005
"3ff6e77706eae698f86eec29",741780816.226306
"4670d21fa84e40184f03d5de",589393661.266573
"ee8bad3fdc93f7fb79c9cbd8",827077630.547805
"b624f0438025478c9f66fec2",853100804.701936
"37dba4927e327d3a4a0c1d36",618642535.949863
"8d16b1bdea35630a3b09b192",621965958.309505
"d54a4c353cebf18d452be515",669805762.454059
"c402811ade75f5e3dee73ac3",667288614.26299
"dd926903e87d691a0f15dba3",585138340.192643
"cb01687abe09df6838e1b224",478154769.007337
"6ad3e1a47d1055b55d14e091",555202697.799459
"b8d50a94e8166e471fd8282b",574454791.964654
"a77d82703468f2f9e8f2ea0e",569899557.222626
"5d2be469f69f31090769efe3",662482277.162286
"c4e8559ee733a551649a5dcf",568888460.872668
"5996fc90f923d6e8527097ae",687373707.105719
"32d5772adbcc785ecbc2c55f",585212004.974861
"5f088237d263c37e78264bba",532271746.523983
"799afa0396b9f268f239db51",407123412.641753
"bd23b1463f0936d2ced5fc67",649181908.603739
"8f35a5d800d98481d7a8b6a4",462743052.184512
"371b5ecf08973fc6e6849d14",444601622.566217
"fa70a55dd0e2053a1b566de1",406462349.526803
"584364cece0bc4d17f0e7fac",471317552.0868
"cd968f8973a267790a38f2f2",453223622.577348
"c46b122728ef4c9ae8be444f",525606223.706531
"4056182cbd8c12cd87ad9e84",740573530.981732
"6ac747618b6ca674e86cd275",437833960.686575
"afb02897c700dbac941ba8b1",449362218.748135
"198cd3f4e9be65b83f01ceea",598913961.891302
"c92bdf97d7f0a9a12c024406",463018509.183932
"e00e5934d1941490834c3145",842764746.531213
"5b139fdb19ff722a846d71f0",764580441.66416
"8b554961129384797391d1ae",770215644.43318
"854e27be18fb8f24fd433eb7",690264102.015504
"241d9f8599ce6cadac1d6609",747938123.966271
"b85b37ae83ef95baa03752f9",822054331.144585
"5b3ba9e56e24e08e1f81e220",469822250.276159
"58c6518f9d2d0526d31e7566",633168283.605729
"38a1e2050dcab9b4c70c5e83",425868962.730206
"da94e4a5fdebe3ae7bb1adcc",626987587.428035
"49fb2771ea6c1e8950cc9a57",720911261.954114
"f2b67c40a560af8729bc6072",654749138.662526
"13fc2dd1cd32d9cfa457a5b1",556604416.154533
"b6ebc3b8408793f5058cbb90",658210033.004361
"75ce506dcb994b10497e6816",560964568.895443
"6dbfb281abaa9a6956c080d7",406429014.481339
"af67a68803a18663e4b03eb1",407239131.50072
"a9c212f77a048ddc33ecebba",455451595.852532
"df89fa06e32e90b0b6c2014e",620074310.231349
"f20a7f264a8285a75dacdc1d",773430784.705449
"61a363a73f3c93aa1775c4ff",701762996.192339
"d8c1f7303b205fbaba2890b9",448906477.909494
"70962daad7cd15ee8af564fa",831972924.279175
"087caf4bce7b0a3fe3c47dc6",485021782.838328
"5d2200b04fde91f830478aa4",458626433.724869
"821eabfeef3dcc622fbcbfc4",417129578.250353
"3d722d960b860b4bee79ae2f",544204546.713301
"4d3d887d2236c2f897f3bbd4",414196178.540484
"7fcbcd9e274b75a157cf5d5e",743117623.237107
"88ea2d2d7cb6d641df3ad76d",773764252.25853
"c06088db17767866b7f4ba7d",718222606.131824
"e4a9626b1107b9397d0067aa",677195997.756115
"82abb1fb693f34877bf1327e",823645765.029542
"3279efb86571efde18eeebef",421618532.27336
"afca7b219d52b22522abd00c",515693787.47018
"7712f963ee37e91abb7342e7",627515194.100356
"2a2f455525c8e0bd709db91a",599560874.1717
"833ded72a8cc9c0d606a7a74",727683263.826604
"f3bf0be37be6292ba0a8736b",636649879.66674
"c06c8b6425e3a7c2d7481e42",492546077.106753
"27d4f17375f76219b446c092",477134410.469536
"9b7de95ec90da0dc8cff7011",705259828.020146
"8fdc9f203c3de5d486de7ba0",476318783.079634
"ebf2d540aff82f1aadf95f9b",612615318.006443
"51c48d17e774d6cd84f4c355",446884370.464127
"5c1d1ee26cbde5b766cb4ca1",668525601.599006
"2d26b8360f1da9a677670fcd",711997512.860212
"ce1b06502cb0c5d9846cff9a",433811493.634705
"3186cd0a3125adf3b25587aa",773576843.507804
"f839de5370a225ff993f5b2e",700288175.22401
"2900dcf3f944a7fcb33aff36",545821013.716112
"3f54091296f773f5a1bb240b",783959512.828381
"499f6f4997474415f0bd596f",775784355.471597
"110539d2ac34e5180e3fd95b",715056912.879135
"dccbc668caff517f649cadbb",857320671.818818
"823c9c7abf2d00140766a2bb",875539744.264992
"94af5eccfe170cbe7d428184",647565575.515804
"dd21457e18f07d7a927c0104",449796973.763583
"5219cb469fff40cd9606bad9",411558845.459984
"5a83bd697db5076016c0671e",418370984.613864
"2a1edfd6cf74573521ed74a1",464747380.004037
"40aad45bb7a980c9c5e1884e",749803558.255756
"a315b497dd8e80464bf0480b",691716492.73847
"7095d576a0b963eb340d8fdf",647255631.251687
"9d6288cfead77d622f5f5b95",700050462.101595
"4caf356c110a50c6c94f3eab",745863906.781314
"23101b0002252f3d4b3e1d5e",784055216.852291
"8d1f7b0cfde7e496e7bfe972",533533136.487388
"28e572584fea1555e2a517ed",548893500.934041
"6666ab486afcbc162fb560c6",845329302.41572
"b0978c973ec3291e950185c1",852559132.243375
"d6cfd3ddca2a59f0b6999d77",679111634.073426
"a77f5c03a98636d90f50e11a",838506165.377239
"e6387696767d20cfa4918ca9",693837285.200708
"1dc0fe5bcea9d08874871326",445982627.691484
"ccdf0abddccb1a670f31c2f2",637471284.875238
"3ba769d65f02217656e0f5b5",752631969.575804
"628b3b56449724e7d945351b",709945779.168255
"b47713520859d58efa95bb06",799979991.568673
"e6c6625db90e519f9dcf1b23",433248379.763353
"3e1a1b2a518d3ca2fe3950b4",533846659.749208
"24849579dc9ba7fef1b24396",547125992.087733
"6103571d9525ded3c09668c6",534188895.25164
"a678e89692df9b14da9f19b2",435216256.621556
"47bed52dee0d311ae0016b08",518994473.823711
"36c0d26b83e575a500a6c30c",657582614.225224
"34447730b60ad12f4775894d",850554850.546532
"aec1778ae3b5e60cac280b79",838423004.674752
"d95f38f5d1293c74ac52e823",850554850.546532
"5dedb7b64b6ad0b514de2bfb",776614906.526443
"60c71a98253b5550d773a529",693837285.200708
"099ee1a7c91105ef46b5e7e8",778099079.564284
"b56533bb19eefcb244e69470",848995624.416805
"62f46b8989bee43db86ff589",615798294.075445
"4d485ae48974213b1594c905",829029752.069645
"c627c6287efaeb6fd9049312",609327913.431631
"976945e68af6a66f6fb0850d",531614285.299559
"93e443a5b3864d52765e6484",808544278.889459
"6ef9ce7a53ba3bd892e21f1b",742597625.188412
"6f3041147f930cd6cd4fae05",574009020.987255
"3917b95a3d05a5e58c117f68",594264511.050993
"d61ccfd4239026feb484cc93",406864135.458343
"b443781523fa0b5be4ad7739",696833272.071199
"6f0fcd78c473e4e04fd411c8",796377986.0249
"7f134c92e20aa9c6f084edc1",470289358.151683
"75075631f0fd84fb0ff49417",711607865.630613
"eae4243c274735d616c6b9bb",887109857.408094
"25d233d2779009affadf5e91",786310627.366423
"1990717d8c7aa8e732bb1165",850932931.531315
"71b99de83d83dd970b00f07f",881942286.050927
"243ab5db6e47f3536d04d312",737500604.48627
"61cb98125f43429f7f93c898",764580441.66416
"6ed772640e5a311cbfd17c31",462155605.568119
"d9f0b4c92bdc9476f50638ed",423679018.361301
"796eb5ae3ca5b63c9fbb240a",739084808.160446
"e6f3eee9f5048005f24f0943",690264102.015504
"291ff191bb029742387a72a3",670196807.809723
"829bde7f8716daf76f65ffab",655272609.620583
"110a2f124bad0f9381edce7d",849742464.138837
"76b719681617ff7f28d33df3",746742181.556072
"eaa6d58e226904e9993b3493",421609686.457314
"af3e3a83257eb507b96b2a1f",719768144.98879
"43969367322e86c68b51c2fa",424663622.749208
"50fe589dea73e764b7735938",415344080.215877
"13c9960a03a1c446aa5515cd",632815741.371559
"e7834f52ebad3d3cd00d069b",519074662.193319
"fae37ecd6046e53ea121b1c6",637127283.690635
"8a0d2f8860a90322d6c3b61f",625502864.429963
"008c7a02d158f3b17ee8e015",629392326.242878
"3ea6e8da2cb0bf83872dfd8c",754697658.013126
"9b184e58842bcb14dd42103b",646737331.180774
"43eeb2567c61bfbb059fcd4e",491321610.144925
"ac7f6087e19c2d3502368fac",519415353.333041
"73494d52196ef9838b1be34a",827077630.547805
"112d996c4c0662bd13af3ea0",866832739.891721
"8c3a02c9ca043cf0f322ba84",740926748.166533
"a757ba01a02acbdee50462b6",847579891.8117
"64e3401f22d18b573ff0504a",691793018.952685
"acd7394afcee30e084844c63",627784552.199895
"35255f80583ffbd504250554",836992972.95951
"370a0d0da794efd58cab251d",782037442.259209
"cdb5f8327360c750469cee74",702621503.684678
"dbffe8f46b3d9da2e57c97fc",823476116.704005
"25b1ada57fd1e5c88d939c71",757703486.713863
"05f79195e285c126125d258c",759809180.066627
"62c017eac96743cfbb61e86b",804424861.730315
"3ca7f183cc0b303e5d455309",853458855.162428
"a3dbd504524f980ac5325150",851085509.630604
"5703df84eef7ca9bec5bde45",853100804.701936
"513aa9c91c245ee4be31507c",849666292.062146
"d41d07d1aa700278cb81ff30",738766286.33448
"207e39d9cc4402edd48864d5",444978298.612014
"7134b03f54b10f282ac34fcd",844737781.539328
"6d860c215908949c4ba1c536",409609645.273513
"f35f884365b1bf6fb303d7b5",452202124.655855
"4f480aae78aa068901ee9468",461633176.398172
"39a12600317b58457f68b5b8",409076386.377125
"5f0c7a6b4f46203648a0bacc",423259012.810814
"d01f6c0b2b338289e9fe3768",412029320.90286
"613ad83abcebf6598f0079ab",677424658.20021
"effc32659ff9bf30faffb3db",664967343.15712
"73fbb3e6b22b957ba6b7557c",675449361.557519
"6c8c5e22025ca4f450a428c3",543474293.695308
"d6e333e793f75c2ab34fb127",430040830.395757
"b82e52830b51e823ac7187fe",414969535.77301
"35ed4187f732a1ea68dce712",657897503.659354
"0c5067ff99e15fcf99792cbf",657897503.659354
"0ad01fb039a198262ec59b72",548516735.044463
"906014f0ee3f3f4f0576d4da",415975155.106209
"13477d8ef90576ca84258984",428632333.046495
"3083a7ab1deb092f7aca6a54",509444737.058539
"a92ae34df90cbf8af7695ed0",791436976.979548
"82d22ca21e31222068e1ecba",647007535.840959
"11727589f7c66554e9114407",647792879.929939
"9982169d6f3e9ca61dacfed5",553232291.606761
"2de0ad9bf15232d6056285fe",614397486.573412
"eb6e6060b78676d13d6bda48",617063399.052278
"6f37300b1fefaaf746f53907",655057673.548535
"7698775967b96e3e7bf66e6c",615247680.172951
"863e5cf88a808b8ca96907ff",619158396.484681
"77b5c9a5f534a5b80cc16d09",596250259.726423
"ade0c9cf1f9106e342c69bd1",550104039.460382
"6fb45859693c703fd9c812c8",594418682.912138
"45badd183bb1a4c630174f3a",458086150.22488
"f66bad2cd4b09ac29f540f63",604820222.072646
"fa3017d74586eb4c3b5b7db9",650080236.340576
"f09bb33b65b5ebb8fffc3a21",675247126.004767
"600dc823c42aa64f60fc3ab9",648742490.627243
"c1d9119fa7ae7d44362f18ce",742698195.870112
"a1305fd943ae63715529209e",628659265.944121
"8d81b4681ad0055c274e7da4",645439702.816773
"cbb10e7618b1385cf922e815",669140487.892153
"b09111ea69c4be8ae120ddc3",614416236.782812
"099f07f9ec4ff6d835337f86",671563422.562025
"c70f6bd5ca138bacfdf8b5cf",660555590.497908
"a6c86ab7381f6c43fdd61a01",439359001.464602
"58c2b87098ad454b1fadb13a",723266400.364066
"6afff7782d129021eebee968",717892535.881189
"ad92f3ea52673dee0a56902a",672789085.405273
"3e040e87b89a043564f0d0a2",633635825.460539
"49d020d2056717c2108b0927",681140512.074577
"a4ca465294c114b1065bfead",666995945.497136
"ca9520c7b8432b0521b2e8dc",542725352.064533
"4d20f253940a4492b4f6a9f0",559881750.893963
"09b61cf8ff3ff09ac892d073",599145901.349385
"86e81141e429bd81d7f0e73d",623963338.904139
"b9826d7a6132b16df1bf58e1",620961968.39847
"a90c60e05e29b77963a11246",598343065.296088
"6e9984a3c3daf63fce5cd3d6",552243392.456807
"a9eafeeab4ba51d3644f4052",452326342.736839
"f74eed3a7dad1bd8d92854d0",732849406.368062
"5b377636fe30946fff973f3d",744510799.014134
"5bf6c1862c0bc967da2cc484",826032392.244569
"cd5111edd2fe80f56db29531",760065735.487977
"c76c4695ed005277a59451f4",739664418.890802
"7dab6cd1002a8521e5825bcc",781300929.980891
"5b57258272dfd1babb29e7fb",751323902.81692
"f68b7dfd0579838324895097",669937363.35043
"812646c7de863919cae5edff",741649248.27545
"0da10eb6093728074b34fb75",812627440.680285
"c64346c8b0ba32a55292e66a",722630720.61379
"ad6317cbcbb8bc27b0774fca",732699857.102537
"9f43c80d2fa31a09592b030b",855869834.868273
"5b84f5de073000ad4d4b1a04",857853915.854125
"d94d18cbc812d560c1e38ffb",842024039.533976
"ab3110b5dc8ce81471f69c16",865263477.428878
"138a1990291ba31024455eb3",868797492.285046
"646bb3de5a1cfe4bfb7a7ea7",834719546.347674
"d8fde541f142e6a7f0b28099",663766057.870237
"ef61986cca74fe8585b1b287",414799399.971041
"e1d8eacecd35515eb19f9135",825474842.254104
"8346d64ed6211083fd420ede",426838302.694647
"4340fcb9c80733260565c24b",653302091.611919
"ff5a27ffe7de039e65170f9e",640692969.302189
"ce407c1e25333d7c7eba1b0a",714067433.709449
"f927027bc766ae6c111fb685",417566597.749895
"3f9a3edf25152433969f98e9",595943279.356437
"987476ca395533347581b2df",635448843.821887
"17d0e3208fdf10c77e95bdf4",568839634.87982
"b485036419de03f5bad01f35",720511239.507331
"d3f7847147c88352bd3b9707",727500078.058367
"aabaec5accad3f545f864a3d",575684369.514429
"400a103762ad652e81c8d3c6",708024188.277111
"acf15357c1a919b6ee78f676",845679252.110443
"8d983b9ca65f19ff3d69985f",869609850.698797
"b9a80a4d84eb918792324dcd",645092632.018234
"223b3c04803ae7b855f9fd10",666039941.530628
"e5c8f2d536c3f931eff2d70c",640005338.574376
"f976ec33e004b2d4d32c2eb2",527590929.738071
"cb00e44cea76a92e9c44e793",510907280.576819
"0e6dcbf136294f2a99410052",498230401.270886
"102de0a5ee4f19454b922b96",672964912.714589
"cb1c8ab11838d9f0a1197e25",711179093.023454
"2e2f1072d8db7372b2c2419d",430197524.353982
"8c4cc779f5034e9c10b2e698",516721697.139847
"85734fd69714897264ce2214",740234600.903754
"5694c1f689779fb5ca95686f",608123902.352438
"f3bb60434cb36fcdfe218478",535372109.686839
"cf8bbd3528d3e7e2b8f50c29",746880351.212125
"7db1c8214f229d865da455cc",498032778.267283
"f3478cf008a7ad268a434ba3",462241999.844801
"5440ee15bccc4eaf827fefa8",704185850.664844
"78e85ca7c532a77700bfae6d",646634954.338777
"eb5e382e1372c4e94f467673",689322078.212248
"5a11cc89d3b01eb87535ff1b",712676850.483506
"d0f5cebc2059ca89aae30c76",652161683.559591
"883371e374936fdd74d09fe8",634412199.066289
"9ab4e5f8cf2b807603329cdd",711076009.043306
"c37c7859956931d77cd5c9a8",678171895.14677
"730804efcdd755786bf734ff",554287448.205154
"9d021f3fcbe5f82fa1c1fd94",449357933.316502
"975ea2f56001edae07f28fca",469478268.168083
"8fea95d0a70b1ea918803f58",658885804.239119
"4718488d664194a3c0c5b446",700840034.050178
"1b87ffa033dcbf4e2805dbb8",612615318.006443
"1a77ac51e03c77ad280be447",446884370.464127
"228d165257ef052ad50433c7",693951106.040952
"513a83ac5bfe27c5b813ce4d",445982627.691484
"73bde441e18a9548c034372d",478652984.669619
"26301269301b6f96862af599",646241632.711594
"7b30dbf2f6d835ea0c14b392",619591957.200585
"254de3f3fc52b8cb62141baa",607740095.198906
"f566603aacc78da47a283804",650691809.150916
"990c8d65ca11a97a1d34c5e5",491321610.144925
"a9878134c12696d8199a1ff3",517876099.796463
"58185ef7646efa724e904f5b",614674110.196249
"37d5b8f329ed1ec29d4bc035",596427698.233569
"e6f948282e81570fd03e4df2",752631969.575804
"8b801b4cc1d254d0277fba5f",757112628.483562
"33a334a16c4547b9d7842c3d",689792929.303163
"1ad9e105d9da875001111075",854115128.319034
"08ad96681afa49c74721daad",713687543.621105
"beb73d27906bea7a7d880791",890964185.534314
"bda5b2e5a87a4905a30f3b8a",769381664.649143
"5cf70a67ec25288657d6fff4",753238007.761045
"baeb4e9d612bffb63ae3564a",838603729.791731
"1902f509aa05287ba42f546c",738931167.660583
"c0cf9517f20ae81c79ceb0ed",787935052.511646
"2ca8b22013c529b412ad764b",747123990.910381
"b38816ece917027a179663d4",619574230.786077
"c89167e42af0d42c88e8573a",873793041.290869
"09254c66d93cbbf2675b775e",736838360.065644
"89f8ccb0c1e2136adf87a10e",808649153.646518
"cff851746578050bdfd46090",837724460.744716
"d53ddfac67129aebbe054024",837229279.046672
"53b5ffa0cf0dd12e4eeb6a2a",832611087.5978
"62db5fd2a4eb831d281ba8ba",858890272.722261
"59b5fe8d4f5ae272dbaa5ba0",850554850.546532
"3c1b7a0a306e16e8c22d78c9",848307687.759687
"5219c3cae1c92b52551a8571",835426738.679211
"de6aef9a5e47a614b75ee576",808544278.889459
"d168181ef0dcb853171cdbb4",855869834.868273
"6c8e27967ec63e6dec4bd6ac",870799915.708895
"8544bc14286a51e60ffee7b0",1217987166.15537
"ed48916725be6970cd2f273a",414095068.769586
"9ff3268cd15cf039ab958413",440651435.296992
"16cc5c280124618cd5d00027",429105138.26825
"ac028c1580f6e4da4ccedf0c",557592616.312169
"673f2b913006ee8b33e75b5e",631638804.954152
"191f96722301456877893b22",547523732.954286
"a7d8e636db44cf5d3ceb67cd",666491075.728868
"1310e9cafc0b9fc21c212f73",610996790.589438
"1bbbe4e1eb264f5c69467e50",420030873.81979
"283c1142d027be336a7bfacd",416569843.615184
"4d09c2354c67243c968dbbcb",455520228.716535
"db3edc43e89840a65749cd94",514673812.552318
"0274166db611aabe4e946a83",493186263.063017
"8153b36347669087e363801f",564284796.932339
"e04473aa943812de1d662058",740580593.674969
"7742e8923a4b832e3d94f3c7",646241632.711594
"536b5a8aea016aaa90fe744a",815545047.826832
"d2c02052de9c97c531a4453f",671887569.876565
"48378a6148532f71abcc2f98",774325274.057854
"fb0dbfeedbab00cdc7eb93ee",661385131.590743
"699412bfdab1157487c81725",851374509.074058
"a63c26369cfbabfc9c2603b6",791187941.040028
"34e5602cb58501859e32dc9f",780258476.765918
"da83b03a6c9d405f55714b0c",842268192.001131
"d938d682332fa9e5c4986024",746508633.266169
"e9e39766e2c96bc783d580a9",850554850.546532
"fce89a9ffaba32f9f7c5895d",857116295.006991
"2d6aaefe0f50db8acde6fd1b",869609850.698797
"1710873f951e7f695fca3568",549999125.447323
"0ce068461fb3bf34eee000bc",555823598.279466
"b5606ddf3a4e60e2a0e0d6a8",565932842.993523
"2c2e56e3e5210c111c7de708",706596853.916279
"94118bd8c3da3f14f9c7836f",493186263.063017
"d20a5b3eb857e1f4b548066e",617388324.158077
"ad37e23456bd4d90010f7784",690584103.720661
"c5602c608080e2546dea5463",471196207.180185
"e3bd8bd5884a55fc1a151687",600651689.007992
"aa31e5995379bc38dd40b8f3",720292764.323031
"fe8a10fb4031669a9b21c919",1084977220.84068
"08eaca41f26eb387b67bf30d",1040850242.24322
"23ef4d57d130e4130205f30d",617715776.752842
"d6f1594affb8db7a865e3452",438471607.390711
"abd9cf3c36309d590e58c2a7",435119974.613946
"1c177af5bb41e26ac0135b4a",574589577.098728
"a05da8df13eb4b121d536912",647224768.433936
"5a5a581ad5540fc82cd3c2ed",564673470.636954
"b50ff8bfc0b4c4b165c5ccf7",743480562.240022
"2abbf26e80643dfc1b75edcb",738098681.938347
"ec903c33a379d8d2cc04ab36",717391557.452513
"c062d873af3b7cb98ccbeec9",913412422.659565
"927de0269795dbe0566a0326",674337171.977511
"ee703dca75c4dfd5d035c9a1",433558374.00202
"b8a42b02c50438c2ad7598a1",491132348.043658
"f7216fd19f41ca5ea66a9169",491132348.043658
"f487761a658a4247563faa38",692766167.253048
"caf878b42daeee3c7de336e9",634254912.685824
"29d0dd2d4b120dd54c34b13c",562741362.262037
"1cfc7d60ce613536d23b093d",862941243.288558
"c6c7409bbf52c86461aa1dd7",539355006.92592
"312ef52e0250429a5ecb3b27",623596890.940671
"48299e52748ecff3b69f7a90",461090230.272942
"a02f6ef1f148659297d46b33",766550250.399112
"67f664c8f9250a22c10b4f67",646241632.711594
"4977af03eebca1aa266289e2",581139818.813205
"39af71aaea23b5c1e987de32",480858278.393918
"d69b019e6d54faa1cb044d39",764580441.66416
"024e94e72ae88464621539eb",746508633.266169
"b980c778ecb2709696265c10",850554850.546532
"8780134f8b40f0fec4d1b661",1084977220.84068
"107f29b67164ad6861cb7059",857116295.006991
"c8958d280d0cf2d8a0b481f3",537945423.503199
"1f8f74ce8831d5532f330925",780575533.078025
"7be46b6dd9891ab771fc4be4",667426085.640438
"4f4f7d2b14079ddf8754d6ad",773988612.184513
"5921ce922675f6517f8f0007",862459120.58743
"49f0323d28ef0610248c87c0",757531526.869424
"3ef167ca6c4ac77f6968d17d",750769522.276914
"8d2f9968ec8aece8d1a20137",708830865.500039
"4bad47078442f3416b2c1ff4",414224620.111471
"5e1cc2905f7a701f895123d8",669270681.544165
"a8633d3336d097920bc8a9b3",844810289.076341
"72fe83366bf13a53937b7034",865293184.402822
"ce78e1dbbf0f7aee98e244df",743314665.785252
"11be39d287e5a8bdbecb5994",774325274.057854
"40a561bf79fa7a08155e1183",703371043.784374
"3dbafa8cd5225e261ec9b6ef",418576913.944185
"68cd88b657b59f5671f59e04",476522331.898708
"6a2ce95a8be0654f193592e5",452876244.677424
"4e613cde51f9760d3c051562",770021751.634559
"1b69d2c7fa8f802c4af1369b",750769522.276914
"f126c4b36c00d0ca11c21a2d",719512840.403834
"e6a7e6b41e6c6bbdc16e1e14",773988612.184513
"5a69ebde2e113923ddbcd18d",644536723.402601
"72f0540aab38ebaaf9a389f6",674893037.663534
"75b5bb7b5ff8ebcc863fbdcc",780575533.078025
"096912698fd9a59d94935478",755619482.325133
"f0ad965090221d2349e90d5c",692797880.297343
"1c224347a1445ae01184e0a2",862459120.58743
"0ee7273686a0a92fbf48a383",856934849.240255
"e2094d28cacad3e2a711c5ca",427578988.274841
"f50e0ea2c3831235704b8c72",489230668.171187
"1e64759f297a66524eb07b7e",545883481.548338
"7636a187e29abcbd8fad6244",420835191.681801
"9b858a70a031475e422e375f",618827818.508493
"56c2e8e14f9c6c9a9f046a08",517279830.081635
"1bd7b990be19afa5acc78bc0",575482367.296755
"8b36b7364e4a4c80a6e50bed",734901447.755805
"d348d38769937c8f350297bb",785856328.799167
"f4350916cbddd5a544c6ae46",414079272.59761
"237bce11f35d32ff029498a3",456912489.474058
"faf92fbca9baf8cce4a00063",671814526.988452
"812c9b5407424f956d308b06",720713284.951541
"9fd4adb5c63fba5a11661b23",491370342.884866
"168f81689afa1f055d8bf7c8",637848319.125232
"2a9bbffb1b98c49d79bae509",595430860.891663
"b95ecad591e5c69fdad8763d",484310898.078438
"dc51caa89a74da37ae644ff8",484310898.078438
"d97895a836e6ea22ff3265d8",449818422.266025
"de754bceba2d206a9cb4f116",660623629.131061
"036177aff84b1901e0f18759",652161683.559591
"8a6cb559a488d6ce1b641585",636807759.965645
"74c4f233c7f385be73168e0f",531614285.299559
"27a6f3e8f9649ccce7680f0a",641944321.165904
"711045fc099712aae3fe4d14",446884370.464127
"01e033f5bd502c4ad398ece7",547125992.087733
"a99261116e0158109b3e3bc3",426695039.958426
"2d8d64261ba659302da4a481",619591957.200585
"9adaadeeaf6a403e1c8754bf",752631969.575804
"2ab24b9c5349427998338d21",730598220.797624
"09ce36a03c52d6721bc5276b",655989155.599781
"80b37d5ebdb325edef39258f",701110108.823353
"78a080fc98669c0cd9153904",783369098.044893
"2d14ad8ab9573c406e203ed4",663011930.75302
"145f33a8350a080231306bd1",668423600.469896
"b0aaae3a435fde30c4c02fac",790614701.734589
"b3f5af523b5d6d938693ebfe",829029752.069645
"25d62e6b1a1a52cd8080354f",866186520.162035
"5a06a8b33611251b62d77e72",832944651.116757
"e93a9b257ecd815c860d0b82",776382381.108794
"610f192d22864016cc2df1c9",655822767.102635
"4e665d479b3bf2e25cd463a2",633734935.493752
"343be18b0f77260f32ec05d2",420884960.748984
"33dbec39ef8c0667e4c3f039",693199704.53706
"b24fb90a2aa5d9d0c7e1541b",739554384.838451
"b56a3a017449fc4ce417009e",529350858.11336
"e0dd5e6879d824a95c3c1773",646406823.305469
"156a20e2bf9e48b9a360f9c4",581318304.451227
"d5583fa23ed97a3b9413e910",687538920.681337
"4e6f695bcd4d3c0d8497c1fd",1163784206.58955
"da7a511a5f470d99ab2bc4a6",699437855.007284
"22a6058ffe790c98a8922258",779102982.4269
"0c19c54de06d1c139df99ab0",726491994.650501
"48e687093fb26d29cda9ad6e",406443743.582903
"3ad3c519ced4b63ddbfdb0a1",406693444.287729
"0b221ebf810f632568c1e2c9",511852423.19962
"7930f32456e796e40fbf78ed",858056831.934346
"f084bfc530f4039f6631537b",801097687.06273
"f9793063f561dc76c0b49a9d",851913803.98548
"4d2ec23fff8eb502a9d93353",832272895.34136
"a6f570e11883e74654898d75",834974321.410967
"cdf11b53a23fcf9b6032cc8d",871580897.657214
"6f968f62a6fa4dc255397bf7",693214248.598228
"d692ba46b098c6658799ea8f",468814307.734968
"774a4b48d34052a978b1180f",510516664.17717
"acea4c7aa1185baaf6d3b60f",615471857.942784
"07ce6f95a7719abc9a204b6d",545102107.535097
"b371665aece480b8c1602773",722491524.841295
"5edc37d9746cbef8352f0fa4",684918551.227789
"26617e1fb3b4f0e4a70e1b0e",624801743.069042
"b1a13541b37964b8b85f4669",473826932.486767
"94213637892f5fe643cbe8ca",473826932.486767
"742acc26686d04596ba60a34",737189795.757452
"acb1d16ce30aee0a39f01f09",517004632.710811
"e0d837e6d5d74fe91d39d23c",704603687.362879
"29028322a6d692edc5ca713f",529376100.13106
"03d54a6e80d48c96a7f6a1fa",535290424.618157
"8616b310e335f539ab1109dc",690264102.015504
"6c21f6a3513869f93b32e9ec",822788456.638176
"10084cfff54a17bcda6f19d3",715594476.795345
"169c742419c0d4335d09fb45",644235601.486925
"0f06896d7502890175cbc4a0",767672485.342924
"7d2e3464d5f2f79ac29e6c0c",450058715.38026
"de9053a55630670ee8e59c9d",694755000.572733
"8d54b9bd24cd9da341cc942a",544544074.594567
"95570bee1792641c7c12e4ef",917942877.254329
"6d0c5546a498fafba15f2e17",414382664.406681
"ed43b0ac46067bf886457c01",596668917.25731
"8890eca19a9e1cdc9e0f0541",693821404.707279
"760a5dbccf4eb4ccc2622b77",693497257.419876
"20fe2d7fb3910ef786cff965",679539218.49892
"602abdc140c40112afc1dc98",444865432.004789
"b7f906741cae6861bd5fb922",476318783.079634
"4d45fbe5a5d39188b5eccbfe",718022628.445044
"08f74ad7f06f2c409903ddf9",520812142.343704
"7be186f4eeff5c0efd58e424",639120933.057603
"3d1a767dc286fe1cb86ed9f6",668525601.599006
"2ec9f5265334241fc594976f",801097687.06273
"d737b8b7b39e99f7d877b7ed",749324615.459899
"8fc50169e6ec98a3f4229ffd",781961373.438697
"942133ad6b84f9d08e1d4e7d",832182416.489392
"c965b03014d21473b27072f8",741360729.339659
"f1c8da86597a427e24dcd557",752631969.575804
"8ed5e7770d03c43ed19abf42",762916851.024516
"68ea36e3f441cb6da8d36198",1203214127.63353
"c97715bec6032974060480d6",791187941.040028
"e6eb47d050702ed49ef5c49f",799926588.925186
"5a82fa348f3b97e74cdd3a61",863247440.542572
"cd05166ab9bf3128c23fb8c7",754225659.0051
"cbe4318f63d73fea6238079b",851293319.545243
"efcc8d268982e95fe2fdb311",857853915.854125
"c45d7f326a2f279760d1a4ae",819560386.753568
"7c5ce0e65cb26773edc9ddef",855062157.338717
"357fda0abf79ec95f73e3584",551593875.859109
"a1e8f0c7cfbfecfd1549b0b5",610849969.862018
"3f208f32cc24d8ce1506ed90",650750143.283801
"87ca8a2b3251a38d45730f5c",461442148.43012
"728961e03bfa6e3242f06d8a",615845277.549072
"b9f9dd0d368df912e6e0ce70",734228933.285092
"429b049255a7edf227a980a1",414351050.724326
"a6259664a05091ef92129c7c",533574861.100462
"674c915c52b27df2c06b8bd3",611664920.596968
"f8be64dc83c5923983fbb770",842427250.427325
"445fa7f5e8e9d7f12e8991d4",954436743.9069
"0842816a5ef4f24435c8df22",662478486.419135
"40558b62d83e4362efe1fe26",415460550.819784
"bc474096496b98177e40f590",471810443.488588
"2b55989b2253416428ece917",471810443.488588
"7158e3a6d456211d4533e246",411231636.356562
"d4fac54e137f5d27ce5f457a",795963415.032748
"faee80ca0efce20e731823bb",869107425.199898
"8ec09555f5a47f96a8683699",838258306.86121
"2d7a48a6b9fff20ded24f86d",454329744.239951
"514b09016ef85b9ddc4fafb2",647267976.790856
"a1c975ab16effc6f97935e16",531661944.203399
"e803e3806630c6579f004610",668336911.746614
"26526235b34fa5b7349df00a",413194071.774648
"ba762cf12cc038e5c43bc6f5",753417615.106594
"45aa335dae223bccb31ff7cc",536588647.881363
"1dd3d7e197075859c1ff5b23",771669925.645624
"2db9b3463f85dfa87347d6e3",795239572.628612
"f72cc14d79ce15491a96ddfe",822471510.122926
"4e25bad08182b79f5ba9639b",884869063.420298
"e724a1db86d8d0c6334041b6",608784246.160174
"8fa53bd51f5d54be50b3fa29",416010860.07243
"fb7048ba61e9e6b1de829bdf",758721594.220207
"4bf70f19da0bddec9241d310",429170619.51185
"13c7f3592bd432c7cd0a42ab",689806086.184643
"cb64b363295d36b9b0fde3cc",793168809.014349
"bdc17ea3f30318b11df30508",590516660.596764
"cb7f62ac4c1afbb4256601f0",699806155.767606
"5d6c275d9d3326e738c875c8",786597135.334709
"9865836c04a9582688f50496",414539187.657984
"55a615b65a28b64d46ec63e4",419710537.908613
"dcc9e2c9c1151bd9f93f44b8",736124758.756993
"1a2c0e46bc18bf3224450064",727599991.850852
"3de8187003cbf6c4813bee45",409075606.126583
"d62663a447beaec69808f85a",407734220.040864
"1ae17f134221d5d9ee69ebd9",515474489.563007
"35e55d060b1c4239a85c0ebb",415975155.106209
"45917f1bac415feac7e41124",430040830.395757
"ed44705c17c414af8442b6ae",679099976.449664
"6f01f2c67343ebb8ec717a5b",515788222.468385
"8f2218126da9580268661c70",790668990.80177
"5b36bc6e78872d2ca6d3d1f9",540195110.76027
"c5c7631ddb5b485d0e992f7b",502180213.61158
"43c88f1874dc7f91c899df36",766124903.587474
"dc544c90e6ee38346a6002bd",864857584.319192
"02990998f3621fc5a3d0ee63",515511852.120387
"dbab5ea45ae910567c97fbb0",603579066.852119
"bbf80c409ab3a6784028eb6f",413206681.649425
"40e56beaf4a7f28f8108b132",413206681.649425
"e857db57a89e165eade00770",422334854.536973
"41fc4ca2b3f48508d840bbb1",432124343.940639
"08c1db1e620e975c4d476b2c",530397896.527903
"8a1d93bbc83f4728657317d1",504434248.423085
"6be0ddd4180b5eb92908da05",470833257.918455
"ff1498465e4db86f4f652e87",450700411.312468
"6410d336f6e61c4a81403c61",639385516.545689
"169cdb07bd175b4325fd28fb",445473382.684798
"546b56fbf616a6dfd1ad9d88",812336099.716615
"666af58bb684c2d8e7574e86",765098321.093053
"9fe75dbfd537f9ebc6653f18",752101010.275345
"ef961c130fa3b9015b103154",734422218.137812
"035ea0f13f2ca01c902d5388",557088733.97646
"7800f742ee14c4b4142f8b58",808032438.591503
"0c621256c4d7ca81045fcde2",545208167.22717
"50db9d168354ea3d75a03a6f",580255959.510514
"7bcd1fe7a140b6eeb4df2aae",505257542.385391
"49a4cebdb22fc2d72bd1aa78",431092017.43201
"69ae1f2868fe714ad8e2f114",406467001.14586
"ca4f4a66d83f2043a7dca261",406456922.705184
"c0ef32a7a294e5891505bf35",406456922.705184
"5ad6f4091b77715b7f74587c",608914310.397593
"331e915e2a66fb70380282d6",625692588.470459
"3a00543fb00cbc044a5b3527",406455372.19803
"81df59c6d8be19568d16ea3e",479499130.898762
"88a4da0d72977b0c56b31061",722612802.822611
"3ff9e75c6de41de517d1c4a4",410297738.772286
"147f80fbae69dd577ff19950",567298890.105827
"78beee9b7fab8600d420fd27",446792324.601237
"c3733b88ebafc0a05f5bdc99",636257777.272458
"568509a7aba60f8fe2d0cd5a",616048522.354836
"f6d3f7e963c9aa1783b3adab",660069444.295436
"ffcf6794a400aba909383b41",741215098.207775
"fa0aa00078cc178de0cc7d96",735855231.173958
"eec51f949083f39691e37e15",781378424.913435
"26f3d5bc3adcd1396747a414",845679252.110443
"cb9e058f82b10cf80990beea",632341568.017115
"22a0f3315f7600e5120db131",429816963.768538
"bf6845aac15fde9b89a7208b",644766654.021862
"6e3cbbbd3f4d0578144cf021",461135084.905355
"98a0289e513d5ba036b24252",421289753.556871
"597d3f78e2f413acabf825c0",407425593.455385
"43a91a731e86b9a0784f717d",553349431.967457
"f34ff57e272cd08056e6a243",594611453.985958
"6f68b289516faa0b7ef36a34",409153638.547904
"8bd8a7e19b6d3b8bcabb84d9",414799399.971041
"74b64bd536ebbcd7c30ef8fd",918268590.726183
"f968e756cbe6504fa0f32458",1088662913.10738
"e99d9dcb9880cbfd219b4297",754745162.069147
"4c9e6812520f4aea4ce435ae",927529399.426582
"78419be95416d2991ade8be1",546438718.061713
"d417ff438d2a418b1f9e50b6",478301624.817689
"3ac77ed776aa4630c7293240",743480562.240022
"95173735a8f6e554f083c065",1123709350.99931
"83da39bc1a2eeb75e2825c22",649625341.390138
"4bf89c9e50c5417ed669c481",726917520.991513
"f90fd39477c8da38e33ba0fb",552059092.098032
"b45bb2d0d137de6984d4e1ec",474074625.568618
"bb812343bd6cd66e9cf9a9ba",425946948.805873
"e299f614cd8ae525fc8fd0e6",760101979.110621
"521e9326a2003c7b56fc4365",681449785.303419
"dd59ac4f6706a1399360bd14",764580441.66416
"d6c6e7f923ce2cffba8ff9df",690264102.015504
"df07a34d0ee2f78f115c45cb",823971022.016625
"db6061f876f890071f7ed957",796535974.622163
"b31601cf48b268f3b4107564",613333179.459893
"3a9b2ef74c59e96a6b107357",408006502.872454
"d600310e19c926cda14ac923",722630720.61379
"183f2cf1a1c7eb9700b6e72a",857853915.854125
"42556b1bae874a5c09777873",732699857.102537
"57c1ed738536d177d66fc52c",862459120.58743
"26cdd114566b7cc63cd96fb8",826032392.244569
"0f679cc583a47b30ea132bbb",646647288.039361
"32ea7e13e8d9391aa9b7ab9e",416569843.615184
"0a482968c7cdf212401d72b7",768177807.162033
"85e4ee2583c51592d68ef5d9",413124724.341665
"f4ce15aaa352d707b68cf773",1375521816.55834
"7d383abbb6ac49c6599ffb0c",738098681.938347
"6c67b1b0991a1d79251855c3",876436971.947446
"9e52ce2cb6f6b7e2a152dd54",679030034.909376
"bdeed3a7395cdb9b175273a6",791187941.040028
"423ddbfe2f575e6bcb22e7b8",750833964.107402
"3247399a31df838ec5fe58c5",747460372.73093
"bd57e5cd29d935cb26006835",808841973.61374
"bf00f36c4dbb273d7ba4b7dd",667944403.589564
"48b9efef82faf72bcbdf66b2",866832739.891721
"d2526a3e39ea01f87c99d073",780575533.078025
"651d5cd65f80c4938deb7da4",667176621.483763
"0be7803a34b11d89133beaf4",434304093.807788
"a54b0b282edbd217e9509287",741210856.953097
"550c5061428d09afa0c409f3",512639910.857762
"7538c609fdd115c9dac551f4",586028518.688792
"d7e3cdd3ac239a5c318f2e9b",702809148.919926
"9bb193ea939c5308a738fcef",518372197.938821
"33425419e1a8e854418c5180",406440642.675057
"fedf2e30e390f5cf74b27e97",406869567.716875
"024c5c787d005adbe770b9bf",635261008.1041
"13f681a090b36edf38a4abd0",513880260.077671
"442c6bda79f63bae28674b1e",841282378.924726
"47e0c773f65485ab7c78d49f",471627797.728458
"9e30b310c820d0426f504d90",411231636.356562
"8cdfda9067e0934a8ebe0894",802735818.287277
"0a8aaa78f68d43e3b1bf6c51",636807759.965645
"1101f533fd18cae5d32c1cbe",639119714.032327
"9f6af9ac2404a8d55f24286b",548862093.894555
"75060f295e0aba8e1224f766",475394821.302069
"f0e68102ff84f49d90fe38f4",422907981.868308
"3c45bf3e3e31e7804ac91704",513468762.421445
"f908e1de4c4be0d77411a998",687557280.196347
"ca643c04044fabc6fc566d12",722017633.456572
"8aa76df8fea21a42fb6229ff",662793191.926132
"c214d2383936dafbe0652c51",866832739.891721
"993898470c6676ce46ede92d",749995221.077847
"18f6240cad6e92f9151099c5",852029179.458159
"1e63fac2629793fdcb793f1e",795963415.032748
"e0137390f0186c98f4e91263",749687726.123614
"e35f95823a486c52b0f4c2b6",499698872.567308
"ede10672118071a215ae09fc",759488969.718372
"fcf46edf6d612ff1f5ed6134",772354636.505243
"df4be33c0931aa86231b7a2e",780879313.428394
"53fdb16ec08e794dba9a10ea",777493799.7727
"74c24c5e142e5267456b24a7",808841973.61374
"f1bc08407f40396c094e0499",834235687.879627
"496ce19c015093e97144d375",558837262.372623
"a183a1c009abf7251fd725a1",745360468.395582
"6bdd97526b1a9cf10853df1b",935555046.003924
"f083a8f187e2227696695ee1",643772517.228051
"2621e068043a5019aeed6c8c",744458259.326848
"3b43e7acfab46651b099b1ed",832272895.34136
"6565b3281cc2d632febbb6dc",838730100.576822
"09e47ad8508e7cfee83c6d68",808376199.197117
"88b02e7b20ce6db956afcdd2",857157166.471271
"bfc41facefe9428865e4c29f",783690407.887054
"569bb17b961fbdadf7106d56",848789994.331311
"2314e3ffc7242a429e00207c",825567741.111522
"4bc1e2cf5e5ffcbe1020df08",830066117.24781
"949c4a5382aff4750b4dff83",855869834.868273
"a63b4a22614d334b4a61ea16",865610122.260607
"734fbae84cebd50aaf71c48d",875927260.609539
"f92935374a7ef86314223c5b",540731153.556755
"6cc8e22f11d382206273af23",677117211.759022
"701768887155444b77c4f446",406825335.720863
"13c86cdff4dd32a9f8b9adcf",804604397.045347
"8002e2cd1b70ddcae88ebc4b",834913805.293121
"d0d77497c8a7d567f01d3afe",763458358.320177
"95a7b01cd60cd10e7364a600",470246303.845896
"d1e38d7cbd32567c874e194b",600256569.022344
"e674ba41f9657ac8f30d4f7c",688902791.751415
"6bb760d54e5b0f54d9612a8a",674893037.663534
"9e3bbcdba89c647e4ce53182",584427839.890267
"72927abf4bcd53d6907aeeda",770021751.634559
"aebaae467e5f01db3afe69ff",484436544.337202
"3ad457c8855ab8921a7974c7",865293184.402822
"1f3d3fbcb686ada1a96e01e4",484309974.32959
"0775d831f68b88ca59eb871d",844087103.648688
"5fa3b0993cb43d3c72c30093",866832739.891721
"bef19d0084cfc9f6fa37ddd0",636504178.748216
"85a856b4d0dfb1fae861f513",750769522.276914
"07fa1ad76017843232107517",862459120.58743
"4049086139009c35dfebb3ab",421051970.941373
"655120f80a39c19221623311",752580292.213931
"71dca93007d6ba45fa40eaad",773988612.184513
"9f41ce015f02d67e193c41f5",488890192.993512
"9017bd24d173b2fcf564b32b",856934849.240255
"e5ef29d41082025c42f7c921",630171914.072068
"5c60d7880850970facc54bb8",808402411.161127
"f51fce25d8376d48fbe73a43",442812538.137377
"9dc7b0a394309d8b76d0bb7c",444491394.893947
"a12ac99bf63b547fd9180a79",509705216.205045
"378d846a7af35e0c3efe53a9",730555023.403675
"0872198056be7edd5eff220c",739270910.983604
"efddad1eec775ce61d3b7b64",709297454.715146
"70c19d59c6b9e194b6bc09fe",755969782.336517
"b0d3d98076883f346cee8d04",775836146.393328
"c7694e92a97bb66794e62fbc",601260338.48313
"7b4fcc72822460a428c19282",867009666.635089
"a6baf4631223d9b24de8b590",421921814.722238
"a6f616d63d134f14ced205d1",834886733.713034
"50c123baa5783185ddbe29c6",723774242.365658
"24756921525595f1684929ba",524423586.79529
"caf9c761d21329c993a0bdf3",638214620.599143
"193d70ead1ff1043845e7671",433419469.166885
"62ea31859e01c2f4d4e97baa",602095798.313254
"272b5b5c28e46c6f5ad95c22",572104982.78895
"552ab0964056c1d1d1b7398c",617300012.366579
"23799891583435710f66303a",687360596.617746
"34896afec0b639648c527483",798933949.310451
"eaf53eeb911ecbae638409e5",495484976.880204
"b1fdade0fbf0470060fc2708",634429139.92584
"8a20478528e97700dcc84abb",535285319.715201
"702525f05b47353c95b0905e",461201935.1989
"b84c837c5a1fd0f1ebc5f8a6",469466627.348876
"ee2d16316e6f4f2388494c7f",453952944.707036
"ea4af07bef4ed93e81ded95c",724162263.976436
"1a71d0d3503f9eff28acef6f",767744235.429959
"1fe392004a09aeeaa6e8bce7",494967353.143404
"46d4b0cdc81137aa56f516df",824475660.086184
"4d666967b74ccdf5b04e9787",410661017.006594
"fcf79745f8cd716d3ff9d27b",540156989.510409
"aa8a19a2fd3e2cfeb3b7dbd9",462510101.184939
"f055602beb49dd6040641c9a",555700634.554869
"7b1377c8d81755bb9b501064",496663925.235103
"17d0418e4a439e9de8006f5f",746384768.400249
"48f1c6e343a4724ed865533b",766322200.071325
"353207faab3dcf10feaac8ee",797791882.193323
"ff188e88378c8e2abed8119e",548240604.433516
"424b41f5e01ea2e2ccd3ca48",464199885.741572
"608cf4f46a188cf84f853c72",410754237.159283
"f9e7582dd99d36bfada56249",777155760.28476
"d52f04fb69bed41ffb10fce8",785207572.170698
"ea84b58f733c8e491db98a52",732699857.102537
"68699eb9653684fdd3fc79b0",844811900.425627
"31f52502e89beb1b2e0dc3d3",722630720.61379
"fd41747287a480d5c4dcb56d",857853915.854125
"b7afdbc1b57b52e6fb03accf",863278724.872119
"48b270a493af4fa28dab9211",562508494.815614
"2a787b39e84958ca6b7001d0",566137972.094812
"e439c77c0d871996bf06bf88",749803558.255756
"91b8b9db5372a2c3a5c30c58",569302022.269261
"038272b33c075765464761e8",632638337.207881
"fe8e45caf7605fb91d6bc5f7",839375047.954562
"d354a2581dcb183c0cd70540",687333065.406943
"9421ce9f204f373a50357fce",507194432.208688
"56bd3b61805077405af098a9",590992159.459169
"0a606d19ae362a58922b172e",480541960.768355
"ededebb1a544fb3246d3e131",421153172.807143
"6b6c365359d20be719ce815a",563595317.997466
"b8b22c1afac62b05ad389dc5",410463679.45593
"3e3717eda8ec9a68c9d83027",421136304.140481
"03be8ec62dae56680beb2cf3",677892554.481928
"fe6c8cd2e792d62a4c324da5",575551523.118564
"f9c133f7a12f2b8c1b2beedc",578559582.151291
"4ec47b8100d224499ec608e8",720497496.977115
"143ca16847cc47d4a4c01ac0",517279830.081635
"22127243f7ba3a68c3fc33bf",623360241.936247
"835eff7679889fcff6795d8a",488222058.899828
"4ed3eb724d4e57a7b35ddf5c",606390002.206051
"4d743a1250f7d91e2782708e",481923366.907247
"9f5cf735a842860e7ac753cf",565121692.571499
"e54a8b735724b2af56c7a36e",452922891.89549
"3b39471f854357b7e5d2853f",683397006.50169
"91bd11b5a8e0c0124be78f46",406747747.345714
"6121943254877ee48716c4e1",421182895.435271
"3f4c2c98a5a6cb78d7d26327",412935654.128947
"2b6d63d6b072901effbc8e1e",801097687.06273
"7e4b240c601e37977faffeb0",801097687.06273
"ac29d71a80307cab65f29ff4",701590350.06964
"70c77552b1bb67a2a71c2ee1",845679252.110443
"54a09a85767156b072c808c8",741707248.474135
"244210fb4bcc0a04f2cdff95",815050539.673939
"9a2b53c1c7151a8b26a71edc",560057980.422526
"918c48a512fd6ff22fdce5d3",750234153.023034
"effe4219e6cb56e5ab70ff6b",794464865.879868
"936e6d2192f28a2b40939a4d",913726071.766321
"ad9a1b23979f0edd2ee19f38",654201129.61578
"8a8e4996e24142eb413c0d12",838730100.576822
"31c69cf4d197f97ac594a896",770327301.827314
"143f07eb2a8f0a9e26fc4c56",826688073.547305
"e5fd3cdc6a19653275c7f4a8",753515339.48782
"5c7efb015b8ff7f108c99723",778002618.639894
"394718d9d069a126e13be804",744155873.228107
"56f30ea777f5493139f22384",880582458.784563
"37d5a902f1036cf3d80c275b",528083239.910663
"3f418a8bcc7adfa87e0f67dd",688176545.105792
"051416c05445860d5b4095e6",421685283.960029
"887761f34ce0996bb05ac48a",759215231.724213
"e02fa06a8de8a603e417d5ad",440944859.040586
"6f5929e67fb8da068b91096c",789454411.018293
"291479f573955e063f2d8bda",807069762.775623
"e60850405ccec092b8fb5d02",687360596.617746
"464864b367e16547fe319229",771702306.883713
"4c14547b7e02e75204ca9f4a",642934408.492031
"6183257f16bce94113879745",566141211.571541
"46c34a4e5987c20eb1f5ff99",504918433.031381
"3f39b25dedb96409dc9d1947",815453276.795404
"e7a85e64ee07971696f555f2",828723046.557346
"33043b254b9085fc82ee1f7f",407247675.807361
"bd2759d469829bb8926dbe09",533533136.487388
"affae17b6cc59bdaa30e29c2",793433601.85657
"e611d41aaf38a58acaa0bf23",586834978.543141
"0de426088a306321990cf60e",441660319.090298
"685982808b30597cc013e2c7",566245964.642162
"4cfd1be6a93641b110fcaf67",472066986.70623
"68fb3b3cc3e5b13440eb014b",1157941025.02709
"532bf5813d7e70958f71a480",850418587.873611
"06ee1d8f3ea326a0e3a9791d",724723260.502717
"1862e0c4d8e89fd2302ab376",1375023422.9371
"f3dea3d678d959aaf6b2849f",1193272400.38205
"2478e48a3c6bedd57c13c72c",572375665.310233
"efa36c7738fc14a11cc352eb",480440233.260631
"2f6dfe9443645d6629eeccb9",589302609.78555
"bc7e867cad6f221dc44754b2",540895165.114669
"e4f2fecf58a038d7b18f7160",770333178.980637
"a7620d5599ec354541c8af13",1121713564.70786
"484cde8e47fbf62a339c8219",539928318.49868
"5fcd9836a3ea537fe86d457d",547406781.758396
"1b288024824312c8b1681bd9",439892299.727182
"44e4574527acc86977f5bc41",528088276.128906
"8b716bc4d6d833f9bff3e729",594993779.110461
"0ab85344c5fe6ccb0edb6313",656414701.574323
"03ad99f1799f2a20c8cc0a50",552199154.760199
"6db318f828d464be421eb572",853050364.21291
"c3e648317c360c76b94bf541",518959828.361138
"19cb65620d2330624252d01c",406682584.546134
"dba9fa9642ebc97ccd765db6",407974597.483528
"1d2467e5f991b935d676e906",437923325.72003
"4091a115125eb4a67f494620",580097715.78327
"d197410ebc0e3b9937464923",407424039.253053
"722699e593085cdd72102baf",440556471.752994
"c059affd0c19f6d4d76f37c2",427738864.428002
"855dcebac302ec5760f67121",678724448.997824
"f433278518a80c3301f26cfa",699791473.404172
"66a45b0aaf5f696d35f5cebb",556676612.266046
"0152ffa8757aaaf417e9f997",805859192.583747
"55b72f6c7163a9b0b3b0b262",488659923.68127
"c8346a875be8391145a2f9aa",416284699.982802
"11c86230e62bd2c9ba44131f",655555132.837983
"c4b97a459e2c6d13710fa273",491370342.884866
"8bcebf3cdc54d4ec99ba0d88",471293280.605784
"ad159116d166e45b70329bd5",542032233.508105
"6f060a8ee8d6d15f46289759",725489459.397285
"ab5f089f9d2ac1bf52222ec5",757489626.603311
"f4fc2da675d6a2583054fc56",460080837.407625
"89eed91bf5148b5645408222",629849871.767789
"0761d0b7c6e319a75b06d420",504396726.671671
"ce84187750fa7aadd141b5fb",731150257.435751
"ad77298955813089bce818a2",758413414.600958
"3abe8f334f0f20f8006ca5d6",796652967.141823
"36445c32822146606f75dfdb",776003380.686199
"f9798cc6285c9fb3ed7cb668",652314701.1707
"59dd396f70b8458772307895",658900885.11096
"83e91710343450cb0812a6e4",754540771.923543
"1e7a931100be734988955242",793239916.125356
"bedc5ab20edc896f814c3f06",634222250.405364
"f884247fa6414f384480bf38",460774612.267627
"f34a38cdec7eb598e55fa41e",727361331.66275
"106ad411e13ea21ad68e5f59",799979991.568673
"a87c585acf2a147e381005f5",412458636.836317
"ad755859e7b6afbc021fcf6d",571734093.819131
"8015080cf97316a08453a9fb",649805030.227842
"f56d8f5cfaca0691c6ffbe00",684269588.773353
"8ad016d414e2d2be053d7612",742767611.748904
"8b91a957eca1985938860c28",700276154.083947
"20bce83e2b75fc535a148dc8",562397996.989722
"5724ecee1b12e888d538c1fe",526440977.780578
"1e90d068f3c86c6f691649ff",662153826.597025
"0fd954262ee740999c31d407",412163728.909784
"a6d7b144058ebc326b9803bb",697587281.677481
"a81abab882910584371c7b66",516575853.599185
"9e41c4b41cbdc2553d80e362",647521112.243003
"b6fcc49ad3656cbd3f4c2ea6",754781151.981031
"9a296eb9b63ffbdf2a07cd0d",812410474.71234
"3fbc0746bd620a0baabbd859",664780925.582977
"3043d0b025fac4ed90b448e6",521561682.413671
"219555efc5b4291791143252",604723327.180984
"a00863c7c53b2c059ce22dfb",435358228.4344
"28b838c94d10823ceed62e0e",425881959.417859
"7e64ab35f5e336d5bd2e1b51",745701745.446624
"52f24ab479fad35c8bb5a8f6",674254860.452196
"0d1ef14606c58310cae371f2",464092765.790002
"a465a567a4f60ac534505bdd",738505651.620652
"8694b149f7c0deadf820f0e4",727858165.998001
"16d6b756f5ebcacf221918b8",704459902.073548
"7d132190218425df1857b8b8",634465443.291058
"7c7a3f51a58dfd1588d7c088",408635781.852191
"64d1c45a2968b0fbf0eeacaa",625040131.485217
"4fdc382b65441412fef509ad",754992807.378992
"04ece9352b3810031f3f9a90",667740594.234789
"8b5b351e07a26c25cf51e176",449420504.67601
"f923bfcb8cdb543c23bafd52",616016797.650444
"a15a12446d2e5993a0a6c423",637881168.147286
"ab3e1642655f7e705cb047a9",616016797.650444
"b62fc917b3e8ddd64bb81018",632860401.956279
"835842cdc8ea0a2206c2b46e",711147894.978945
"02ce5bc5d5d286a4cc0928f6",732687279.583855
"d8e51f7b40bf1887ac007163",656846787.75355
"90f320e94aa429856e37bb35",517419950.93888
"967a7676754d6f9aa3e14473",455172826.902477
"9251f3dafa0e747b6e78f295",642673259.629627
"17b5e8357e17b516d947ebe3",769190916.020086
"f943cfd29effc9c048b8e106",727543094.814755
"41719542347401b04dfbaa59",592206302.352051
"bd6ad9a9ab28aaef9b4955c8",746659576.859894
"bbff88040e5b20e874cfad9a",752897589.774616
"3d6a9a4f2336a46eb62e6a47",833861844.768962
"493367258be5d63dc8db97d1",833861844.768962
"67cf2149b4c214da77694088",802748067.157253
"8d2e85825e95f6941445cace",795858667.524186
"01afa737bcfa6b1ab530eb09",821214342.500596
"25813f7204a2e796170c4836",607231431.574056
"3cb1773d90dc240c4ffed5c4",674337171.977511
"6c81a0b90366db9f514362b4",674337171.977511
"44c8131b88accb3b46b79ba5",454329744.239951
"ff185be4fdbe3790c72d00cb",446978140.372871
"851f50292e30b0a464c0804d",548584743.082018
"6fc2a4f29e3b896bce631ee0",423679018.361301
"cabc4fd04b60a66bdbe2cf9a",718222606.131824
"61e9c2375626a18bc9920c5d",521363754.786573
"396c8060d9767b4debf2a54c",638254792.690269
"92ba019bd942fa33ab742924",522318278.627459
"ff71037ec8e5a91aad6f0686",457762111.060567
"d162a90b37622c1dc6550690",421744002.009819
"e1490f0730f8fdc36993027c",496296504.438585
"5a066d6bb65d28c2094051f6",689120946.600138
"9c7bcf000cb37f48d9f15422",641574655.333208
"528a6345df87dd0db33bf822",485004206.149763
"579ee47bc31f5408314bca28",690150885.91224
"eb61a13df1c8d8d0efc4db3a",424615026.635138
"b649d315ff3c97c4e8e9db73",410471508.503972
"d8dd26eb78ff22272358e302",583756057.575469
"6ae2221c504027acfb7368e8",470720118.074701
"3ce908c9b70f349158f7d04a",554214504.866139
"7cf74cbec871e465ec2f6a61",554214504.866139
"02e9b077d6cece81387fda35",829464709.541956
"865ed399cc344e0638e45128",819455659.890684
"d9ed55fb72efda67f5144330",808386992.255837
"9fdbab0b428f19e7e8dc35b0",807002033.627711
"c061b886b7136a1b00c8ea2d",795365476.920563
"fd0f6c0b5234ec1f6c7d1fd8",593448973.050737
"9df90c0644948ea5539939eb",657069830.390214
"547661e79bf0c62cb8de63d1",588536536.382748
"68963f5f3657cb64276e3beb",629097079.7484
"cab0a460167bb64c037cf25d",431191520.288838
"31977cd5d4c09eff149e74ea",775130607.557227
"23264fdd1059460e079e5810",465969605.720275
"4769743185eaeb0e4158e0e0",485734637.518693
"780c809c52509bb4855a4efc",534475278.52347
"f64d4e029592761bee698958",462013707.166686
"be364e85b988ef8627ece74e",427248006.312199
"c73c38b652e9418f06f89b67",414342357.384512
"213032fd36fa1a6342570158",648529696.500556
"d519a8de5fdd1a84ca1baac3",634482385.572402
"df91a494d5d244f20dab0eb0",453693265.050533
"9be92b361ffd3ea2c69be23b",707049835.170167
"cad16b2ea432d926d961109a",541525886.385817
"56b22bd973f94a4bfaaf6b33",819018140.194334
"84114798ccd01ae3dc97cb27",418695089.694647
"fe2bf1f402addaf17a213030",654825322.021683
"e01c1b69abb6a4c1c69c77d7",668525601.599006
"24671f63cd061228ec0b5b9b",406822231.901712
"f54c16df774e70d49355cf4c",582745941.427137
"5537b994e85c2688fe555d5c",550401054.587615
"1e5919cbe4373aa261d672d7",476318783.079634
"cc125d0f70d6d0819d6d90ee",654340896.982591
"51f94ebbd6d2533862a1fdbf",615420207.656248
"fe409f9ea8d18c9d9ba4d02e",451715932.205421
"753b47e2a3b9fcdf9d7fd9fa",659016516.596562
"6bdb3153f267395eefbf588c",617395389.647161
"9bde9f216ecb90814670e87f",654825322.021683
"7f5280804c59f56fba3d6201",480858278.393918
"ceaf16e097500022498950ff",555179401.055903
"aef06b27b0a080b5ee539b6b",490340487.616941
"abc668bf93ec7d1951c65cf6",451715932.205421
"56822f406646f93fb39d9e60",438260069.924608
"2690ba8b22a95cb837cb87b6",422682991.14193
"180172e4eee8ba756207b3a8",434859456.031548
"c11cd2e00942ffe56db5ae88",711997512.860212
"75a287d87aaf6ffe7b6db546",436071277.702548
"08f35bfbfe1bd663c40d9e54",742266263.280326
"c2bbdb2e5d0191071e6db37b",646241632.711594
"b129a508d1d98a1b6dd2f61f",629488371.217779
"335626f385c28e8370c207cb",455753136.256375
"898ed7299f0c7b8a99e4877b",754228536.153147
"a98022fc80dd6ff27de693f9",550652015.585401
"a59f1631e721d231eab4d146",791187941.040028
"98c9c866109bedd605ab7dbd",733752941.254136
"cc9743189c3671adbb1be49b",702621503.684678
"e22b8126863c9ca8fb04df9f",750271358.855802
"247715511199c5b680088b56",750769522.276914
"6e51ca1a9c2bba9fa0cbe5db",732938870.984488
"ba8d6800443dcf95bf9c1037",547978200.073054
"5ec6e033b9dcb454c57050c3",745360468.395582
"156ecfd8ca6004281b191db7",1060826650.963
"edc3879a1102740f2f96227a",773675707.033905
"c02ce25a3334860d3bad53e8",587653756.70169
"d041129f83f1f13fd7b35e4b",825511055.819596
"6946fb4c877f35e9215ef4be",749907965.51003
"ff2897a56a0fd08996d19424",701590350.06964
"e1b64df8e809ba220c9722aa",768456242.360067
"c13263f9c8628bdef086106b",822498179.13377
"e2b8d1aba0c583984aab25bd",743480562.240022
"3786baf40b31a20f3bf3aa80",603355768.440392
"bcf12785c25f6e600eee8fc0",506821154.545642
"f85d09bb2ea40bd4b68465da",732699857.102537
"1f40dff9a973064aa4737eea",741387596.46058
"79beab95c6857412ebbbdedd",722630720.61379
"5ed8cd2cf2c6dd5b5241d6ac",844810289.076341
"ca8dacc29a57d39640e3e59c",750888385.960732
"723655990d58df33d55009b5",781427608.376609
"79a675215fed2e293b27f43d",763770044.715548
"57999ba0ed9089739a1f4de1",741215098.207775
"00cea81b78d6007eb405d5b3",780486208.408772
"c00facb3e4cbb27c47a621db",850554850.546532
"d1481d9d2bc9d1a3811f2faa",833052690.800186
"26313750bd29b2c59a81b58e",908782984.14531
"2bbbe93b615c46483056bfe6",852603038.816297
"0f8fa0a074b743c92f0fc56f",853305851.582331
"b925f9ef733930be26417458",893709505.275255
"0183b38955437e8d0128a013",801342199.98305
"1c9f65b631d2f2856bc97079",735771024.044273
"c11d82cd360eae99c04009b1",857853915.854125
"4a80ffd8e908a3291a32fb6d",857420425.395871
"1a0134583a5854d5aa9cdb9f",810104922.882743
"5f5346deedcb7cf5dcd1e9be",727659669.132601
"f17c8b14e56a76ea84a45fd6",870253644.763729
"b8ff548543842246ad439703",862459120.58743
"53462704cfc47d32492b4847",886413015.799893
"25f925538316d3cdda8218c4",886262556.390613
"ffe653c61bf13df43fa22190",540322888.080399
"228d98c82021e2325263c7d2",589807504.432124
"f32a7d08d176bf9177dbcab1",642945445.287345
"f2c86c1edac4eec6c01ec11d",469182859.764695
"06e350e3c733e5a0afb613cb",568625934.857502
"e2544529df4efb7e90afcd21",549204527.608079
"a639ec3b943cf90cb28bc1b3",479633591.833704
"a1320186028a726935bc1cc5",924165337.505507
"97337d2f347a50e0ef518516",438255054.464835
"8f619dd7fcf5e1a17af301c4",682718232.639784
"72569ddc5828fc702b2fc773",765280756.494772
"ec674ba8cd16c2264d270901",894374552.682832
"2b05f001ed1a84425a45d0ac",502296124.748591
"0a7758f69ddd8fb27a839661",655030186.811357
"e3ec7a8fba3e1ea07a135dfc",713623567.693574
"4163b665043ed27d7bf26c00",456052266.741316
"69f7b81b70ea61f304ccd36d",730192823.208043
"ff61104cbeb37f077c565fd1",451208746.670063
"883ee78c03efdb4bdc57796b",660015310.265652
"fafaa5dcf66d22bff322c72e",422017591.0788
"eaf0f2b00b6994a9ba8c5ed0",465259134.712165
"9b1590945c0c7f7b0704d287",706309846.467089
"766d34ea891f3af53f1391ba",488570455.568186
"b8680f925773229571014e61",527366572.591357
"2fcab31c752b699af5e8ce8b",661795243.598042
"96d14697ed6847ee757d113f",631956940.472935
"ded79c11c30167a9d8accf77",459576531.630845
"ac50dfe70b599ae93ddee4fe",723476117.982291
"3fc7a0f9c30978f24d688fb7",694670196.788819
"083f05fe52ab15e8d481ad41",759488969.718372
"075be16d8d9ed6831d139b2e",619192645.008579
"ffce0b151f293cad0a6f770f",845558285.375466
"5997da918101ff14bddf20eb",499698872.567308
"e102f1d841d7cdb596d50624",406440642.675057
"a2c3da753f0116aa5842d4ec",801097687.06273
"43228eaa1230dc0f7f1473df",417038888.395899
"4349d6bfd5a518fcb231cb3f",617655691.508823
"c6c978051fdc655d21a370ab",638004062.823427
"f4cdf3ff86fe70fae3e59f4c",436678037.869237
"ac154aaafe98dae45bf9782e",712929729.455643
"01f6c99999c154461765f4c4",610603017.776664
"d7d30819fc6ad6e7e41453c1",771783265.923808
"383b3198861942064a63184a",653333244.22593
"3a2f110334251e97abe3583f",416932313.249785
"9b9db425b698a4931173b5a4",543558264.372711
"3b51828a1e891f3a52a4653c",517876099.796463
"c94dc49efe0a350bb522a56a",784861687.854064
"39e4765ae5c8284e1f3f618b",530107631.36934
"04b28e63fbba92daf83865ba",841205360.74822
"b9643a26731cf2a9a243ef33",867846837.543994
"19e03fc1a7ca4b0761eb9ef3",739665829.690065
"c0224f0cee5a388014db4f55",1093666184.17026
"c4074029fba935dafd82eba8",416496751.987492
"0a8d749a2336d8f66a4f19ef",512751390.243009
"e84da6ce78339d50a72cd87d",406435991.357647
"e9830411c3092327f4e66a99",473379785.793804
"17d51fdfe8fd16185bf5feb4",691038681.971416
"f07126d58455b20f547c4380",689827137.716988
"8fe7db56d501b9c11461f62b",537850009.365364
"1ae2058fbe26f384be45df4d",465119831.984771
"e74a31e6edd4459d4e215c5a",663065045.866267
"c91945dcab0bf200c3ef321e",640832295.282936
"933018604a8d5a9020aac221",737385266.502972
"876ebdaa0bc953890e323843",546109466.566456
"4fd907c202de4f06cade3b3b",755061932.199176
"e40f616637f6187024b34086",817919122.421917
"f9038f7e24e0a29bd9f3e24d",616798640.985388
"b27fc4e7f6042d70a7651038",719971355.289833
"e68b18b57fbc5fd6cbb477e1",468003083.771351
"326a82671272d893ce699476",801166448.779638
"d2655e69f5dbd09ddb9268e7",748301990.029912
"440cd2efd45c019c7151902d",688713604.93055
"e5099db945e4f04aa3f0bfeb",583955394.912929
"3477d85a434f66df58fbc094",673651977.814227
"56991f74ed430ed942b2d6d6",616645721.43898
"7ac1b85bd87929705b7a86ca",667006123.125223
"0e1fbbe248919eb71e53ea75",523937686.352912
"75c16273d3a593752446c27b",729456439.393795
"7e74469fe0b030254756296d",768404944.083638
"35fca2d53ed17ea7637c528a",820359564.904659
"963cc728f3bc207a7ad74ec4",720600572.343149
"fa9dec2129f7218b4c4d4b35",690862085.614215
"1d0a6bf40e609fc74a319310",646014872.615482
"b9551c416341fb167049d4ce",632564735.115782
"89131a0af2db172538723b08",661949258.975645
"3e66557e876a876c259c40a0",423679018.361301
"078144699729ee0c46f36123",750292824.598629
"fd15189b99da46b098a949e6",611422303.81064
"d69209d7a26bd306bde5a37d",684227825.546611
"89690c80b7adcb8a8afe531a",430483986.981741
"0e0d19168609ac1d75253edc",511835826.691359
"6cd0aca2bc40d83473a39885",625456337.13119
"6ea0d50e822913d0f444d89e",538639480.29464
"39579c195f288da8d77f5ce9",712634712.709566
"bc54f5dc4e9ce267ea592813",503903431.059672
"1d43fd3f7fb4e24a0b7c9ec3",656146825.747537
"2566d8588566312ffa4fde42",848603836.828373
"8d27746cd9d2532fe9cfc408",407769995.4104
"95b822f76b4d3d6ceb0c5077",597717987.669523
"eba86391ca00fb217ed1f774",597785254.792966
"b9a0575867a59dc5dcbb9cce",644024285.665656
"0845e73ae95dbd4aec3f1f43",426743060.176183
"419a2f823e87ab67b1311bee",834294563.55414
"552217c633d2562cdcaa81bb",655053925.289185
"4fd7984773d2872e51574ffd",763649141.898561
"a87ed2154a2351cf26f0027d",757667357.457522
"a2522c9d3edb7e7a23a42b74",854292718.169075
"357e58ef96c53f39e267b80c",845679252.110443
"cf0ca58262feb1f8b0dc7b68",850170451.237699
"1cb79aba890b35f9d2a400f6",1300778727.03809
"d5c79ef12f43e2bc19e22fdc",656646364.605636
"776e1192349cb7cf1579056a",602332416.554631
"7de63633c7666484bd098e2b",733846715.264654
"ca1b1c17572f776fc1059691",587174224.128114
"53e94de217ec45ad576fd83b",716962034.9243
"ed5c3d2952d2575b1bb757ee",819990376.043263
"bdfa334bc331e3e547f7568f",759488969.718372
"9c6a01e3c7ef87d27185e9f3",749290314.886243
"05d9818d3f9f2a5c358d3911",826861537.804146
"f6c990e406b3756ee39b3b30",610239760.429978
"19ace6cdfbd8bed6e99c86d9",412969522.844796
"6a04f8684e083eb6319b5272",469224921.728444
"179bf83034539c8a391e0310",534270412.227455
"a42081eac6834da0560ea4ef",635572482.141703
"784fa9e78f7cfeca4133e8ed",689775825.732402
"978edd828fc71300e6723e06",641150169.651653
"61d6969334fc63611c810e2b",792470180.430708
"4d592a67596afbca92d26bcb",611233409.325212
"50f8068603edac10c87411ec",450133404.019145
"9965f598c5b95b3cfaac50ad",687549411.772741
"66cf83769d16a4d659edba6d",707277783.707536
"9c2c2b01934d1d519e651786",533345924.739979
"2b4913f28d07628bf2d3ed92",822471510.122926
"9baf7967c49fa209de8dda95",524836856.353826
"7a0f887a9426270ff3c24e36",803081920.81434
"c1034173dda31d20c4efbed1",609762731.586827
"c4a3d64de5e401a86395a919",417474220.340433
"c4cef41167a5e8354a61feb4",622136809.82383
"f52226b24ca3d5b04b7cfcde",718222606.131824
"36d5003f0b5ec7f80e89262d",817370166.687527
"641600a4cbb13b35dc7913e8",902793230.566101
"c31c4bd09d8cfba562ed2b41",782010593.595266
"0df96c81adcd6fbc2f7141c3",624544385.700575
"4499adb2aa3aee94d1f1a1b3",794189125.234002
"4ec06163d39f96baebe11bd3",614044854.876119
"692cc1c9949d35ae11412fd6",458856553.449684
"f1da5388b772159ec90c3210",762604058.255181
"e7ae63f81f8fad37bb9c1b32",733095460.344234
"d39797a12d9a4aaf15ac11e6",462241999.844801
"efc5412fb02ba9d8f604e493",685365478.414298
"bee2e008ee41f8a711fb8d29",529750833.174597
"80279a7533c44bbae477ea4b",500707315.42939
"edc43e57b2905405a13f8f3f",420343436.729872
"751795587d1396e0daa25783",550873670.397837
"6d90801ea8cbc12f9e2131a3",646794077.13409
"71fe067a5ae994180f530686",646794077.13409
"2e99240e23b0542f1cc75026",617395389.647161
"fd6112c82d5808311b08e29f",658885804.239119
"0ac639a7c5ec115b3df8111b",697777575.154816
"af0cfebd54f32b9b92c5fdf3",646794077.13409
"b0015b31facc48a49f1313ef",430842128.08408
"2347f69ec1ce4a3fb6989eb7",497389147.313027
"209bf65e11bd7053d9658824",742849785.867875
"41877a677d1856bf609515fe",743785511.238775
"cf60297d9d9bf1268f35ad95",748581787.790909
"a33800eaaf178e01558ee926",758461152.543366
"69e663ffb4935aecb875854c",783083765.847995
"595415e95e075b70c39d5c5d",797102864.634876
"719679261d84d6b93035143d",775982659.437037
"9f149071cf61295815e3f875",747196670.767335
"3d24d985b95a3e200a734bc2",871447915.112552
"bbe705b86c6ed4da775b68f0",410554505.5945
"e1d875468eea7b2eecbb49c7",773988612.184513
"0802b7e10706252dab8db909",750769522.276914
"2f412384597554f3dab07985",770021751.634559
"da8b5c8a320821ab8ca00a80",743314665.785252
"0f10d20cff5664f9564bc88f",862459120.58743
"ab8699d3c685fa834d7ccb3f",674893037.663534
"85956152686438c48c52e018",793176373.297636
"ed9c4f4e06183b15b877f077",672435003.450365
"12e32a758e15fbeefa255207",754362335.659058
"22cfdfbff44541dba9091753",803886496.113022
"314a1e163d0b77b0f384da29",417191640.566243
"23959a0f6e27c8c2b4a7f436",716434375.518173
"6ab5a87a537d2ce326c867c1",552950623.104101
"d9ebae84cb53d29bbd8a466e",409446392.719884
"9511afb73b656135daaceb43",739084808.160446
"9231ec89e58a3daf459c5b43",832935118.876251
"8d97cda83fc7353a86c9393a",858667505.982803
"3b380c563ed2505b7630feaa",848215465.717934
"6e5ca223128fa2de422b4009",494319198.156548
"ee30ab004ac5270daf59758e",615484771.191724
"d6fee4f680569a54f4267215",662301609.194896
"db3b84e5b3a9097392a57319",541459786.186157
"cef379fa831f936cad745dbc",505906530.467883
"4db8d32011163bc4fe01d02e",630725057.162851
"f842221d74340270e757fd41",762544423.962827
"f6173e36f95ad05b8e94321b",823297081.380059
"5960f14f2a81075fa66568f8",538648726.73349
"cdeba97450c735185e486eab",621731114.08514
"f9a802cbc802d49a087cf23e",834044768.333622
"6a9ef848f22fecb9569098c2",753640387.694115
"f3986309e4fc4cde2b5feed9",740193657.357956
"6c3435048735371c36dd3892",777278801.502906
"f019dfbfa7fbbddec988fb25",777430035.462934
"4526cb4a2b8238dcc4e496e3",660282246.642463
"95561bd325f60967cb6653dc",775821348.63432
"9f3e09a3461bce2fee7e1c40",1269711068.35175
"1034b1af0331daddad70f3a5",407352552.354406
"3ee9cfee7b0acd482672ed47",716177521.428684
"adb51a572f3198367e3760ef",626475957.972814
"5c802e198dc0906016741026",522570388.944466
"671603ba1f755be5d7219a01",504116844.773024
"001d77bfb387bdf0b53e9e83",717124785.484007
"fd9fda1abfcdd1066a177e14",499635971.929062
"e1e78f3432ea2dff6b69c6c0",442759331.667144
"378e6374da00b72bcd7920df",705938122.881446
"54ec4fd8f49c897c644ce83a",474717060.636993
"a67ef3a182aa268bc4d9ea14",612583770.102074
"8100a4b0288d5d9d9dc86d2f",410196798.263687
"699ac8957d9b4eb7fcfbcc40",560830840.462306
"7b35a3e9f3e67fa1974f5c25",585779311.056637
"6e5383a7f9a68147c2788565",844697502.26335
"fca1c40a338288036b1eb25c",729018302.78761
"237da4784755f090c89f07be",566221124.532293
"21a7c5d6ea818dfb25077e13",649437031.263586
"0cf7dd52e117832b4698b310",671701774.613552
"677c8056695a5a539dcfa3d0",535542667.439703
"e4b85269ca413066323f66e0",955050430.616932
"9019f1dd02ede61479b62406",483530958.244263
"958f3e102c6ecf5f6386a004",491205420.806937
"b05c741bc5013a7a6abd31d6",491205420.806937
"2c58f2cbd00035febac060e1",761807380.291667
"89d36acc5f617a6a97e02f23",707292623.141659
"2fba6801eb9a7bce7ed2c081",681656478.851946
"45ccde79aee811756030903d",681782605.704768
"5bdb5174517b8faa23df9587",799716064.666648
"36a11817b32bc24eda6ec8eb",484309974.32959
"f1319a9332946bd68db250c2",538979648.217318
"39f70d6b68b22668a0631f37",591202988.707944
"3958d0cb732f3d623764be54",553183754.220748
"f67028acda5ecaa4c8781ba6",480585957.712835
"76f50ce5f30cb96d48a69357",421136304.140481
"9e5efd4741a57b9af54e9265",617257627.193728
"8c45ac143f5cc43e9249c17b",558870306.171656
"2a66eb4d2a205bc4474c0afa",643209158.395329
"85cf1ee98e1a85ff4619e27c",782134403.442605
"84c2ab0573d3cbffa0be90f4",773988612.184513
"48976c41de22ddaea3f8c296",638727308.781385
"001c03f6103d35389825b62e",752522877.084515
"ceab390b6906d5cbe65fc402",506772822.618514
"79f989fd66108a2c38a9764e",774325274.057854
"cc385eff95aa00310eb22111",728987712.604033
"ed764bed1d05cb1e9a4e67f8",816698509.545084
"857c5dae475eadef41c25603",779563785.15734
"7148b0d9e2e1e92d41633230",718178770.640604
"7f3e02524981fc7e40eccfdc",416569843.615184
"ccc625df8f51248e3dc93214",416000544.989627
"b38776cf09ec8e90fceeec84",417016616.711122
"48ebc3d79e01061c926066ba",407811218.74978
"9580bf8358095abb15a10c36",406793522.697126
"d26d35e33a0cf88f735a9322",702856068.05843
"b4c2a0a1a63d35a9a08a6e15",714808732.923726
"1bf1913f806bd4b461233551",406482506.927185
"34d1394dbb483e55d1cc2da5",410820835.938065
"7bef2da7f3c160e94fe91ead",417307037.359159
"528014ff6b7cdbfc174f4fcb",492936106.141076
"bf1dae54bab00fcd3e8c9ce2",509868569.547617
"f270dfd9ef449a02b6d7ae2e",744033817.875755
"31d6f089626c4fd08536fac0",504396726.671671
"259f4f7fd5d851be70d63633",418335077.085222
"6b74ef5c8ab1df614bfba866",743480562.240022
"7ee7fba3a30e0e7c2ed3043c",644696559.528854
"b24bd44eefc3ccf053939dfd",615471857.942784
"0545fc14aece3f37864ced2d",615420207.656248
"e07eb36210e90ef0419fa0d0",735481986.228972
"3991b04509fa61b36a8f7d2a",738098681.938347
"387af5fb4b4a7f5c3fdcce57",679030034.909376
"6852e8bbadc1a9f4fbcd695d",770437505.913983
"8c3373f9c0372b87ef021512",836309976.569525
"6123a0dd128e45216f832e3d",963481424.53574
"0913364c688d7375d0f7af5d",453693265.050533
"8831ae77efac99a6c58ce05d",866832739.891721
"b6283a5714e0b977110318ea",609327913.431631
"d2d8f5356f77507f8839280c",783355650.738509
"f36bb15462fb29f80b127458",850554850.546532
"7abf9cd6b26e2e2bb6d91e5c",748047978.5974
"1a5f6f7e8b7af9d48644f1e0",559808071.353688
"8e2a5f8431996ae0db65d0be",770718230.193712
"29535d858fa3a11792697820",790614701.734589
"8e4df02eee6cab9bd1011987",646241632.711594
"5a4039f0ca12767138ae585f",476208866.540354
"d84248b3ce8ff6f5fa480a83",476695962.319566
"5838e86b74020a5bead56161",413488139.588361
"02091877f01c926c350b013b",458128091.184388
"df298574e35dda90fb568023",409075606.126583
"d8b83253855448caa81f7780",483063597.364838
"1163ab2c0bc8c998e121b922",423259012.810814
"14f9ab54432e5f54a50be4a5",408487720.611261
"f4e0fa1172c1d4b70b6c4d73",440813677.008374
"4345863fe83682f6091d8a77",430040830.395757
"6c5bbbfa3a1515e5cdec9ae1",768438653.993792
"742da63af109164c21dd57af",509444737.058539
"fdc28a68bf8a5bc86288b4c7",574454791.964654
"0f4b077de4ba5f5db6fb0065",512477624.567155
"320ff6c0320674fd278f6fc7",507160574.457586
"6acf9cef08906fe569c38572",748196379.297693
"853febf898a1dba351d6f917",460787795.323612
"8ae41ff6a828f175a9f628b2",412486172.34
"56ae6108c1b53c649da2f6ba",543474293.695308
"aa990d4e5f1a0fc4f0bb29aa",548516735.044463
"cb8b826e929f4f8a8e3687bd",511674770.890723
"b85a7389bab2e651f05369da",415975155.106209
"1fe929afafa91bee53df4e86",587014093.695596
"02e89c055b7692dab024defc",413399818.42619
"66bc6e56bcac9bfc4a7341d8",650080236.340576
"63cee15dc4a6808616a2c2e6",439359001.464602
"9a889078a0225c013570609f",421741588.778187
"3548fa5ad26ba2ea999380a0",447392668.439467
"d9d8aeafa748f8f1ff2fca22",615247680.172951
"9e2c21d635fc25f7790cafa9",457668697.615868
"f99adfe85d32b0a66f4d483a",546528358.839685
"eb64fd330053a41ce5be4a7e",427105420.70244
"ea8d704272b2cd066a7e7867",619158396.484681
"e7c92ef9784a92c8b7fca693",628659265.944121
"a9b83e18ae78d307d1b39b15",635831958.370887
"ab8d6823d905f1f0ccf4a75c",636789541.010115
"8447ca83d928dc34c2e7f9fa",424628794.969494
"5bd24b842a67601630036d0c",613333179.459893
"38d5b9319bc16bae99fe73b9",617063399.052278
"e1558509b120809eface5b87",604820222.072646
"4b8d7217da1b1f225f254914",454311546.734851
"09e0c3a1b90d46c361007323",427105420.70244
"d090a9e520ef74848bb060a6",671563422.562025
"07284e4caec09fbbb16adf2f",675247126.004767
"f8bb20be599b79cbe29f36cb",654397061.922581
"07dd30f04c5953f325df9aad",596250259.726423
"622872d345b4b0d9c1b9302f",550104039.460382
"fc9151dd6f8850502c747bab",556360292.811106
"0fdd03a2dfb18e323d96f468",660555590.497908
"ad7cfe29b56c915dd016897c",594418682.912138
"f40a182d82c489f55c64ab7b",633635825.460539
"fb06aae0e711d628b16eb910",662412783.650821
"7dabee85f750266dce02399e",664533717.605269
"ebcab2f8506c64a461591d1c",601478272.45604
"340f96c7de105aec5b7a28b9",700614160.334967
"be1c6023731fb633c4f41f96",420046897.031665
"d6b051fbaa13e3d92a798521",670429498.606878
"bd04c8b6b5e381cd5f881379",421863071.916161
"2ca47f5c36ea5d1cf00dbd2f",415768126.72479
"3f2c18ea5d8e9a25adca4c42",543072243.641477
"5bd59dbebb0d6fa71efa4c66",740111777.060191
"bdac2f1c4b306a7742f60ab9",754641520.710781
"a0e26a9d56cfb3b7228e5d75",462160894.549557
"933740e21e9b61721b2c6053",632564735.115782
"a3b9c1a3b81f17e6b22b6152",625637693.839121
"445e241d8bfaceb149609d6a",418370984.613864
"937f0b37f566f65a1871615d",520622443.167266
"9a76a405640f670c6355630a",522817634.947704
"7a0f351e8562fb7aafe6e714",525027089.725153
"4c5b79f3656501fce2e2178d",814126085.949834
"201053b106a0b89a0a47e2cc",534383537.63562
"724a5f9542f86cc43334d3e6",419215299.572928
"afaadd87a196e04b934e0b1a",493231417.68094
"a46cfad2458ac7ca4134818c",605067143.509566
"f640eb21bdbb9369acc4e863",455753136.256375
"8b3350aaa66b9fa1c682c15d",658982579.165629
"1340b0805cb34eb9a982190f",652161683.559591
"055d5ab6b22d4d0ac325fe73",646241632.711594
"faed63c1287896e97987c4c9",630912755.047651
"a094be8af52cf76977fa5083",652281108.86374
"feb3384733ed8feeedf9ce8b",652281108.86374
"eec4d59429b1d1bb75b4d686",592284246.008705
"3e9754a961d2cf348c9ff7af",659034114.471045
"8f8a92abd28c8990534e847d",720773772.155593
"256491790d0a2d5e1ebdc2e2",437715392.259147
"ede7995bc4e7e672fda4fa5a",782364174.846227
"9e8a11484838eed1f4673a32",669574565.252418
"8aad5795547ade3c804c0ef0",745676144.248416
"4ec4683fcf928d9fb33eb7b9",766114674.784747
"ee18825bcf4065d29287b54e",774769951.076933
"485cd615660dda11586f797c",762297209.57357
"8b450ea6c21fe0b5157529a4",733738946.160911
"0d45e78397d4bc0d363be47e",736903011.653184
"bfa4cb65827c4ebb91478e53",763004164.925328
"deb2c93acfaf6994bb3c0608",745676144.248416
"571e1a8c252cd67ee0475974",750888385.960732
"04e337d3c692f3429d47aef4",795189519.833169
"cd2913f013727119158b98c0",783959512.828381
"ba63594585c484bbd20ed3a1",741475274.891058
"beb7b99cf12926d8714d1c5d",706897460.860786
"0fbc9e52ccf1b7ea8136cbbe",741492246.107499
"f36031f3a3f77a3fcad337aa",699476544.160541
"7738f18d533d0f0379e3a06d",859575314.700614
"20c3cc21b44eb37d0b359c1a",801342199.98305
"78257e76c16db549022fbf2c",829029752.069645
"4baceaad0b0081bdaa37473c",790614701.734589
"6bbf67d88846e94a63014eee",855062157.338717
"edb259013ceb62ad9b23eee3",850554850.546532
"ecfe155a407ad2c2f74522e8",845150351.876203
"6906a20be4962df7725dda7c",845679252.110443
"5d86b884df3627d93f206952",870799915.708895
"cac3eb4606346268cea48e32",886262556.390613
"e7439820086f8d1cb13d7c9b",701593026.429535
"b940561f2d48444e139eaf71",625654400.390976
"4433060d0fa95ae1382f2de1",458126343.567744
"27dd503d4fbf4d5f5d850d4d",572165002.138156
"42a73bad238f2d3f5e376044",542070487.102166
"2b53b13cd912f353cf9c4757",652113173.275746
"4cb59b46927df31150830d5e",465479264.792172
"2f3d01cbf0ee0b985386418d",520532087.235003
"d12e6de49fcca906c3586994",429003662.084599
"8f541a839df1ae79d563427f",493484548.20176
"ae5ff2b5eb4f9ac44fef666c",515995843.503943
"ca77a424800783bb9c5c0450",641703157.387313
"c0ec1e7ae2c6c3c2f2ae34b8",624595610.428018
"2372f7c0499de8aa2e5ffa06",567928985.163848
"46de3fbec5bc6c0e256e7751",429833360.297239
"4d8b338266822739bc9c8fc9",654252290.991033
"86d46a3fd9d7bbcac3319829",731324598.02343
"b13fce1462ed87e57ddec917",713533738.837958
"625caf4f4f56f3f6bfd3f786",446197041.594083
"2214e2c62cf8d2d14f11d47c",612447081.288847
"cee8fedd5685633435d77a06",822284851.257795
"061386497cc2dede3ea70b1e",647255631.251687
"3ce50f34a7974ec17178a79f",723074672.336791
"855ce1721230ba103fc0ae84",427977158.144559
"ff3b85eb538fb9a7dd03f459",425409459.994622
"111bf82100a6fab0c9ded743",762342283.868883
"8877941794810464749ba5d5",749803558.255756
"1122a042822658cb504dc147",762342283.868883
"d7d924ec35768a3e6bd39b20",431136420.828259
"27cf45528b4266162f7c9029",609263995.742362
"916f946082d03023ffad6f2a",801681585.277975
"68181ef118970fdb1d83f030",816698509.545084
"2f0bbbbb466fae3fe5c4f614",653848100.438002
"17c8b228fa2591e3a234d55c",652574789.042102
"e5d9afdaf318dbe749bf9950",795326034.877928
"ce2cce355f493a75ab59b242",475330446.860983
"b6825cfa2fde9b42fcf04c59",427151857.646274
"6fb3e33e16eb81331d389ad7",457668697.615868
"e29d9a401a246c00f5eb2413",770350810.709644
"fdf103976a39cc12f5effaa2",770350810.709644
"d1526bc5e5446680841a9cd7",955274515.439861
"a96cb9d988f5dc99bf5df4ea",955274515.439861
"760125efabf13246774a9f16",915292441.990145
"229607e2faf76efeeadcdfce",613250126.429321
"f14b11d270282b317d9cbadc",771702306.883713
"8a41638edfc5183469b6c43f",652018650.78195
"ba249dc7eae0609f20ccf234",711078721.588187
"0dfc7d77d3dca86a221fe62b",857853915.854125
"ed7f61ea4c9095bd4aca258a",545374576.946364
"d2ce77db7cade7f2c6189002",609327913.431631
"9d18c354e8939c9f18598f22",466270105.647347
"b95689add02915dab555d9f7",870775002.279856
"1c35d9468cdc55670d48db84",791187941.040028
"caa4aecacff2beded2e76beb",547255408.832996
"017487de3455d9f642a7fadc",585111555.29819
"8ed9c13717d2bb274a81e460",829029752.069645
"c2eeb1cf0549df1359ef4dcb",443947440.368031
"3a413637f3108ddf7bd53bcc",504918433.031381
"145a241c80430b1e4ddebcfe",669289829.805873
"c954618c48b70cb00efb49fe",736963451.962613
"fda6cee77fbfbce6ec0eabdd",585664241.967155
"b92c9c464e23f8b987290769",445982627.691484
"d81b170177769c0121b8935a",598325946.808558
"7a832790d068e1e85182b5a5",455597561.673946
"462ced9cfb28550c160e5664",865293184.402822
"edd9a278b86b1c56e237a0f3",527381660.885864
"fe9b6a82fcc3266ddcb3e36b",844810289.076341
"fa74fbeb90bdaf8eb26f8329",755619482.325133
"a70b6661eda6ef616e19dded",430842128.08408
"cbcf4d76223673724b0f9811",524986033.532724
"ba16ae6ca55dc3c0d5480944",528954211.734866
"3c840c206546c20b3e53d4fa",567224234.48193
"c61076b24927a46ef506322c",638051523.539527
"2e797c8302fb7ada13ef2d4c",845052025.817888
"3c9e3b97db788dcd10acf0e1",674073553.322149
"28db5acb7b224d44e3d7ce80",522206711.322438
"c7aad87d39537083a5620757",468060216.541074
"099721566fdd0a32546fedbd",726033481.470125
"bc67f29c8679adf31353bec6",754630005.882851
"eb40a304997a6e66c550b704",607694889.162941
"3882da646752a82db088c614",535624391.000522
"68c319925551b9484778bb65",605311856.667736
"711b570ff195fb77229deb35",723625164.821042
"e7a2e8e1c22a52f78ffd1b19",729530183.491454
"814d93fc94b4de6d3a860bcb",535973899.860613
"817da44fa842fe304b93c199",477846609.699084
"5cb29f5aaad14b6c33813580",493231417.68094
"8a1105028a1a1b83c5080abb",406434440.93034
"82b69c38d041325a4bb2fbce",408138041.670627
"a57d01ed5a9641ad64f7f032",652161683.559591
"90186e67d802be6d12eb3696",645107397.185804
"f781bb1ed340e08b23258ceb",457846810.753448
"db05818b6de8d77c1c3fd053",406822231.901712
"f4ed8924f5d1a3e6374715aa",1375521816.55834
"d792d1eec60822752c8d52f1",781239833.626143
"47a3c63f65a9794384c655dc",646241632.711594
"ebacf31727972e81d0a0d904",465056848.906537
"a759e4c03e49c419c8f0cd2d",610555269.697593
"0648a4bd7ca088f4b3834401",738098681.938347
"b25734bf3ca94e775f467e85",481901306.711169
"65a8795e7a5b88acd7a469c4",502100719.786338
"b799aa1dd2de813ccad401e8",789582411.4013
"c01440b8ff0d80e7bbad715c",740863156.642718
"a20cd5193779526b43612ebe",566654362.607737
"0cddda1c211fcdce819d5f8f",780486208.408772
"69bcce6b58fc3702580d3234",768050346.826216
"ac7c0c806b57e4942d9ead3e",736739988.09812
"aa9e131fe4e7982a374bbb84",559808071.353688
"290725d6b15062397597b954",664406979.944525
"5f0fa37b7c5cf77e0508abd2",607255754.304025
"c76f482d2a8f8db5eb79ae89",1151498865.22383
"f651cc17b051c962e4124795",712890296.185443
"250d84aac8add089061d3204",848299597.705721
"d3f9cf66c1c05f55325b894a",850554850.546532
"7198cf5aae5d0d5ba2e43b96",829029752.069645
"766c7906cf0493736436fdea",855062157.338717
"78f670c0d7a26c0323281ffa",744480978.736606
"ec0eb8d68807f52b681f138e",789550785.847084
"446138cfd3749c0b6715b0c3",682943547.243376
"64b4837e4550ce39f2f85342",776090712.030206
"1103c663f6b5ed0309a767b2",457255113.996593
"b9a573a3f2cedd87c7dc6477",669289829.805873
"de54862f5b7b8ff345c6b297",680971640.596553
"16b3311b337c0cb9312ddba1",652161683.559591
"a1c2003dfcdce97d21f9cd15",646241632.711594
"262688a95a32f10fa070a887",657615225.255631
"8e374b19fb87640c56243088",481901306.711169
"4032d6a6a13399797a794ab7",781239833.626143
"99f1712af0fe96f67d11037b",645833768.194863
"bcc584e6a08822158e2a1454",658502614.602493
"ad14f4403926de76de2604c6",413124724.341665
"01f855427cbe3eb51b38288f",679030034.909376
"4673ef4fa28aabb0fe61043b",416569843.615184
"f4cf541f02d99ea1851b9f12",700392367.082396
"bfe19954cd4680149c682587",614548676.429204
"fed8f3bf4a2d7a426901706c",778002618.639894
"480aa7fe286f4aa31f56d4b9",774325274.057854
"1e9850a50070dd51861a5e63",749324615.459899
"e26dcf5836f5bb53553cc413",660331364.618476
"c7ac975025713f368bdb0af8",791187941.040028
"73fd5bc0aee47d89a160f5d1",767234808.657145
"5bb9dac6e0e9409e89aa6cee",741150068.302822
"9b15aa6c85804621f5c42566",829029752.069645
"199fe72cad28e4554e359ff1",790614701.734589
"b28ba88f3665a2f26c2f8e47",850554850.546532
"453ef603a66a34f17ae22227",816125466.486203
"d8f4955ed4fc363d6d9ea897",756670869.624622
"f2eca7e3226f625807f7d6be",1121713564.70786
"361ccd7f37ada9c07ffcf71c",822476216.356122
"e7d1ee027da436cbaa122f48",857116295.006991
"554ec896fe4f9d8f2e8eabe0",874656781.195628
"ba79c72aa8bbb0517c899b59",642237022.253629
"69dd957e78fcdd4d8e874acb",603083088.153848
"df91a3c7f364df5e6831f2de",459068400.597564
"77866048ba7b69532d0a18cc",533581985.140993
"a792bde8819aebc5b2d73a6a",760270172.13509
"6293e4a72b5c84782bcdbf78",654310944.318992
"bcee01a5d6a36f48d99a5e4b",700952329.733377
"c58b56f1202d1cdffdda3021",628631687.884034
"ed3275b560f020baeb9ce3c0",650082716.204606
"2a872557ba401f4c95e0ad2e",858056831.934346
"6b8c1c7c855656b0e56f0bb6",801097687.06273
"d6297cc548b16bff11eea51a",759488969.718372
"dadce7c7a446a6a177821b73",744055105.15855
"f5d9d8082e7652e97973e0e4",854424712.522951
"2ef9126614eeef828f797e66",818324837.812068
"c70439fc435337f1e8fd2f5e",868484356.884333
"79631cac54b1e71c1022da12",880266754.773979
"6fca3b70ba2c68d9e0d2540f",413591467.747691
"5b29d453bd368190e0e356c2",654825322.021683
"25995099875f0ee622ebc31d",739084808.160446
"34bd7be0761ab3d43da7a81c",523998649.140915
"b8e15d182ac0c74fba332b8b",565183135.304429
"901e3b835718ccae27c8831b",646241632.711594
"e1c7a101e5d518583f9a2a7b",826032392.244569
"02f6ffcfcdd3dbba94dd7b33",1084977220.84068
"2162e09e137eb5f4a1f32b16",640011442.170018
"5eb815f9023e6eb97786233f",850554850.546532
"d2ab14487e0ecf640a785277",746508633.266169
"437167a9db41b677da7d5a7d",437320674.059135
"c3f889c41c1effea85bcc706",441608093.365593
"155da5ad9ad19d57a7632cd0",689053915.771733
"43d1fb0646562c3f1dd6fefa",501683344.386979
"8eb66c4b057dd4b07b5fbca5",653767042.904539
"f9718594fa52500c16e3cd71",506372811.297783
"d9c46d54ba6df0d21ed4ca49",669574565.252418
"d3f688e0deaff6648f2925b6",424663622.749208
"093a92c6846c924f88ba8750",743314665.785252
"9b1223cd8c9d7b348d6a5c94",863764600.733871
"8209afd76e36d8b5c4f7a991",431616104.38994
"29fd909e7cef62de53430e1a",589841254.453827
"76df3d616d8bc1de789bd83b",423948202.33557
"8aa5d44a72b2a6851d14ef86",531372000.793737
"eb4e1b72abce1d184dd4d5e4",606446678.114418
"2ba24fd47c2ef8520bccf6eb",443270546.893362
"1c9e38cd216595b33e283134",670671224.56087
"2fc150cf6ea4141106bb8ac4",413268160.300045
"8dd46fd8ff592358e4c3e7e5",548572187.117394
"d5e001b2f1dad3962cfff9aa",698488640.537509
"6e73e42a0d2ef8d6e403112b",419510452.03643
"2537dfc786054c61eb3a80b5",545231045.552325
"19c77db46d23e0c07a06a8b2",648529696.500556
"e6424086fe1cf2a2931f4847",545231045.552325
"66526276a7e8da597683e8c9",762342283.868883
"cedd20027ebbf47baaa0dbff",762342283.868883
"ac7c323295addefb43c62acc",746659576.859894
"a8e74eb5eb523143cb291cea",806254312.405759
"ad393e9070779969b496fa72",726710964.058287
"64d9dff81c79a16579cef2f4",737379640.721313
"ea91281d5eaf6b8f436d47f6",737379640.721313
"06e59cc783be86bd145a56c6",810806725.940015
"7458171e4db497a4cc1365fb",778217817.120258
"12d73fb8f4ca87b19ca46231",746659576.859894
"5e935d4a03c6abc86ac5adfa",835074660.428577
"2754b4e12a7604efe8e03f5b",858029009.955482
"9ea7a0d65493cb5487ed2084",644706396.892718
"7845cf57552577b059dd13ae",412502694.524564
"6e710984bbf2662a9cc7bc4c",416569843.615184
"47720fb9e2586dced75db114",421644266.611697
"cbd48f3342e63a84173a8dfd",413124724.341665
"cb83c138aefeadb184d2c7e0",563715727.807199
"397d4e490eb2db8a1b18051b",522570388.944466
"4f65732875c007d3c1102140",642431822.005551
"1f8ad363a0539a6f2455c3fc",452456635.847516
"9535ab027f9f2a9a8fdc21fd",414397681.750751
"248993a27da888a6e3ffefe4",480858278.393918
"cd07b4553b6d3863a9e444e8",610209498.741047
"f53fe605b0a2857cf3facf73",752522877.084515
"ae48e30b60ec254bf0dc89ac",728484549.325589
"2a0e902f3c07cc9696000177",448304957.805271
"d57535248bb34f65ae678a39",673711085.309405
"9949cbc958bbc0114404960a",749414661.936609
"841c57617a075690ce412083",575460414.805339
"9fc4385ea76cabf741d38789",415219722.500221
"0367da7dc5374f1957a1b7f6",736860846.930984
"7703f868650a8252e954e457",660331364.618476
"4cb9319ff5adaa62386b713b",858056831.934346
"dbb30f9d010677de2aee1b71",464308801.612258
"0b54c51a787fe58bdf677658",814643340.016886
"5234aeb6d817b8ad876e50fe",587627977.473593
"77359d0d34ba4c9d825e46ed",411957025.958367
"b84795015be5077f942f5170",411265365.309973
"75f5290d61164d42b39d9d51",406822231.901712
"b46d50c84edaa7feba938671",858056831.934346
"be8c05b72ee7867fdcb05455",718222606.131824
"356712646865d98127b92a57",646647288.039361
"ab765acf8b87daf1673b3a97",457515087.057749
"3a2cacbd3b4f9a23514b1433",674278009.553127
"3c6d485d7b01ddd6147746c2",634425509.703569
"054cd21c3b12f165bd520313",685186411.176629
"e114160e3ffe6a703eb42440",473405067.67694
"a38b2d75349c56ce04f02a94",743480562.240022
"71fdd2b1214b9371ef149c1c",832784206.271485
"10970057efd092c98037498d",428757436.647791
"7543d0e85e6328ebc8283d75",417957835.453904
"db1cfd89dad114c11ab2d409",826032392.244569
"760f24a443eb01721c6ffea3",846274660.519551
"a1508f30ba87423e7393b4fd",857853915.854125
"5814dc311aa87b24e26aceb3",720511239.507331
"f26c2bb4d5787541e9c36463",844359232.162292
"cf07a5af6ee98d735bde14bd",599658085.638834
"8b716c3dca89b7caa7db1aad",650080236.340576
"df89e7dea6c313b0cc262249",425621289.20009
"3e2c1d2cba8755ffad9cff27",754946727.681281
"6771a8c70428fec0f21d51a1",746508633.266169
"d8171d498291341094daaa39",765109995.656017
"3d43dd23536f843c2c5bd268",830574488.236378
"785dea91d94ab384bbd6ce3e",738098681.938347
"6c316d2bb84fff36bb01f14c",850554850.546532
"08ba99aa6a8ee752209de6ae",585664241.967155
"d177236e8c725d4405025916",692797880.297343
"9a6b537a7319b3446977919d",870182272.975303
"e2e7b03feffb21bad63eca2d",749534740.738293
"f2fa898e1bcccbdb92dd91e9",651224457.282418
"2c340ee014e39ad0fd1309d8",1162313447.63718
"7ee83e5d70855ed21455b6d5",857116295.006991
"fdd4b5fcf9ebadf96545038c",791187941.040028
"512b4ad817c387bed877b7d1",862459120.58743
"3ba644c7be754c21e3cc48ee",699791473.404172
"cb38dc837baf3e0531c6c115",803848164.731688
"5e931fda1e62fe41ff0f2ba2",680820990.624994
"0ce9a7d4b0682dbbca68e070",603545681.939909
"8d114cef336100a8d8c81ce1",764580441.66416
"ebc3a6574ebc530ef715ea7e",759488969.718372
"4c2b14bfeacd87b878cbcc92",646241632.711594
"577b17cb350bd2a646725b6d",1084977220.84068
"0dbe463995c605bcdffb133b",596427698.233569
"88f3f39ea06fb882c69bbd10",533846659.749208
"e54567ced41a40938b85485b",679030034.909376
"cb6d29f005078d4d4efc2d04",890201490.851412
"1d0919344e52b315441aeafb",628028870.146259
"62c39ad30e9a26d8cf3593b4",775784355.471597
"a02bf67aecbac445a12da958",857853915.854125
"06baade01a74972cc4a419ec",615420207.656248
"3943b64f9550a575f15d6d29",870502661.949155
"b62d64605362afc574ea5b0b",861098127.102484
"0ef45eb4356e2f0331ad2457",802276620.557675
"6700ad4d4d7f70def59a5d59",824922388.825385
"19ad2fa7e170c67870ee58f7",1067062713.29516
"919c1e281329379c4d130416",847427942.180992
"8a451ef547efb90a8fcfa6c8",714949175.833089
"5c208e5c37aad07602f7cd7f",444259158.369316
"164fb89266e40a2530400599",424663622.749208
"5fc0f0c4fa019b6f1b2a016d",455462889.157266
"3b16ff50ec7fa717efbd62ab",610570408.92815
"30e6d4e1c53e9e81ff66df43",428757436.647791
"cdae3bf05372c13649a2adc8",417957835.453904
"170a69c11cf4f855ed015bed",533824259.12187
"e14b31f8a454e47c383cae94",511786040.395296
"14a8134a56af1b328321cad4",652191537.835588
"ea8cc21bf7d48979bcae1458",724920956.35092
"c287dbff188e95f833ab21f0",755144026.143287
"2cd0b2d7561919f0223608d5",416569843.615184
"1acc5749203f964fa8b2092a",406996082.246938
"9543c16bd5eea47111e6b266",411265365.309973
"d415dc486936995f8b3704e3",411957025.958367
"ab946dfa5b9d7214a3756978",738098681.938347
"803711fede531ad1621a6823",679030034.909376
"f83f29f28978d7dd76cf5942",646241632.711594
"4bf284e6ba81bcaa21a437fd",615420207.656248
"d8ed50fbd5ed46d36b3d2dba",596693955.006778
"b40128f5e17574a5d3da9a32",756390933.800691
"506d4cc6613a07c313a12de4",636504178.748216
"558b7d06789a1c8e488c38d2",733866311.347695
"38410183814a757520143737",774325274.057854
"560a750cb6f8683ccac4563b",780575533.078025
"48740edcbe275bed3c82efed",723714883.737969
"50b2bb276e598c9cfdb42b0b",750769522.276914
"302adfed183564312f9e3087",791187941.040028
"063e53d45e5e7945f1f10fc2",651224457.282418
"6e2c39fbeb5392e6aee9b644",863935957.752813
"8d6c523d4100ab0c83a31fed",813925796.517519
"6d6aaf30227f16b2be29e79c",857853915.854125
"e73e5e75cb18f52dd7239361",746508633.266169
"dd625806063f76dcf53582d5",1084977220.84068
"a4b16572b8bb786561baa3c9",850554850.546532
"9446f801f30e8b2997fbd72a",878214085.657873
"941569c4352c3a2e32c908c3",862459120.58743
"8b4c54125d9165554e4123a3",800896020.070328
"d50f33fe5acdaf5caf1c6ac5",407431810.324005
"46ff039321805b51870c64f2",740580593.674969
"1ac6c220eb690db798a3d4d5",661385131.590743
"faf872c4bca132b52dec368c",690264102.015504
"d92232d77f7a124e7ff13ee9",764580441.66416
"f9a136d7944cb7768b598a88",718478823.291529
"e03610db09ed7315cfcd64c9",623458933.86833
"8c51f1b43f15b70d2a294918",415047900.837612
"21d141a84af5f0e2ade9b0b8",550309728.98227
"55c7cbf5e572d2342d0d7071",663230741.769355
"54c0e5e6d368ec51f6e75c1e",831273412.187409
"434ff40bff8fad0962ec07e4",756637675.944296
"0a199d5741b5a6213b39b793",684756579.453295
"9931470b50580f51e1a4fac7",513295444.261525
"89498fdf642e770ea75be7d8",797365929.113574
"aba39002de605f9ff34bd542",743411079.731931
"0c1c0ba7d75dc4090b7183f5",600926708.472827
"2ac425aa592565b44b25cdc3",831255971.560101
"c0cdcb5f860e3a974c401861",650532968.236497
"4ec741bc6ab20515070cf1ee",704482744.504606
"3d4c48167a8de8cb0e4956f6",759488969.718372
"f5741fdd9f509d3bb02e35bc",687727784.821226
"c1d0c0846ec652774ed5474b",739120051.31066
"ed2c02ddcf0e54789d9d2675",832944651.116757
"0e05eba6eed4e55e89dc5f14",844196588.598669
"b29e5a75740c8439aefc9321",751071730.700625
"218445f989b2da5eff4029f4",850932931.531315
"0c7da0c2613129bc322b1da5",765747989.373904
"a41210034abe19957b317d1b",841181294.014078
"0cb4217cde38e09571fa73ba",865014309.086328
"9df0663317db1cf4121a222d",615565778.660727
"62be98264dbfd418ba21cfac",834888326.134623
"939ce1536f15c0e6bf203dd4",721921240.137441
"d9028df78f9b14a720dbaa8c",721921240.137441
"b05f4b5fae2f2faaddb377fb",479329964.924253
"65ac61968819927b8fd9b990",646364905.27687
"1e83b53963792d7445e19d27",847804633.220619
"72eb1af691a950fbb7e8d635",534547663.003691
"94fecb92077ffe3a72aedec4",449740354.630973
"f660a48b0eb17e98dd77c0bc",424619885.996287
"27fe3fc3838695ce34c5d287",406708182.972303
"9ff4b1fc1970cd5c102cb755",1009723715.30657
"b54940561992090411749db3",477297339.319284
"d4990842f549d8139fa94c87",433026973.027463
"f6013cab49ef9188aaf87972",615247680.172951
"cc2e8713dd087d3b842d2f11",419194510.755462
"fb8aa6b6c5d2499d404f3f73",467129108.702498
"6a8b9fd89b745a52703715ab",499499714.373811
"4721d06c49413558bda1fb68",592991855.902166
"0100b3a412accebf6a3aa4b1",489803013.502853
"215e8852679b9cb6c4029ce3",527830483.46811
"0afec1b2e7060b99dbe41a10",693740684.48543
"4ff17c9b88aeeff105b8301c",644348659.34033
"6eee8548b87c9349ce90ac2b",636181327.24548
"9b264d26a196a76951308cca",542032233.508105
"945fad7539481410e8bb60e5",623458933.86833
"f727924f0f35ec9fb58d0c31",438746842.43378
"c7876dc81e250503076f43f2",613930088.236339
"e4f3e425e9f6e393999d7a08",567649578.36503
"cee1833e8964355b9aabbce2",596427698.233569
"9a1819c45b01c341647a2410",819025950.997228
"ce95aab452311a0cc27e0c7b",533846659.749208
"e6eff72b7c5b0fc2677af2ad",527381660.885864
"3b368c10d243f6bc9c027061",438746842.43378
"510c03bfb80d92d180803887",491734116.719969
"664934c8e209352d2c79c971",674862144.21913
"689ba3a92dd7c12f1965031c",581564504.993524
"93d4c413d2a1ac59f1b46830",610670570.217338
"08b09c586530266c14e611f9",754132157.668089
"7157dafd306fa99e4c2ad233",619843727.026624
"74e15493f395fdd312d50cc8",447874207.65973
"c34c94e7129f84267a5e4fd7",563583493.42116
"fc0572d7185e132770c3bad7",762342283.868883
"5c1bd88edef0a4146c871fcc",691793018.952685
"a28a31f7d0e3fc6298606078",448546153.490933
"f388112376e68ccb2290074b",773576843.507804
"05d1c33ea8c89ded7391ea92",536641870.525131
"dfd84193c81ca8430fd27ad0",762342283.868883
"8b89813a4ae5f9209f854be1",780582977.261901
"d7b9566ffb28c753bea96f0e",652314701.1707
"8062b4109c12a95dd62bd43e",666328378.042449
"6d305d6f3e3c2a53515d5f6d",775836146.393328
"ff143fed55f12a0105f9f88d",666328378.042449
"0fd9a2a99c44c9e5565fc17b",655147638.207557
"7f85c59323701ee0e75abb92",762333559.603727
"19baa03dc4143a83920a7d2a",772961812.660613
"bc23ec33573f28442b36f60b",502852103.440545
"9957e5492f63fa295772246b",830119948.659382
"62e376b22a4cf0d84b7f6bff",803820567.268869
"0867853879129bfb46dae700",838423004.674752
"92c5129009b7e377fa004a93",790744398.468362
"6b9d38e0b9a3e28e3e695be1",809836110.953707
"b6da2728ee41d035da57c822",856670105.434896
"adf5879151c7236f5e055e1f",811027904.329269
"bb31607d0bc3ee4a37fc912d",835087402.753888
"3ef8fee6a5cf42827d8bf562",780498117.774053
"e6016afcc032d20fc9d6f2be",867764077.166425
"f3962b552d34eb8bf38b4763",849164051.508134
"bce7369d51094d3a9d3495e6",805771585.243654
"55bfd350162592f2571e3a0d",830066117.24781
"3f226452520ee8f04e306bb9",811834246.560099
"b16fda9be5edaf4cbcf07122",809836110.953707
"e6f5ae869a5b7a30e8f0fd0d",812556145.471435
"ab0babf6941ef43c35acb951",813660372.52113
"3bed16373c8ae820187e3d5a",828724627.222623
"bc1335d419a1c0f6e6860470",857116295.006991
"98575cb25b358dde32ad042a",842024039.533976
"fb50f2f13a30fccc3903577e",872327638.842432
"7a608479334951a3afdc655a",860070589.290768
"9cb40496518bb99a7a00a2ea",868722925.99822
"a69ded1c20e05bd6b3a90028",631154678.905452
"71d422db0c0c638e448142bc",655665174.825215
"fad033a3c81708df7b6ee73d",672971330.638723
"99fae85157be04554b236007",447186209.313402
"dcd314dabc7d162cfc29c81d",633344628.366579
"1c65d5172e53b4c7f1c4d6a9",523313476.091552
"cb6d4db44c789fcfe8236b40",742538139.083384
"ee2c509989c7155bb472c5b0",831316222.551301
"73b60c9053ff8193c2dd2823",444553288.606745
"2a487cfffeb12837a5586a41",498944587.26059
"c9d285946ffc4c4b3ee95da8",723351935.734639
"6a21be8a7a429eacb1de8c1d",603554891.386422
"2a7fc28219bee48a2368e730",675588514.170265
"5b169f28ea1dc473ddf11580",407811218.74978
"58b3ab31de2f9fdb0da0dc8d",646241632.711594
"2054c61f0162a18c6fa2291e",416569843.615184
"39940234a26e7264b464450b",554844882.944555
"550157aa4dae5fafc5d795b4",694205285.064803
"ca87bd8401c0c7bbc4b3f286",765247185.115443
"a8fdb6fb681aeae4d5c22f9a",693915369.580425
"998c864a446f06d114f42fa2",849164051.508134
"bc57535516748048e38d4a2d",721717479.485771
"ddd55d8001b809f304883ce4",409710441.296533
"b9fecb3e6a507ba17764c303",413519687.43331
"4bd30aa3e2b4aa077ae27490",602131399.970297
"d7ee2851bb69088f851970e9",464760676.723445
"40eb0c78da8b51b53548d914",936194089.968922
"1097d9a61690cc58a4b91e62",523993651.924209
"6aebff5b1fb3a438c2c7969f",444331189.561532
"af672710affcd7e44eee9ba3",534904631.205397
"fbe3b74f9e11c829d4dc69d3",872327638.842432
"6b7219005737d8660d134ace",875953992.196036
"042bd2cfb2d33467149ece1e",749969472.477381
"d5999beafbdc8acc8a6ad809",686188220.087653
"4ba65b1fb8d8ab0a914b0b8c",582493685.614295
"230864c9c9c5959f9f0d36ee",645305529.204385
"8520fdd4f5fec0ba861ca9ac",503170630.220115
"447dd594fdadb1b12ab32e6c",641398465.788263
"3d405df6e5dd012419f43ba6",835850703.93323
"e120c33346ead011ab7789ce",661925270.618044
"505740f7746e0154932dbdc0",433964595.150246
"e9a427f23e80fa59d9d517c0",427578988.274841
"97388d009acd9e5ad49e7c4f",476318783.079634
"a100f050c34e438070ff487a",609327913.431631
"96d14a1d29b7abc2cad573cd",456109680.499059
"f69e25355ce3887bb1078fef",589525204.909352
"86276ef138e0babab9863276",619640411.987944
"344f3bcc1acdba48c12f8441",594428886.872679
"f3dbdb2b69017cfa026ee18b",770180387.565999
"ba32f2964e8b68ff5555fc34",650720354.9881
"fb7154b2dfd2a48c13ef70cc",617398922.422026
"089dc5de66c6c4132734b9c0",568977443.458542
"5c2ba5028fd94a6b9859de70",465056848.906537
"e8544410d811163a13c6a326",481901306.711169
"74d8df07206df08e8f3dc232",783355650.738509
"6fb4126e3ff41b8052fd0657",568192273.147578
"ba35cce2e715bda1684c937b",829029752.069645
"d7997b9126bef50985bab347",415843469.953577
"da3aafeb2d0105f8e09c051f",488707460.279994
"5daf1136686fc538db40afad",454559442.067523
"88f632cc304cd769e2d4be27",439864612.675314
"c5dc941305b5fb59e66479ba",422766844.656253
"ec422df56b811a0aa42d8bbc",422766844.656253
"bc8bd1feaa8fca4c52e130f6",479341850.313197
"60c116411ab3cca49f7f49f1",563986743.944713
"75ae43992df8ef41eaf9d98a",494640810.849555
"87ee5c7c49ced4ec99f44d5f",731944191.933564
"918f56ffe325f21522cc60d3",415429647.272773
"dae09210f48e5bbe0d31c728",421350827.512454
"c1ae2af40e1ea9da6380b8ee",466219416.042889
"e7b717278f7c95cbfceba80b",513991028.829957
"387f18b1f01b1aae536752e5",546513765.152881
"c036fb38fbd2d1b59ed5b7f7",703014275.665565
"76c510c0ad11fa67f0e9a4de",605476978.511415
"ff46d9f7dd86b8bff7cc305c",552630096.47624
"23d95cbbc056b4456b94c97d",730451917.368979
"fc65a77fbdd07fb490ad870e",753345767.029726
"8f0a61533b6a01badf43b6ed",777166136.502866
"c26990b034ee83450a4517b1",1016126345.87358
"53ffa19a09c447f3759f86f3",553232291.606761
"86d80d3757377df6f2b8a0b3",636197101.895651
"c757b3960436c23dfaed4f2d",696720307.389579
"fd1431e595693fac0406151d",535219981.256971
"42b6cf2a5225dc62342d3a20",531337542.514643
"6f8a0e8f1bce0243ea50213c",650191839.587786
"02277f636716264116015dde",424559957.761868
"b72459ea34fa22d1fd012dc5",767253832.888425
"cf4ebcab3fe4d12e1a20146a",818490302.598876
"ae2c10850b4a8ffca934cc72",847195221.105954
"0e22a41ec27869c8f83f9be9",738353539.81177
"22a43024821ad081e654c5be",800511160.411408
"2054c223fcd48a48f67d02fd",432564697.246529
"9af6ac77a9aa0c6da3cdaeb0",416569843.615184
"6601706d2133f96aecfcbfbb",652161683.559591
"ce011b7462e9be36184a2984",421506766.968882
"f759f71e444c16a59187a067",683752948.206633
"84cfb0342a0bf2c6777de39d",572693443.99509
"760fd4c893a56a4586030772",446884370.464127
"fc174b19baedc11f78b647d2",844810289.076341
"aff9e510eba008f3ba5c1847",753751079.854524
"a5a4c0f268548993b61d65c6",707604323.189452
"6cfb8a07fc1100569413b33a",750769522.276914
"94301e20cb91669986c4b34f",455000093.205609
"52c1ab7484e412ccbf5d57a5",556571506.328648
"2538cfce1c108ebfb1056c8d",708637557.639424
"d57541684e5c00bd9354cc35",603545681.939909
"123106a60208725514f3a343",646241632.711594
"7f2a2959f5ae816761be658c",1053844833.64264
"fd5758238e7ec91e415779f7",797043573.070848
"e3197263bf47b3d37f027e11",722630720.61379
"8e5661e79f4fc282abac1f37",739839378.521791
"cdfc387f8246a1bb3110d724",732699857.102537
"c53f3bdfe8159bae98ab005d",855062157.338717
"200ea08f57fa23013d0e661a",857853915.854125
"603c736378e07570fb985ab0",816737453.693218
"cc019e30685c91634d2fd4f4",829029752.069645
"b0d394d6c9b8967250854c66",848215465.717934
"f7a79e1211fc72e06a3a82b6",862459120.58743
"8a1ea9d91b3d8a66c6341243",642605844.057806
"22903633f8c4d91158f65c58",484932055.892367
"bb67d95fc94532b1fbe80ba6",693121700.689154
"a8e696037f8747f562ec98fe",498774268.96842
"72e4fa00e8aab44cf210251f",855393294.473632
"d70948f87875325380885803",861475965.270525
"a0e53cdd1132bd19b8ba0c54",601735306.60293
"882eb7115cd5b8b09fca0e47",593717297.331752
"529d6599d8a64c63566a11e9",423259012.810814
"e26eafffe4ca3c22b7f4a272",668927382.373388
"4e4abc111c07656e5bbdb0ee",519360867.351972
"46e7860100b0c09a6a475b9e",611664920.596968
"7bfbcfd0fb8f5b6d553c2d0d",546307410.448789
"5fedc401fc32ecc4d9ba7e89",712685006.469473
"aee8b22ecf19495fc5894a08",546307410.448789
"313e17c442fa3040065b7489",539150326.903818
"26206185deb023a344eb2e99",694311220.466936
"4a9e2358d64df916e2cfa213",525970262.411606
"2f6515defc3b21d82e0ca4dc",560057980.422526
"a9b18720f68c7002dc71c3af",495560587.65616
"af911ba38d5376a8aa53fcef",625341823.139786
"025b094e1ea7248f4aba72f0",406453821.69679
"f81aa0f575dbbacdbdc681f9",781497662.895977
"848067a69d18a171e7fa34f2",628188207.0664
"e22ca3f1c8073e246079d57f",538406317.040689
"11444a88bb3b230b4feb5b58",651081630.058217
"7a9264f3a12de839a42c1783",619760974.485104
"6d825b439d8622ab90245049",570130047.213669
"d2d317f2990465269ef58c41",723049847.964153
"2860e4435c857cc8a661ec97",818666731.149689
"39c70622597e64c4821d0731",767531933.180976
"2d6f5bc20de99dd0bd4e34bc",858056831.934346
"37ac1ae3a7e2a3319eafbb58",608301393.606253
"fe6fb32f623a9e3d5586a8d3",801097687.06273
"501531d637608f7098ba6242",770525680.534693
"69f59487924240bac2e75bd4",759488969.718372
"358e1287e24c3c4fb353315b",755822723.0532
"55e307c88e2a943acd64a9a5",749094545.838743
"19105db21495d546e6792a25",712890296.185443
"375419559910484b17782b47",868976477.487903
"c9d254244e315974cdf5d921",854424712.522951
"adeb9a6ac3d357bd96c019ea",830169033.283125
"b08e0cfc5bdf5bdf5068ebdd",865192514.897189
"8da2439f391c6db92b9260f5",826688073.547305
"d0751cb5e704e28e03514fb7",743299070.586526
"9051c6d14018b4894b560e2f",831308294.539802
"54c3eff286c62f05ebe2ba57",452171075.466105
"975ee5aeee84593bbeb331b1",410682165.94185
"5102f4786cc032e24781c7ab",1334661871.76168
"cfcd97bfad6e013aeb57a2a8",641960238.714348
"f304bc9e9edfc24eeeb720d5",792470180.430708
"bd05a6f6ebf924adf92e5577",767744235.429959
"a7b459470ef58ef3bed7437b",528978425.891302
"37e009a57645b845b1673b8b",515267078.30442
"b70082fdca35092802f8745f",494812549.006528
"8a69b9d7461107db6d16d1a9",554844882.944555
"adf055978a7a8e9bbd88e741",458541589.805088
"6c02bbf7f6b087a1f0c8a47a",659474214.089821
"d91017d9c530e058ace2e017",628471039.762594
"89016540f8b3fb727d863bec",778217817.120258
"506b653545eebba4c8821588",1157941025.02709
"01fe5add1e7df4b15dd73bc9",674586740.188088
"4911d01ea0a4505d5db5bb2d",669810872.685974
"68bda8b092d5a53a35dfaf07",921486390.098107
"70bec150e1d8ac537cfd90e2",873943050.68255
"0e21abdf04b36e5f6a1fc337",848620022.816414
"f53efb47de2bca5912ad7517",788625170.439306
"82d6244acae149ed9ed88e8e",415480361.994956
"755a4fb96ff2b2276836f49b",716191181.56112
"f15ae83fbc4e4ee3f646b4c9",414574769.368841
"eac458ffc1da75fa1a4ab384",535671387.694885
"6f7bc7fd41ed908494d8e098",622599768.391563
"12d1678bc86ccdcc8ad756be",825511055.819596
"6e07d31b81f3fc9b9de8e1a8",870253644.763729
"6c618bfe55cac120a4f1e08b",720568960.996655
"22958cc4622a0050d1aead77",516874482.828942
"c7c3da1f12d872a3726736f5",423679018.361301
"ce30c2c7cda56a69005300d4",406684135.920036
"7a26e5936765b409b7b73cf2",718223976.034037
"8d5a73b1d27a66b3f72fa662",858056831.934346
"3b8302dabc47048245acc09f",690264102.015504
"909182c92bbc39b00536ce6b",478859357.680273
"963da21c3c571d7bbc36f1b6",796203323.578048
"a73504d5982fef268f5ff589",644153278.360292
"50563038c05963223b459beb",639717315.063292
"b9a0058c58cabd619e226178",853880570.805675
"0037d98f6ac46a86e36def45",433379790.245736
"38117bca778373247df86e14",429170619.51185
"4eeb8b5347526d721092a7be",521106262.979484
"0b6cd71df4dde546e665f865",521106262.979484
"bd066d5d19d41c06b904d51c",519723554.351197
"f10e210fc04e3fb073568323",521106262.979484
"9f504cc4e6b170155d38c687",521106262.979484
"3e4c1e6435ea1a9c3150aed0",429170619.51185
"052c93502aa794e0574db9e9",521106262.979484
"343f45e7d178eb780a9a9818",429170619.51185
"c0c4fa199f0ad751930cf78d",516704942.748295
"5d86154fc1769d4dccac1269",517109170.734561
"e1fb88779e55aef2b66f2c10",433379790.245736
"c26af6fdd00a85a17b823d92",521106262.979484
"be3ee4457a26c6b6ad4237d7",471293280.605784
"9bdc79dd02cdf39f92e8c869",433379790.245736
"1d4bafec52ec7575161bcbe0",640193356.035726
"0f15a78ce3ff90b6894fe3c7",627086853.650409
"afa5698724bea14940667231",674893037.663534
"4d8e365b35a6b8ebe6d7a15f",629679304.119967
"6ff848f65f2507e58cfaa231",529531617.50638
"e13947242fe19bc3925919f8",639247724.382159
"c02caec41084656408c2696e",517876099.796463
"d6fd079beb9f759fa4c6886f",476318783.079634
"d14f7f939468e641c43abfe4",544219078.736498
"8f6076f8ed13e87862d82255",679372039.819036
"8d5e662ba25a71727f1eac77",622700715.333783
"bd2f9648ee9ebc1fdbfa53b3",596427698.233569
"da8f986b6ee6f594780f4a91",622700715.333783
"af7131ea57639ce5aa1e102f",622700715.333783
"30e10a03626eeaf8bc2c380e",667288614.26299
"6caf180e36fe18078703db02",671574950.811155
"a40861d6573e4539ee3c23e5",670191694.633368
"d5f905cebe05262cfc44bb11",774325274.057854
"809800b56b7b29399986115f",778501376.311635
"6b2d7f88f15cbf7d998986da",780575533.078025
"a0ede3a514cede68b721d994",790883167.36607
"179d467dacdf674a66c7310c",637471284.875238
"97f9cfef1e35be84ceea2a46",789324925.866365
"b7e01962fda2102f1402a444",770021751.634559
"6665e5bc4774d04321d1ba9f",615935730.828066
"6c09a3ccddc797f77d63f1bc",783355650.738509
"97986583e1c988373765eab5",865293184.402822
"56807890f8587cd75893aec9",755619482.325133
"0f2fb3cf22613a339c88f7e4",664346154.453186
"a967a4f0b1dd36d7264cb408",751146227.288141
"08ead1ac0b9b30c2a72db17f",856934849.240255
"1b989360ec91f5da55806bc4",850997855.038461
"b289cd856f9d15493d31ef6f",848141048.222597
"88668347361a227b6dbba15e",846431246.663549
"ec3f1679451b9c0037f89386",611994006.718702
"9cd01a5cba1674559752f5c4",883236825.019065
"2bd96c7fe678945fcaf9662f",887524501.086682
"9f118569fb8b084f0615fa22",518455256.778629
"033521a46dae036839ad6c90",408138041.670627
"bc1ee1f8ffe1ac88f08e2459",697777575.154816
"c62886167530efe1f84086ba",570044146.181118
"d58f191c74d26bc1fb02cfe2",482456795.516296
"981b55d5c38361caaddaddad",494280543.267081
"ef26c0f1cd9e3203ad16558f",550470346.191042
"74cd885ec200a0c21fa9e03c",604092736.430465
"fcfa51e5eec6829b9f4f2c59",407849334.601264
"c3bbe8c09f5e58281dddd412",646647288.039361
"8f36d25584407d9e3c326e71",768204180.90679
"51f4aec91124a9a96f4c5372",597591454.783384
"b7becde9261820feb7cd926e",600146668.823874
"65070c554133f2b4143fe051",656617558.805929
"c2a2ddb94f60de25378aecee",734570717.865715
"5ec3abf721e13b0d55829bba",801097687.06273
"502aff943d74cd4cbb976dcc",746508633.266169
"11e6e5ee92c97e31d34db891",1171601640.62114
"b1589aa1f58f6dffa93a3a61",862459120.58743
"783ecf989538582ad008fd95",857116295.006991
"1770bd5b0a07a6aa785e0caa",570252940.811413
"53715a484e20d6152c76fdab",655283858.216975
"ef73428a38c201019267afb1",493619164.891535
"932a93e3ee2093d7f806fef8",533523977.862711
"00e9afbd1d27062a7bd40a3c",771221143.904537
"a11a82cec7f8a243e2f90539",661385131.590743
"e4a70600296b0bde6c28fb19",690264102.015504
"0a1b1a3d68b04cdcb2d757cb",722630720.61379
"7c06a2f06cb4226f9043578c",788718435.308465
"5e113e1e878da12e312cf875",732699857.102537
"a72f5204153b7c92f52d871a",764580441.66416
"fc17f35d300be9680971f95b",627369190.478084
"13ab6a062601d40843de37b8",593787511.887574
"22abc78ce812c519511f8a4c",708695679.634557
"faee4c33e892029b79b63742",541091219.011319
"c8d39eef5a5422e0da4172cd",542738809.39533
"b13683c625c97c23333269eb",541979510.006065
"00e7c5894c739852052f566a",640319138.798772
"2703313a3e5a6fef2157928c",550309728.98227
"8dd453e986d05c6c1dd104d2",492865596.108858
"22b34331d7ca2ea642d29946",633634616.897266
"23187388f9d6e2bffb88b9ed",770327301.827314
"6b49a668de0edbe7f8110740",777995199.064118
"ef0e5b23069a9fe377b77ccf",758351215.123722
"c37348f8247ade33ac513855",690456348.628521
"1d19edc1e0d907e5ab0899e5",785715444.641693
"c73ee8d419b96c6e7c53f95d",769236397.937199
"6251cda3676ecbdb6555c526",455821814.560072
"d12d6ea066b67c3db9b2dfb5",834888326.134623
"8ba4e8e071e458a13efd179a",615894614.054408
"9b8d798a2c455a960ee74503",414434041.784986
"d663ca1a0d29b4cbc5cae9ce",553410650.309959
"dc3b8d97b11cc2af4cfbcc79",640497475.156298
"7d50144c4b2ead9b7b9f594c",720395810.399729
"ff9cb7bc0b972d4515ea3837",416569843.615184
"267e46cb9eaec6c7009348b6",458812795.565261
"1769a8ec5ec94aedc397b4ae",639653869.684461
"dadd9ddd29102f529caa3bbe",471764550.46352
"251903f4b947b337e0134415",646241632.711594
"e1b753c283bb9c6d4e438bec",738098681.938347
"16fb51fd3d35db53eebbe5b8",735481986.228972
"8f543f9c31af1eb17ef1e353",615420207.656248
"20c3cb2d4fa486b23eb81bc2",736324160.369501
"6fb9e9ac6d44d3a286f317ae",697144351.819902
"15b57b0ad8794d64a2784ce6",660331364.618476
"d9ce31250d4ae25c3b850124",743480562.240022
"f90efcbfcafe544674c02586",727543094.814755
"05a98feedbd3f422bf063112",725084130.598221
"ea359d571ad0c986f826d31e",741360729.339659
"b02f1997e6e6f97dc808b8cf",826213598.268879
"307acb7b4044cfa5680e4227",773430784.705449
"ddce386b0ad3199ca09aac93",770437505.913983
"9e28972500d8ca3fb3b76fd9",791187941.040028
"687b1dd576eb7d06a08c3439",768204180.90679
"23b2b5b9f5bf3e1208f5f80d",851710716.117739
"dddaba511b6a18f49b41c1af",829029752.069645
"874e3e3ec6f67c160807628d",794464865.879868
"67ade5109553a9d784886a46",850554850.546532
"6879f05563a9f0748088cc65",790614701.734589
"dce05cf86b42124fc93d41da",855062157.338717
"1ea5db844a6d3a926480351b",661385131.590743
"4e9acf6e9f80f65178766740",690264102.015504
"a35450284f8dc27e0ed717f0",1057551839.41149
"069499abc4e393fe540777b4",412158225.967047
"cd10d6e28fd7ce92518ea31a",830385990.41065
"3edc0e70e7cf6a21be2f0d53",416569843.615184
"2e2ff1e620063f416a387058",646241632.711594
"1ffdc10c53bb83d3be84c327",546964264.193438
"3c95dcc4bc3788b4cd5602d5",598243784.885582
"aa592f388454d575e0006206",455520228.716535
"f7e5bf5b0f6157ed1f604d37",407811218.74978
"513c6ea5a3c2c560c409eaa8",1142631540.17684
"7cf15f80838e8edf4f9cdead",1026462155.66313
"49737c7682eff2513869b3f7",732358943.004966
"4e8cdb49a2bdf68ad8d12625",858056831.934346
"86af11931b004aad3fd27b88",646647288.039361
"90921c9fce21986dd23bc645",577253393.764956
"d79d71be963d418a4c9dec68",722630720.61379
"c27b2b735106bd5a77a15616",801097687.06273
"b6129a71f8e320aee8abd0c4",801097687.06273
"26922ebaf11e35a7a320d30b",732699857.102537
"23f859b889afe2639ad55a21",728153929.559334
"ddf47d32045769c0596826db",1121713564.70786
"1d0c635770f2e51aed4c8664",862459120.58743
"e6144e15d5cafcfe87c07c9a",444395603.811122
"a7c7923f9a4d004eab43413b",747074116.667841
"42b3b56289972176c20c4990",447400348.509535
"b63f49396431089dd646837f",534599663.539284
"e0b041a39e732783f98bde56",865242023.026427
"409eb9b8f2ba87ca299a7f6d",470129718.226692
"1a46c13974f3634ca6dcb51e",542851657.067238
"4b068c79664179605b145a15",540577502.330099
"afeba13fa3f81249549cd2eb",550154405.294915
"3a3ce11d981d0893ec732e22",646647288.039361
"ed68664efdb7377c33f4010d",775784355.471597
"93de58cb0d8fbe74b0cbb556",776614906.526443
"faa204421a94ef95b79eddf6",801097687.06273
"acdb13c4c8e2a48b0bdabd91",952312832.445935
"5271cd1cb962066407490051",852788447.054348
"933251193ded6df07c83128a",635330076.718835
"524e00e537f841c13497cd52",443490423.991164
"a9d4f256527be98066c493fa",759488969.718372
"2207c1ed62f59d6eacb3c18d",647255631.251687
"97ea5dc81ba49ade4f8f580b",563298703.595861
"72488318dfb2181843f17c03",810495940.806629
"76698030899efea431dbb81f",574118514.961222
"e84888d2f22e14a5016ac789",674130126.199903
"d9398ef84ae71419cb7cc82c",749803558.255756
"6d32649478d9d86d840969f6",462324882.999436
"81600c1e6b6e3ae770e40b28",835656227.000081
"68075b0ac8e779bf5e66dd3d",644962221.047585
"6d7ac64b8b9f27f61fb155ec",462547153.725419
"d3bf3146ec856cc26c607d70",828836862.163692
"d12298e0d398e9d21d2e2eed",682650522.549898
"97b69097fee8d8496a6b8c04",614003864.327837
"fa6e53a7107c0e33e3d505d1",834888326.134623
"7279c610bda9354e1c840b0e",674130126.199903
"6f3070318ab65b867b2702f0",406930879.663001
"e08aabb998103a941d24d0a9",419905913.742606
"415e1faab81016a460db7a0b",425747138.070621
"8b871cc48b99bd4190877bd3",433379790.245736
"7240bbe28e950ed75637b504",529771041.950594
"831629494c6d15d5ff6a00a1",433379790.245736
"1cccddc33bd892b44d7e4b7a",708226784.602492
"f9cc6760b1112ce5197bf399",744779235.268093
"0901e845b6c56d4761377a09",449801263.382252
"2a33fa5b25963f3dc928f668",673111256.596861
"83e9507b9ca2987a21d1b195",555386988.307357
"9381bdf491d48236e84590fa",567190696.748034
"c041a933261204155415c2d4",706799041.819602
"a1cd867286d6e82181e5d1bb",622700715.333783
"240d2474c81482baaf79b6fd",622700715.333783
"ddc1c85af165e47502447242",664053509.649715
"58f02c785ee9a506e899b967",763992963.93043
"8b353ba6823f4f800635f0cb",755534454.552056
"68cda50b602acb4efeb275a7",811193440.90777
"96cb3c08c80815907de81e73",509152342.694578
"f54dbd8f0aa752f79c581e5c",824274396.652523
"52a438d024af0d5c38627ad0",566594921.317302
"1b5db6af0a1c0f7787064020",858056831.934346
"84a7286c91f1ca3ecacdaaa2",718222606.131824
"bc6d6249873222ac7f22b73d",801097687.06273
"12501015fb631d7c10ff08fb",593875858.123507
"85b633e09a41cf22a10f28c8",727594440.724629
"7acb92246dbaaec1cc7b423f",652245030.164607
"bfba8fe959dd2e44a4202943",554214504.866139
"5325f16558ed6d2689bcbb46",713381327.866447
"d4653d505cede3d24e258d4b",554214504.866139
"5146ecaa8b7ed507c4f30785",764580441.66416
"f5b9cbae30356fb3a1d005c6",881721949.123888
"205ffcec56fd884ab24c5600",650832068.12839
"ae7ce478fb66882a2c952012",684129952.971601
"efc9ae02fd6c3f18db866cac",669163461.402023
"2221052e00c236f31e6d5a06",512691735.977959
"54673ffd4971d04493a1b1c7",749619093.304169
"b0bbdcf0916b246ca95c4721",562548193.50932
"1ef15e2b882a0da85858269e",475583461.400839
"9881fb167319b34cc23da955",719105364.364529
"9d2a195e645a9e8556683b4b",559468630.073187
"14acd96163e6b3e17177f35b",624813660.330197
"b2c5af8615b8899deb16c896",597033206.224114
"4c40683e401dae89f6537ab0",610365478.895192
"dd007a202a0a3d56ebc4868c",646844659.245606
"6d9c89a406cf2e755d4172c5",450299136.859137
"7387e7e385063c180f05a7cb",597033206.224114
"9dfd5df5a2efca3fbf2c07c8",543199665.444193
"2a9e75d221912230f98485cd",765263240.808768
"86ce27f9ca03821d13030f18",818626133.601705
"3dbf89c6e97182647bb44e69",753238007.761045
"eaa4893a313d85fcf38dbb6b",737542805.816738
"c57e1c323ddeaa7475e5189e",659660401.759431
"84856812b63dfd9630fa49e7",758720147.074992
"945202a450bea48fa7f2a95c",681765700.751781
"fd689e54d5c418dc9f2425e7",828070489.475171
"eb90d9e9eb53b44b07ef9613",817317162.070639
"79005399fa92d05558fd6f6f",824219372.236658
"5cde51bd6de3759821216d5c",841502240.424073
"230cb38e035b85a4353220e9",522223644.111326
"a22ed42197987a8534abf76f",491017140.002966
"43a2ceffa8ed90bc1a43255f",435478650.174544
"8f2fbced5d357bcd6b1c7de9",630693779.611439
"6e895a15d402ea7fcee98156",636462902.883843
"b6a2406025f0e1fa09690c2a",435478650.174544
"f46d46ccc7fc415433e471e4",424231312.7818
"71710d25975271eb32c0c8f4",432160610.780606
"01b7bb1556b5c32df8f618cc",556688291.928699
"56e5afaecb2cac6293cde16d",492675739.248431
"70209b9024acb3e5baa769ff",738098681.938347
"efb0b413b3f661b23d674b3d",747074116.667841
"251db9c4b7398902b38b4a4e",809093479.9202
"e3e7ffecb903d2daccbf8a53",523937686.352912
"a92ed9a378272ff174ce2688",437685337.760219
"40a53a3f3d49f7905966295f",891227628.269154
"bcf2c303fc03897585831351",836656192.440852
"4b0ac2ce45d7ee385ca369a2",697366446.643142
"85c7e8ac008493b34e8e0176",752184216.970035
"0ff24418ecb6888dd8ec734f",1203214127.63353
"3164e0ecd246b8ed6cb6d054",893709505.275255
"5f52e316136696cdb56e65a5",421372526.970162
"5ba4bb943139d7930cb91650",644078336.602685
"ba12ab0869d66e03df12b6d2",423291306.142668
"1a111211207627bb4c840442",580255959.510514
"9d2ec1ed9eac77d534ed514c",521106262.979484
"9030f17b47b3940c2e2c4093",521106262.979484
"3b224cf6107d815a2e78996c",665924347.858801
"ab0e770ac42dcc82b472c55f",627086853.650409
"75fd66abeaf040fa76eae2e7",615420207.656248
"c31d98f67673691ece007a65",581350459.86405
"60d5f19c16554cc2d8e5940f",738098681.938347
"53fd196fd0c0558ed1219329",406502665.32722
"27b06d060ecf702fc88c7956",735481986.228972
"dc014623ed69c32abce2d0f4",509868569.547617
"f1a8f09837660445961375c1",835380529.905811
"b98a462d9782988cb54ced54",845679252.110443
"6ae4843a827b36bf189a32ff",635465812.363209
"84e4f6c6b5dec0da7f7ca0fa",427270009.473078
"b8f2b9c2e63f0091b6038ea6",655552632.09838
"e54c7ea1f012656f7fafa49c",613374125.233636
"f25f5df33f25576f805a95b5",609202408.676304
"ce9474244dc2d40f357146c0",693740684.48543
"54bc553b5b8abad0ceed4d53",527830483.46811
"e75d4ce522cf587cd66adae4",613930088.236339
"b1f0b12c28c9bd2d16b3545a",610670570.217338
"412e7b9e1de3df8c3dbcf198",542032233.508105
"f52ce56f20251f018d7864e0",754132157.668089
"6641ef09c0bf5f3180952b30",434248596.609512
"ada53307260fa34f3a6411f9",568847229.75902
"51f0f76e2a8cf50ef3650901",567649578.36503
"da482df3d0fc97f9f8582e22",433248379.763353
"55d47b5f3d0d2dd7c2bf4034",657578851.518089
"1a6714ac2350ad371d8280ae",638498314.016567
"0006c9478f4e7edc53d84916",427500703.391179
"dfa7461510c6dbe5e119d106",674862144.21913
"5df95b44c73b249be0fc69e3",673774053.345815
"76bd7a0b87bfb6d2723766ec",587904883.116288
"8570a1d8156dbcc267d3b495",830119948.659382
"94116b7517a06255bf4320c2",759132695.187282
"8ba2d7afde20563e38892304",666328378.042449
"f86ab537a2f5d8c2b223574c",762342283.868883
"9d0d2774fbcb6fcc66b865b8",691793018.952685
"9086e6e757243bdda003878d",767234808.657145
"5a3625846567d06dbe4cea0a",775836146.393328
"f51a78ac4b03665561552b0a",790744398.468362
"561a262410ca91d69a58645f",829463127.465085
"08d90f931e7e0a6f43c9d0e0",831474798.659868
"f47c64c8ee69e744e654d4b9",830066117.24781
"fcc4c878af8bdbda6e1fc86d",811834246.560099
"8d9b143cd8eb71b05d32cd2f",809836110.953707
"ce6a3868227d78852fad9f62",805771585.243654
"d82f743ff414299f8c222db9",780498117.774053
"9b2c7e6cfb2d6c66e1ee8a6b",835087402.753888
"6e9009ad01cf466e8f8136e5",809836110.953707
"a4bf0c02f139c695845c9507",812556145.471435
"16cf0d7977ed97d6ae8d2cc5",842024039.533976
"d96855b0ec427f041e7a36c3",860070589.290768
"63613a9290bcd9e1bcf2786c",792637976.570205
"32036c1eb131e6cc4f3bad3e",417301465.746303
"ad47e82c9efcfa36ddac0a95",430972808.715623
"d5af3041d95f5e89969c9868",409356592.511865
"f2387712fa17435f56d7b102",431762666.412842
"c1c8024bb6c3635ff655843b",441598828.156265
"11e4350271e9cbb37bcb75af",449587690.074069
"d012efd4a77c5aa5e8d6e508",684871523.217745
"6240b85a47c079cd0efb077b",515678049.984868
"85e332a999931ecd0e04475d",447169150.838669
"4ec02a406caf200b700f5c62",731219988.682938
"f3270f2ccbcccf3046346809",764196999.301811
"bfc5aa443994e3f3f78c6105",866832739.891721
"aa09cc29ab2f2cfc79e5bc7e",698073098.650447
"6eec5b03718975e5137d5e92",558793562.284324
"6974d82e41437d61c627b16e",627438597.799676
"ae3f7f428b49e6948ebe6fff",632975085.461314
"a9a710b78e776c16eec24be6",693280361.813167
"249cf6f96144f769030d1b4d",672529920.179513
"645f3c4490ce43ed68c7df10",808841973.61374
"3413f37549869d2172b76d6e",759488969.718372
"956600c9a4ed31e588f8c593",821214342.500596
"00ba709f184e70be13e5bf9b",710951243.163801
"275c8bfdd3fec33752493861",720013926.876188
"3206523e850b5b5fbce567a3",853034093.723619
"9c9ffb3401ab6ab90fcb555e",882662549.367669
"4962650cfa3decf487ccbd0c",694311220.466936
"a541b35c62878dc2c425235d",870799915.708895
"2112e589911b979db6e05a6c",982744905.116053
"c9cfeb97323bd6a0564e1903",661565549.553991
"30e1bd4619483b0e896b5229",646241632.711594
"48aa146a36aba8a0270a8a1d",850554850.546532
"678a80840673787b3aa64228",763943420.705085
"392abbc83cfacfe87c401e27",548584743.082018
"51744814dd3a7e60c0791041",735294032.293912
"c6faa5d2ac8e74c26fdaad4a",739231430.711733
"1f2c22839c470363ff41551f",829029752.069645
"5438c2127072b47e3af428d8",790614701.734589
"32e182242a654ac03a8f3ea8",421051970.941373
"0a45eb817938241ca988c2e3",652240053.948923
"e74d815ad652f7046ba33295",468074500.823259
"2887a0d34994d284759db20e",634725678.207075
"621c3051ef29e8da01e6bb2a",526770427.748674
"54de2275006e273686ae5fac",707387063.199315
"b0a0cc38f73c9d90bff6ad92",625261914.339378
"f4df4ad4366bd794594c111f",1067357866.896
"763206de4c26e3825b69f4c6",740925334.96226
"d5ddcb0a54416bdadb4bf57b",691150725.446923
"bf17eca5afccd9cd6299b9a4",808109502.244477
"02888257efaae858fdc7938e",722101643.843817
"1f8ecf6c089ce6168b3be52f",721109293.340162
"fd7a48744bf966e417f34a51",837385788.709455
"655d6eafd78be856479767e2",787856907.311066
"27472c6c6a801eb749b9719d",729502354.654289
"18fd9bee381e7a8c29a44c4b",727146327.041762
"da5d47596a755078a2261328",645612076.825024
"737c83218f0e486ef4feba40",451161415.471493
"2390c275fccc98eb4fa33af0",608865533.05251
"35616923c84423b44d1d1438",782341791.547835
"22fcf0650753e2b5a2fa3786",783717314.223834
"9d8e7178912841c2a1232ad2",709960674.579737
"36c2cae6de0add92f32d29f4",741150068.302822
"699b68daa574a0f169436ccc",430392035.502638
"c3bd0b8277a37832f56be54b",422737816.557391
"6b3411cb8c50c1498572e681",478159329.068306
"fad4ecc419fb64b3f77971ad",655206371.802861
"4034cd9a70d18fe0c883a0fa",488003273.662219
"8f9417de118ef8486538955f",839295002.72897
"33f4f9988387bfc237d114fa",432498698.147277
"40c9f947e826f89c6ff3f898",410066160.224185
"351701c5d1b821253e2c8c42",408378657.184088
"f6b405af32c398147475dc9b",534040158.831115
"45750daec6238508791d0d4c",602186529.269998
"eb85bf9ab77f59615960fbe0",634659096.325995
"0ab6e52af85ebf23432d7698",456712090.409037
"9b13a371ed4724d2e2966447",578733963.768715
"081bbc273db70f1d2cc84ed2",531791760.328796
"e113c48e4e1b53adaca275f2",583635819.917613
"4bb0666c55d174e0280482a0",552796662.778197
"ca516516b33dc09d712b3154",578733963.768715
"631e6aee6ec1f720f3c78775",569188018.654933
"c7746198cb5871bd687c2538",651408315.81927
"58a5dacf2f664512c2b00ea2",659035371.480061
"6d8998442d831addafbc878f",670516458.755663
"7d4ffe0038b3ebc149d8f4cd",627166995.679018
"55ae7bc854658aa5fa49d368",697865420.420763
"042ff73057dce4d92d383cf7",422578197.637236
"807c04729620ec60ef18598d",447318434.558678
"5dead94ad2dd86dd41448994",547125992.087733
"bb90c874275456d5fe0de83d",531614285.299559
"6ea5fbf037ba7e5c74d7ca39",643437388.161363
"86dd7931177df94a649a4d62",640145736.001922
"58ac250fa52a1ac7ce39f70f",462510101.184939
"2861f1a224b4c879b845779f",470182626.578862
"8d06af8e439c45e0e125de91",559510248.588438
"bb2dedf6198be0f3ce2c4ffb",738529598.000544
"57d8cac189a13c180f08cd2d",451208746.670063
"db575f8a4e10a29fe81b335e",780575533.078025
"e8c79fd41b001fb1da0d4fe1",750769522.276914
"b81679b32ea288e9665dee49",862459120.58743
"841482deb90d19ecb1ec8a06",612284729.94687
"214df9371aa59f68e5740212",648747440.158534
"bc52abbda9027e10b879ed50",472157935.494727
"ce8ce41a36b610be164a25de",644305645.86237
"a67412a01feb64ca6e772858",652276132.372799
"d87896f889ddfe1ba210d74d",413268160.300045
"556a39ca66e10ba3545f2234",455437696.784957
"50cb893af4ad0e21a69f05d5",545231045.552325
"3b5a5d6536a9fd24f02e8ba0",432846956.97329
"121cc20fd81d6322f56d5c53",554844882.944555
"b9c893f3c3ac4dce40d0ea19",565563797.890965
"47bf8d322af3c13e8868ed0a",545231045.552325
"a4325969a50a14c948446f9e",744880101.407259
"4583a6b01449530079415768",737379640.721313
"920e2bd03c9d34e36fc38ad5",737379640.721313
"0a59b506798fb96edd7681c7",786406618.409137
"e8d2cdda77c1d885e21c7bbc",848620022.816414
"8abe99f2b71b13dfe7d71616",855062157.338717
"c07e98122103d1546d995f9b",854017388.192539
"29fdab43da21ed0d22c9c71d",459517805.014489
"f2ba7982bed03cac394ef87a",768262792.470382
"eac89e705cfd337a99417320",521005885.585113
"40713332e88c6d3a393c8b2a",454903772.739813
"a9aad230d22f7dede73acc8c",832720672.302454
"3b7fd4008e14e394dd09a0e9",862459120.58743
"098327587a877bd50df27551",482456795.516296
"0379b6a001e4018c34e944da",609762731.586827
"45f24dd99d362f49c0adb875",407067506.588121
"dce1dd028695bfc5a47aa6a1",414357373.267844
"cfeb702df06baadf29f12eda",406570901.176299
"9ff5828e084070628ef2ad96",423679018.361301
"6920e6d7fff656d66844949a",690264102.015504
"31ed69311bfbbe000f4483d4",554188078.489244
"d300473e3d2ced1177c9fbd3",669943752.401466
"2cb64650b876ccbc7337a0e4",427489288.043241
"3ab2ed6d140698cfa41f2e3f",532888346.660112
"9f8697b55cb665ebb054f9fd",627904304.02069
"7e844f8a24422ec3b833b4a8",506180647.700751
"55a615a3b3919798d54e885f",639630689.288746
"fd26da8e62b5d1155962f0c5",533846659.749208
"ee9171c496fa78b1461acf88",833596279.369433
"d5182c47a954c964445f25d1",719676169.997017
"e064b4dd7b4e64a3e0016f0b",838423004.674752
"36753a5e31b0edb1eecb8bcc",596427698.233569
"c2ee475efec76c46efbf1b08",581926231.723822
"3baeb28cb33d048bcd6e42cf",411604377.178109
"6a6d990b9b1bea0f844d3065",534644530.811207
"e93dbc804920c0bf7bcf8cb3",552309755.64674
"b9ea1b9fc0e46ba0724cbc0c",542075656.713829
"95e98113e39820523e95adf4",435979795.90462
"942ed340950f02adf9749a36",439327996.159408
"8538a41c0e0fdcb3829364e8",517691419.693074
"804289a128775f7d1652cb43",749195996.404402
"3dec1da01706b06f5d6a9266",437081346.272148
"fe004acdfad6ac6b00911ef0",617063399.052278
"6c679d5b6a1c1b74bf483478",647007535.840959
"ba54b5ebc5d4f554bc56dec3",458086150.22488
"5b9469c3ff6b197bfe3513cd",685365478.414298
"2ca6ce8266afc6721d179335",782010593.595266
"94160aa4e5c54bb479b1d0db",425669188.578042
"eea6a2137473c3ba6708b576",412460210.244152
"9969f6f4bfb29e3a97c2fccc",612618823.429439
"68006626a3321fb0de032307",538446368.743881
"2149d04442f73cfc78f93bab",671919608.73637
"01cac7d033166094ab9f87b0",728563753.649537
"15515ecdd35e9f175842a738",464308801.612258
"86f1d6fc54152004e69027a0",758351215.123722
"0bcf7987c4b0ba485c44caf9",724786849.088569
"107fffd601a2bb7a3e4a69e8",752897589.774616
"5a44636153b1d4a74d58513a",542697403.289825
"5ae08e5999ca2ba0a1e2d8a7",767413362.310875
"369e9e64898ea16b7ffefb7c",712664616.679562
"192b505186d0bcadb46b7032",679132359.232014
"6dde6686bfdff12620f198d3",646613987.587668
"503a04e079773a04f2abe075",682116889.689236
"42b5ebbca90572b9cea79177",596427698.233569
"0b6f2534f862a7ef551a116c",723325722.207438
"05e06a93e9f01dd3984a85ab",610924541.060101
"c6706db3eb4f0bbb0510578a",761047823.325413
"2babb357d1d828c49bb89be0",778002618.639894
"3951171501fc51e2d830cc82",735543712.92377
"fb72b8e0457c0199e158e599",863063050.689779
"df865201353bc7b915b56ac6",531489581.153199
"8d1b3071f5396359c0b6cc62",839037308.961366
"c451b61851c8ae1e6222109e",829475784.164545
"e1c33552eeab60683f2f89d5",802276620.557675
"1d8d51cfdf78f1361710708c",639196517.165785
"bdc8e1a1e06d387f9c7b026b",639196517.165785
"2b36d797d32013a126e15709",521106262.979484
"13b3a55d79b79ea89a73d21a",516704942.748295
"e57ad52764215c3d54740ac5",521106262.979484
"19e11b2d60326895b5e6ba01",521106262.979484
"f6e1752b9f4a0a3c8573910a",517109170.734561
"062efee92601be294d7346a1",519723554.351197
"e2c3acee51cdd03b1f211278",660051818.775033
"9390ae5c166e1a976e53e16b",422907981.868308
"db3aeb3a96304f3c255e8a22",533846659.749208
"d353be29e7ed2c35b920f7c3",469739814.945026
"893c1b081e383de73b9f2e16",752413800.405963
"8302e2afc48d6eda16784da6",795480780.260839
"f1e9676bc91a76740f4e9b0e",739517710.458654
"ce86066ad78dea43089d25c1",871210259.360938
"c89ac55660cee4608bff27d5",615157327.937678
"b183776d007d85bef0f6671a",624313331.018531
"e8872302ba40e4ea413689da",430688485.217011
"0afc6cbb60f34f1cf00fdfb0",748657465.357771
"a811af7cf12afb1dd9b8eb86",537945423.503199
"7947f71467036449efb99972",859268781.037345
"2ead9549bab6f1386b7a2c77",555110575.478756
"b54e8d557263624947f979cf",790668990.80177
"fabd2201750747891eb6af77",888398425.490964
"7c3f7b513bb20c918a51dec6",798333779.694123
"0dcc222d83e1bf05f2c2c090",827873085.618983
"3ee3ee47bfa21462a1fd455d",621942232.643634
"1dc3b6ea53413ece15bea33b",766124903.587474
"f44362b932a8b70ad4b99a29",675847568.973526
"5372f93d988c3c917629f9f3",632860401.956279
"5c25ccfc7ae77f1d85981a79",662876632.905444
"4df222356df121a41adadda7",564885685.250956
"bf38bb7a2a7ea663cc8f3d57",632860401.956279
"ad0025f5b240d00936c82f9b",487757606.331596
"2afa66b726ed0b1492b9e01b",767253832.888425
"a528312b77b7f84741c2bf29",552501516.329304
"1cbeccacfa11843a256b2e2e",518544263.161156
"d11eadc78d95c96f50b41a10",706335443.334176
"c918e02b3e6d80125a2db1cc",417984143.594945
"b2af005e93b0242e0f62f298",453671631.785594
"ed9703ed896c6118a3458e78",408472138.338563
"8ed11c1d4e7aa1ccf0ea0508",406614329.952945
"9717b066e135a82feb422181",523937686.352912
"294985765f4d12e51a68a451",738098681.938347
"edbeef6a08dd17a941634d49",820286026.751244
"26cc292628ce4aa87cd287d6",818493424.897551
"47f7065118bcd4c3878e50fc",682627086.00648
"e369c63f83c44329ddad488d",658461168.102845
"383c0948aac71636973507f4",655390104.484852
"6bd1a412c01387af8810ce57",1015333969.13913
"4b92ca1cee4739104e620871",1103200904.92063
"0123237414f757b9c3809f88",1039360376.07497
"6e36550a6ff6fdb2711a88c1",1147501945.34859
"1b5de74aea685b506a952f4e",410471508.503972
"d85fafb4d5ec056e6db9a79b",426338719.801332
"cd097f6cd92275ec8ace1f20",501307429.474116
"ced1f52def08143f0b2b6849",578559582.151291
"89a03e25c43a555b47c53864",590175483.886806
"f8d64df401009704c152bcb6",415678525.712216
"2a5aedaaad2d908122f28f22",858056831.934346
"edd0b57b90629fb00d036e34",747119715.844844
"f8731413b0d976c03b7e05ca",775879061.490581
"01abe3cfc94be46c1153c82d",635258584.780292
"aa7f5d0d2fd5474cc67cc70e",704485431.898131
"4912c91afa6e4aff6ffdc6a8",741749690.51759
"9d805330fb0df9ae73003ceb",801097687.06273
"7daa9115f755a6c70411b9cc",759488969.718372
"f5896513d1cb044108d23785",1214530622.17081
"3ff2a2fd905d81f0422c54b2",434915860.833359
"02ed31afcba033953c79d95d",733846715.264654
"c2164829374d5e880c1a1f31",580255959.510514
"3f6eba5c365508ac192f2b82",455597561.673946
"3289958459cd87f24089cd14",462510101.184939
"ecc3362a649cf08afef96fc0",440204528.889885
"264e00a64cecb861d2c05b1d",659542141.3389
"d5b5bbf927f763a43190fabd",688873884.846354
"2691d7125e9046e597437f2b",839836257.102679
"7cf183ed411cf82df26640e9",662621286.057607
"f81107599bc083fec4a13ca3",613040789.126395
"3c2a535f1df831771b859a86",537749483.747747
"9e871ee8a61b183aa9051b72",629095879.842089
"e066ee04cd3a597dac8ced59",413944239.925314
"2f4ed160fe2a21722e6299f8",428757436.647791
"e0ae53aa3cc9e9ba7ce65f74",463082982.725955
"78d727d0e61a7c8b1cf6fb1a",659366048.098711
"b42f936db049a74c7d24b0ef",664579349.081082
"62e9330888566f1f826e1ee7",612179633.327813
"3fcc5ff04edf753621d6cbb6",642972424.917949
"d4ae25b207949fbf0df3b404",650418825.280053
"14bc234ffb3ff7f974afc8e7",683921204.932769
"64fbc9cac3f15c0f1a16f4d7",628188207.0664
"5fa1c8237da8fc7683bc10e0",719876608.214429
"7bf4beee26ba81ad0b884f9f",480858278.393918
"72a47f70aa99d42320e54787",452945353.380755
"07641db461323a5cfcda4f98",466232754.878188
"3af2a1ec9efa6884a8254d28",650691809.150916
"3adca5eeda4939a5ea11444b",705015048.409577
"37d39cb7d3849a784497ed0d",702100380.954368
"b9baaab70cb83475ac3bbab4",614674110.196249
"74e178e2398895d2288e6fcb",646241632.711594
"ec15e2a131d9724b012d68ea",750769522.276914
"ee042a4b4a0bf9a1dcdf1eab",760626980.504426
"35381d7a5b25317d7588ce77",741150068.302822
"18ac3368b1f6d8f7171b07b3",780575533.078025
"3dbb09358256bae5199e1318",697385068.584911
"4662aa1c44351dfe271e3a9d",746894596.96015
"034a30994bb2e0e446e35957",774325274.057854
"4cdbcefc434b48ba3d51a498",795594582.83884
"3d3317303679a6a5a381d0ea",799979991.568673
"68f4e3d4355bb71db0f35a65",720606070.110187
"b3c77f4a398b61d9c204f8a1",754540771.923543
"3865974fbc1b412f24c47eaf",778529589.420027
"84ab3ece52fe00ee50f057aa",823790307.836467
"dcdb8d97ae65daf55570c88c",813163905.166642
"7ea01fd99b389d08ca50c0a6",746508633.266169
"51df325f026f4cc5ed2e9a65",850554850.546532
"1f11cd977996d909ffacadef",855062157.338717
"5ae03c0e33dc7d3e0e0d54a5",792689380.693634
"da88bf5bc2a7310ff382be4c",1084977220.84068
"035de58d60807ee2c272ce82",862459120.58743
"0cf82b1128ebb8d1087b640d",876436971.947446
"bd8b005383020611b8922147",511852423.19962
"f5c79a564600bcad99c74f03",426182618.483811
"b11672f22fafd555f940a8dc",451522118.349052
"2bc88a5c4bea2bd00fd8f13c",487220175.472215
"b2b99019a929584b4904b98d",586626825.873871
"678d0e011f710cefa49f6465",419544860.01296
"f7de22825945329521642f49",510919948.951819
"79b5a037bea858706838a62d",554844882.944555
"9f339d547d83b4ef956a3690",583937574.280466
"127e197a2f70e7ddb5dc92aa",418112519.183981
"65b8c48546af394a924decbc",489892707.3247
"cdc0c282ee62c51e3a20459a",858056831.934346
"ec824ecd0319e05d1ca6a9c7",605768072.096312
"95f27bf0d25bbcd0d1eb9cdb",635305841.262028
"ac0ee54bdc08632efc0d771d",615471857.942784
"904ad71e7d108930d69a7332",517876099.796463
"7f4e6f790de012946197e0df",661385131.590743
"473cb30713e88ecf782651fd",443488732.212683
"59a309a6af425b2028a2ad69",721195949.176429
"8a1b0f59f86e33a7aa7c2c23",768333132.249602
"1e884932e57cfcab75ebbacd",1030204483.94212
"8e273f1dde4801825fb19742",738185971.413217
"1f9c0f9c3c6460a323171d72",780498117.774053
"5dba98aa20e371c3947c19b9",822361705.659603
"51516e102f8d43a07037ed29",808544278.889459
"6eabd14e55ff090e8a93c727",739228610.772994
"e224f9ffc7bd70369a5e8b68",848620022.816414
"35cb50346289f0590dd24d83",868457853.249537
"2aecb598de8c74d9d5108d8c",806183576.338145
"69c7e97037c747b93c33251b",693915369.580425
"b9b95c89c988f68429822e81",607207109.818298
"fa2c5c19c86087f207c379ab",469506923.722026
"9bcd34e7a974c977f65925f3",876729563.176692
"3611c89dc71078cd0aefd2cd",554844882.944555
"9ab273eca8cd5dd4b6339ca4",434783155.296039
"4347966ceb1770f758cb6e37",778217817.120258
"2a68f627f4dc8060484cdb18",847673661.558476
"55ff644abd72eaff17d533f0",862390032.925297
"db563e5a1cd9eb1be832bf5f",882176138.875737
"a0e9310061ff0084d63dd242",742294579.031251
"7ff62b2f8a28d60f6c4237c6",1098554149.03438
"c42c59e8a08e8657ab4201f1",407061295.278293
"de28370454624724128a0688",682627086.00648
"514aefd8a44ca048a8088c51",700039780.260757
"3d3a318662cbe218db0878e7",858056831.934346
"2714bcd5c0c503c3bee0e0b2",801097687.06273
"5461aeb15c7f826f0ce157e8",411653839.751737
"db352cbc2aa3066ea9b34184",708352423.436494
"22b066e6dbd0f2562a0554f1",851704218.105447
"daf8d6d3f4ba21513341eb3e",799979991.568673
"523605d1fbb75b0c5acec5f7",552320290.219778
"c59c2a19b93ca666b7c389d4",608433675.670072
"61e57e5539c40e5ffeb77997",552320290.219778
"c1fc25faadb151c73ff254ec",479593341.069789
"63e73f1b8b385d89de1329c2",408856414.678043
"80ded3bf4f2973a5ceb1ffb7",418769365.850272
"e1f5f0e96e5865370423c142",703018298.357026
"3bc1d407f7e7c8e67f7dd27c",739084808.160446
"d87c489d3572187e3280965b",871991609.328337
"110d49e1d79a3534e146b300",819186870.110417
"7baf3723bac87b0b393ba52c",819385328.46556
"8e9e35321545774dc1f85776",594800884.088096
"e0d6155cb3cdac98f81d44e8",579863196.101369
"bcf775187c0f5ae1cc0e8ca6",590042669.725945
"a792122a1b292f482caf25d1",418850845.171995
"09fe153b0027697e58bd08b5",406456147.450868
"a7283f1587ffd80f4723475f",408138041.670627
"67a10f161cf7215302b6ca1b",408138041.670627
"f403b20cb52d4ad3f9469ee7",472525510.97491
"643e13f00dfe7787a19b1254",423679018.361301
"0eb7c68fb7ea1e58f3e76345",554214504.866139
"cabf47337c2cd619f12fe69f",687500891.816904
"55c5eeb4861e8cd71731274d",839037308.961366
"363c96b85cf07dacbb10b92e",418548971.853205
"49b59d19432dbeb8921e57b8",685769531.82187
"818ee3b0c3862d4aae6e7776",406913804.522001
"b15c662c56b19d3843737dd4",601104392.130699
"03243195c467c67e67a7823e",633887256.732701
"5db50c50b523f3d454e94dc9",670316978.684884
"0798af235e9926b1e7e4642d",554225075.769732
"83852e78afcc4127481adccc",610924541.060101
"7fe25ebd70b89f4602bee6a2",542880649.247652
"175590951b6f8c6b8b4af9ff",437833960.686575
"d4dd48521efc020762ea141e",411340677.142262
"a681d6e9ccc7bc60eeaf7e3c",844087103.648688
"e137b5003b8c8f18892ee9d3",736903011.653184
"90dfa0d7be06e7a1dc15770e",609542958.510834
"7fb856eba0ae98a40eac3efd",759488969.718372
"9f52855eab4ca5161f1fb492",765877989.213464
"494580f4974c33d7ce0cdb28",802008876.532078
"d972dc3dfccf2a48a6384e54",758114036.035929
"7cc8772ebde8902f55e14b44",649058098.788956
"deda3ad684384ed67711ae71",447895564.475353
"b288c52e4d0fab9f579122a0",869682834.324301
"0bc16b384acd3f8263e386de",892142634.064579
"b40d1d2b7c1db9cc57c65fce",846431246.663549
"c2580329ee6d7a03925725aa",840958308.361764
"7e73516d57a251061b3916e0",830574488.236378
"7749f3bcfa8339444b0a8b7e",427605086.421644
"557e40fdc93c1824b0bed769",427605086.421644
"edbb5db63dbd0452c51047a0",737230573.145727
"383af3a5794a0ec3efe78b2f",658879520.644392
"90ae7af091c23957b88de5e9",505716472.971495
"b1d9704dd39c6cef28ae3d17",554627977.414125
"44916ca9b874075f55949f87",757696260.724772
"0515734883eea12cdacb7aab",455356048.328564
"faf9f8aa50d936c1465e880c",559479301.192222
"f37c9693e058492ec3715de9",596466377.736599
"562c7846b05072561d96698d",643863388.139496
"4a629aaf60a113402834c042",735068270.566674
"ccc4e48073c3da10a2e2d08a",635454903.963202
"8532c64eaed74b64b4d4707c",665597999.328628
"528a96aa31409c32bc9f1f63",833052690.800186
"36fd9fc1f1d9b2e10c1c6463",442139061.689006
"91561030d87ff5bc0a497f1d",485711476.438481
"eb09010915ee68091d6675d4",610771912.89139
"56c41a58ed5b9864b68fc910",437504219.623583
"bf6005f6f71da582a6fab8c7",435200484.833831
"86ee80cbe81724e6919bdb73",424938295.295769
"0caa7856aca178f826fe90c4",593625577.921137
"9e41f25cf2e77f3fbe903368",682718232.639784
"019f4a25794ef01294845b51",618506854.626482
"d6fc6059bba177ab56d85ec6",622413356.477555
"436089e2bf605d00849691e8",767672485.342924
"02a9c37b3d92a6da473c6fbc",586720821.160946
"bde81ef5ff9edabfc7e30d10",584345357.34589
"379fcab709c66fa146d3491f",516135616.554664
"28ac1562ebb5050f1492f576",670388580.086422
"e68f5a98070efada9b5538ee",491645023.494429
"80aef024b0ecebb01913504d",441271301.620536
"f45161bb79292e974dc88b5c",476318783.079634
"6de3c3d53d6aee18ccdee958",485630884.487867
"5f2f7596a284915ebdb81a35",503145678.071668
"291fc50c4ffe7935b01e5d9c",455753136.256375
"42ac33321bb1920fe2a78036",603545681.939909
"c8e00b4dcfa2d05d6a7fde26",785003916.201821
"5c0e328a04f881674ae1046e",770718230.193712
"c28cb417dd28fe4d4d41d114",709692604.982481
"8e160f094a0425aca23f04ac",707480166.454306
"a8944be7383b5689b5039c87",777155760.28476
"cb7ed5960f325114bd3489c3",778303913.178403
"275d73c7dc0fda7cbecfea89",763780242.213877
"85c24df2d836cc8addd9b7b0",759939621.152226
"0fa87864632b7bbbd161f879",556676612.266046
"c7f422224808e043753683f8",834025678.782303
"c51d1eff1b6d29b4164df520",845679252.110443
"b50e8c13de383e64711193f5",447142711.488804
"1308dad458274c698b2fec72",447142711.488804
"6a1024c5da689de67bdfa274",665910376.356529
"6e426f60d25aa8a4c6f8c9e9",597797796.958311
"b80f3a46440daae51308d459",670535642.659853
"f59ed9b8ef1726f1a55a4dc3",462640680.479885
"368eddd8b6d39bcc7124a41e",482456795.516296
"391cfff759030283411dfe1a",538283099.716006
"4f140229175de685a0999773",411381476.809593
"cd365053914fcde97b7ee9a8",659332092.667924
"16a05fee8dfbe78d26664c3a",646647288.039361
"c462f0736fdefd319cee232e",835240325.824314
"b419d977b283e33c0b3da86b",772997196.854245
"6eb27e2a66d08a8a60567272",816218869.978254
"7486ef139d41d91423317e0e",783717314.223834
"e663064dd77e3c63ab9222af",851756203.591933
"9a6849637f1b8332ab289e27",862459120.58743
"498de85ba30cb01e9c686081",590769010.437201
"3507f260c3c6e195fc444533",600210774.827426
"e538d52c9b2dc994491be3db",411230067.635355
"f016ba59a64f287099fc4af4",622718531.19901
"380ae516dd46442f97acfe14",555329788.156031
"c97e4d7e08db3171290e939c",646341481.680154
"f7847aaf1491103fd931aa5b",725638921.014306
"08f6bf438980d55b35ce7537",725638921.014306
"a6a06973b5a4c990d5873b7c",699859548.776939
"6e26918c69487a735a639c1c",723730068.039793
"cfbc690c55e5c2bd8dd9d89d",750327171.064588
"56fe5c13f11813b82dfb04f8",778002618.639894
"296f0158b5cc1541cfc8419e",830574488.236378
"6ed2970ed02a3e50ac984aa1",588429904.329791
"4c9f3af11fa91e729384580c",754781151.981031
"2ce779caef0637db97954912",604386622.835015
"d743892816160218a63dcd35",672809617.612044
"758efd6f99db309c67cefb12",455835725.35017
"a4146ec09d782b08e8198e11",744060781.870155
"f415c2bc1bc0fdca091285cf",854089063.191602
"39ef4fb2a43fa3bba15a0b16",824675399.717427
"874ee4f1b9c6dfd3d2358834",686389804.9173
"e9d514f90ebff0de1936d09c",628272084.839973
"9f15c77d67021f349714806c",507710316.784174
"a600ed86cff36e636d204f39",604488075.636925
"58f55e9bf743e2e3ad43c274",559550802.940187
"af1aeb2ba89d29973f73511c",494817267.929224
"bee721e93b8d8e7cb37dc992",551521286.989893
"bd52dc8dc5398e5ca2952473",410767556.051269
"b71095bf5e80bcefafb12d52",550737095.272331
"a7f48fbdf807da68594e9ae0",527095057.094414
"50de04936770f874e1eb86c2",486319589.055758
"2ea47ef8f02712c32613fbd1",592991855.902166
"27eaac0ebf8a5ee99d143218",723786666.880603
"ee594b6bb0751dab39055b3e",540156989.510409
"eba0410242fa1e8dea90b194",651076662.718538
"a619d30d6f2e2aa3b9613c04",476318783.079634
"df58a4244134d3493f3c9f30",674893037.663534
"32dd96f4f07f67806146ec46",630810476.839419
"a77ef77ffa731e8980d36b27",662238450.203158
"a2a1665a693852185673f6c1",789324925.866365
"8267eeb41ed1e68144301a3f",723049847.964153
"887ba6b287a8b3ccdd5691b5",773988612.184513
"1fc94e9dec93d52e0062e07e",651889326.413298
"ffd3d51ecc85abff64258e1c",747545917.676958
"3eb79541c2ce9413d2c54736",771702306.883713
"fcefb2186b13c8bc39b17915",780575533.078025
"d4a43654382201db5d318dca",758461152.543366
"15fbd295328ad698d3c76aec",754808505.461836
"7f5e87fbb4952caa0cb658e2",770021751.634559
"9d348aa70957592dbc56ef32",774325274.057854
"2ac1105447a71f68a50105d1",789454411.018293
"d8ba9eb448ce35ed404e68e3",827538396.259913
"21d42e80f6f818eed990bfc7",867782283.772308
"81c890b0d7cf787a091d4081",853193557.901106
"518858c561af5c13c8aef9f9",850932931.531315
"01cda25ee8545b9fe19717ed",815453276.795404
"2c34c1e1655e87ada03f411a",813966160.965004
"48f9e9a87e7fc0a678460e05",851428098.404758
"76ae7be5da1785c37736fdb8",862459120.58743
"3918fa99179953461fe07f2a",895870156.244405
"305080502cba05a1c165560b",778473164.225657
"5c3aaf3f75d6d3ae9b55cee6",504918433.031381
"2ab263b5d1ba72fa562d64e6",828724627.222623
"6d13129db564ad15e69fd534",780575533.078025
"7de7a2a651273df62aa6a21c",789324925.866365
"59f9cc9b23cdea5bd4cc3ae9",677661151.025308
"d4436ad417941fde0aed2818",780575533.078025
"80ab8d9f157c25b40f102854",774325274.057854
"06ca01d3ff86406e896b6fa6",667288614.26299
"88f36882dae9a0487383b769",504918433.031381
"da474e23f34cb63de4ef28a4",774325274.057854
"04f968f1873a655fde8702f6",418007264.237436
"1dc1a51628b8eb1bba214498",425183949.433365
"e7cb4cf600b9d931eb295c71",449670019.576065
"9052c644813d546987a72305",424405317.215329
"1e32a8825a7ea79c28e27a8d",420592050.081042
"82f34c2a6644c4cb0649c44b",692257635.548987
"95815bf7c79e4bff3f41b233",729003007.53537
"f64f642775ed2c9f45aff215",444800101.264873
"4cac81eebdeb45eb0e8aa5fe",502167761.940284
"c6da2874d2dfbb2ebab542bf",595190142.384606
"e7c08555cb8f5c7d0f32fdda",516575853.599185
"10b7c99bee9a4a21e1f32d50",543046348.556334
"f21625fb82740d6f4cf1c325",487870188.502704
"1c3236613cf95c84c5791bdb",825421312.067234
"b11c3a4642f7eee2e443eb32",669941196.77374
"cd08976dc2d69110375f8541",506097624.695045
"a44c7ace8ab50de7ed8e5a66",490401282.65229
"fa8f13da6d8be3bc1f05fcee",586056463.372387
"77bd7837b02bd8f2c290c9f8",478989071.192759
"11a79681fb0a3f6eedf11d1f",636428913.005345
"70c3b086af66b0c9db4b0b96",636428913.005345
"64ea18085495f759116f62c9",682430511.131847
"ebf4bda17341de806444ba83",749324615.459899
"54228579fd8812c3ea160341",697366446.643142
"dae0265a0f2f79d3dc010ac8",737379640.721313
"7340afa659775cc18d83aa4a",796918923.141398
"5ba05f67a77cebe5cda31e74",762275400.387447
"33dfb510aae260ccefa4d349",799025385.276915
"82af190e32398942775056d5",737379640.721313
"a9b9263f6aafe8531f3dadca",843523802.757473
"9a38e7293e9ad7d8462eeaf7",857116295.006991
"5852773a80f7f1b929c7dabc",896606924.564795
"52fbef3effd854b0ad0f62b1",834888326.134623
"0016e35cfd881ee2e37b49b3",550309728.98227
"380759598c614cbe10ae4bfc",812912684.076934
"fb63e870ceb7ff355299f3da",575226672.714856
"285b8cb5e9c887794ed2fd1b",641237001.210827
"f003a46a1c8e04da0052d72f",620948940.234565
"a731b326a61043070c3c853b",662249818.377155
"d2644b46136fd95c0fc2353d",728748597.229428
"8248697f70c21fa361840755",857975005.15995
"075b5c16441d9d67cf638386",411916169.209678
"6bb2ac0cf2369cd8fd85bc12",639750260.338148
"2c0b3d69fca6677ba9e95327",711825064.257145
"c73ffac843c155f24985e6f6",840376257.634801
"78b57a58368ab056c11bb0dc",728562364.025783
"90b25b6b913c1bf0396c149a",458103625.158032
"fa29c89363ac9cb59667a43d",728562364.025783
"eba756e88209c420d288c4be",646613987.587668
"e7081fb59ffa298320321633",723020887.273239
"db1c3ece26da7b342eb7c8a5",728562364.025783
"f9ef8fcf24d28ce11e71d758",583284155.659496
"2f854c9df6212c39091bcf28",516079505.922794
"ccc66d77e5f68779b1c016db",477134410.469536
"47d288f8f9227013424d6976",414157469.540157
"3e891afdcb568befebd66fe4",493619164.891535
"2d1f036c96e92d9c557605cb",668942693.081343
"dd9d63c612aaddbd86676c34",723207083.385834
"13cf784fb3553f75acf25a4b",668942693.081343
"57dd353ac00d0e99abdb3733",792181533.280695
"ed0051ae106fd0df60a14586",746893172.373121
"0997324f14c5823413463546",1110647397.60787
"e2cdca1756b1635dd1ac2b2c",716095566.105314
"7700df9486a1684157527739",454297682.458284
"e790b21630ab963a65c53df0",592262782.239236
"2bbbd9878a1e7c55bdacb330",419804210.875761
"decb25b7fdc0eb259831cc71",708709197.060825
"fdbc74fb5882051327b3caf8",532997112.971553
"39dee9b1661292cdda6c4823",581712053.460631
"354e2de1e3a81a63e7fae4bf",678205527.246851
"f80b9e8c51cd71c5be281652",414066636.093878
"a96b19e82d9811d5de1ed0e6",412222693.621531
"5e5ca2753a908aa1b7fe80a2",547941619.802591
"495b6e61d1b887f8b4c1bcbf",420835191.681801
"ad8ac9edabcf2d4b06ba9fc1",737456998.981572
"359f6a66a407e30b40979d2c",749397509.392534
"ad351bb6437583ec871b1739",746138523.466977
"262b1c8ce7db2b4aca2400a1",820523876.085469
"6808b10f5876ca36f569a4b8",854434490.693746
"54c74b36962edcc922573792",429115778.290446
"e7fc4e6b1fdb38ffe68fb680",566524680.55838
"1c9325df5599379a73e18053",610008180.327729
"8c9bf9031bd378c1105e3f3e",746070215.571866
"be70989d473cd731f6d8e580",735712084.787092
"46136f5f078dd31170c58e64",637697478.672857
"7055f85f7749c4646577a51a",555281066.747862
"861aa922b483f9bf7884dac5",459100799.069752
"45f18e0bb676d2495a227dfb",521669131.876127
"9cca7c1e9ff65766c8dd2e29",455673169.501543
"b2b7020e66872c8d83468cec",610700854.77186
"7634d7acd4197594271c84d5",471269909.24984
"11ffdf367d817b582d590db7",528645578.382025
"103687e73b0528ec29725f1e",438767764.012337
"8b5369b126b75c497b1a7b73",610700854.77186
"b33c9b03cc12a253e4936cc3",732511216.9907
"ab177c5d60492f2ff087708a",443579251.425329
"05bbd028f30492fc0a9f35d0",610700854.77186
"2b9fd26383758104d567d474",610700854.77186
"4addcabbe23020d3d0d46ac6",610700854.77186
"d93ba0c32244c455e0f7baf4",610700854.77186
"92b772a38d5e38bb51a3f621",644517054.002923
"135ca1dc80ae4d9993ec46f5",610700854.77186
"ed5192bd8038c77ed2e46f0c",554377319.139658
"3a878d44356885ea61bd882b",610700854.77186
"c29c69bc6758d5976024e455",446884370.464127
"dc486a3d7e9e2e608ab2a7b0",610700854.77186
"1a34acf8e509659534a56b63",784174863.312032
"5716ed7d678cc2575397174d",411643632.702232
"444c68a7a6cd0b794768d5af",506585338.37227
"8a724286cf661794084aa87a",657274143.731409
"ff9c4796bc3ef18ae7bb724e",759488969.718372
"35984f749eeb84eaf938bb08",739984739.357487
"0998999f12dfdd50c597c6c1",832217336.985924
"58bc65fd2e0e4430fb353d83",751147659.987237
"fe483817d899e0044abc3787",823527949.984743
"183a8459fa248605b8b5bc1c",751755370.682765
"a1f0d61cef676fbf798b5473",577253393.764956
"d7d3cd587d291f389ba2e8d1",585664241.967155
"ff8e7294270343a00978dbc2",597717987.669523
"0996cb112fc3919564e87c37",687533675.195666
"f183e3651c485e0001e64880",830574488.236378
"e28474959994ea9c0c2eeac6",729018302.78761
"682c0a5f5f3130a61b5214d8",789117191.747929
"245663c600727f7c214063c9",571292613.379567
"dea79d1b25bb9c78d331e3e6",593822622.279332
"ba212b5f12959e34b4887315",695348917.005287
"dd4eb14b56cb00130955d021",879686020.866021
"4c94103d4366bcaaee4b550f",820739877.974461
"7bd9cefba3f5dab498ef926c",849468600.663547
"1d7a2572b466070f08c6e564",517675621.245795
"a38e7af984a471331b2d758c",637481011.989319
"b6775aefafa4dcc161eaf6d5",484769294.741903
"8654295684292e74d0245238",420592050.081042
"f0ae62ce6eebc4d07415c48d",765967102.973953
"969219d7b193ac92e7a008ec",471951750.044601
"651d6af0968fc05584cb3d25",502547197.579718
"4f992c2a0526c0074bbcd875",420807901.466159
"9536c686b6ec514d92493f9b",522070273.004149
"5384587ecbf956275d86e60a",494758756.468499
"bab5690da7c42909464cb9a2",619378092.324088
"bc91072d808fe7b43e972f42",481403382.769366
"37cf2c5c1c6fb6e601d2f76e",424979633.085604
"4cdaece5d1dd4e089a99f47b",428132283.564314
"b37af80bba5adc197cb51649",425206657.312415
"552152b60bdc1ca16d2dbb71",545766880.710527
"32354bff9df0267a5e139156",721278488.22572
"fe4a6d7d7ed28b85c5816fa2",749163130.632235
"afbc7773755043a40a7f9d6f",484694405.978855
"daf2efda70c6f3cd9257d0dc",426098087.469246
"66fa7c9e82a2876216b14b1e",679578103.157389
"e34517b1563d829104e230b4",411273994.091247
"222a35842b0bc09f48e1d0cf",620961968.39847
"c5a64fe5ed5901734d98a22b",656698969.761595
"05db9fc492801eac98f69c7e",459775556.709421
"6e4ce81e713a571601d861a2",719876608.214429
"79fe5105ed7a7861d3c0187c",425409459.994622
"70ea911907d320da1f7f9c41",672359336.196913
"e60024d6e0b5aa52e27a3b5a",423219456.836824
"bb63f086543cde77832bd4ed",423219456.836824
"b3c2187fa96006fecc6b8ba0",427578988.274841
"9499edd83df77bd6a90560c8",427578988.274841
"a947158782fe2832cea53040",682369337.127459
"2e1608b8c646a102e27df16b",486348344.916987
"77fbf1f0c35c1025ea4803e3",646488201.356764
"f9e6a759b069e04b0cbf0182",630171914.072068
"1e158f436f2a4caedd1563a2",670316978.684884
"67af004f80b08fae38f472eb",491205420.806937
"386ee01c3f7bd8bdb91181ad",788065812.776009
"36ffb5566bc35fbce9e42679",484309974.32959
"b58533a6850620b0960db713",541525886.385817
"41353584f956b9e316c6c67d",613930088.236339
"b1d1bc7ea83d5c584988b95c",579592289.091574
"6b1c0866e6f12f7fa8de94b2",684184759.888705
"fa4fd8380dd2620c672facc5",717323144.924414
"44394e66504a4d77587ee105",747501718.232474
"d841d6a82425710e36460f64",725775954.545737
"33501f96ba3b02da073d586d",545829342.347368
"831693b6fb81df1359e45db7",577265505.150194
"7192b9d32e4ad55f6af9e241",610032614.280712
"4f99b97100d003ba3a2ecd46",438858156.696417
"83d969bfc020aea27d2b829b",769416884.952854
"39be6f994f2cd3d68b51126c",626374399.020376
"712f16cf2506710d7f2a2e8d",648934312.58677
"7ba618fdb1fe8694eaecb64f",738529598.000544
"d8735967c942d1a7b0cff7c6",613333179.459893
"b4ef40e00d089a35d750888a",844087103.648688
"7d73a548c2a29ef2d9655e1d",440357366.894401
"63131b8d125073c7dfec72f2",846139083.552123
"a65655a4f42564ac48bdffa4",738078972.840327
"033d3f8ff56907db4c453700",736903011.653184
"05e8878bcb68d03e3b656eb3",755779475.767403
"2ff0775d2c131d19804f2a2e",608301393.606253
"9957ccd807718945178bb847",832599971.114673
"7bcfd82ced5d6f1ae390d388",451208746.670063
"adcc03f332b427be46f118a5",761522639.194844
"b5dd038cf35169bfd0e62eb7",829969546.111955
"35b789e1d63f8f25980d21a1",867782283.772308
"c9a215f284e095850c809425",748444730.920072
"d26efb0e1213e19c378edfbd",730446344.484374
"9990217fa4eae1d1c4ed051a",631518340.901758
"2e9390c4423db604e1c7c4ec",648304606.625526
"6faf9b6c30b176e36f2f1d32",647572986.3581
"5b83d91f4d6364d3e4be1428",559550802.940187
"0d9616f0ac8b0c2e9e0a97a3",480528212.549247
"9c9fd309cfb505b628f84fab",658070694.358243
"98b77fc0888335702d082f8b",628471039.762594
"051d68945b95562009d4029c",628471039.762594
"eb8021804e63016fd934c9b2",735712084.787092
"ed6c8c45bc8c1d160cf0d0eb",818588660.728917
"9fc8c3523883947769b2fe6c",720622563.662972
"3e9cdf767389ee551b5349a3",610924541.060101
"512effa47a1c7a5420bdcd6e",411902027.43308
"0768e70fbda0e09b88c1548a",455947026.955123
"acfa7a1cb136e4474b7efe32",726638890.892016
"a343e6ec6eadb287711d3834",674400198.530767
"a698d80ede6cf6243fd9ed99",831657198.580251
"fa5c81237a94f2f78f05977d",764473991.60861
"999c8da7dbed7412dcbafb70",594587637.704714
"c33613eff66948d1bb8ea3bc",795175869.617539
"a642351076b7706a733dc52f",752161262.479689
"c69e08214cb1fbc09ced0971",417819944.109307
"48a20e676a060954308c9ecf",445176096.359258
"304ce5835e685778b1c2b6a1",673414315.249348
"c859144477dcaacbc1654a8c",661826801.206755
"98865eb2f40b8a30893cd351",572707644.40989
"68dd15c8e9b71171348ea24b",856062484.721845
"3c660885ddd7e98ba5ea26a1",1293388935.69339
"c670315562766401f92913d0",411356368.843119
"777a8d05edda0a335d89e90d",644444528.279204
"81f5c32a2c2d3b32329a645b",417961024.231293
"40525fc425906c9485f1ddfc",451137321.495825
"8b6efcdb553f6e936bd90f3e",640857963.89965
"94dc108f1d146641b221cb81",415882336.535006
"1034ee7a5160fecdb5e8c27c",584037822.412642
"48b34600046c903f0ae4e6d1",867734285.362567
"edca31377b4f7299f8b45187",878391660.01434
"b1586cdf68f36926c3bf72a2",408824442.827514
"70b15c2a38c404e62ad05171",417487757.130915
"ce18358366157fa869bf3833",698840446.10151
"6883fb90099426e6f3922909",412502694.524564
"1b7151cf29b565b2f1caa559",544914993.700434
"f2ec3a3598c99bb8c38cd680",418100557.059974
"38026eb43ff9876cd5767ac3",530654918.822737
"9f68ff98e302ab06df4fc672",469962064.988779
"2d2ee255ed2144b9fa1fcc39",863224389.656779
"029224b78e8f358aa9c38e94",415975155.106209
"88da5851280dbe750968c565",439074170.162068
"1c67456195075a051513b28c",419537658.109938
"9741ff1b895a038c32205784",548516735.044463
"75fdbee42ec89d428143066c",421392620.057045
"9f27627b9e439fce085cb01c",650080236.340576
"a4a4a57cf20ad739291aafcb",926811413.956181
"84a074517742e09a7eb6f320",567571628.910917
"28fd0437736c1b17c7ea1f33",662936059.400516
"beadf1de0732143f0699895d",615247680.172951
"b027f75411dce9c742c5d0f1",700802606.153758
"182077fd9c5142d503309490",585593871.044083
"b1df92683a593edc3f2b45ad",427142895.73766
"38cbcd7f88c1520fa083af9a",621581713.931431
"8ab5eda5b66a6c2becffad29",614397486.573412
"e68ceeb098f60054c19fda0e",569670246.971925
"e6ac4d158437142c15bbd4d9",814388555.214793
"a448d8246781ae78dae61619",596745171.857703
"4e878e99ad2fc34400381c3d",551083852.112686
"beaa09cb49a98e8025fd7e8a",473105383.668012
"3df855d8893dbc62eabd95c6",589481353.76669
"cbfc3ca911ca23517da8c2d0",675247126.004767
"a020e479dc5db78794a5fa77",816444639.218943
"6247fb0e5261d4225f6c9f1e",701556896.432369
"93822a34ec8dcf104e7f49c4",647792879.929939
"17d311554f40ae8b40234c31",604820222.072646
"762e044ce9371d7b8c7acb6f",617924353.242225
"2fad468e1c248f40ee3586ad",832968482.195284
"fc25df25f4151a16cf0c90f8",669140487.892153
"39c1613acc0ba4fe622c1f31",666995945.497136
"2c15a0733cdb932ba8f2225f",633635825.460539
"1db68ed64501f35c51d74c5c",745797046.520581
"1d968cecf268a7f14def1af7",861959182.433752
"77c886207faa6965238b152c",413124724.341665
"86242b25bcb2dd775d25191a",607226798.783566
"a8b457cf82926e25cd862af1",858056831.934346
"fec1212eae4e6369d5555d8c",765356662.433606
"8f59ec48e38092ab01c23e33",814643340.016886
"490b89e972abd7e64b5ba6c2",747501718.232474
"f8f217756d32f31faa784c2f",801097687.06273
"1c2ec62e8ebba12c6146a04c",707277783.707536
"2afa1699af46ad8124f76e4e",766502003.324645
"8c1695c9a31de0f956e4ccdc",553047661.222365
"d88bba495701ae7a44eecc64",861075133.608785
"00571815d5a7f208eb3e7737",854424712.522951
"d626a635ee75c23aee2fb327",780498117.774053
"7e3937cfe43dc906983fd321",923987321.397974
"ddd8906ea4a22b782c7888bd",783835414.070961
"258abe0fc321f6b24d37ad86",430842128.08408
"f637a4885488bbd499199148",683221059.848383
"97f5e6ee143998e0b3fc97c0",550309728.98227
"be4b96920e3aa5c57baa13b3",420343436.729872
"6e7f3a0cb6246f13656fc95c",811834246.560099
"0cdcd8cd52bd1967dab88a5f",641590563.715477
"83da19e7fbbca11083090574",466270105.647347
"f0cb484eb3f6e04b5b1806ab",564481791.984366
"fbf8b0f1159e89428778c847",436035514.351072
"7c316b981173919b6cae5516",690264102.015504
"d6496a3215daad9089fcd5c6",834888326.134623
"e104567c1cc70000692f502c",695906174.759892
"c4476befe0002dcd0c315993",525476915.268951
"3008e821640b33a8d70beec9",541596126.689606
"9eaaf577807d86ab64fb14ae",406577880.488275
"9db120a76af04028d2f0ce68",406439867.451792
"81e1f8b1c0e3b15f2ebfd84a",425939637.004657
"9943a2530009f62cab6b466f",527135272.789962
"a8052c48a500926214eb2e1e",415975155.106209
"3335313b9060ff29782906b6",465998047.115922
"cb93bf58a01eb262cb003061",614397486.573412
"0e04f84529d92f2832ef986f",420664255.688774
"807d7f5155bd299afbb6491f",589481353.76669
"76558d67def95bc708039f05",759488969.718372
"bb19983466b1a1184ee7ea1c",613333179.459893
"34067d9b2b4e45be1e5cfa32",479388480.454294
"1c4fab7d9cf798617fa90a19",485711476.438481
"b4d610e0ecfe007c133a5ea4",482622462.348942
"ffbedc0873b99654d10188a3",409444830.808829
"ac413fd87de33153899a1d04",646794077.13409
"83349bba5fbddbfa2db5078a",638499531.856615
"0a759932f763df64a463ac18",523293513.647445
"fd9ebf37acdbb0e4bffd2fb3",504851023.647739
"f725f6ebcc3fdeed22bee385",580552644.44235
"ceee9fd6e692196b960443d8",504851023.647739
"bc10eea54e4a1767881a2391",616328240.433933
"4ed5718470ffa3e5b5f40bae",504851023.647739
"debd031585e9527fe00f116d",749148841.615776
"23b5f2af5d39edd25db6a522",761834988.404958
"f51000446ab65417942e535d",722630720.61379
"e6ed64435c659f236cf213a8",518701545.115208
"b160d30961ddd3dac16184b8",747983775.879705
"0cad79296edb4b18582dd77c",736109314.406937
"7bbf8e16cc32dec423afa6b3",662936059.400516
"acf98212eb702c79f16bb058",603681535.527117
"1747dd033c2c2769974a06af",610555269.697593
"d54e80ee72354c70cb84323a",610555269.697593
"de901d3433ade456e9edcd79",610555269.697593
"3fea10126c0c651f02de7167",610555269.697593
"f823f6d95b4340e8e4dd0d57",610555269.697593
"ff6fa86afbf9da2aa8eb7991",610555269.697593
"a966f298e8d4d3d580a72d99",610555269.697593
"5b0918cab84af6fa6c464037",755619482.325133
"bb1ece5366ebb2ef9d52708d",422215651.471044
"fa926bec03068764c8545d41",452530859.293797
"3bb987adb4ff573ef09b8c12",412443689.761232
"d7fb188814d4c118ccd83989",406631392.527228
"ba511b37b4bda08d191c68da",414397681.750751
"3c2f62f464aa5c48c470bff2",686069129.608271
"3256c6c6f30aea9cc79b7283",796056029.38402
"9844c3773f7a50c71f218e99",839813831.354581
"23229e392dbd8fd9d80637da",839813831.354581
"e0f47a028df2dbe9129cde7d",855749042.673212
"a12f0f00148e564ef78838c5",1201980078.43794
"d3ace27450b980262ba9bf76",1123760791.50855
"0668a4a4521c783a2d817413",715492117.505805
"768f69f0241fe339b6f52fa2",619789345.540398
"e78ef4d2b165a8e8781c258d",691183682.867464
"631ecfa47fe167bfaaa967e5",424084880.640034
"954e3065b1e8b31a68f6d4be",698379403.649205
"e81c5c1b820636f691e5c5cc",640835962.165234
"b4c779732e827ab2fec8e8eb",843893929.550578
"b58208759ce1402501f68906",569191275.584218
"59805e5f4080246ac1d92b34",646249028.40248
"a3fd38336516b98117e328b7",735556339.476801
"c0bf06891690188e17ceeb8a",471314855.19385
"efc8ccaeb09a5e1bb0bfe011",799377511.458682
"8e604d41e0cfe9c93ad536d8",857914458.370662
"f770b66579bf2b55a714c43a",753430548.488125
"4e01f07ee4b1241360de460e",824919242.002206
"dba1be42bef913f35a95735b",731312044.112432
"d839ca90c5df85e5cab54ea1",687360596.617746
"ffaca67ff9f0d7cbd5bbd295",843533456.176542
"6f17875bd3ecf00566dd5c1b",773823288.038084
"10d01825744060a7b777ee4e",595522859.231448
"185b333862e7420f25622efa",723157426.401188
"7f7141f5e1a7964ac6dc688e",834913805.293121
"adae78b82caeb073d84f02ee",780338845.051387
"4c0f9275581b5572635613a1",422095676.965533
"9d6810aa1035e91b72de6a26",556497200.97606
"069798704327652a899a189d",444364243.075876
"2f34de2546f13e8a9dee1edf",651845809.558304
"8147da5e5f53a163443e8506",616562219.84854
"6834b61ee23cf04daf4fb83e",850932931.531315
"59cbc0e7dc6e6922feffab8f",682085665.570698
"7cfe5c3f5cb1bf095eb2c503",730495108.666313
"d916219daa90cd2d99edc609",750234153.023034
"e78ad3483c5aa5a7a4310720",566578711.138464
"d048fdc255a5a7f474d48c0a",718222606.131824
"b76a3fe6a49dcae6e6bf5815",737729927.467886
"75fa60dfb737ad50073848f2",693839931.984951
"83c1d0e2b8826844416abd9b",567150670.435617
"8c02948b66db263420c20d3d",712057268.576866
"33ab442cf58cfaa33eefb6dd",407811218.74978
"d379dc03d78685ad14c647c0",473424029.975379
"5e36efb290bb265d81706bd4",734503468.986359
"db534a5f57e92d29b9e150cf",745408806.480116
"5354a816a7da90e205448832",444888342.458495
"f0862f57dd6be5e7659c65ba",544795482.378178
"7d58eba13f418d890ef563da",609762731.586827
"c2fc3f04c3870e14b89d5fbb",587653756.70169
"15537000b6806ee84d4615bf",718222606.131824
"e82508e88e3f62fc8e67dc16",732624395.228952
"86ee57ce617b2be312a9efd6",808544278.889459
"6bcc29a0afc735bcf3621595",852045430.780048
"d79e2addf7c11180be222103",858212324.306284
"adeadac88e573824f08efa21",840647189.794374
"922c37e46fe9e75e73fc1f35",606311358.700548
"5d09f2d1cc5fec761ac4372d",554214504.866139
"8c5aa3c826f325a9a6c6f524",554214504.866139
"fd0c010fa0c4b84dc75ede86",735481986.228972
"c23150d0aaaf932579561998",738098681.938347
"163405cd6248bc3e832dc93a",679030034.909376
"eed12d0c3e65e9989fc4f4bd",694870297.318643
"e6fd53315e92a55c6b67405f",418548971.853205
"7a3ec914a15b47726567af96",469681581.311338
"7f02f056d5eb4aff92b44659",494323912.374261
"2d5d9119602c228b333402a4",590395030.441028
"43fefda5a3b0781578d9f2d3",686385877.374568
"513211d9f07fd6645711ae31",425183949.433365
"c3e1e0d2618556de7df13403",638793099.055015
"b4a4d705930d9afe896dff17",562100940.602328
"e44b023e39910ed29f4dde2d",627086853.650409
"4e78d095988a92642a1bd18c",601099806.085632
"92507b623f039b4ef5be8870",796870284.554753
"e216fba4bffe753a527ecd4c",618022184.550993
"24a4199c17f9c56f0b3ed12f",686188220.087653
"6bbf09c3bbc3e3a000cd2afb",616562219.84854
"b3d45812baa819caa1400255",608526522.364689
"2688e4cd1fd441d1da455504",622549894.766929
"5dc1fd6ec7ec8c8af71e3b6b",872049822.991542
"f7b7e298ca8fb75e11e92999",431152867.691212
"05b71daf88eff5ae8cf5789d",537845905.911097
"e8a7ddb4e5d43d156692326c",824678545.61042
"632820af2a0477aea5ccfa1e",728669372.810587
"43a3fbb8218e73b956ca50fe",774792117.740132
"398c195aa41ace34a16b0d7b",785255498.900147
"ef3887783a12f591198d6c27",548241650.120481
"e6653cc1c94306d4e56ba216",520531094.399785
"166c21ff83e97c6e74169d92",816916620.694753
"d0fccd2708fc7def00c72317",771140243.830296
"d66bd7e4bc7b51d23af57de2",702093685.235288
"8b47b76193159a21c3580a3f",766708171.149674
"448d159391c38e4ffcc405b4",485921819.56549
"9ce7fb3190866e6a02e01e26",481189488.749884
"c25f892c01420855f61c3dd9",533846659.749208
"2d5ccb12ebb6fc7d4ba462b0",596427698.233569
"9eb4041ed9e159ec0d890de6",499409214.164048
"c342f6492f90ccf623e8e8cf",673774053.345815
"c3a78d9bb10165d9be188394",750517536.231252
"1978d8fc2031af21e98a4e9e",699791473.404172
"d6d581e852a025b61cffd6cc",838423004.674752
"ea28f68a1d1d81d29b88531d",741780816.226306
"a3cc0422a37512ae124013d8",866832739.891721
"073a3ae443f3333f0f526f7e",736862252.382853
"57238dca767ebf3a842c5f10",870502661.949155
"113887ac25fbff9d30fe8d35",501949428.966881
"fed1a50c562ffd7f30451adf",717425766.163263
"b1e9075645f4b374c7301346",743314665.785252
"6517c1efabdea4c1f93078b7",434594948.788791
"b966fa606a3b50d3ac7249f6",862082495.503691
"e0ad3e9588636f454e9e484d",787882453.927752
"d7ad46cde8eca723de6510d7",844811900.425627
"447f51e37fda773ab748814b",630234418.963716
"a6b992c9bf4eb32ab3d1df4e",421644266.611697
"3a9c7ec02f3e7e419669fee2",416569843.615184
"c908280d0461c3585af94d53",826032392.244569
"b3616a055e722e3720cca48c",580166319.651862
"45a8f6d942533794501d775d",610570408.92815
"b6da1db3aa02debd11e26edc",673711085.309405
"6d12669907d7d80d0b458a93",720511239.507331
"5122b2e9638d3438434fc56b",857853915.854125
"6367a127b452cfa27043f74f",764580441.66416
"fb3d29813052141c015669c2",464222906.478831
"5fb76f2095eb1a5cacc2524d",450188355.298332
"95632ec6578a204881694dc2",500996771.157719
"846b75324c0f3cbb027387c3",670641803.517817
"940dd8311f2b49d4ec212fde",738056448.801302
"bd0261ab68cf56950ccdced9",702688514.088154
"f79f0c23b5cb96b5d022582c",681829421.608397
"795cd68f9a5ef45902712524",635844086.01871
"d908973d90db91f772890c9e",443580097.486415
"d670be6c848b1e92abbf415d",476318783.079634
"87b940bd3dae37b9fdac5d4f",457920171.603166
"8a7ddcd0c452e7993bc5087b",415219722.500221
"8925e22f8511be30d50545cd",762342283.868883
"1342c307971094041c9c240b",676652431.855083
"385488342bff3d3587250c84",752860253.707491
"f8e25b7d7e93c45df1b3a4c5",845679252.110443
"fa4f331f05b1488990a69ec8",857116295.006991
"a71d187784b309d65cea0b14",865100107.301792
"0f44b84024412099f27439a7",509183419.835759
"0ea1a5d32324d270cde1993a",464017531.019174
"b13cdf9314a34852e8db4221",414632497.306891
"75e0815e2ba7269a10d9786f",450214974.735763
"f42b6680baf774d27fdf1e48",599904043.828055
"5cde1a59393643d7ed4e909b",755917875.793099
"8736dfe0f1c6e2181b0ee31e",733866311.347695
"5859ec20de4a5036292ee947",747141091.417151
"1eee0ff52c53f04307cc3216",643772517.228051
"b455979bc938acd34a580eac",757056311.546465
"6921133528bd6fa3675ce8de",819418149.046064
"3d266736d0307404a5804073",605407691.134916
"f4f6e48b618064ced466c302",414644360.207494
"dcf606270a4612aafc5f9f29",609398811.802522
"5e455623c380290e0a8e4e48",480858278.393918
"ac3c9d9357fbe72959817602",646241632.711594
"f48fb9d9c42b0ebee72cfcaa",406822231.901712
"dc99f2871bc05ea7e8a97d72",757056311.546465
"b5cfd5eba0b6297cefd6d3d5",722630720.61379
"0dd30227247f145bae82f96c",732699857.102537
"9f347bf53e4ca4d264a45241",646647288.039361
"81406ce289219cdab015549d",826032392.244569
"a085fab6d9b9d8c24472cfb0",857853915.854125
"1fce0e993a57a3e3873b8d7c",855062157.338717
"af67d51867f382dcd9cf34b0",842533306.06524
"432f082ac51bb0d39ce45b0c",1084977220.84068
"b6281efabdbff697d70925e6",848990766.438773
"9215d29512b14aab6178da01",862459120.58743
"6218a5d7267f02c576e5bf16",538050090.730091
"d66cca2c8e08c89af26e7622",780575533.078025
"ad3b4ae81c322a9f91381bea",669574565.252418
"3a40bebb521445fcd32cf033",852560758.372421
"c1ca38f941200a9d666aaedc",596427698.233569
"a1da74ec074df16a1e8690b9",859108181.384266
"502154647e351af240615b98",586153721.259111
"b57cd3eb0290984f061e1053",465056848.906537
"4db632fdebc000c9e64a589b",648934312.58677
"e380184391898aaa2d3dc540",743598271.917696
"dca45f1c1a79ea5ebe639920",791811433.002149
"961de1cc8601447b03682e1d",671758148.435363
"60a4f09c268e61fbbe423ff1",427578988.274841
"c3191b6b40191009ae9f4b7f",839037308.961366
"478ac408d2a5c603aa23cbd5",729828018.508556
"ecdb747ee4a3ebf958252309",650418825.280053
"6c36e346957e336a33a7708d",726442112.116643
"09b18e3f3cabb7d5469a8d51",721995599.563248
"f1a5856ba56e7b12cbb9459b",574118514.961222
"c378ef33f40f8be9263e517b",590017911.069659
"b45911f1875da543199e97b6",822054331.144585
"678c70903bcb6c90e3578d6f",838258306.86121
"be22ce55ba31cbf7cd285e5b",677976603.225308
"2dc58e6aab9399e9677265a6",873448117.398704
"dae55582e86b1f514a4ec3bc",793978596.562703
"c119f62348e418d9ada13362",862676289.2742
"33510511ff07dc7354cca7e8",778688492.860718
"16b79a8af9d6376c73c2478e",802746536.038284
"714f90489426e80933ef31b3",595969423.376669
"6c8e1cda487c9841c8d297d4",542032233.508105
"6d9c4bf994147d8892d27f27",861337952.986414
"1b300634b71b898299c54671",870311742.401409
"181caecd269e115cb5cfd75e",414799399.971041
"059516a91f938d2e8fbcca0b",544545113.230954
"c42ce8f9f62f7a315e028e3b",456722543.838841
"bc23e25cc246ced4731ce5f5",826804763.677302
"de44f54fd6b1b62f30956f5c",741749690.51759
"2ef897a38b95d7b769856e78",716230797.418607
"2280b5f7c47c3b36924b84a9",445310275.327365
"16ef7eaf29eab571e229e537",833971594.092917
"48b1f800656bcae6a9e70802",559642594.695845
"b4aa025f8813a3f0b132b7e0",410526316.021626
"3c6092e8458ee81aed0db0a3",611294035.762488
"d919dc64995903c9120eb61a",801985931.202303
"ef53741b01120666a08db213",773430784.705449
"c3dc5ad23dc8cfce0671adde",775482557.179257
"a270fe47ba30ef0056ec6c4c",406482506.927185
"f550bc7ab5992a6fb48eb60a",868240885.158004
"28f980b3c741866e0db5b761",750438807.937973
"c2ebd39857dbbacb99e6cc96",777493799.7727
"bb9fa21902daecf876c0467f",857333753.593914
"fea142787b18327108ee8929",625530305.228625
"a1647603f732f97a99f5ec6e",1031555295.67721
"775f25d8144580541bf2746b",707602973.542601
"527a8fb085995119f846a5d1",831473212.74906
"8b69bb9fd7f0f19a248f5cf3",657450932.28522
"3b14b48188fdbb0917414039",452530859.293797
"02259637b8ef1311c69d3d90",896304280.521553
"50eeed30ba674cb079689afb",642521278.159574
"5fc3634e1fcc96b9215a6cd9",881915371.718992
"23cc24e23a1d74159ff78464",725911629.387438
"44551251fe345b31ed71aa5b",674073553.322149
"82ad984f02ccda30bd60da8c",860124725.991766
"5734cd4805f5c055d36ec645",768976747.016264
"fc7ecefb27bbb5c3e25e899f",407046543.797293
"5ecbd5b92092264f4e9101bd",583119525.014132
"83a8d9df3a535fd273b27c15",1105834278.82168
"d76fadda8063e44483aa024e",756849851.947888
"a15bf12a6b8749ac8f9de19c",408378657.184088
"a3f32d81f4cd99dc85a16bcb",645506184.48129
"4029115038a899d98dc93d3a",1123709350.99931
"2326bb628b4a571921eb7345",730945286.0808
"471d6fb8037049e1e4d120a7",897260436.8536
"b73945103f07da807f7a30dc",1201980078.43794
"d6f4479f9226e52c93d70eca",462252579.845637
"420b03095062d9571144a276",844871522.509885
"ac0185c8f724ddd40bc0d235",594249776.128839
"228280554ba149e60f81d639",770225927.990125
"8a44e15417d8e520a99454b2",407352552.354406
"8978ec4c5b2f02fbc1f57820",848299597.705721
"2ab88dcecdb565b6412f5bfa",465766122.636167
"1dd6f560c804c4548561cae6",893366943.208466
"90e94b7e392f84e01a5f1551",814029816.660966
"84aa7d1c2590f37f0fd6dca1",420562369.148521
"0821fde7debf7cc445434024",465461508.506062
"b9973b07c84b99dd1018050d",423936881.848378
"169013bdcc2ef214e0163ccb",723690037.385795
"3c8eaefb3f5dd8d4c9f5386c",723049847.964153
"42d91ed3f3615247f57ebecc",627990539.475811
"a7f1397df30d6521c216e331",826128505.272747
"f6c6ee12e338b1f9730b6e2c",411616938.538516
"8f4687b666256e136148c3d0",826128505.272747
"925f83e20a153a1e094bc606",835224395.031307
"cd270a11dd8257648d1f0444",809833021.680002
"ab11db71265771ed4d9de64b",418576913.944185
"ec199e33b7557dd669fe1aa4",406439092.230006
"b47fe4670c6b065a9e1db429",409096673.413592
"918947d51e52e0caf692f22f",444635544.272089
"070543b03770991d65cc337f",694060974.092872
"f45dfcffe189327cb0d303f2",783524505.887791
"d2e7484c81358d4c79f040b7",736966263.26044
"73ff3a6b0cf4f7ffb244507b",777155760.28476
"b0cdf05097df437354564bc8",406602696.790064
"33ea5de5e8f5c639a213414d",844882802.836993
"c94056bc09a4bea0e853cc41",533632873.911013
"6d5a91ae44cad7849dc4e969",841743030.589907
"b52e0738dec9d2f119c75a9c",508679621.469881
"0e35349077490a01f25e2ddb",744591745.788588
"9a5fdeb5f389590eb46e7aac",1052950741.10717
"337c81be4cb14d494ca69db4",856402176.498942
"ff28f1a1ea72e21acb157f08",1043945893.10408
"e83ef75473fefbf8d7e52302",407819775.059415
"6d3e508ff42615eb78862723",664406979.944525
"3b7ddf527979726fb8aa1683",411117919.577949
"7b08cade91e2be20656ee856",445530314.416617
"59cb7abb39785d5263a156c3",743206923.818421
"bc48ec7245297b4cb85dca1c",780486208.408772
"0f366a36001c0766521b9dce",745155777.140005
"6ea022e53741adac484c1798",864999460.259039
"aebd6304298f84e7d440c379",875369424.960814
"c5b333e454ed6e93ad32d96d",623695620.339608
"bcd31d201096351079cf7ce4",528532659.564314
"46cf5b18fd7bac0d3332d70a",747938123.966271
"1dcff645d389e7b687a498f2",754481768.165959
"cadbfbea1d03e6538af648e5",435384801.402832
"9dc0c6ef8389978be58daa59",1016481081.39625
"fdc00f6ebd155e84a387878c",412078834.542053
"99c1b39476ee8e2ebfff6ffc",759642537.92827
"8930f231a5b9d8db14e9c656",677958499.538558
"2dee15f1b082bb986f8d9513",688076795.298732
"346c734ce163296a07526a35",770180387.565999
"6079fb3769f843e99b47988a",560692866.145306
"f5802200af1d28eb48466c1d",479054854.848466
"1f8068ab65469ba56a1f0c4a",479054854.848466
"1ee45a731b6f0242b6d2936d",560692866.145306
"56b7a6da82134b135fb7de2d",813902510.246806
"340c4d762f830197fdaf0977",872246114.838575
"1bdc0d441e63089737ac4c27",559565744.758107
"b3d82ceeac64b64142286375",539209974.3661
"947421747f33db213e6b1326",610109413.076126
"bfdbb7aef98d4855d459ac94",583937574.280466
"80e88d50c151d5534a57f61c",696754859.347975
"d0f6e19e92c03b40a5aae3fa",828789437.094871
"6e2a3e49dd6434ed01eb5e71",647901618.939446
"89e2d612654b3c792311faf7",752465466.335358
"29425249fed4a74ada083dc5",407170783.500812
"fe0182e1795e2b87eef4bf41",687836667.58157
"dc9cd30b760a1280e0318512",757605219.166393
"d22313a06e43b8ab8f6672fa",406909923.908062
"f91cc2e5edcbb704c293084a",824747758.292504
"dae776f643e809387148900f",934738134.094809
"e55634fce84f78466095e730",560241745.405812
"a507a938532411f06c57ed8f",729377138.023336
"30f3b383f2d5e4709c9304b1",1188767643.66797
"aaa43db51d1ddea564d1bd2e",495857471.488392
"b3e76a0a1fcacd0218c17908",406942522.215403
"e548ef7a5650696c0e968cf3",1088835272.90682
"939afc1f6250d528b0be8e3a",690680264.894239
"405baee61afa4b08dc25e586",694602626.184575
"0c4781c598c06d538c5fcdf7",630548239.103562
"fc321e2d9b4e954e80805be2",702734084.812971
"dce18d258c352b7edc60c304",615471857.942784
"7b0a2bd964c04d01387d78de",655665174.825215
"43fd6b5cb01d05c9b1db0e65",742538139.083384
"cf0152b0a5e886e8291ef4a8",661489843.717209
"d05030b0eb8931161855450b",614715145.489764
"281ea3a3fab48c028721ee1d",596931866.034012
"4fcba82455866a6931590dec",721195949.176429
"ecc5e3781d5e004ceef8cf76",520436783.688737
"409cb370961c60bacbdf7416",406439092.230006
"54445913b2dc2d6ba35abc66",520436783.688737
"51a8c190ffb673d4fc27f4e1",853423043.355023
"80e7c6b194b3229e3e2b9aae",632220969.936087
"bbfc9b05caa647bd95b3c88f",434566766.283849
"128cb9247755abf5f2801431",417357981.268924
"ac180e846fda5cd7f1123f6d",728805588.54106
"1e7173670334937dc61243a1",821964963.183002
"c2555955d5175b31e5f783ac",643536803.854022
"d87bbd60fdb8b84a9fe23ba7",430180293.429213
"825012911321d636425cd0bb",777123150.21546
"54561e6ed5570577ea97eeeb",787080385.137932
"3a2a2df4f07902b04b809125",745427289.517346
"ea7e3ba584cc5ee45ff8ba7b",782010593.595266
"25093735f186b70beb018317",815538825.73564
"7fe1adc0a5873cbba4b021d1",1206636163.49133
"461749398bbd48d69b444d7b",413639591.197531
"eb8f668912b70fd554c8c723",737393705.255938
"e2f00293305c464b361b6178",467196827.943698
"02a0a38b45e1b196165b0098",612935562.732318
"0e6dc789744b678028e74d56",488707460.279994
"58954e79191c62ceb1ead100",823573503.136949
"23aa0804aabdc61650b8562a",725680443.594383
"ef64565957b5278185b2429e",559176320.589177
"253725ec3d7939088faf71b7",446913351.789797
"a9683df184aa8b4ad5d0cc5a",750023831.670738
"3c38153bc36b364b92548965",516302015.516979
"286cdf6dfcd95ee9edf73a93",410800463.400664
"df93a6e36d9f19e252fa9de3",628536972.456655
"586fde402c82c1eb5a74d634",453689803.658822
"5fd3b0299c0d52e48195fbdc",407725665.526226
"06d33fff99a62c330ef2d585",432027097.894853
"df98fd10dd8ae59956994521",469201652.942074
"361715cb422c5fcd9125d5e6",407375084.914253
"af68665ae8711d009e8810ff",728240042.941854
"63f3295df28c02953241e2a0",562293955.776584
"62d338c26b44153bb075b234",748154995.373348
"41a269c661f20e443a7a25f6",765432575.901326
"c5a8695b7aeba06e46266959",527584891.973588
"17e5796a30da5eaf310d02b4",526501227.616789
"69acab4a6f82ae943850b9ae",625317968.697348
"5fc3ffb33090bf75a81aad8b",595527402.727625
"02d89daa77bb313328fe0c4e",437230598.054102
"6ad1fb94accb91bbc30449c4",423319564.829185
"a1cd215fa99b8776818d0b0b",407229033.914899
"0553a3aa7d961ada6dfcd52d",612760225.544563
"c6ecbe7b57db2db74b0d788f",741140172.947895
"a4b23fbdbc7bbd45c5ebf80e",762593876.460497
"3bb15c6313ee70bf4d88f4e0",687077471.10426
"e05c52c9c8fcb792ace06b61",667214798.728517
"5fc77edb0e5bec0ed8e72a60",914346717.182448
"85e15a0a63ffe482c68ec474",853727491.622632
"859025f2f41efa521a74a00c",425049349.054976
"1672a21e6b2d8d0525df1759",413507856.709394
"7d4097722aad95158c51d24a",425049349.054976
"174fa597347f2b1d3e9016e3",669869643.155343
"3f081fb77ad08f8370569bf9",425707349.567104
"74cea4c9dc0e00dbbcff8b1d",1076767965.66679
"4f5de1bc90694fedd216ef40",1270418425.561
"8fa4be9ac1ef719dda1f96bf",423614375.005609
"3db3b80a902c10004cd3a3d5",1145662735.71262
"bf02fad806fde4e3575e75c7",717993869.111963
"edd2afd07fa1305fc3126078",409833930.685755
"bd5d2030639ef16370cca032",824765062.370632
"87e74ed42a2c8c97f7bdd239",681423790.552907
"d1c6037d0750bcfe47d425a5",420241627.893235
"763c9a528d0f99f34e5b0031",422968483.667707
"8b674605311d296990ec72e7",420469328.990644
"d7cc3d199e538258fcc83f75",433792463.167668
"ec6ffe86e9ece6fc03556ea5",450297419.107527
"9762ecd72557ad6728274e1d",574375908.02084
"49a2d111903c77053d44573f",451055583.66685
"d06ab7503c6deaf9cd405f66",1136870710.15312
"23e7dd821ec2601ee2c6e353",857420425.395871
"81519727c7ad9f60d2c5f224",773675707.033905
"a4a5b6a844c14b4eca92dc49",852603038.816297
"7e647c5e0a7d95ce87cfc8fd",682761205.987886
"7a1bca1ed03e7cd0e277fb95",407652570.629916
"03eb8da7205428e61bfb2845",413050661.530706
"82780776619be0eade3d72ef",407802662.619662
"4c03afca943c3f2484b8db6f",407652570.629916
"85d731901b48348f57932240",608997937.794874
"739de8928aab4ec77a1ecb0b",520036897.678619
"7f45d3809b08bb32a45139f8",439779045.532013
"cd14f8aa1613d754221c4735",526565501.709076
"537a9a2dd0ace0d0131722a1",744881522.154657
"2d4a781f969a4fa2a4f04a7a",738790241.16557
"e3676f99542f27c9037fca29",827023996.42372
"bb33aa4f1a7732fc8ef19039",414621425.57254
"9f11661702873852a3d65ed6",418078228.677487
"d7f22a4e6daa572583e02640",408574213.029832
"f6ce37c42fad91fce47758aa",407368091.917474
"f57cab248d2d832725d78135",570044146.181118
"9d73758bf7569cab4837e49c",646371069.522355
"322bad590ae06fb48f80c533",421780202.141391
"5a7b67d4c79ecd83b7ab66e9",683477826.813777
"8dfd846e6df9a040ae1188b7",407209616.184331
"44a587fc89d6b6489157ff49",1080304193.57965
"f9ce5b7edb104d4e8407a344",644341285.397317
"73786d11f1fa714aaa9f1f90",742423429.337211
"cc72295ef156cb2d60d6b10f",1063762563.87035
"c9851396352bfeb05fbd7580",1267066818.22032
"b3561144c745ae3d329dfe1e",420070932.995576
"7ccaf332cf87e07b38b340d9",908782984.14531
"d63fe229354bef8b02b4a934",757355272.417025
"2e0a8235637e98dfea862909",788674810.045152
"0a1b14f320e330b405b27a6b",923948550.16044
"db41266d7b500a6daead96cc",406681033.17815
"364b8b8759e3c408c4005021",609896494.719364
"73bcd7efb7a25587bb1c31ff",640085910.723979
"17060f24d81fe2661c7628c9",694353599.154045
"98318f22c00ab335d8aa23c0",757408722.303138
"c926feb307c493aea729001d",412738798.002999
"58d92e8a26589e37b7123716",540855962.860521
"54d11dce9374378326f7ac62",420242429.441294
"8e79eebcff019c3362a76a26",553272390.920418
"02cb957c3db9ded3691a9004",445607651.256935
"561689dc0f267cc5011ede3a",834345486.407211
"1533da89d388196f19e2c5a3",666901809.799077
"069ddc5d1f3c855e6498ac50",416569049.07202
"d3aee2a35856634eb710efa9",663630606.13135
"4bad966abb5e8c4121ec69fc",611750092.578605
"f059e39d22124eb9e7e8e20c",852325002.038417
"3360f48c1ec30dd1c3175101",459086788.639033
"2218c6bddc994984cdc6e567",407620692.917868
"c2a9b4b389ae6f20140e21eb",730422660.199136
"d135cfa351ed6abe4ec2033b",723690037.385795
"668e5bdda1f4011578534f54",1129119174.72606
"d2aa3386ae240d7387424e07",424796480.506584
"e4f2ec7e2f4389c1efa52c0f",456909003.521707
"d4f90a6b73b1e179d3f8eb70",466684722.156913
"5738bc8873b341bf92ece0db",442419130.382124
"2906d21b1d96a1ec43bab50b",628696438.287203
"4e1bfbbd8689a95fc97fabdd",519010312.519791
"78410b0193dc989de2d24da3",819504113.939769
"fd7f194d9929a6f28ea57cf4",424424745.393639
"5e7ac1ffc0886c27471d1a54",513054658.547701
"879d9e3b4ef9063de41ddaed",473975171.187381
"4bf620c6c6d4c916bea70e81",619169025.134197
"573bf87f57db6e037aeb94b1",639389175.149428
"3ff7b739ce65f0b3066806ba",720049634.018613
"a456f85bbae3f189ff424e8f",552391930.645378
"6683685692e955a8ff172c89",761824816.878395
"82e1ae440b386c7da3a580be",856629257.194942
"efd178c4aaf3fc9d05b8dbdb",447387548.465996
"55ea155410b001104518e992",447387548.465996
"32a10e550bf7095627d17da3",456125340.051031
"823124264778e5ed64d8664d",570809011.722426
"fb01d990afd25ef96ed048da",880362461.585153
"df22426db407f4c660681c7f",778935080.147628
"44fab96fa2ea501e0b94548d",800312694.015067
"871204bd1b3505acfa632954",657586376.95389
"3d63320260d150d134fe8648",723222257.033471
"b8b9b90d5721a9ed5e72b328",447026737.973823
"926d12cfe05643554837664c",409150516.96528
"cfba6db03f0e38d1aa0802a7",438111302.355287
"97b12012ece8a740944aa547",570909183.835579
"8de317591cefdbc375a41483",551793807.63093
"46d34fc9a8edcc199a537b30",666895449.758129
"262e3b4091dfa6b71af020ea",635668257.763368
"396761edaa353e0828949bbb",459847472.420094
"8c18d3417886c150136a03ba",406549188.527425
"f053d3918234bad409410755",667370075.36455
"8f5444b81998e52ad76b3ddc",699644666.711239
"0daf89cf494e0f40a94d3e5c",743480562.240022
"dd8c289ec872be3fe3352313",569316138.590911
"f02f6c5b97b8e3cc5d5a74dd",743480562.240022
"5f39cf56c4e1bd43f61ecde4",783557384.5743
"5e187b07578d582ff3d8e189",601780069.309342
"bd018b302f732baecd085ff0",826949860.861547
"674cccf4c7772d6091166aae",779306593.906414
"38e84c560b0455548ce186e4",654374595.368102
"d14173913bf5ed21e3ab50fb",547800547.346471
"cb8844cf2070d8697bcccf27",491223222.229262
"6b44648a905e7f4c0de6c855",407620692.917868
"148aedc984c7f6831c7f9601",428105336.694026
"ff9d1cf7bd90c5e47a0bba3f",408882929.816386
"9353136b0c791bec58f93ad2",541145920.404771
"de2137c70bacfd5087bc5c68",726986848.554248
"12bf6b9badebc2902cc11c62",457297851.094578
"c0706c78d5d98202dc24e46b",827085518.212356
"4394a27b21889bf78927ddf8",409648710.556106
"0ebbe9d3831727f90d677ed0",806846585.944308
"caec584b5b6998684bbc6a70",626472373.258884
"0c302f1c924f8efe0b6bb58e",800921989.486146
"e056ada7a37336bbe878f38b",830642611.419862
"905cea21c0ce1cae97fe86ab",782694029.676089
"e286b12e5aa7929334322842",627907896.928217
"6cd4e68300a8bafb9d22700d",642248047.077412
"39124b1ec419566a371af8d4",948486136.810041
"6110b5bf07cf38c437c7ca8a",1221949882.39172
"6f8a22e4dd21f44bc6d383af",1149050390.33998
"71eebcb108c4828b8bd5b84a",636742174.165109
"5d61946d53efdd9bd0af140b",625996983.034555
"c0620585c12f3d9f1298696f",444895979.53859
"d27283e3c941f8fc256c3f4f",522192767.085018
"2acc857ede19953734600dcd",432214192.363756
"32474481a0f8af34a4edfec9",411687603.333997
"6720db016112cd2a4a5e0358",534133878.324186
"959d0cba47f650933b9a5168",713173176.204027
"32d2c5f1707b00c93407a19a",475874730.770104
"0ffdec8eb5272d9fe4775251",439341403.590434
"c77d7a08d5b9abd4d3082fb5",475874730.770104
"a3021c7c465dfdd38cda9f9c",806363504.171356
"aa24974831a0c608635bbcea",575279338.700449
"eeca3f5c399785a1cf15b1c6",632720395.536229
"0b51fb3a65a86d7799f27264",406487934.090393
"1af16b7f14dc04f05edf71ea",420562369.148521
"e0d7e4dffa0f3dbc40c7da53",723736970.100484
"cfeb42023e2737491b3e4283",846923793.958951
"dd4e23681e00fa1cb9a679a1",450858613.349168
"153c89081fd85dcc66a02421",674730862.856322
"f25b2ce0d988bf5490fd780a",412584528.431602
"8700c9b62ff5a5c3394b0bd8",519192492.270348
"a53b105919c7b46c0cc1b003",660223058.038796
"1c835128915211131bc561ab",648589073.885633
"a0c6e0c6fe41e32b3bcb2b26",673375783.275561
"4eff2f2297ce85a0a3964d2c",654980213.880446
"57062f248424c47282d3da30",538961144.137251
"99e860bbf3033ee4654d393b",654980213.880446
"db8912c5c5e5e49431b2c85c",696829284.77064
"3151daf55106dd159f27a8b6",500535440.720893
"3e8a4318d93b1fed4c48f48d",1213460855.18211
"4c8ca73cb51a58933de61f0b",633707134.773908
"925754da6fea9c9cdc06e18e",602432375.486237
"05119815bd72ced29391ba87",654650488.139987
"aae7cca10bd7f041c8e02d23",699859548.776939
"4890edc33a555cbbac71795c",627971375.017889
"902fbbf9f5037be8759775a7",763550103.251363
"d013a0e910b1fe2e3913af7a",440520340.558967
"9c38b9798313a3091d13b340",845126172.276574
"f04d3ee8b175c8f2f30f4f39",1258878895.35257
"f0f883c45e8470e74280e8ca",1125075466.33328
"af820361d5f20198bacf839c",621759575.328332
"01636da0aa2bc223af023a13",457584903.64626
"cdef6e87c007bcd9b4efa9fa",946783500.550862
"1d45332e2f04df18cdac590c",445932442.49834
"db3dae76fed5fdbed29862fe",540539354.095091
"f36a379e0149d4800e793001",571951143.760715
"30d2ac3ecb8150e4d4339d1a",773003094.377328
"7f78955c480d050f2c8ae3c9",721483501.057366
"cb1dcee1f4ede0877be1ad15",765323087.724431
"a32d2c51f2bd5f23bb519d12",978803391.38865
"bcac2a4cacf13a91805557c1",411737075.908928
"a21afcc258e50a538dfd43ed",406645353.347831
"7202b83b651382e2630359c3",438505897.778526
"77d6855eb6a30d268e49eb1a",423253361.731044
"204ddf6ba4822d55ba80f713",406796626.297243
"e0587d29cb717f725e991ef3",835638694.418623
"c606665f3a3f70ef61fa5cf0",718222606.131824
"44412a9e16b2824c4a520a72",443261246.804736
"313abf19d78b719cce4b3188",701399016.796499
"99ad7b36c3c916393e951507",517946236.234591
"c34c2aabac06323fa180b24b",465458845.121566
"37f39916813a58b844e17833",765247185.115443
"6ab7f97fb9880e48fab16a1a",435911612.868413
"0e6c74a0056ee94b10bfa86a",660331364.618476
"7fdbc3fed9c9607e6d01e958",468595281.793829
"01018b9796a105be650ec802",785558103.903352
"16ede6f8833a93677d05a131",444471048.158346
"0a53b0b7c365879a6d2cce39",744446899.881969
"a293de027279019418c070b5",415720548.561202
"973ab56a202e039f5ef37353",500241480.833413
"3e18c851788fa8724ca8b7cb",412442116.416418
"0a4b0a004c894654663bdcdb",705340543.220744
"55d4b530b881abfce2d03e56",741425777.728408
"405bc08707001684d19f6edd",765667663.426307
"dffa1057472b06bfc0fa7a66",1066739155.92344
"d061615fcc6355d79665f9a6",564990206.011626
"6cd96d73fc58b1502bc6ead8",740926748.166533
"db78a3ce9c6f6a7f4ecc6853",646241632.711594
"1498ce1c1bbe2e89b84a4a45",769836717.677841
"3035d7ea4b71d204b588dccf",709610038.281411
"2b8e9560dd58d880dbe77c61",783083765.847995
"e8948741a987cbb3759b7a44",791187941.040028
"20718780218eac9668776956",691173136.321908
"c0a9e3f5c57cfbb4aa9b2357",853003180.648926
"5e9e9339fe1c3a06470cf7c6",882122296.760408
"f852e0f3fb8563ea6918164f",1211832545.64838
"e38b4072ff8b856487864f31",996525902.052708
"8cfa1121fc87d9483ec63611",1035993739.55639
"1a805101f78cbb783e6f919d",449380218.007292
"98502628de3c4fd3905000a7",807308399.377367
"ff7ebaf86962fd0ab6ff41f3",562802546.194073
"69442123283ab024a911506e",748581787.790909
"ce6e91b53465250effacca98",844211080.317934
"5d42f42059617a5ca7ff3a32",756784893.791763
"01edceb6c5afc2af1e129e86",406741540.914987
"fdad0c86eb89fe93633c8571",406516621.728249
"831725656d9df81b63c0ae38",702188770.43102
"d1f8eacef9bb4d300d086837",1191582540.11037
"3b6d88f864f6c1759f957c73",1152393110.35911
"5a38f908d8d75c5810280e12",450506173.90373
"c7c835349181bd3f0d964eca",799798437.125125
"edd4d560363f7575aee42d39",949380250.279985
"8f3924eb214f5194d21499b2",753311282.386572
"466c542d7825d36d18a86486",656070488.642657
"0b71d334a6db66cf6f1a8eb1",741427191.8872
"7a91cfb02df63e4396b15aeb",409859727.471788
"6140125d2a94efe499a6941d",534546643.435909
"080df3efe1fe81f97e74c4c9",410461330.770636
"e148c2b109eecef0175b3c5d",432196056.314992
"40aaf6665b489033ba0e55b5",1052950741.10717
"05498e49d0b875ae6aaddd83",477904944.144436
"397d0f6319465fd7fea6f710",900253502.150661
"7e6d8c4742b38854d819696b",873653055.756355
"9a8d13d56d677379ebf9a347",1045873130.06403
"06bbc353bf62fda3b3786fd0",512654577.81307
"09fd7896d5445f422892b196",745768597.163672
"57c63e412f3fceedd3a7e698",672859667.491208
"32cb6246cd94f962f780a1fa",412927778.081506
"b0f9bfd521802b0d2586300b",665023151.779235
"2a99204f0a53c4a4d0a2393f",638916169.424466
"7651626df0e2e3119b801466",701115457.889388
"59e48259a076518d929f5db8",424231312.7818
"e7b721ed96269bb195906bae",406451495.956021
"61c3c304eb8a06b5a483efd9",734228933.285092
"3c26b2954be250bfe239db68",406798178.10618
"0df87025a6351b435958ce95",777910620.901304
"df82719238ea0e102c282c09",680515896.704128
"57c74f7b9bc5e33cc823439f",738592989.224818
"4195a9d13c0a526d7cc959f8",680392599.673868
"0d00fdc440d7612434a6b91f",448713869.481433
"0c91369119a06c40623afbb4",487762257.972795
"5a6b30b4d33e068d421bc2a1",552000128.974404
"f4beded3c5ed9fd6cd5177c0",775469245.253158
"95e561c7292d64305a2cf4f9",782010593.595266
"67138978493b84ff42daad45",472576886.208166
"7da10de45c866c7d066d2586",465766122.636167
"3c3cc027fb179e91a46f11f4",472292139.462986
"df3ada98307fc85428022d00",472772523.738521
"e029c89d59f2caf4af4bd908",529698293.964691
"105d05ab3d5334b976e448e5",633715595.73345
"253fe7aef58ea97fefef922a",786436618.013099
"43e11f10650837933261fa7e",511962754.844318
"b111b17ae1fc17e3491b7a5b",558026702.786799
"63e1ff737ea11ec607ecee08",741649248.27545
"ae703276c49b6a6a9c39770f",833647159.601319
"799bc0f95ef9a23fc16bb1d4",1154397243.09079
"bb9fe73a8742dec9b2e79135",1266467608.8867
"a9b3d963a14c2c7435f30fbf",1043945893.10408
"7a48bc2c3f4aad08dc7fd5a8",438923451.882787
"7621f476bc8040270958de6e",536524173.67284
"c49644baf8dc51d3f76d7e7c",732241615.842529
"8c107da7487ed0cd409f4daa",480297301.270693
"1bc8874a13914055c2759a35",474319734.045002
"fcfd6f08490be39064aae41c",518714406.755541
"23178c72b063ecbaaa04b37a",555260943.935399
"10bf1c2d1124f6d8f8b9497b",620950124.601807
"c29b30cc5db2ffc273e4cb14",545186329.721416
"f7d11c2601959921f536f804",608518397.713313
"acbb07a2c7a0e39c0102b3a1",589393661.266573
"844e127aa7802cdf75db074c",481314325.211871
"e2d88f49873bbcc5476f4ff5",574261983.669773
"42aa1e6f6b8220a63fe165b2",819608846.995106
"ab1c43d6fc4f08e315e322d7",562152404.836245
"9299c976b1afe4d2c0bf351e",664651605.326052
"cd62ad28163c8df131a8f2fb",662194242.492676
"e5e06913ec3c851340d7c91a",662249818.377155
"d9b46a34e48e04b5a3e026cc",478299800.245269
"782a6028457ec55d4fd5189e",517946236.234591
"11a905e4e01e7d15d35cbb82",439779045.532013
"3b3e423e248b23090a2897ee",476508698.680459
"5915093d458d4b6589e86f59",557664940.601266
"3d162a854aa05447e2cae0c0",856402176.498942
"662a3e343a7e207ecc09d6b7",646241632.711594
"289db1292d4ee40a1ed6e518",753311282.386572
"d43d2bda7b6e4d5177c0d032",731878579.455108
"b57ebf09cc691bcf009ef115",1035187844.66302
"21f5bac85d5eec57acf501ef",893726551.593851
"2fa288389b3031d595973793",722137454.520916
"c900d19cade1443983274ac4",939275823.436465
"67bd5b20df7f2a9cf4e04358",596631362.602976
"e111bda6d24089dac82907ad",426564842.833766
"7910ac9782a1a315f68799c4",638106290.291376
"ee786b818284cb382c755e9d",765159614.536029
"f9b0a27bd3619ae88ffe5455",498460426.730265
"ad1c32cf75ffbcfc842e3959",424907497.203785
"5648633b1f92de1ddaa7e7ab",645556665.873996
"1ba481abe0d3890c42884d97",596631362.602976
"ce60e2ce2a420052e67564d2",480297301.270693
"87e1b1170c163689d60bcd09",556501446.728958
"bb4c7900162be66534d17541",811027904.329269
"68340674853f0ea101e32b46",482743987.513269
"d10f89691119d4a4a2c1e650",870368183.820506
"d414907e75a1c105ad2b74d1",407046543.797293
"c9b6d3bce20b7f528fff8123",412455490.038652
"be1695a7b8d3dc68c9887abc",564359065.680058
"debd60afab03fd1552719270",692012089.049663
"de060e07dfb0a5494c5550a3",438243351.948576
"3d6815fb68ce959cb95e225e",592262782.239236
"d93f6d8fe212ee3c0f7cca95",476600503.2126
"1ac702e7c265717b34419fe7",464040542.713045
"a157596804522e03efabce48",566920303.619906
"069c529aaef7d7e0774c4a66",552071727.872491
"0669fb98aed75d79f8decb7f",531895230.246758
"7057326ac489bcc17d580883",657257846.471246
"e3d6fe5d97bf4fe851aee9d3",479276941.394714
"f80b20e0649dcf1c16003255",496615614.710642
"364256d0881131148655e006",722324800.851205
"0f9c26956bfe983c8c7fc227",1121713564.70786
"9756b47e9dd47f99dbb23115",452719061.655785
"27d413eab7b562b984c5a682",695025381.731956
"ad17072ff24e0fc0e61963b4",606850502.634954
"473a59415b6214218a15e363",650232765.578803
"ef72df5586ad0cbe59e36e07",559087804.428038
"9129b78a741bf5e24df5379d",625317968.697348
"964734d3430de94d22c927cc",448915896.441024
"530b25326f39c347a35a8caa",451221656.040523
"482f57e65a3f4c6792775a05",424449841.440262
"738e86beb569a7bf51fbe199",406841631.159918
"c5788cd5507c577b7b585ffa",406472428.102041
"be164f9025f346390b986668",629991646.230008
"ea2efa1a857332559120b823",529799335.532139
"f3dd24a17ea51b7a2b0f037e",667791540.742599
"7aa8d04246d3e84e5ac470bc",786648147.697765
"6361330195fa7cdc6d5c603b",796308116.448763
"6820ee22d6fafc9c030cb286",1273900381.28811
"472601b5b5719855ae3528af",822229959.653981
"3ce2c7f1ee7569e1b916cddc",442150868.233328
"afb03f7cea99023ecea7610a",426089147.669378
"404364fe956884368e2f8300",842317994.945105
"c658639b590415bc6ea44119",451345604.790774
"42f1a529f5ff3a6371dccea5",615423729.128999
"e2e4641b20d81a90033a536a",433254990.659429
"253b34c2c5ce15cbd8b5826d",668538352.834533
"86ff8f274b698e7757ced1af",766792993.868752
"c4aef1d92cf264c548ef1f2f",406853271.158863
"e8603da6012c2116a70176b7",744344672.677593
"52b52aced4853a3e3d7fa058",427740496.125391
"7d9a9c3b4442efdb53c24448",667796635.607163
"a7bacd6f783756c9e7cdc068",573294538.558195
"68a00651ead62911f850cacd",411616938.538516
"1e7e26077db3bca2821a9b45",559176320.589177
"8aa21f48a83be25f924f85c7",554188078.489244
"48107a1dd2a3b027637f250a",516302015.516979
"6bbb24fd1b9df3df4e939fc3",448925315.170165
"aa45f8fda8801c3b4923f4b6",725680443.594383
"ce164af02f76ab3a68b0f980",734392801.943452
"c32249c7c0819b1a29fd611b",527490309.350432
"f8d4ec209ad5fa5ba4a68e56",588002447.753998
"cc03087e0f18d59c521b6ce2",750023831.670738
"fa631a714774fc22ca15ec10",720511239.507331
"c310efec13e312442f7e1a01",829206870.848885
"534466a857d28dcc598e3a49",973510104.428033
"4a81bdc14b5bcc4c84f5ce4b",461376143.322466
"79ac12d8436c07b620190b9c",643664471.216396
"f69962045e9aea6b8200888c",511830945.467813
"9752758072e096fce6f7f4cf",548673689.392591
"56fc1855dc6375dee0506133",652281108.86374
"2fc19f73fb877ed8b88a5250",408343607.266983
"63a25d279fc5a9e8fc1dfae3",411390108.027008
"71978c139faf2a251db6ff5e",408138041.670627
"f4dc67569fd340be3dc592d5",491872946.756541
"0b829c23806ff01a0c84e9a9",528546773.097388
"a23ff4d1b2e24f537a75242e",635025988.730613
"3a103803cf9cf0451582d89f",422309078.04978
"eff8b3fe996b6d7db10b0263",524709738.799226
"9d53330b44c300e396cdb402",703328114.732919
"301b5da33d32c0632b16e8a8",704580841.010321
"357e653c4bea02df1b08c62a",732722217.668862
"9af17837ac2bbe7c8ba16e0f",444995273.510772
"246576e24f66d495fe0d509b",532925954.92994
"cb70f4993947b640317a07b9",629461957.388714
"949292b23ece12b655122038",540267239.403686
"4bdff22689954e5b1e575d30",769039817.992768
"7c69d43fe2488db51e6c8da3",408458114.801351
"6f543782174a964402b64de4",703612568.526242
"a59e7f0e0596ea6633781335",755023048.709113
"767ae7de1818d645a33749e2",784306495.505838
"e667133c29f90c8fbf30ede7",415350417.911938
"3fcacd1cf9770a2724a5fb01",651794836.365655
"601193433c99337fe806b158",695730988.50293
"42c282041583e6e2090b50f2",825818147.714678
"3bc80c56871193dd782696d3",514016518.824229
"bee9de3e2817bdd591c02897",536090453.487437
"0f761aab549e7f6bc025ab0f",782010593.595266
"3b9971f91bbe4b8dcc704ba0",818799467.953334
"8f428b58a5189effe993ca4b",425795863.751977
"0af466463f2cf50d61315da4",507829441.568361
"1a486877c62f2aced41a2ca0",857516919.406068
"c9fdc3f80534b32f1a75f530",805790028.102692
"97419310c7e696dc8ca61f7e",914501944.395821
"49d9cb2bcc98d69222b03165",798924806.289312
"99fa9611d644cf325e20e603",879043632.114861
"976d317efade1dd77ef3687c",424200565.929519
"b9bd63208716e4e0f2dedceb",587227983.994781
"834263730047f308d71d4d8c",725117323.075335
"d6bf8bfc752bf4580e99794f",791415843.614406
"58bc2b0acdb0702732894fa9",423610335.123378
"c3b8b774037044a2524913a6",823991453.069954
"eb339d562b72b3bf51073cc1",515904322.512438
"c8244d916b0110b1acbd38ac",773426359.111662
"65bb6acd9be0f8d95fbc722f",685522364.07674
"5644b84ee2edcf7267b2189c",731771099.382068
"22eb737351bd0958d3e60efe",801348313.762171
"0e2a5d040f6361adb9927388",748049405.38705
"be9f5ade682aa1fced79b068",719208240.57015
"8445e5cf42307960535a3b11",669040945.129794
"1b002164d34a71bd06e0445b",797218419.842518
"c80f897787541816ad63bc17",618608317.853367
"673c72783eb4f9a02c511b83",1138083497.09597
"3b29177e99201cf4eaae612a",868948301.446072
"91c5967cc1acb3f108d6e0f1",407488543.632552
"334b5b9fc68a18387ae59ebf",407166123.827651
"c9d096d4353b8eb843e793d1",598198144.248049
"92cade7b5347d1c00a48a1fc",811834246.560099
"1d4bbb5b756033b4be28643a",917774812.280782
"e1eb183eb261b6de96e20a56",956879258.373046
"7ea8da3b1481993b14bed9d4",456477822.143229
"78bb43910ad6ed105610d9dd",465288420.209165
"32c1f617f2b1f537ef703712",779192148.789444
"a7e6d3c76bb5507e00ccb501",623516015.851462
"6c75d7867807d942c975079f",718032215.145393
"e9182661e36239f091259232",406650782.685287
"c926ee21c2bd9da7da193514",407253113.186743
"27bcae7ffb9f79b8f59fe1c3",428946387.739775
"6cda1a7622d5577c0056ba40",759859904.494746
"67c945ee31cf1fa0a874e4a6",518434490.821086
"5a8638c17d14ec4f6d447b8c",690891075.94925
"82bef17c2a4db1f6dc6eaf01",724650002.309831
"09dcdf0b8b37c1d537b9fcf8",512134646.191145
"2cc9f2411f98d0fd41511211",426579488.026822
"aa1eaa63043c5c29ab6a1323",623860997.354573
"35b03ab66c19ba2049ddb9a4",649796354.452607
"90470cdcdd2b813b39f28ab3",538940584.793364
"ba187eee3858263fa664812a",439339727.63918
"c06a1d212fed896b6ee4e1c5",543553080.621867
"8a8c8f5aa68c4e530d62776d",611863284.657437
"662a221bbbd961c285069c49",831688924.389783
"ee796b35e39c7beb6aee2b49",705814258.498937
"53de17a986d62a44d7897200",552053827.277364
"68925fb9f8f0c84fa0ffa9fb",700485885.79497
"6a6d4f8251ff961609019ddf",420815927.81646
"3477646f548971044f8f0494",406532129.402486
"c82434222f4129168fa82e5b",542595971.681208
"4c00508300f40d74c79f2596",532160083.181661
"27bebaf73dff207d7f6829e2",581746449.835897
"d0ba7b90f6ba3392a165b46a",844831236.856793
"61974f593c799e5d5090c067",406453046.448389
"c08b016afc6a07105d7703a2",660147505.829185
"011c2017b63235bf0ed3f241",503901508.824298
"7f73a8e83d41ea252ad61197",472461525.074549
"0c25a552c34e114a1780739a",426427365.262355
"21e96ca8dbe2f12b55723335",429083859.015316
"30f6404e8034dbd513aa8a30",422015981.21252
"f2fce80439462bb9231d7fba",425472754.226596
"40d5384e2e8f8fef2032928a",440694301.653412
"95f17e64d2222c904a7d42cc",512697603.302822
"59374f70d5e7da97e3b8b35f",967532847.766454
"ba30cf03fbfb0e36e5d415bf",1148496039.26251
"c2424b4861f2ef50f8876c0c",740056724.711537
"e7def7d0999433ad6d3ea412",946783500.550862
"7f1a4e79fa92196101baa7eb",841134766.947127
"37e0fe114a3c7406daa57443",763344784.630783
"897c0578bdc8d59843bcbe38",451503172.12447
"7e554b821e6955ab259a25f3",432214192.363756
"23b0d67dc2a0ae6e5ebc9eee",444895979.53859
"d43f045d046fbc8f5ecf465e",613974587.040088
"498d632cf0868a8e641cecb2",411390108.027008
"6b9bba3c6afa1f999a9429bd",632843502.985991
"12db154d9d29cafa574ad387",411520382.933508
"61779f1bec05260cf10a0d2b",613974587.040088
"986defbe9082519824ebc882",798001899.91322
"f72992cff50931d2e19b3ccd",555390166.266287
"0e2d6e5882fd3b4eeb9ef286",517872148.730452
"9702737c9e4ecb12d0f9ea5c",528546773.097388
"c36cf907ee28017eb1b40674",421800314.668205
"a7ad9c8b5bae531abf68f8d0",555390166.266287
"6f3dd53b0935c9593a301bdc",444162570.161448
"11f8f836e5626605ee4b41c6",1051024494.78632
"16fe92ffdb7e1aeefcde80f4",610388762.934531
"c1eace64bd2c9f6bea289c4b",625996983.034555
"fc2ac43013ba8ab17da28041",542095301.687782
"5e6b54654c98c2517c2e31d7",814261192.697382
"f0e8b39d2e4644dade9d8954",610852300.074172
"22796587bee45b8f64ee6e44",560881118.612904
"dc8c76f5b3977f90839918b0",625996983.034555
"27663c0e271e26dfdbf4d289",591814480.303307
"2fc96ec5fb2c8dec0a5b09ab",814262745.778836
"49d42ab711abd95fb5947c0d",704580841.010321
"b8984fe54819f5fcc43860fd",483530958.244263
"8d3f4ec0c37443eb3f953584",627125129.162568
"001dbdd202e9908ee42713a8",673058620.483759
"fc5f41aad1b4bdcbd8298037",615813563.311195
"34926bd7f9880e277e75a447",839397461.985722
"00eb120ba4410ed8efa24a8e",453087059.193639
"eb0c6a8231b38b2a1e1f789a",802207763.558048
"0f059b39ca45bbbcb996fa45",632469427.099362
"06a5364639452a9d663a2dbc",523796799.51055
"cd19dcd4aff76caaa1cffe54",407145155.958322
"7272c3521b7083038ff0a690",735435694.607333
"a480b654e1b8b7134091e613",1175563660.19491
"ba24834c9fb0e87c4ea7d1a0",754481768.165959
"ac46e3eb688cb1cb17da2545",973617806.128909
"3053732169b2260529f90133",486823526.457043
"ab0c047373b5d1810fe42bd9",497670040.173127
"698383c101fb784f8e1b1ee6",425267487.963495
"1b09c89b546d0058cb09c1a9",820780580.347878
"64edef308b6a9805f0846cbc",955429401.52593
"995a5799d9a1a7e4dfe4fe34",1248693945.47759
"d4f1fcd4c20dec55e977720a",1057763658.22721
"21264b5a73fd27b85a4e2654",455379499.046274
"d464858ed94a1a74948f479a",646393261.292863
"dc420bf2dd1759b7f281cfa6",1008036117.11587
"0a268e25a5f3a0bfd8898a40",406434440.93034
"a3460f00d48816ef66e3acc3",479359221.796397
"9559637fc2bdf96defd2438d",986352303.631927
"421db6a58670e53f563eb9ad",525484933.471533
"7b6322fd5810990820167a23",441068508.603607
"17fbebdfe6bc0618ecdd247c",718222606.131824
"00f2621035b1969d53f03fca",815593270.643164
"e97c998a6a0709605432ccb1",477509503.235541
"39e306be57a992bcc75e089a",406902162.791207
"55d0225b44a81e82eea3efcf",820004452.231784
"c7c5ee499c712082931032a4",1170237063.05499
"f15f48d4cf4f85a3cd68dfa3",494100507.88702
"01db5867a69f8ea7849d69e8",708164648.900455
"7c29fc3861c9f074e3a89449",616515181.678644
"5ae2fec22f535ec2490174c5",406441417.899801
"a6731fb85da65ce14468341e",411048920.590976
"4e327acca2e033c3fb305c5d",552421432.344975
"37b8e8a194e4f2fed7ddcd96",459614225.801365
"a8dc954142c54e570bccdca5",417674131.679577
"b427d767b071c3e5ac2a078c",411400308.790156
"a9407f510e67bdb27ad59b46",628680849.617672
"ba7120c89c8de0e57e30646d",492788516.682013
"4f5bc448658287ffb3d49b75",768906348.31505
"758d9f47824eb74d1b486024",760426799.096142
"84fb7e582456d7409f27cd2a",834913805.293121
"0a6ade3bea1768aab76680ed",860620317.144585
"f6e74a4b1e026352e5759b2e",800921989.486146
"639b98d0798b5670e7bb2569",828403813.977459
"32ecec7d5c47d02969368779",527699621.315134
"cac82fdc4d960947bbc590c8",407626912.763493
"c2b880a6bc90cdef9dac52ca",644678114.876188
"dd8eff6162c32ecbc6972509",543153044.243722
"6e2f79cf68ac0ba2b1a6b0c4",1130243926.23789
"a904fab9fa4f41a11f673fd9",774171690.832775
"bf11c5dfcb321e020601e9ba",955883271.199242
"488cdcddd0938ad0205ab8f0",1281161719.10282
"b92929668e884453d3a0d633",562359381.50967
"09eeb116cb0944a28742d282",564081415.191977
"c16e9d9444f85bdfade710a0",559167788.300749
"c15cecbbe717e72f09a84271",583202946.897948
"0bbd23df46a4ea4e4734b680",467784436.826947
"de28e62bd01870dfceb5d78b",420145453.224643
"92c4faf0ba1fbac44db6d1c8",467090798.216682
"91892eac5e9565b12b2a99f7",456425585.391299
"ba72421716765ef6aad9b4cd",847303493.099303
"a99df3a2cd4f2346c6e903dc",408138041.670627
"59a3b1a44c35ed4936cf7843",646844659.245606
"cd74b689350ef612ddf1b96a",656598773.095616
"5664cfe452394ff9376bcc8b",425859215.474749
"d4c6dda51fa949743a46e835",489821698.361399
"b7f47484bbd8113c62cc8c1f",430330471.831583
"d4dfddb6564c9f46b26e7aab",449744643.709677
"aab240140aa4b6602234d88e",607689093.760495
"29671ce02e285f69afeb3fc2",779085150.378872
"5cd742ea274b4a8832114080",752617614.397124
"c876ed979c9127674000b740",647855896.904928
"45269f56121b796d0392e2da",1245660974.13822
"e981d4fb3a33f372ac26901d",1176133319.44817
"2f13a428281ffc425f2c2e38",458989603.047243
"407e4196114b64578beac143",486304747.986163
"342027b17940a0cc5cdbf8d9",743856447.535126
"dad2bbb0fe138e426000a33e",651794836.365655
"e77da26aa7ecdab5505fab60",646839724.231325
"8fddeb4ca696706f6cbe573b",751389825.393303
"fe368a7d2e09fe88b1b972e4",461014602.931216
"6fcea2c6b9e39576e10581ea",637942004.136824
"91d35b9421c4982b54dd520a",755881831.679292
"eecc82010ce9803ebea6dc75",594308718.00968
"b957548768ef014088a61b5a",432235626.857102
"5790e4cf8102dba35e184ca1",697056597.319969
"cbab68c32d78424452249d9d",784704518.081847
"4e0b293ec3d5eda7d9fcf8b6",636802901.526537
"1f8742e662666147955c9872",522062306.904754
"aad38b9f22ccf36b0fba4e7c",571452815.002408
"44e9224b9735235fc7271672",407031016.500079
"b61e9e4f3a2e894932b58ed6",611198435.269609
"2b36d2ed79caaccd687f2ab0",764978667.092985
"7bdd64032a4f011bd4fe7df6",427650762.01165
"0890a0d20f33b9af2bfe488b",422131907.282905
"ea7c9e327eab66ca286f6726",566600324.813311
"98510008e150296ca9d27d0f",639667290.297521
"41abd8a2cbca609cf868f227",770225927.990125
"83196bef0e5dc6c981bc57a9",548453965.877532
"20289e986c1959f0c83a6a4b",645949570.610256
"fb39ca089d05381b3a7ba847",406875000.047936
"d2da963bf6c2f6fe724be23c",1035651947.73525
"670f7dfbe2eba87e55176257",799075679.518935
"469b33a6f153ec334b6123d7",419466445.946888
"c38ce4f3763795c61efee6f3",487654351.320138
"8553a05c2b30be81c64a6295",1010101261.32213
"d8b3a1d0cffc913ebd05b931",943322616.752739
"f0fb8232343d235741a20586",1019183454.29923
"887d749eeaaae288b2818b86",803602887.1683
"126f4d890004b8035a7de091",774966517.610241
"7d157359b413e107f5f9cfd6",533504643.504683
"65010e340fa495d060e32f7d",416159266.875647
"8164023f628f550f322aad61",464669380.245594
"8c2423c14aefa13d255fa77b",436006406.811677
"e9772a54bc6638c723dcebdc",484877487.827659
"171149ef76fe0a2074c5bf69",681545974.502923
"96448fa0eb077563a2d168ca",474974278.362443
"3bf1bea2a835d7fd11e47ce8",407149815.391523
"2f4b0b1b81c792f43f4ccd5c",407149815.391523
"086540702ba0876c0c05c5d5",861337952.986414
"57d17db2cc5ce1aa889f1f50",726237075.458992
"3b6cedd9966332f0722208cf",407428701.877838
"351a3e1b62cd51d46913a8eb",819893413.310165
"33b702ced6de5f7ab8b29e7a",502415895.754191
"e0e6852c6d6393d6d3719131",1093981215.94205
"bf5e687721e030639ec81416",728240042.941854
"314479aa7b73ef6ef44e1c89",710273550.423423
"822896f609e7761b58e7f6e7",439779045.532013
"5b6f21752f3744ec6e529d74",744881522.154657
"5d91dd63b6aef851e0c78389",520036897.678619
"0a369278a1ef6f5e9d79e2e3",559223250.502793
"7523e95fc2afaf31bcf30979",733817322.121209
"cb9de5719b978a78c71db699",738790241.16557
"af8c90983a23ee15c72b8e22",805771585.243654
"e35d8f589e6b1909f5e4132b",746068792.557218
"ecaa5e38ff6cddc14942eb7a",1121356325.30083
"d2eeec3fb1ee4d686758534e",896754008.839017
"e97d03ef9638c8e1d270ed2a",406682584.546134
"cbd78f55af1db4d89b53b496",411349307.503658
"1b2fa2ee5927660313569617",842025645.568908
"f7f00e13da4910d724aba4f6",419852256.404156
"9a6b77dc2c414f0baa11effc",411263796.460101
"bd4d0b8799fa5999c5d2ee3c",880048515.005094
"bd6b68abb113370c35786557",1375485086.65356
"4da8ef54252a92d9cc62c174",798173912.114587
"38d6c2a9beac610279bc110f",421659547.118269
"32e6518755191bef743b28f6",1244226750.94446
"4fd8d01a5c3abb90ad70cbe6",822458960.299391
"5d9f8f380a6434096a0cd906",459013240.892073
"724c854b1a991f060701d005",470259757.893028
"1bd78ecec17b584e827dd0f9",535821600.42932
"7e6f68184d84e09cc9ebc09f",663123224.444067
"c0174ef555bfdd648acf4346",429835819.830492
"6463505a740324c7aa869d79",728160873.809457
"f239b7fe0de40d208c01c45d",686748615.264443
"bd98add659faedc1820f96a0",451221656.040523
"ad662354d28a9b2d65f537f7",759413645.720934
"8e8852450fd5556f748c98cf",689514062.460636
"8fd5b95f5808b4676043de35",607446895.371093
"73a23c9d154fec88d396d2a8",787897481.736281
"374ca1a16b8eba42b35374ac",654438252.609155
"ff058f978e97c389e7a31f6b",812784002.107605
"9d7f2c004fd359136a662c9c",718328096.247834
"2cc0129b386acf9cdfa4eeb3",603787476.487829
"c139bf6b72a93a73155e1f5b",421640245.517794
"0c017cf9740cb67d530267d0",551727506.435115
"44ff213b9cfb3604b7e4b66f",586285660.046962
"a09c957598e6cde56cdba03c",714720118.102104
"c846d5698bb295697186555d",645612076.825024
"a84cafc064a35cc0ad698009",509718826.98443
"ecda0d714f52da919223a520",770111347.542671
"b9398d6bec5cc44fa39b8bdc",701803152.54195
"79d230806fbfe96368b83dbf",841898778.246721
"a28b1d82d3f7dbf8746d5742",865179313.207827
"a6555836840c7dd496ba9094",662240976.447182
"83ce7c2d2823f888f2e06ea8",769048619.0054
"631f4c509de8dd64f1c400db",682912285.284324
"2afd31619c21dc537e4797ca",811786246.000049
"0be57099d9c3ad8a16984861",769669344.315895
"ff29f12bbd7ac4b860909966",847922686.746694
"d955edf16ddb9d3f59501a9f",866004806.06102
"96298da2f44ca873f345867b",505761810.151895
"e6396355c1249c6290906b78",727162970.290861
"39f9f736d802b166ed688224",806231245.614827
"38a0fcb41f0dbe8b0ef7af8f",715584922.642098
"79b955adf84fb2c52381921a",626925404.548082
"e335b8464a61ea0781f7928d",840304130.657427
"71a929d79a6cccbce6ac5d79",815976043.130637
"41454361857cf70c44e1f5ac",577719314.622525
"a16ca6293e2ee2969f3334c5",869357772.569138
"4083248d3d2f2bbf9589b971",839727337.649741
"de630da5e1c9e27bfd94efcb",865242023.026427
"f2a4f5010f3da37e27505ece",442962057.201218
"53647abd1d1b10c9226eac73",499231119.547707
"e51873d6421addab3b539dd4",477297339.319284
"be8fbefb8e06fe169237d4bd",835307238.473148
"257c889187ad5de900a430c9",507102537.856832
"3198c4acc62c1a2276bf15de",809443867.466851
"b22350d505b87dffaae3a5e2",826979829.756619
"49ad389014995f0187edf726",704641318.264357
"025d96090a8e5bd6f786e9b6",629626461.547128
"4a7156189e1f06b0fe87a7fc",514697372.988995
"e91425bd357561183b935d27",516721697.139847
"c9d996f458794961d9957c1d",521106262.979484
"084de965e32a2a65bd3aff5f",521106262.979484
"880bd21afee7038459b5847e",752039328.494977
"2dba091723891d8907905a74",629564016.951001
"a39f9fd2f143b8ce1f7e1277",531419637.976916
"37050aba3553f3869d59f809",699033748.024171
"35a39cf33d16f8f5ff75fd6c",667864146.232408
"7c463a59e7d2f2b4bbd07e12",524560640.130738
"035d955df5a765531d1d0d07",553410650.309959
"be706475abdfd64aabfe45fb",514725843.288968
"bf41b26c090dbf0a19252e43",597825162.596113
"21aa860fd839233ed8b82653",641867187.86801
"b870c8bd8f95426a7e1f9c88",512940178.152006
"c5a5676bdb1698f8c38cdcd5",413572535.466127
"3487768de3a13b7ee3df0254",822973660.122671
"dda7a886135a1fd8106d04b8",800511160.411408
"ee102e9d0791ee82ee4da2e8",442497615.16255
"1d4891dc27e0050efcc6c403",485327163.794804
"dc1fa8fcd0ffb8872d434dbf",550322324.716526
"2a5f727304ad67d1cd269361",702100380.954368
"2b10af4fcbef695b327b7d0b",831365377.910187
"516881e914708f6ea6062ad1",705015048.409577
"5a428139d5ce6bbd9505945c",688425982.893284
"38dbf1b9c5963e9c3d008340",844238454.244178
"02c6e8c7f36a2c68851600c6",664451335.3761
"d2684e676cae87d75dea5ea0",572789576.7557
"027947dd01dc991ffefc5082",424006426.759168
"0af13e27cfe9b8f237a9949c",533057096.414133
"32421841f7eeda76160d7959",500224306.699947
"96ad0e75433cc18f20ed83f5",693186482.928064
"b387b5eebf501a620f352504",638236532.335393
"8ed95f9bf057114664ea441c",459129696.933482
"114318a8e5822ece53ad897c",468020044.334469
"3bdd7be0b5e18d266189d991",469506923.722026
"0d2c4bbd8a4dbeb6337b5c14",479571387.531388
"a98637742a212e332cb5d1f0",490936604.093502
"acbec9114912932b9cbaf0a3",545179050.747205
"fd81506b0a00fab1ff680b64",559176320.589177
"49e531941384af389b0aff59",411184577.32339
"8f221efe392ba42b519e5f57",750023831.670738
"1f33395df1e4f6a185c507cb",446913351.789797
"fa823373d2e7fc9443ebb6ff",743598271.917696
"0a6966f19bc2c303886ca82c",516302015.516979
"15d9a0353ad54798ef95e0d3",815052094.260954
"0d95d756b838d3a319277424",568197691.877193
"d644b23e4bce0e6e50ab9356",802997678.586894
"6dbc77ad8c5c1e39f72cd2f6",757147287.142514
"2fb5206d246ee7ab22fb8143",725680443.594383
"f1582fc47e7b8c0eb0cc9949",556945306.51423
"8d7dd9de4e919fec5916862e",1213125300.11478
"0b67da6d74bb3998c80893f4",422486323.176068
"736d25efc9e570379d32c089",768440119.675606
"4615a8a7af9d7cefc7fe4c4a",796918923.141398
"8b753628bd37b9759dad06ea",409599488.91027
"5c7c83526b72ced12a08e573",505161181.347119
"9baa578a930a94f761119fdb",406791970.905947
"8fe1a07cbe9b8f3498cf74b0",417129578.250353
"67a7cfe6e95aa5200c064717",609762731.586827
"b7e3b0c90c0d3bfe5befec54",497759275.817899
"e6a547b2c0d126c9b6800515",854595846.668798
"b08f88ef973c9d1c3a86695d",668424875.387952
"5933c18b8cb17cc6e4ae91cf",802320998.200241
"64a24372d58a2cf535c3aac0",721195949.176429
"e6f9288cdadc5851d29fabff",765813716.871709
"71ba2f992908a5f91f832406",652067154.034327
"3af4b54bb5ee5fcff80f1e53",409354250.161355
"40d3f1f00de86e74e0304bd1",491690037.001195
"3b758c26283c2f11251bfb89",943520554.477876
"70cb6337c8c3f5225fa80026",788569517.626888
"0dd510aaba8036e8fd9d667a",814065528.133405
"ef6ac2a5102d7be910a3e4c8",408387225.39918
"24c32572ca6161a603a7d0d0",429461313.104334
"c7be09a810b9e54d2dfba4b2",552421432.344975
"01a5a230e8a808d844e64397",823645765.029542
"5ade8e9c79288d511ce1fd79",632099189.22045
"7cf50019422bc9569a985736",868091854.523898
"d4716e228067a7bb0f30aa30",783557384.5743
"cb79e02041eddcfa9225346a",739245530.566786
"b059afb753452ba358fb432e",1313198174.87396
"fd9f78fb2d2f4d01e462bcea",582627023.097162
"6337f924f515625e7fa638a4",683269277.757691
"3adcc2c662c8c7c9db5f0982",492593052.201003
"6b7aff233052b9bcb6b9448a",1045625798.57262
"cc51811e23409f4d77995768",416669173.445964
"e3cd7b6dc0495d5109086407",809893264.64297
"e63f468e1d9f86530d47ba4c",406460798.998947
"8bad8a7faae115ac9007b13a",709899740.781279
"d563312854016e9115d034aa",1174082493.44893
"57c7684f8cd8d78909711b53",427441999.134659
"76b8190137ba3daa55db33a6",468979762.505241
"2bcc6a15181273b2fad05e3b",640519465.269485
"b998aeafe2cc93bbd96dd9fd",456488270.210997
"eb77734d12df7528af57c674",456488270.210997
"e8df85384a1f51c31015ba08",745701745.446624
"b0a03d567e287bf4cbd7bec3",434781496.733089
"dc8bc7cb687a3a42b7e7d5fb",668266804.091753
"147de03212e554abbf3fc3b7",684759191.597328
"c09b8c236316b87a92a620b2",576241340.386743
"f5006b435fc92111d55c0603",435204635.24887
"ed70b749e030cc8715c0eba5",646923624.594863
"2a9bbd878f3f45745d76f059",561285647.248998
"503f33d11f75b6b5102ba4ad",407783995.322502
"41479709513815cf5fc1eac9",553349431.967457
"0181972aeb6bf451012a47c6",719409920.627972
"0b35c4a3f20cc0eb751acbac",416591296.853469
"e5de98822287c2caf8b209da",459926417.246093
"f3d82ce1c6fac06e4997f7ba",541848240.433203
"8e17d7d78e7acffdcb04d982",490410636.403654
"f1e7a0c7804083963b5b6de6",528694987.950538
"918dbe66979d16b147bd3322",679111634.073426
"35dedbaace193598c9c438a7",406521273.968405
"e67fa931031bed13c711ad00",415323483.371539
"eb2bbf82cb615e3227305b55",426371248.105146
"e8d83f7dcb876d5d05ae3e98",591539118.028392
"2be93bf5132bb788bf045c28",435384801.402832
"ac2b1b560e8bc4fa1deb6f87",784020821.873877
"674ea6932fa9e6b7581479dc",556961241.075209
"4893b21db2d6aa4417e1cd1d",812824309.930886
"2dbef742d0c59d21ad7392e3",880626128.888847
"fc16776abc877decb82a5954",853538623.225382
"6f84d405f419590075610c5e",514333288.402426
"52cec2691ff635031fce9507",415348833.478857
"830b1a2d33f7754b9acfdd82",506219267.692622
"fa908c8dd43fcbe9f721c0d5",825232409.740887
"90c3b93badfe7231410e95bf",705200642.743469
"60a495b86d6eff1e345ecb06",435306747.923239
"0468cf58f40372acb9d5fefa",643228787.880591
"c523380518164e1e317cf1b8",522824615.362812
"142cf530f13cbccc3cc9d0a6",670245384.930791
"e0432ecc0c1fb2b00b5435af",435688014.107319
"3af3a702988bfa0599727982",566405831.418346
"99fad8a7877c57c0af05b318",557664940.601266
"b57250de388b7172a39dae8f",818666731.149689
"42fa0158217c9cb820f2a06b",643469297.697558
"8fd452d3f5f1dbb3b65f5274",790507642.555022
"27881ecd655786b093349ab0",771669925.645624
"38029a1aa22c0a5beb065edb",763879310.711967
"6750be41e08a725705256b0c",1011960226.93407
"90bf218565cd67ed83240033",1052352424.60317
"c6a089a9bb326c22e3f3aaa7",683359206.733076
"ede08c77d6090e0900654eff",834211820.546573
"2f7784465c1c69c8f786a0a9",869609850.698797
"5943151d9a76010179f6c297",552770304.007669
"82a3742862a06803242b703d",591539118.028392
"b815204eed4398e600b366ad",759024108.151095
"11c4dba68fb47eb9c49df169",442273168.843449
"4ae7dd50c6b743bd47340f20",814994576.516132
"d81a040e22d541a74122f3c3",407811218.74978
"34c84d0a410920c303ba69f8",457568321.241865
"6b0828221f9cdf5cf39e7c15",411922454.599569
"c50d5b4e75f165eeeb2eba97",553626023.8057
"572488a9a75f64434dca5dc5",416875855.367971
"0e67ae9abf1e2b2f66a91a28",621758389.417187
"cb00154afcad81df60ee58f6",589136280.445001
"75801c34fb510d824a7d8366",414391358.592179
"98f2d7810641693c44096ada",641826788.410839
"1fb4c88bbf995f77f2f29b7e",667081187.928603
"0abc98f7ea1e477c6fe3425c",732655138.017006
"b3401023d3097815687d1160",736508163.27763
"f1ef14babbc4123c5157eb9e",646241632.711594
"ecf47573fe1ff641f6914d0a",877859044.632188
"0ddd21dcfe89f72e2246ed79",471541448.005274
"402f18888d480f5af146daab",439221589.187674
"61b3bd442f6fc8838e2f45af",496968105.25813
"c4eccc400db2dc9627c9879f",625102127.370501
"ab38b4fae64ab90a55b5a403",559334191.410822
"7f4cdc01f9086bcee46d1d6c",633736144.248367
"1be9d865ac8d01f0378bc148",1114411789.72854
"f2f43244cda8e2f5219f3db8",444162570.161448
"89ca905d858c7731313c82e1",591814480.303307
"5bbd0476c27c53e2bcaf9462",560881118.612904
"7e177acdec9c0fe684d8fe44",676977744.276709
"b764bb8ae8ba0d736bf54f5a",412531806.650467
"75f6d6beb64d846d965fa9ef",610852300.074172
"b5293710d0cd75f95de001f6",406432890.508946
"8b8ec04a78d3826b2c8a5754",568839634.87982
"e35579e8b9b24dcccf93abba",423253361.731044
"db5e320f51680100f1ec06f9",406523600.108449
"59be3c447844f31267366cbe",425049349.054976
"0f3b424c398a8e8b53162c37",635206485.5543
"57f4a3f6fe2e41ad97116002",624901855.127704
"1c6038b67a40f0749a72e6cd",563682397.517477
"e5da0e3919341762d5beed25",681250950.682823
"40efc0dc313284d3b57492f9",676554352.445077
"601da8fc375ba0b3df3b38bc",1083420058.67904
"61a12496ac1e6f39c5ac5d3b",1096498464.90969
"8635edb61b1dda6f4742cac7",749940863.958089
"ce12b48120daa5704a4c81e2",406465450.600259
"acf4d60dad7953065b59ced3",830580825.041009
"56e3e7d822e13838ab9f85b0",468379038.258381
"7ea2c18341f69f21b523906c",789183419.877193
"dd2396a42097b2e8bce52a72",801097687.06273
"41f99600339a7afc8e386e6e",650691809.150916
"b2d160f54ce5f98f46818e4d",829520084.133552
"00dd36caffef00fcde85b235",870680337.749785
"471bd64a0576aa67f494eb98",1065372751.38476
"79e307acac5f42f2696b0436",1097232793.79291
"e65a4eec62e2a5bbfaad5565",655526374.908493
"4845ca0d30483b36bfa55061",661082442.789637
"6784e116d96e03911e2a07f7",559357662.499978
"4184fd9a546823ff1fea0b74",656975842.519712
"616a5485bc7721ecfcc21c70",411972741.171514
"6ff3186df9d15b65dae5bd17",411972741.171514
"886706f32695891af743f986",629488371.217779
"daeb02020f23715e663b4a38",520036897.678619
"93fa1c8ebb75b77dea76ab99",744881522.154657
"ab25a6737b3ee0c4e9cf4ae6",547978200.073054
"c5641447732d3d1269965ffb",848061784.593878
"86b290218a62d0c51b099a08",815593270.643164
"d7b82133acf54bd3eac338c1",866928639.626132
"10fbecd8de540f1fe4c57b7d",420495795.216354
"137baf1609138c6ca2715c7c",406539883.461446
"f5534949a53bef05de31b07e",409990299.746365
"466d4240af2cfd09a31cf3ff",473975171.187381
"7478693f3e7e8963e95be8bb",406506542.05722
"6e537e91af0de67558bc1ee2",670510064.2429
"f5b0b51ed49be034c290efd2",610932697.837171
"a4885ce6808ffdb878c41f97",713245274.151915
"a14506a4800c27223fc34728",762397539.866805
"e8e97b7919856f9cbb9ad02f",823386594.175902
"e16685dae2bd3b0a4803ec9a",643001858.533441
"044b8431b186eb022cf6fc24",425025838.903642
"60de8c37c9eb96efc432451e",783978951.762744
"59b88e154c07bb7c0ddb4e8f",707420794.84723
"71590ac868415f3a185dc15c",711526433.232924
"6388b4cfd09e2b1219268cb2",603429424.763128
"f865cd15368fefd8c9d6aabf",696053524.619181
"ffd916080b1019827491de0b",738790241.16557
"6b8ce573bc2ee68ace26a67f",520036897.678619
"7ce704ef5752dd496a61d857",744881522.154657
"6b1a1afa055c15908a855e9e",717197282.918204
"2a9338f62c99dbad25aec5d3",746361990.892327
"c2282da3ece2dca6e8a3bca5",763585056.601268
"5e6324cfe41c3676c7d0a5da",769823502.668168
"f1a4afc2e543ce4260f1d781",845937372.320908
"5d17daf3e98cf433267d978f",1298248051.62459
"d5f41dd3258aa346367d7725",422469401.112042
"da35c757f211ecaab20aeb3d",558837262.372623
"8d9cd237c737f6e62092a08e",827906246.177649
"9dd98816533e4ca8516a5474",884806618.733205
"27d14f352b2983177e836e3c",720984142.180586
"3dd4fa53bc59e5852f9fee98",875927260.609539
"3ca74495aa9adbd533ccfb96",793656096.157488
"dc93d8ca60d60a118f61390b",650169517.40568
"dd7b4c374bbbcc60bb090fe8",519879210.815689
"f925a05397ca6163230f7ad1",544459951.625943
"66a59937c54eff29ab14b474",663491385.494464
"077db8e0877b924d1b57ab1e",611236906.840842
"aebc3c6079c1a80f8b2f1c7d",555915838.928513
"ae41a566826a10d5a6768d36",699823508.048822
"489fca3e6dc044412d00cca1",761238004.525833
"fc2f58cc289d29fffe8a5fe0",436472360.699001
"59519bb6d5d299ee0b767224",739231430.711733
"19921a97a52bed6c6b8f4135",678549705.336113
"ae08b7f31e69fd930ef4c832",616991608.971822
"1b67fbd144a4a3ef40bd9824",548445597.198005
"9e142165bbde850d4379a49d",571606519.993999
"d3e971e2e224a20530ee295c",553332545.340608
"a672cd6c8c284e14913222d8",655637662.596803
"93086ab3e32aa9599708382a",933934404.786617
"63773145b1a896df26504b0d",469520356.61502
"17707d66753c1eb0aca28926",420921087.145289
"6a2d4d9a257fdfb2ead837a1",408710612.149284
"f9158cf51f5e9f644349a774",422309078.04978
"c09c39339b5bbd48f349a430",636926803.303311
"d470d84f5d8299c52fa24499",422366271.757956
"9d028997ff036c154c3fda0b",668157195.952957
"40ce7321869b706210eda9da",638159844.549628
"3fc826461ec4648e4f7877da",491759440.898713
"0e7dbec40eab1b3e5c6bc665",789332453.491351
"81b3256980dd7d7f49030c78",1189042030.04458
"fed2e1459e9ccc06943a05d1",1022565674.56064
"c535169307e21e5df7ec88e6",463563725.909349
"d78d84e4e42f145e02e423c9",545816849.44814
"3e523ee3a6c2d89436539792",545816849.44814
"5f2df52db15d2e0ebd327a36",412780523.661426
"1c1ff56435675288e78c4735",599405368.602144
"ec4226205a38a45d97f35828",688037424.355111
"3214488a8fa9cf8b3dae877a",628309234.289209
"4a4fe76c58f5735ce6b018aa",725251491.485265
"ff3696c808d4835d6c7cc9e3",586238695.379736
"1aee9081ac4a04490eb3f0e9",654706679.653539
"8dd954e7312e6e6a07d6d4db",452584376.773285
"daa52a91f1fee77f75550246",682414891.715769
"a4ad34eb244e48afe23a780d",422963643.20525
"0b4b741487c001323f508d5d",545816849.44814
"cb383b7a746ed55b21a8b245",495381975.76493
"4b092d4d5885cc224f6775e9",418805310.655818
"ba12305002d24055c159ed34",407811218.74978
"bd74d43d99a240ef4190ecfd",438464080.591326
"4957e0b129c5caf47b026c58",562397996.989722
"eb270972f0f69f1671a0a740",632604551.577771
"d51d3ef396efd4760c979de4",410331391.128019
"ac65d147ee69785195ef7da1",860124725.991766
"53ab42a93b6deb152951f82f",795262324.940759
"5826567e12ee3192785e36f3",741645004.536553
"ab64918f2b2b4646e87297c2",855669068.033927
"88b0d688281db2ef0a782921",791187941.040028
"dcceb6a2073faf9f89f3431d",741360729.339659
"73bf75d5762e3dd30fca7b3a",845177756.258752
"a45ba5d63cd1971de19c25db",850196396.77676
"8467eedcf9a48fee0d72d95f",848990766.438773
"6184f12f3a903658f3319290",552421432.344975
"92ab018394a5398b832d0b97",675449361.557519
"e8e215437d023387c4a55515",414586630.61781
"7b8a6949d55b5bb27c3c6839",1375521816.55834
"33f1a7739cb556a78af083de",830161116.212023
"39c6bd862f908b7e8088f0dd",572108256.409286
"ae556ff5f318b73d3b29142d",470738972.827152
"e2fed68e0b614e65c05200b7",655727706.910669
"c62a4288a4a0336b1436132e",548573233.436803
"f23b32fa4894b6d59f73c151",587840970.234843
"4ac4fbcacef08524ccbf3623",408138041.670627
"5b5bb8156b98eb51a58e73bd",472263313.918153
"53fbed4f9680917f0615ae7e",421610490.61474
"730b528617c2841eea5addaf",518533383.783681
"13d08f7e14471fcf517c204a",433445097.067529
"da273cee807e254fc9aabb9d",715710501.69283
"b8f7bd85b61951ce83d7f57b",1173983964.65931
"4954ce465ba712543bdf34fb",464772200.854656
"b7483c951d2c19de665f07b6",415370223.835438
"913cdfdd62e35472522d0a6a",631396695.529095
"be28b90a71e2922437f25110",631396695.529095
"b71857f1cc385219f114035c",568159761.855082
"a72041a40ca87928c695b2f8",631396695.529095
"65a626faaed9d9e3b172415d",631396695.529095
"229bcf400e309619268dda31",631396695.529095
"367bc4fef78a9800f8616d02",631396695.529095
"dc0ac888f1e87924e3994b4e",506154580.871865
"6996e88c10a94d9ee7d05357",420913861.617965
"cb8fbae1b4141461127c97da",843604251.292094
"d2de34876a7a6914c2dc479e",776607500.184859
"c666974c4303d43b87714c62",524852873.347992
"e8491a7994738d098a7aede1",1203060375.88686
"9a6440e5318b2de28b180a2a",1169074742.58376
"9ebe11eba1a88fcb24fcd141",574483280.495651
"78b0f0bd0494fba0293eb0c3",649688536.626084
"047b0ded64dcae203a3015eb",743463545.515157
"7b95396ef4d0e97de8fb4986",874766894.30372
"08f1c136d5a456c0215ebea4",714234976.353598
"0880b703bf2064f59f2bf20f",874756883.448363
"cfc069bd55e152e40b3a1391",805759290.238806
"0a00771ee714a2f3f96c31a3",641559971.022757
"06acca3d0ef4685dc055ffa5",406563921.98413
"f802b026db4bf9d68cf00b16",406491035.359044
"4aebacb9ecd0a117307c7841",869780708.344791
"81ccb7e0255eee6274f5d930",1220093738.0677
"cd17bb739ac79f80d6f651a8",1071760228.12854
"917829a0aba571cbe794838d",558346099.598835
"5b83b73ec31031582aabc527",411653054.585097
"5e18ac352e3f3119f5f9197a",863764600.733871
"b7eb15346797508f47ae094f",743204088.714408
"5ac98c971b9293bc6a8a6aae",763436515.913797
"e196b7cdeab1468d5d4e07c5",841101076.539652
"0ea201bfd515584bbf72f902",849402173.71718
"d2e6ab3b3106f36f2c3fc119",418170739.740052
"59db28ba77489750903261d5",747326371.996955
"b348c76e55613f53c8bbc94b",894712381.518092
"a1e38854d6725e9c48c128b1",406478630.426401
"b86c526fed01211fdbb62815",774750740.481812
"1d2b83d973547da8c168f743",532888346.660112
"0fe3dbfdf25d4b013b842b51",512345682.632848
"71a20a4daea6d31de942b2ce",872454099.310598
"35352b370a31d01748616b01",976923344.598886
"27942219389ecffbce2e1d9e",791713272.157629
"62fbacd4e172983a2a998daf",702724702.363334
"00c1165df93a4cfe679f54e2",710452398.522435
"207f669778ed0db0e619ed40",481491538.432072
"5ca0586ab7d20dce5e9ca8a0",661723297.876616
"cc27435df779f16e6a62b0c2",723351935.734639
"7a94d3d31471ae313659aeae",665023151.779235
"efebd19fc5a2ab30f2ccedcf",444553288.606745
"8037e40c0c8b20ab6e0d4b78",409284766.526111
"5ae3359bfe2a704de00e8801",668932485.903769
"a5587c93c012375dee920f71",537356793.388792
"ee7f7d547af56773a4b0afaa",673122811.416551
"9ed988dd6739eb7ad7aa5a06",674040126.125972
"26c08d7331ae19e1934a22da",860124725.991766
"767024c66d3a88bb18407b6d",750414475.409081
"6afa85ee6594d1c8296f04b2",533127255.105681
"551ca6ad1ecfc7ac21f8ef0d",783289911.674573
"1f79204a8f62c29b0a1b29d5",410965823.550244
"3dc0fa238745fbc31ba88853",406466225.87232
"4bc3f597867c6844e9b47fc9",406645353.347831
"53973c17ea7e89fbee5e6cf4",406431340.093468
"05397b2087e5cf381809f169",445872908.068364
"584990ea9718bb5598495061",406460023.737237
"2e7c6a89d2cf2d835839f5f1",489301591.45343
"5c02d79c59fb636ca4cbe86e",525486938.041295
"114436e00c03b44096823522",785215060.529351
"60caee98c3cc8526d16d7f44",449380218.007292
"8207612808b5947f2802d2a6",804909852.569628
"31a73382ae20331521bf2e6f",765667663.426307
"c58947cd4f238cfdc0007bf7",1324308287.19565
"a7ee02ad2a4fa122799a2dfa",859447442.44833
"c77a63e92b9f727034913d8f",572317807.077749
"56c6bf831d3c6737e3844969",562952850.754387
"73ec6f4da3c277958cd2c228",1066739155.92344
"7dcd1916c0485e0b80f9eeb4",1052396583.99475
"cafa94c4a56c23ec73ee9071",858477544.71622
"d5ccfaaaa739b2bb2b3d46f7",437914973.075121
"e6d2e862f58445084b2980bb",1195418306.86942
"62f96ed5c1e5f28117949a23",493831990.626333
"20d8980a4fa8e094b7a5f00c",493831990.626333
"0172678cb0737e21a317eda4",407360322.061841
"6254ee88812e303bdedb8767",1219467896.86458
"a812ed43db71868625b351bb",874071412.492683
"2bd1c70db60a44d4400847ca",967224711.294103
"b057dd8a9c2082d1a78cba88",416569843.615184
"2fb149a70fa14ac05582ae69",516758164.458252
"47e282cb12ae01243d713178",419240087.587335
"ae47cf27964393fd56a52d7e",611263721.792218
"21642991a20d6b0d17dea2bb",723563058.24031
"43b10ad2660d7552ab6c3b10",667400625.84141
"64e5093d6bae57e8b4298123",877800443.174544
"9d8d3e6fb432174770c74e71",730364149.374962
"9f2498c12d7b41c213bec0ff",406574003.077942
"6461c0a03ad3ecf2f8112759",497670040.173127
"09b15382686c42fd89b24285",829004452.475461
"da846b08fe2205d2e2a3dc71",441735299.07251
"2a89ac6511416d0920f1b9a2",884219516.727687
"3e9083411c44213130b2ece8",741247615.299912
"0f0df5694eb388d843e1f17c",570605455.18189
"ee6a288e644183bb191a6526",426564842.833766
"8f570610ef199a3ecc49a0a5",739179263.586349
"3115e2391cc3a078b5e6066f",838349446.313035
"c7e45098251c687efe670815",533092683.002292
"8a3b7f5a8da339fe19e8f138",667590324.680873
"2f801cf48edb712627196b2c",604058170.955752
"a147a8c29757c5d0c592d347",540797164.806573
"86b0aa633bb16582bab5640f",624690923.426327
"c9620e3e2dce92bf95c57c6d",799408005.872385
"b746e4a5c9d04cf4dbf887da",658208777.569552
"915842a8a03914c08a6607c3",492361038.826689
"e9e6e054c1d09a22b7efa20a",744144518.397239
"4b6fb9b705d80ff350bd620e",489539632.861282
"9a51784f33b0cdfce8312163",891322826.733915
"176c9a90fcbceb91569fa3e2",842822616.580735
"c97e70a767a3661c4869bf86",727275322.186628
"a6bdb6221b88a24c9f8381b0",536238738.143767
"0a1e6a95a0f9598150c121ce",853226105.273217
"37d12acc69d0e3e92420e62d",774529114.222371
"d433ad6c3cdbd707e6839082",859744200.799024
"36bec92975612d091a3c78b1",654591804.374855
"3eb97ecf8069775b9104af85",827479997.364136
"9aeed339b2d916cc89f38bc3",755447995.442845
"f404deec9ec16a8460397815",549936186.643981
"8a0114372706f30bf6867a2e",833055868.650069
"681e772045fbee930fcc9ff3",862000284.830405
"0816f29a68aa35abd5978e7c",726968822.751897
"670fe8f7b8ebe006885b2777",787087891.357207
"d36dd340e5875df6cba999ad",697140362.739336
"8ae869c5033c248f881ac313",1019951599.20054
"294b04da3eaabadd55da9c20",801357484.51831
"17b360d57782208f5afdfe4b",841972648.033517
"88ed5ebb575d026f8d440c60",409683872.495932
"e611a37562f88ebe07bb28d3",407915462.385604
"e685650979374c571dea2ec1",442937556.269684
"10d47d2c73f0ccbc97979bcd",656935745.120199
"fe96a7d758a874b1f0c42145",428338932.594506
"a7634531887e969c9c5469d8",408309339.145625
"42f38b1b2dc077c88a746c1e",449380218.007292
"25e832098d9e6e7c2f9afe2c",678360773.938967
"b7dc47c641b46ca99fb83a0e",935428360.07784
"0391d158ab104c5cdba31872",818290500.25577
"a3c4d0ba7b85b9a6370e131a",1108818614.38149
"27721beb237824844adbc289",965606301.915103
"6e807e25b64bf0de81f51c12",1128718671.72481
"d2637d64e4022075c8f539e1",972771369.239244
"faedbe92e3296977872a4aeb",1186011424.92104
"5bbc190cdc5ff3296801ac0a",449357933.316502
"9b0abbbbfe0bc85686304ad6",471552240.856022
"f8263893418eb0752dae48f3",470690490.703791
"1e73d6064abab2cccdb6610c",472216476.160047
"c0155096575af5fc8db843cf",407446575.767172
"9c7f7b0ebe440f60d3bd478e",470690490.703791
"25187d9f4cfe89a525ef2493",471317552.0868
"85815a09bde2a30e296f65bf",479707698.664659
"fd45b984efcdb0b434033fd9",482843439.953338
"5dac2d2027b6c81c1b7ee3a4",472216476.160047
"7df538c0c831520e6d36e39f",453902728.386058
"14b81320fc31c7a513242171",471317552.0868
"8026e480ba395cfe1e09cec6",470690490.703791
"80bbc51dd90d131d091521a0",436269276.74925
"ae6ac510d3e46a50ef24896e",470690490.703791
"06b90d41ad3ce1d0d389fea9",621377828.815393
"8d911c1a195567dae3cad99e",416301374.31786
"2876aa9ef0b44e43084393fa",471317552.0868
"76556774906f9e12b319c232",470892532.498538
"9662cce3c4b92d1c99849899",737531551.8925
"de3d078e5d524d8a7b65841c",470257067.052808
"547c8638128424b89d602f50",769236397.937199
"c8a3dc3654c53cf66953de0e",762374273.695335
"21c8b93e50ac884e63514f10",802059358.568421
"49a0715897795017ee0de843",601149107.903785
"5d646ababb10f51c141e0d8a",761410805.741619
"da598f8a82b1ad1b02961cd1",801097687.06273
"84d8f7109615519f2ab0a48c",728487328.278908
"0d027b81f8391d73fe0046aa",700150612.286608
"079bc331430e94ee76f8097e",659159827.241289
"61055e6eb1910507640ce6b4",655562635.11403
"3f6effb8881ea683838437be",758461152.543366
"92c8d6ee8496b91821d7ba3e",746910267.596813
"78a08f21f7d7c51ff4d5b8ac",780809314.338718
"f7ee7282cb9edc77740f392b",781558779.414095
"694b0a500f1619c4ac4c85fb",880097194.572016
"13d43933e04c3c7a9e5071cd",853839855.577927
"5abb555cb9d65db8e6c28201",406691892.878318
"ee8103b958673c589b9cb27b",722630720.61379
"5b3a467a3b0feb8ed81be1b7",847427942.180992
"e570a5157e02d440a78ca008",714529292.71956
"70298b5e8fbd66aee975ff14",685365478.414298
"2b552d7b1a1488dfd618b120",411066169.251992
"f4ea9c80fe71a1bd0b692475",623838389.276243
"e6a9d5c9a82ba73e76817a81",732776724.408206
"9b58b5c993540ec3ab1e4a0c",492400482.781048
"00858277a3cf4f31b8e3f738",782543264.289316
"d937ac866f671e4a0c090879",554253618.216566
"7d02b3479cb2d89d55bd4fe7",660073221.253898
"bf79649b531e876c5f03883b",457948995.152906
"66a2ec5aac8969b2be538c1c",660073221.253898
"7637c251618135e082a9e2b8",604356651.402211
"e8c9070ca596f88bc2e0868a",455061714.288137
"64adcb2941e9553ee394caee",481965651.772465
"0bc8475715e42b752649b4e6",545325688.823369
"956ad3b1dcbe8f236efe2d2b",494330512.35459
"dc81900a751b64dedcb4ac39",445310275.327365
"02e52d3895522d9be85c4544",417177317.673819
"49d6752dd196e7dd583baf44",489714270.157885
"8364aa431b2e267e41efabc2",474188571.684378
"1b59d33f9000d2e1aad46239",412519217.370927
"74a791baebeffcb7e7b917d0",683814246.25093
"0a3911a1a9284f2ff81689e6",469792679.417519
"6276bb8ceb13d174b8e405f0",407169230.2705
"d573d2caf8c67aa32bbe592b",450032105.181829
"57cafce17dc4de3bf8a9ba90",865357553.011991
"1dc9e5c684c831b204d21585",760883812.062393
"48df432642971a97d3d4bd45",562293955.776584
"4902ccbe8456d3f0a29e5059",544042644.704664
"3a810dc80d3a63f8cf106717",819397831.388837
"c9859204696f3440cdb541c3",775852424.254233
"349fa9cfa15d8f8bdcbe863a",854089063.191602
"d0bdb51c8020a37fe8344650",844882802.836993
"7b037e6e5d110999e51b79c9",842539734.108758
"f677c51266f5ada9e23f20eb",406534455.604645
"1b85d69a0f8ce1d6ac4d4475",439452868.698912
"4570a3ca0571c70657b4a1c6",604054714.517062
"de32ca7785b71dbcc76a50a1",806917380.185635
"4e3cce6b581e74879c2dbc4f",416467360.057739
"09c4d4b5d1c0118d877d5734",627907896.928217
"b9809baae395914981a9296f",896013701.627609
"fa56058283c975be76d7c990",691109860.427936
"7b32938ebf0b1b167a3d2d20",581208545.923619
"bb38c1c17612ce593e5ae7bd",407008502.971199
"bf0485c2e267d06b9b1d90c6",786339123.484266
"0357d0ee6e0646113ea543cf",672101618.445817
"ddf5182c482fca7d881fcba4",828040481.055718
"47e6a61fd652a3dd37556ddf",792381005.950367
"a9054883a22542257c7e778f",407811218.74978
"d7c70d831e88d552da09ff29",1076139694.82575
"d4d138bbc80a0b29ed28a4d6",519433186.350116
"dc9119767bf4f21fcccdcc69",706482306.445836
"e8caed8cd754b0e3d43e6954",622129690.073808
"033307467830cb865a785e3e",555574519.001294
"5498b3e3ca091bb81be87166",451504894.475671
"bcaded180edb36336c2f5b96",731173965.313658
"ee4377ff95580b93e80ae08c",852606291.244981
"c25e1e289cac1bbbee489122",767413362.310875
"7e41d90a838048eda035fb27",586887587.949219
"f418efb887a15127cf2563b1",623730119.83841
"93b27fa67eae8cdfcb846772",484110485.864812
"6a42271a0b03bf9a856d1acf",868601976.522284
"2af9e271765438a47fa7e7a9",406902162.791207
"11429e0923f804d7dc5d27b6",990288327.518425
"c218434cb0b05ebcef935e5b",663630606.13135
"a98e4f4db7afb8a6c9f69400",678811190.338186
"3c35c8993bb937164ae4a880",818874434.715184
"c23a1372c81ba03e6dabb0df",561141139.254022
"cb332695a296899d1c798426",746917390.722168
"2ace3da2fc4e0c022f7a8755",864145257.139045
"14f1bf9aa68aee1ac094097c",945996478.891509
"649a2784beb9b821d36179af",624247841.378849
"6bbb8f89bae38eff88c89c46",471618802.227894
"1905b860a8d463c3048b4e46",518434490.821086
"3ec50faceb434f716d73613c",1298614582.6794
"99543a17b33ab955d03adfef",1085229720.65535
"edbafba81b92efa9b1400987",1101869757.19308
"9b3846c7abf642e0a6220e7a",422321966.096717
"691c35e98d0d5780aa82aa06",573256268.296216
"395fbdeb9f0c0586a2b20edc",539592697.771174
"4803a3aedb6c20eb194469c1",476897853.09702
"bf95acc88b60a3d531fbd42e",459005361.475206
"b936e36ecacd7cbc3498cee4",419200907.204878
"293c8a0a4a358fe7554a4ae1",480297301.270693
"5a72e2a62121158efe59069d",434276758.480529
"605276b332b5e5984b83ea8d",434619817.222717
"d3de7e975a9215d04567e467",555260943.935399
"44b623f7fca1a306560172ac",518665929.929388
"9a6a8802cbf3549870c55031",415546141.871356
"f43c684b789900c58c8b5fd4",555260943.935399
"dd7ec9d7dfad5364dd303f49",549494768.561485
"506f2b1ff3e4e7e43a5596f2",650365482.722896
"090d371309090bf83b6fe0f1",712664616.679562
"886be9a1881866ab1f300533",616048522.354836
"ef34f331871e8ca6573981e1",616048522.354836
"53bbf1d3345eabc2a8b7f5ff",692062247.383214
"5bb87c8d49ba8ae67a659b52",700774536.543169
"21dd47ac3c4e1d6bd0ed2485",615471857.942784
"f59686ef2740247394547078",713307855.637594
"8fac177c5a8b4faa21b33138",476226124.483343
"b2bc172a3ab25b8caef50189",676726000.743349
"a10055de743532d7b7bd29a0",612618823.429439
"c344e3be381326a1b6cb5989",741340933.136738
"3fa4ef366575bc72ca5a0582",728971027.590375
"e9205b722e624eba0fd36145",905970625.04673
"e75699a7693c678786ced75c",669572011.033027
"23208132621583ce4a46de77",826440555.777621
"558d9e4b57fbe6c7e0a09a95",1050842085.63492
"1a6ecf722b2eed8cdc19ba20",699684701.845598
"11734add51785f1ddb999c5e",549284145.240935
"82c9ce0d018c1d620b7a6689",564374135.894159
"80d95b058cb11ec829b5ec96",529558888.246554
"cd89201cfe3fa19a4eb14bf1",615471857.942784
"d0a5f33f0689445e22db6626",440769958.337529
"c7c99ae9259b34bf9b8ba799",443350873.960499
"73806685dec82cf637f19384",458223346.374602
"83007c444fa52b34482ed55e",453750381.826632
"e08561df5747246d74136dc4",406789643.230278
"5b0219cdbb8ed527aec91659",724766113.067117
"119805b72aeb50f05d3a5bd9",1016481081.39625
"fd20cc372715855081e24eae",949970754.361294
"e4a021b625f4ffbed391c6e7",830721831.44977
"902d4fc2c44ae5ca2703426e",655641414.196335
"71aacbd62d72d3eb29a744dc",762153280.475377
"7290697f96d8e2101089984a",608183060.348662
"314153750510e92ddcecf33c",729377138.023336
"9d576cf721ad30ab1a4fd554",437914973.075121
"50160783a9a0503df5a38dee",731752954.953143
"0f4abd70b68453d3500eebb5",436048821.301994
"42cde300d741cb134a529031",505073508.773486
"1e9cb258a0b7e08244d7fcb1",625530305.228625
"febc9a1b054671445d756cec",702057529.455651
"39351adf139f820864dfe8f4",789844500.444095
"b4fac45659e67d4e91fe65ff",407811218.74978
"fbe555f6bd0edc1bc950d9ea",840355420.31656
"67308f6bb80d2a203e306104",418921952.825463
"799cb909791d43a1eb305eaf",587949738.410362
"4354c1b6b27a87c451ddaf36",422637846.138761
"0b937a3ea4864896b744108e",409006949.906374
"b96d8b77fb5ba71ebce2fb26",646517795.915412
"f4b1645da3f4286e39f2fe4a",752876049.509926
"a2d1de4211aff373009809ec",443261246.804736
"50b619ba3e0b2a4c6512bc97",517946236.234591
"3d57abd322b0077efa1091df",805175493.555453
"652793275729ff3b69e86072",476009083.266768
"1e2270f9f49aaf3be01dab49",1278288801.92937
"99970db787f55a4d1963942e",406958822.348377
"801d821fd6ab7ee01b62a800",591172543.476161
"2abd46909a251b8ebbd37133",656196887.687265
"20a783884d6bcf1aa5697772",667687104.58471
"2fc38ab2689eb24f63e32efc",773591598.455866
"1f592cc4ed728909040f953d",629359914.371455
"d1dca15e36fcc5ec14dfd870",629359914.371455
"54f7aab6b91b48272a81fb47",626164164.583269
"b6d84e7d569d8d0f0d0c9066",661840687.031312
"54d10cb2a44179fd4d726f1b",702089667.83449
"341c307eedfce3f735f4a63f",546307410.448789
"1e057cf20757627d1b006141",415013070.093155
"798bf22408ef6814759da1f5",744167228.232238
"9ef3691cdc2bcece41b47e78",817635241.338224
"fd5793113661540ee34b8cb8",585907812.966582
"9c4ce4e9f12764544cc8bded",607777189.842603
"542b5322e59a3273e10dcda9",859919680.721017
"af578bfec5d84cc2f4ffb8bd",744093423.80238
"a310528e34207b5dd813df8f",752876049.509926
"ecf5c9bd618e3976ceb5697f",1191218953.45951
"d342a1ae299065045a957767",1265277280.15675
"f5dcdfdcc8f414cb7a38309f",637030073.199118
"4090c1b86074c8e769cc72fd",424691973.0508
"7ef2d4777310765d0c8121af",735444111.049092
"39222ab30001b3cf45b7de65",737393705.255938
"91a73bedc30e0c2acd95d6eb",858362933.249546
"d1e6d6900eebd9ace65d6c36",696697716.650894
"592c9c45c07388359f663219",485678126.423137
"738111512f5e5052927468d9",571734093.819131
"0db51d4771623f5fc1026d74",456917718.452451
"82c9556e19072558cbe3a7ff",446500119.460756
"c1e51ab95336a51885b4c672",656164346.991984
"0eda675541a035b1f620ccc8",778492467.121399
"cf379b41b70374ac4cf82dc4",778805834.905225
"d90c961aa01e51d63e50a2de",762950320.172134
"990379c9f9f210206c6f1916",887707344.331833
"f8189811dc639d760937df95",656156837.829932
"3d1deb639d94b292552a123c",697717686.995295
"43041a793a13a4171f22e492",541612655.143917
"052d00805b2602cac76fed4d",671426379.650173
"c76207e622cf8a208910707a",450591249.896973
"ebe33bde2abbecd6d1fb0cfc",493702024.183026
"2e23ee2beaf5293f57a5c504",452298735.77034
"abbd422c412c2d57f5df62ba",407194082.666517
"648217f4d8b5e0e65dea066c",714902812.987094
"52e7657a539be5f36f48bed8",767578781.042113
"3a276f0df8c12422e14107c5",700448476.811602
"dc537b5973d2b94acf6f23df",860451258.943971
"0a41279a5ea9b92bf8cb79c0",775463328.914908
"80ed77aff62d4c57ede6ba94",647551989.191865
"1fbc660f780245bd72015f07",474584883.205023
"df1f513009808ebd46ec0847",685825778.196284
"58708fd9e83147daf1a80c48",515193374.029486
"52b699f9900d81ae85ddc7d6",478299800.245269
"98c5b154ec80083bf6f51835",738790241.16557
"588400f7829874f9de919e39",439779045.532013
"46a2a88ef09b2aab932ea02a",665516754.53174
"31474c62a8f39e250fb2882b",811471989.887218
"b40873d316de1c295f2a97ec",431719845.39598
"bf4b8b23cd87377169684e98",570016965.006101
"a34b3b037805f2ec489a95fc",512392591.42832
"963985c57392ed0423d74caf",469506923.722026
"a93a37e4cc75c069e14ffa00",722123680.973405
"071f284d07719a3517c55567",622924044.355535
"5d030db414b00948ec10d18f",422725722.104458
"6e57de8c4ec2e42832cd4b09",746371955.966511
"d9ee40ccf461ce3e9ebb815c",732148046.938346
"ee13d186a24af238d06e0c2b",749231721.705139
"f27397321c007765244e56e3",895678798.171998
"959397711c3f452486ae591c",853486528.951956
"a41222195e5c7d7987dc3c7e",532347894.05445
"ad14cc63c36789bfc1bac0ef",406472428.102041
"79ea72e7b03cfd4fdb5219b3",566799209.312039
"cf68e05962a41395844e9c80",531552436.497034
"4a20d03d09fb9d0ee5565ec9",416245001.873117
"734c9446d0674b8d6545bfef",765247185.115443
"d9706de7190ae64c83e65769",638681015.983991
"b778282fc4b9c43055629e44",791187941.040028
"a4d4d6480b56d6198c0120d4",735766813.940748
"7557a9bc12cf0f2901c00264",841857028.625358
"41376f69b086937257387f1d",777272871.35889
"2910f3631d1db77e4b61f8b5",519580827.615068
"3a8a506c99ede47ae2257e87",632181177.616927
"25d89911e830697217d460f5",440338049.272628
"365a227184022e99f1d2a816",803156980.424806
"c6e34cb4e79a729a5df4183a",754654475.102225
"c5c3f06bbf812593d1b95a40",878503918.928934
"acd6ad0081960c0f17b144dc",888049430.040437
"344a104d2210954497a5a388",887670095.430781
"c0109086d0f49aac6c3f3f18",671226628.875995
"c42c99f5da3248e7bcc73fa7",1012960544.38767
"8e1e9ae57400052cbbaed9dc",1258547584.26765
"8cdd55d191f206b0841e56eb",532904609.370012
"c1e0b47866cf4a0120e4b3d6",642030035.701471
"45a033d121ca5afef24161ba",458685921.296637
"bc834280fb45fb308d957640",414493331.290825
"9ddc14c8e7fe7ffb078e0019",852433929.620458
"7d66238672def6f73c25247a",531417610.775742
"2c12cbaa1f14553c1d41b958",410885094.40493
"196969a98960a68088266261",478299800.245269
"a5a3cab55661982b7d30bc78",650555302.896911
"6464d5cc161ac659dd963897",417393804.92916
"e9f44786cf982100af0984e4",822372685.446226
"6302e608d8f37e63f4e5cc27",407036450.986728
"ab614a5008d68aebe34aa201",731747372.142447
"06bfbccfb3ec0b1f65f4b351",807630285.612312
"f7f46ac9158f0a1edd01709e",737393705.255938
"6e233ae6294318baaeebb59b",812556145.471435
"bf6e713a689f574b532edd4c",833386431.235737
"a7e97bdf2d4f2f62f9889c3b",525420791.276498
"784822ba0060eac9358cce22",407008502.971199
"13c51ea93d19df6c273a1502",483912002.557837
"176e00102fb65cba56279287",534724077.502429
"52e5904902e4d75ad87afde7",521180813.16047
"728ce22c8db9bd0abe3f20a8",916165749.243231
"e8bf121ec117e383c843bc51",1106756388.48816
"878ff8ef3c862929bbb19ebc",647497646.746541
"ed80ba018de35d5d76d50db4",893366943.208466
"9267fcc93ae3b6df8c12d9fb",454494421.468493
"babe27dc477f5e1b7e438422",809443867.466851
"a4173461aa676e09227559fc",420548732.665587
"f0b2a0602bb5a83f0827ac75",650308423.43521
"2da346c00d6fc39268f12b82",619192645.008579
"9ec5fbf8767dd0d2744a79b4",672100336.514937
"c85e9bd6e20ee2a883d0a7d9",407452792.955959
"191cb509fd44e580ee32486f",575519688.454098
"053d37bf1d988505b5e91809",547936394.249011
"4d3a66e028dc8f3e9ad9e9cf",675719962.404991
"c75b265c0eb946ce77e32ce7",769760367.419625
"d233eb8af3ef7e325f6c8f9f",417878920.965456
"7f7f5313341b3ca499968716",518333639.429339
"4fa51848638f4437a3e31682",846933486.288054
"9090236db3ef719edf72a330",855432452.167411
"4dacc190eae91b059dacbb00",1126756970.07739
"ccd2f6ec8e9841f1068b7c76",629106679.081277
"a354cdbaff42acd1a0b5d82d",644692870.556104
"da8d3092ed0e085a83a7d67a",566004089.939358
"1181e18553eafcf5edf6fa05",756738704.717116
"5b146f1914acf2ae78360fec",587035367.251118
"a0fa0aca2f6c2ae65a98ccbc",685365478.414298
"038bb35043651579f443c481",624183549.143448
"430c46358b85ad4a741c7187",420795862.22775
"4becfb041b0439429f2cffb4",499231119.547707
"feb87029d5a2e8125e165bef",406758608.827367
"61ffbbc24b30698ab8f735c0",412011245.977404
"0e3067f71dfb9dc2e03bba59",408274295.177881
"b8ec643c66478da376153333",471752852.95543
"c8bccdccc9186136a332e995",926807878.457958
"0f4765c8929a87746217e957",1080081680.69209
"68c145df0ef91fb4d14d001b",407239908.248461
"e5b92a0c67c506ca6e92315a",515904322.512438
"a482103965890c922a66eedf",568397137.073708
"1d917f9f5a3cd44cc4dc8d2e",483567850.136044
"4cc968db25c2cf03991c0041",551006075.533296
"91ba0c5b21b52734d1e244f0",855039325.020648
"d6a8f4abcb02142c6dd15b30",418597672.133609
"0587e7e1f03af8ea6c46290e",744212649.981437
"61e1e0c49f3aafee6ec9179d",759503455.959004
"797da4e993a993ef80277108",801348313.762171
"b8acc8e72f2c498fede3fefb",797218419.842518
"ef2ae24039bf2cff1caa4340",433960456.561094
"cfb8d15c6b0c0e6ee4b92109",806669627.513251
"05aecff6fd8d866c6c157a9a",702435248.337057
"b2e37eb7cde5cf4290649ad3",1234061481.17948
"b7ecbd35179a7658f3c11b41",1146690229.97314
"699095150a7f3f32c40454fe",1223255762.96806
"989a4fc1590097414d7c3fa3",407677452.527588
"b6853999c45e21646a0d1b20",407811218.74978
"6ddb6863958ded0d72fcc6a9",417447944.29423
"f6fc3807b54d8c69459c4f64",557664940.601266
"6528ca87df8bb477f4b6b8c7",433563335.712242
"7bba885503ea7716ffea503c",500241480.833413
"846e6f1ba1c94966314345d8",807933807.83928
"04e6a79dd3e4d8d17c8b5387",830392325.777151
"4d60db10157fd0b5eab9a23f",763049281.022597
"0d7d434afcc5e93050e0b86d",1031555295.67721
"bb9ffa04d913d06846d082a7",767306517.836969
"80abc4c356813c1e4ead1e1e",499231119.547707
"df8979b26c9971dd7c3500d8",546263648.256596
"6ea18874ea84b5b4840f9b85",528277672.792828
"aa75ed5781e6e8584143daa4",608109983.6602
"c8c8d083c9b9600059a8b8d1",489108442.960147
"5c8f3b7ccb4340263c255d00",592674118.198131
"79b943894c4dd68bfd8cde7f",534125728.150186
"64f36d32a3a64853227fa69b",1193012966.12958
"d7080c3742cd9d72e9d0ae48",428936570.048455
"8333d32b98625a2742cfabd6",819071255.122981
"bddcc7fb72bb973f84b864dd",746950157.973769
"5a80dd0f68dc2cf9fb1b0c03",533808986.505785
"5d82060575bdb7be33e63ecb",856877644.57673
"de416f239b27327e0f78b862",831303537.769194
"816f93a2e035e4fcf61ee4c9",704305399.196316
"aca1776ef24acabe172d573f",700293518.019166
"af32aa018cdfd081a81bbc80",610647275.428109
"7d133cde943d189c9abbb6e4",623985951.510679
"80035ad5b3b4a948469800bb",602615101.914687
"95bdebef7fdc2ac0e9541c51",801105326.962051
"d038e5695b32bdc6fff1f72d",542170786.368244
"2979f2d91d649a8c14f5453c",662257397.268236
"a0be286778d94153d3b22ccb",597459250.840811
"57e8ea351ecd1ff0825b1324",716147470.054432
"c84f96cf4570158c3832c3f3",687738278.794489
"93ab279de0b7b414ce758153",763135154.513505
"2018131ad3f6e5aa8f4be704",822471510.122926
"eb055771816b45213df3ff3b",408053198.183056
"8e3700ec731701361d7bb7c9",425293445.02321
"422e994aaca85628ff759004",556688291.928699
"569e2cad5c18a5f393f80a8d",688185733.315277
"7b4ca3a8d09968e48c185260",673826745.40888
"12785f791e04b3a49547fbc6",913130230.517593
"02ea72128a99862e9537718e",833055868.650069
"fd77ee8ca0551b5b614b40e1",802997678.586894
"ffbf6a54fb00029ba24dd3ad",419765778.411679
"a295b12b773127f15e83e174",417628725.087409
"90f0cf22cf9c8fcc290e495d",409871453.820396
"220d466e3737f1f2a8ed06ae",416569843.615184
"235c56f4afd6d87f1b3e199b",406616656.62546
"eb0f3b14782c9a484408c606",863016959.380927
"4188712d431ba996cd59fbe5",409482318.318681
"3dfd7e954d6f7f40af60bc9d",412219548.623964
"00e80be4feb1e8593b7713fe",567667984.659442
"eabdd1bad2bc4351ba4a2635",796745661.725956
"850342685ececa472945f7ed",680232995.651406
"ecc4d05489c5ffc8164d5469",406466225.87232
"2406d47133763272a965ef51",416122755.480189
"b9430e8c145c2a0d7efab2a4",924528526.183314
"4f8dfb8de411b8a05c55dbbb",687027674.050453
"574b6bef16abb21fd67db401",568420988.467177
"e7ef0d61e27de15f10b0d643",796745661.725956
"647ec3f486cedf045cdd3b68",490113274.463178
"69d83d8492db7ade6c37c3de",411860390.576889
"6c07175274fba6a0dc467cbe",549163675.671826
"a5a71962df1b8bc45bf5547e",603644690.854692
"ff61abc1e7843e20b1bf8656",436263451.964875
"540c4d7a79864885d73cca95",434777350.353393
"17d0f69ae2c4f1aaa1aca9c7",603231493.782323
"80de6a9303eedbfd1c69601f",566791641.776679
"7cf573f273b14a6cfafa3ec8",501875715.153139
"eb9ab213defc2de5d878653f",564443033.42638
"69f7ab8608b5328f106b42e5",827857295.343592
"9daaca90887e5144c35daeff",459213773.789087
"2bd08c0964ef4a95295db843",801562325.42003
"34f0542a538cee9f3624d897",408387225.39918
"847a7fbd4425fd2fbc4b3edf",1130334472.17131
"22428154baf95870f1d83fdc",925156509.130922
"18e89f083fdbce3da0a82a4a",1178010211.13229
"63674e7ddf6f2b4d7c6d5c1b",407178549.741248
"0e97f66cf4208c1a57d1fb17",406771798.159297
"a90f7cd68b662c87d9fc2d5e",800738693.968057
"2086639384041f3a9b519140",887670095.430781
"d38353aaffa4af168518c6c5",615424902.957726
"d994f3919c3c8fe0ebd538ad",1041024960.16293
"ea9d6dc517c77ff8bffd596b",1020506189.86021
"ff83788b9f8db0297f6c0148",782646259.281544
"9d9564415e52518c2817f66f",478884018.812284
"9362189c5d784741c9b0f8e7",933633407.093102
"ffb510bd3f847f4ede255fbb",410814567.357413
"7d3e4ead63a869bae978027e",897241611.777941
"5dc404d1c214abd2d45b2a0a",927163263.47055
"64335f6d4c1a7514377be77d",832935118.876251
"b81801f02a73feb1db7f5e83",952634388.208086
"b5d6fe84ee7c6a703891112d",1246552259.00702
"af0502ae1fe341c2ce1b5325",463682220.855057
"ec43b2789c9cc266a8e0d1f6",429879273.905284
"7ff8b0b5ab4fd12f3be399ce",869682834.324301
"d5c8073e3ceefbfbb547eee3",892142634.064579
"66379c5752189c150954b4f0",485872700.46538
"6a3f9046cfdbf4eefca3ca69",447895564.475353
"b549a72c938d767ed504bd83",801915569.617648
"f48e503ebd3908838c1f2ae6",415265659.229739
"e58ba64bfa5280630bfcfa97",717850089.724324
"07edd16680605925192efcf1",601285568.900342
"70b821bc1c7dd846a8be343c",406909923.908062
"d84d7edc4a4896c4a8722328",474302545.187634
"6d592a69209ef3356e656c44",412997092.454938
"ca9b2ef10b512905af6be620",622136809.82383
"bbf16146922556095f53b5ea",722826466.958719
"86e80098f5a3e7dbd635838d",748543238.009408
"dad46c20f9f7d834e522fdd1",826128505.272747
"e2dcb036931bf4b2aa030036",1375521816.55834
"aa7a25411bc0f9f93dcc40df",406484832.845401
"e192181121fe58a8bf94aecf",493576799.036938
"5aa715bbe2b178ad0c9e4b08",841812069.810027
"43b5b5a9a1615eba48ab8b66",406645353.347831
"dc91e3fe1b190fd8cf2584c9",468595281.793829
"1014341bbcd2fd5775631f78",484454100.453544
"7f2e9d302a6ed1770db9f7cf",765667663.426307
"73f4074e5e09e52e0e03598f",759591828.01045
"0460eacc73398bb95f0518e2",1048699647.81921
"5a44be6fad8878eb2c394ca9",562036616.935395
"936cdcce007bce08a72112b7",551491833.361961
"8334a4cc7db8ed5c0071fe95",434032473.644028
"e3e9d1d073b129c697c1e9e9",706544294.535973
"dd9a60c3d502ca3cc98d9b73",676460157.976483
"949184accb5878f82fd5c10f",571318765.678583
"bbc675f7edfa0425c78c15ea",659174914.38509
"7436750d73f2e56b4f29e98f",699846200.142707
"cf81103f31f74edfe0453de8",618859687.979727
"620e467297aed5c47e22735a",406768694.748603
"41037a3f8625082544979179",542424202.207788
"6a2db40e5f210a31b2f7119e",598058961.807977
"0083ef74db679d22463a1afe",621318572.43339
"b19be1ad7f60717a943ff0f7",452941033.77785
"0906b6a88fb1eb0d7bfb6bb5",407348667.556261
"f82adf71d17c261b41a5231a",462761587.414605
"bdda694c42c52ba4803d482f",480965598.600695
"80f633154b6f94b8fa24f213",552568964.478683
"f69aa18a64d8b8494fd9fe3f",417877326.886919
"3146f3ec9b237fa0944cec7b",467714848.219065
"5db3d671b5aa03dc33f258dc",407123412.641753
"d5239537894ce7f2a9cb5a49",592459374.239563
"bc28e66374356a4fcf9b62d7",409050638.894992
"3697e556be961a16a621f3e5",447194738.794794
"bb6f66493fbafa76d70b0a34",696131858.414263
"e78a4111d943044a9a32ed80",741492246.107499
"044e2daf937c0d8373f2e914",778529589.420027
"77668d4325802de9d63609a9",755211724.355173
"a85ba83751915d8d5d1a0e09",736777930.01533
"429460d5f5c5381e945cf449",687533675.195666
"a53dc5c58f7384729ba37a21",602601309.307442
"a4dba76865fbd14aa19c0286",823790307.836467
"7573c18a79e5e3ee0610d7cc",845150351.876203
"f13f72c1cb469db92b25c2fb",1103676554.08484
"45dd7eee4488e88d71d46783",1185109175.51431
"dd4fd04b9fd80818bd543f9d",593464820.05954
"500a3c5953f89b431184fead",674187989.735956
"d2e737461b916ba78030c76f",452146927.570216
"e1e69b5a90431b8a44265487",476134392.065403
"49cc8164d94a2afe8b750af4",453243505.488975
"e9b054016b281140d2566d88",911600596.022024
"32161228e9c502d2c21beaa3",425885208.651746
"9017accdd4fe3229fc45280b",406453046.448389
"17fed4a312a9b773f64861d3",406560820.159399
"8632f5681d04d9c934675409",841000013.413527
"8356123e4d10a479a12e98bb",482970547.887863
"70463649ffbda5fdf3c10ec8",747326371.996955
"1414ec3cdd3f6ab772fc7584",517946236.234591
"937708417ef2642b7d05abad",855708238.351907
"afbe90d764c1821cdb26e38a",419866671.13489
"14331a3db021936067b15890",482989893.332793
"793efc460dd25b67c644e92f",707191451.35687
"0a9e4dd0eec86037a36fe769",732275135.970815
"e5168779de76d99010e37c7c",860365921.78832
"016dd08801ad1a1e7f6e695b",1157349272.22505
"ce509ce153f452ff8a997538",812841363.842487
"66d8ce8e6aad18a4963275fc",721768414.256399
"8398e3b96d1311c7264f6603",885375534.448502
"e9081115ab418ef1031326c3",467072089.586462
"5c8240a1ebf6138f81dac715",824590465.142705
"18cb1adb2078fef29a613a96",798230242.751285
"4167fdc804227ed43224a32c",1124845877.26874
"b5d0ae257748ea92c47d8fc2",413354876.507278
"1d17f0ff708e6f0b93a990ec",850616500.356662
"764f506bb2aa1ac4de918a71",745191309.783482
"7a861f1e3af4dbbf55b2c301",409165344.694858
"1562a23a312478d7a05a33dd",559176320.589177
"0a040fd24e23a77f0c58495c",617344755.428747
"7f0f5931fe148f6187ebf512",525087177.745458
"9fcdcb2be94744d00e734a3a",809782050.365228
"f181f74e96a93820a23bc0a0",484899684.265615
"5193b43c32a2bfb3aac6b2af",857516919.406068
"6cc7718e834ba47a429d6874",443052468.915738
"b8d06f4ce0d6e71ba0fddc26",553626023.8057
"30a30e4ab286fd822c68ab5a",642631583.714235
"f99bdff027d28ceca0caacd1",646923624.594863
"f46f5e911c6c595efb5b7ab5",647239582.402794
"a7f0c831d82505044f370b1a",582641469.823396
"17069e9f4ba45c93738b109a",505423326.370402
"dd5c910c2a3d63b8fa92096f",541853407.925347
"a33329c9ed11ee8b87aad6b4",482890410.727364
"925b457b5df270a68b84753b",414243582.243785
"d206aafc71e8aec2afc3f8ee",545973031.242294
"f8232717e74332384075dde8",417206759.708398
"f60d9f0751a14efe41be383b",417860589.429414
"13adc7946bd4e6e3e4416e52",417446351.859736
"230cdc90e6c825d391d5025d",462640680.479885
"e98cb170e4383546988c6829",541853407.925347
"5bc46671989de2534553ae49",538222528.205709
"3b98c8e46cf8477a1968244f",553880568.143888
"f9f5fa4ad495197a5c9b492c",414577932.335385
"0bd42f8ee9d36dae4cf35886",408138041.670627
"567ca46ac91cc53e3b479547",407819775.059415
"f0ebddf2bd5aac661e4945ce",847361674.810519
"eee841bc785b1824b6419a73",622021717.186982
"004776514ad269b380581066",566505230.810911
"bd3edc7854cffd6b6debfb98",631620733.881496
"0b42bbe66e438fa81a2ff77a",615503554.582924
"a33bfa6cf99e26bd9c49f8d8",631253400.850575
"8b45db8a4f2c0f772c8d44cf",437580997.882673
"262b5b0bb408d7cf53073832",621541405.755338
"5844c83fecdf7e09b188c2f0",614593220.069385
"9cc3c05f0e81b8f6454b80ea",460468871.224074
"07c46b493733d74c4f384b79",647572986.3581
"932ce2fe93b8e1ec0e7bbc8f",480629041.957519
"559fabe06aaee537322d0af8",476674141.409603
"f4da2c8dd901cca9cdd51025",614694041.282382
"84eb4861db0816bc8722f379",631252196.831412
"d0dc69570223bce949a4c17e",745768597.163672
"abc2ff9d0e7848169fca170f",451386067.655246
"3e3880088f0df7c447e27840",642415892.764093
"3580dcbd0a6d7d6d3546dad6",640652643.75095
"f123231ff18912a3dfd7cae7",442522935.803611
"78a7eac41dd672cd1863e3b4",712815514.939696
"97def72de478566ad58020a3",696028300.35821
"e3e2e3080cc309d34014e8fd",635441571.728598
"71be583d473084bc0608d066",622781484.671896
"ac6a4c672dfbe20f5bafbd89",631482206.166267
"f4fc081a112f5ee1b3a09e70",559982141.524309
"d8add8f5e0aa562a63c894d7",637313240.072196
"88ab887e18e38d0b8315286e",662280134.461886
"07c8af84608e6c9206ad6961",631179959.884047
"2b352d996677e67156391e25",776395708.710044
"ced624c6debaa01c732e9f60",648496299.110311
"ef92f63b46f27ccd2151a21c",681904853.992797
"f4022026c279a9b77a894ee2",631441255.965521
"e2e2218086e6ef5377c01b68",801290234.743753
"4af83eb7718f5823ae69fe47",672859667.491208
"ee98e745afca6de4550fe570",631297951.174067
"bd1fda425d792fb0de7b4499",643176034.997297
"86b2d3ad1dacb372734f810e",642415892.764093
"98abd5139cc3ea136faf7c8c",650361761.3124
"4582ec985de48290c5f1f5e1",648904607.411299
"312a6b2a57dc6947f95213a5",452443691.144506
"86a47522586da2884181f128",608979352.936314
"b41edc115f6b439caf392941",458163044.917285
"fac682b61b813044a3e3ad01",688248741.485161
"63f4e57fb2cc22659e80d6fc",449469367.822488
"4310c7a552b20afd46f930d9",671999071.701468
"4f18341de355d2cf57a03983",454153865.552585
"a418dbb6d04e505c133c6c1c",696248711.641762
"afce1d7c5576dc49c80bdabf",727107494.275241
"5ec12159380f4d1a85e8b0ef",452820101.62014
"78d10967c36cbf346bd58f63",629170278.361336
"f995364cc33c431b3c93db45",622551082.187752
"99b31d0b5d5ab75a2653b1a1",460832620.535301
"42d42ad031a2c62be9b5cdca",631500273.275557
"73d09646de4e0ab46feaceba",451322361.806867
"bef4759bfc25c7d44a8112af",614593220.069385
"c038742e427830aef3ac1c17",454862126.961962
"e96a7f5424558193663ef6f4",643984978.742316
"1af243eb63d893b1251f44dd",681904853.992797
"a083fd17c5e7c9d33540b922",654666720.74851
"549024cda1c093c9f8bc2ea3",557189686.553728
"164cf5fb9a759f2e4be67b6e",685277899.539521
"65ff6cef76efb4c83ac0611e",490384446.349418
"784b1db005d39c2f57666efb",420949187.597335
"a2f06081983f748fcd74652d",612087396.718173
"66e4f010db2febff23b4a4f5",506154580.871865
"9702cf3039b86f97c003e20c",853333520.410648
"48de5d43e88caea594ccd27c",744510799.014134
"6732c28a236aa1ccc0cb2c86",741874201.189361
"8a1d1f70adbdeb233ed3ec3a",742315816.553312
"c775d4f60fea55d5511da4d4",751351131.006044
"1f4109e1a4b47a9b11c2c019",631250992.814546
"31ef69bed8e54b5e1fb245aa",843033232.802278
"882907ccf178b23a02ce262e",552742892.219591
"2868ac4225657a13f6149e6e",747835417.348148
"cf6f0a3cc030024f4e9ad06d",712664616.679562
"0a1cdd0d5c3c8b973ab1a98c",803152384.736848
"0d099b1e1a314dfd9aee5293",579018826.490977
"898d1eb301c92ab6603e0b81",693882281.906016
"9fdf7d85fc65849cda3afda7",712664616.679562
"f5ee97750fd4e04eafa9d1d7",693027843.288763
"ef9cf29f71434be184a4ebd9",753102971.243285
"e4559824c3390efd6282960a",592200654.659576
"f8dc73052c66ab334cb7be14",733685767.241037
"2e992370de3eed4ec1271589",753608764.348416
"e2bbe9221780d01a265e2ef4",747883915.937963
"b65a2a140ad5fc6e3e26b6e3",683221059.848383
"3dea0748459a295fcbd2f0b6",478067224.269428
"7a1cb1f751cd36bdb6412ba2",774976864.59861
"1381c0399ebbf19db3a11820",683221059.848383
"479b2c9c12602551bbd0212a",508767920.006222
"d463fae95232d30e0f78f93f",683221059.848383
"d0df2748d371d98d76408d66",597111785.177178
"9551dc6098b721dd495e5c57",820619348.170054
"fa736ec3f2f066cba4328908",666100922.099905
"37fc4ce5dfff7faba6bebf8c",759523737.160083
"f336d60e41c8bfee91d58728",775954538.626758
"65e1a61d984712e76829c821",752492735.895065
"65eaf65f8dccb8e49a93b753",684148221.456137
"36eb8139a5ca1b8459eb52c1",729699962.388734
"c357cc3d2f4b45ca3e1250d2",625145051.200925
"4b75f2b374e8674e8b55eceb",832460233.701572
"9c20784acde0823e9479be2f",564111541.19407
"0f2aa0d9fdcfe894caa8fddc",802513839.909978
"23374ef76774d4f95f022473",873080015.6
"4224e69acf9fb071d4cab498",869150526.230942
"a41d05f2ae3e022c16088bd0",873081680.869563
"9b30c679d7da9169580773a1",856848226.522457
"2795cdb2f4d568a782dcfc3f",853805656.286941
"5399af7ea98c97b5906efe1d",813301954.732132
"5e93ed2a9b36625c4450b5bd",731898122.982552
"d04d42ff91707e3957b4a29c",745613567.241821
"f32ea78bc5ea15d700d3c118",803811368.325146
"8ce2d6e505ad1da079f34a8d",890583605.872749
"014799b9ef7d5244fb6640ff",861699460.617173
"f50a72cfa82f3742189b7fc0",840971140.465103
"8876b38f90f5571639b7d879",848501872.2025
"239a2dd25f604c730136c720",850923193.432455
"db297b6ab332cbbba338e7a0",743670608.794429
"5aaed76349fc95f6c12ced7b",846276274.661907
"10c94f25ce3f7532bf4f3152",854282941.620728
"d0ac1f63c75987c92038bd30",725611240.614193
"db5ea791b33be91840a6d045",864390877.754399
"8627562772d9d63bac507fcd",708540247.762192
"b1ecdceb6ac00b6b047c241b",733096858.614191
"f499c1513abf0b05aa1f460e",884644620.634351
"0d8b0ca08838d1dac052d51c",861057067.723037
"c54a573c9aef013dfa2abeff",868148151.978924
"f02865ea64b156bf4cf4cfa4",877597879.701677
"087b564ba475edbea431d4e4",839836257.102679
"2d3236cf646f19a25932676a",868148151.978924
"68b547621c25c7418cfdf5dc",706039115.363334
"097a1a08a389439cc2c760f8",406454596.946671
"e9c905ff64c7e2f8c21b0a9c",407215829.757374
"464039bbcabc650d659f6683",498811372.468784
"93c24fa31fa780d28ecbc318",431810433.326956
"a73206cd21136b209f25c7cc",411443468.66385
"852a11f12646f0a1121824c2",417393804.92916
"61953f4c9bac7cac5ddda5d9",1062880329.67309
"5a5377f2d087b7bb183783bb",662262449.910475
"0a85c354c48921e0ca202d15",1166842583.49533
"12f9d50fad58e4e40a187d98",748463289.235598
"45ac018012e7dd91d41a5876",425946136.377317
"28f905e91295a47d106a3214",1022565674.56064
"395e3718423aeac3d40494a7",507634788.717459
"1fd7e9b1e717578f751c21c7",585379459.42591
"e8bdc4a088a6b99a538a6f0a",411863532.834287
"45b894a8b028be29ed137f1e",869609850.698797
"f5c866d489889ab2f124799c",729716664.086577
"3d0de71d822da8a999bb6222",625530305.228625
"ecd0b4bfd66fe04c278dd4ae",668932485.903769
"9a61bfe6ba2b8364a92e5a97",885453218.967893
"e8b8d0c4cb87efc13344bcd2",907558320.308209
"1f39ea319382fb0e41ead713",1035187844.66302
"d61700c4ecc128290bc42d3f",406452271.201466
"d87cbdc4896e0e0160999520",406691892.878318
"d1281c9f037ea5c4fa683b84",414305215.168894
"310e768d2e8836432f8b3e97",419584872.836647
"c5498cdddd7856e99d21f52b",475042228.838058
"d3169d4a467cb7eac41849ff",694762951.458231
"2eeb4b0d7afa57b63778b69f",1157941025.02709
"7b3621124731bcd2e543562c",776614906.526443
"5703b4ab6e77d88f751bc6e7",687392062.208992
"2c567face144ca714454abf2",829004452.475461
"7169b5a3b9a796162de685cf",635330076.718835
"fd19e1b2e61f5efde879f6dd",892142634.064579
"55f0e95dc857256aec65ec1a",749940863.958089
"ab03c034e2a420f395ca094a",465585816.734325
"ee3c0c7fe3fe73ad0449870c",1232579486.91019
"e59afca092e0ddaf60c9419c",784752414.106374
"99e48a46a1a599471d3260e0",407175443.227298
"419398139a3aa2ca2be3f941",432607602.061752
"54c33befb89cc873771c3be6",1054421875.77454
"cb29bd3ae3d5da88c99d3db5",717401135.727099
"24258361a4ba8f772a83ba7c",762925581.964952
"539c12d2fe8cbf950b75a0fd",406730679.889091
"7b81996f3abd287b50adf8da",980799293.396371
"0d9e73c14529fa3f1ec8a56f",463001729.871283
"dd178fd542fc716e32b4136a",443261246.804736
"9aad22f3d25e46538e1558fb",634855230.244059
"93df4118ec3536b312822d90",851821189.912149
"7c6319c04025c4ed6aa3f051",463001729.871283
"98e04fd660ca1276d1510a72",490182455.794735
"4a8eaccbde5a4a6747818d29",689853453.03587
"9f6ae3eaafbdfd8d5c0e64c8",834948840.405692
"5929c81cfde8ae068a8b822c",653582518.622254
"b94ea2b8b847a47140d04008",680371836.056381
"ac1b644a8d2ec042ca91f89c",798096273.698858
"8df9256029f526ca313202b7",621429979.106374
"e029511780468f4cfbd10d3e",438111302.355287
"0878fd8b66aeb22f6af2d7af",469698602.703678
"76258b7b7e8778cd60d3435a",583584615.102725
"d64a2ad3297e2fad8ce66197",417174134.875614
"8af6bb75c85a2789156b3696",481403382.769366
"40db880aba8951909e6e4ef6",640689303.238101
"c9e20cadac540faa59d9aa3f",408378657.184088
"7d5459e48101349c75d43aec",671768398.729454
"fb0664d59b6333ae1861f343",884168922.728617
"bc6b57600fa9edfe13fb3118",809833021.680002
"d309cdb5688ff7bdbb682d17",740272722.792611
"d17ba799e68d7775f2104b3a",482848044.72917
"2baa6afba131b74487c94d74",576375445.351214
"0b7c8732558fc04f4fc51ec1",593431994.582306
"0d8cda2859d9903f6202af54",421040727.79087
"0f2913c5aa681a2bd45a5484",796969084.793243
"de6010c57fe78d975be38c2b",750108239.278858
"54b474bc7cb126bfe8e6c144",784881149.158615
"b1dea7d384760535b770311a",819833990.205587
"9e90e02c8ed3ad137e4c3abc",447398641.815904
"b59711a5971a3b482db4d9f7",833055868.650069
"2c37a1280b18e095b43e19f5",763520976.682001
"fcd7c10d81aff25d9233214d",462990249.639299
"c3b8bbc492a7d7bdd63da22f",797197132.098257
"42aaf6521fdf1dc9bc50f88e",411092043.600647
"3c268e9119b8027f78f91954",616572803.931347
"c8d5a0e9614dcf96a500206f",407412382.924535
"6c778557da9b5d99f90b1238",820433109.650727
"4514844d15690b7331fdb6cb",860618675.643165
"d8e981acf77bb46a9dbd3109",733831318.709351
"b940ba03ea60d4cdc5d2d429",720692665.474026
"4fab4e66ead1948498d2a4dd",492624058.217384
"a5620899d410af623a3ff4a9",938044061.603692
"f45e3be8500d7bd91cc8855a",577812984.747753
"4b82eef445edeae7a55fd019",632317446.560694
"29881785ae39aec014c4982c",630919975.312451
"0d9f91cbcc9339146bf75bba",725499145.791247
"b839e76df5d73e7d53691707",656091762.025091
"7ac96f16bdc50ee7619f3548",807482417.62842
"a102a0a268840439c2c8f4c6",491223222.229262
"e1132006785632e4ec5deb02",522214679.625287
"a041ed3fc0b60fc4ce3cf847",727151874.749135
"84b758716f47bb0f4e4a2bed",506421105.075039
"84394774ab45e0c8b733bed2",422725722.104458
"2c1c91f2bb4d9dae38a44360",420099777.967789
"8ba9304ea7b8d2b071bb0699",555828899.051643
"9a76cc7c650230c670e703e7",749534740.738293
"9b0833992397c6e50b54715f",795286594.791217
"6f192e6a537c1509521e1e8a",732539160.609044
"d1668e2d35a939ed126a3f8e",788625170.439306
"a17807447696896bb61ef8ab",586897662.628837
"d043d368d2584ae95ad3672c",858470995.07732
"7f2e3f2eb5abf86b56897250",735136973.31869
"fdb1cffa6b7346fde667d72c",607905879.437049
"58a3a9f44bc7846ae26413e5",595018746.56686
"af230af0c73a5f2b72787c1b",843140972.891339
"3cd5562115870363ed5d7558",809448499.155064
"cb9d8fe7c18dba6827836403",658163583.511152
"742fd57dd463c1b5cb79f63e",501446093.013844
"0d30768d188b6bb53d599ea1",826680189.673064
"c455b8a15dbfff94c2909f37",489466807.90416
"8541eec88f0dd8229b4fb041",534636372.845329
"54aad3aa4a166d2d50df48cb",840167907.70082
"eb9a59d4e85a3f124e866f47",763477288.911201
"d65946f9c27e417e6bc60057",416516612.573764
"dfbb0ed74ed85bd186f40ccc",455739227.986658
"84b05da6a859ff5384f37ee7",508519558.810273
"e2da7c1bb33be76b86b9a07a",574990832.146237
"456243bb3fab3e74df21b5a0",512428753.222731
"a947c2ea296f1da3d10b0a06",466796892.073855
"3929df6d73b3ba01bc018476",448213474.239087
"ce44699aeddaeb77f23c9b9c",880246607.297455
"3cd3537b5f9475657060cae8",892263457.764842
"4520ceed2e5fe3458850a805",860425000.456128
"00dea98fbfbfeae74c513bb6",856820443.731899
"16da41b1128c039ff8f83919",615295795.218943
"111d509185303ed970d710c7",941595125.904638
"83ad1ce7ef6d70842ec986f2",600369924.680421
"74f8ffe35e8d3bc9be725d7a",498730509.412817
"f5e7ab7c2edf566fa22501b9",852160824.079065
"2e1f3fb2323fa16150f8bc88",624172834.414661
"f8bf37a8f81a310e299385a5",666547012.233076
"7b71229680a50bc26677a427",695260062.404863
"1f7daef9ba898c4d8ac1c81b",607587103.723409
"415b68c7a5cfb073676c443b",695260062.404863
"856559e93205dd1561d8ada3",719106735.95047
"6d534e4baa1740d7839664eb",594040126.442317
"9ea78159ad117bd9c0b04291",566871646.5481
"38faca2d6e338d328428f986",646716361.110157
"fcc6c3c10bb52776accaf06f",820769621.81801
"9120f0e5a6f505a2553bfd58",834348669.188727
"583a8d8c5d7fa63125f62155",763322945.473726
"3d04304c8644c81114c36f98",662192979.458597
"21fcb5c7e497f0580b820379",781663135.735333
"6542b39cc8d2d13dc828772d",785292943.692949
"091f6342ad934f4e7f84045d",880873073.679765
"fe8305e287f6a8e7899c9459",671901666.786663
"d4492ffc4aaa4ca9c4dd2357",738917073.801469
"319b9accf9980ef2ef81099b",826199415.494217
"fa84c07cc90e2a2058b57c9e",639177010.733781
"c4749eb8f59cca469236df01",533621677.965206
"b8a5928cf1f7e704e9933bed",808138788.359664
"c2ffdd10fe424afa1b09f31d",673930856.475255
"f221dd5d745def063eeb7258",757005774.272119
"319ba1ec06c9b6ca6990f4c1",868461166.159654
"29e7796eabea247af4e8a0f7",647000131.469694
"ddbca69ad74877086c4110e6",803826699.956503
"c858f0f3f5594e7bb0f3b6a4",848877421.509098
"88ae3f4a8ef76675c66e925f",848995624.416805
"27e0810a702796d97878c34c",721325264.546728
"7450139ad1b39b2a380472fa",853216340.931217
"35ae7661d8191507cf9e7cdf",674586740.188088
"93b8ea95ca1c1ff3881d91d2",624172834.414661
"8e4709859d50a75dd08b03e5",522432859.14462
"7026113e0cd7b2d17f8a3459",528854340.055259
"9af956dd8d83bc715592b97a",414736902.481332
"df10ecb67d79e645f77a90a6",707032303.710545
"14feeb619f409386e6eaeda5",449296227.63233
"1a6b9a6d92ec5e905ac97cce",685850632.714988
"057585ba19d6144408d4e2da",645136928.534806
"72699647b590d11ed9b2f2e8",420539909.294595
"cbc99d6202cd3a31e1c14a16",669810872.685974
"ce1d63bc4411a615b816a76c",823752598.571954
"04f0fd25e2456759753bd2bc",754945287.736045
"8c0154eb5be437746213aec8",681423790.552907
"e23017438478050a655f6d67",657900013.34395
"8f0b6d6dd914911c7e90d302",737807322.476615
"4b38595746dcb78fbb459781",491337541.470434
"95aebb36dc0b4ea86db49492",830656870.467691
"f900f7a9c5e2ea51689e8992",799025385.276915
"3fa0d9e247f28968a5bf8476",439209860.862498
"1240f50cf2d8ef1d8713e671",457297851.094578
"14a55e5887af840860b41ddf",410885094.40493
"3ffefb3f453c54585fa6ef22",820433109.650727
"c3b357d17afd631df02dc39a",755969782.336517
"a15aced0fffc97e219f99545",407258550.638722
"cf707785919dbb92cfc7b5f6",816276474.126839
"70ebbf6a402f0f707b893979",473698616.916705
"aefb3cb6ad2de9ffa90b9534",478652984.669619
"b2809471a0164e3d41b8fa60",995864670.159479
"6d11001f164d81734a82ec1d",421955615.659945
"ad71acd782a4fce4d9af04be",467672029.605913
"ca86f53a857c23b15eef428a",693587209.644253
"580452a616b4f5170eb628d0",705882919.765297
"7dc609a3c7a3ab1f9a3146e6",612653878.76263
"e8fc9a1fd4b39f946b914398",433044317.976335
"0d3bc6532812ea618d154bdc",1118837492.71415
"1ee436f045a0662037f9d2cf",713389491.914564
"8697b1d337145af0ef8e4619",1258650809.52826
"9a08127164a0bb61cefb3680",407103999.947479
"e08e1f260e5c3231c49e5a96",410275044.555833
"b96502e30fecdfae7796f1d6",518434490.821086
"a0b178016cd26a1d2072e7fc",422046569.722005
"5e3d7da3cfe55ad1fe609579",551912748.785784
"30f77637dd52e728efaddd6d",716925113.467965
"2202c5c9a16b771d1e242c18",864999460.259039
"3dc8277f29d0a2406fa25ce1",660657651.075639
"a0f86ac00934b57d85b44dde",824845295.113099
"9168a08b1fac4c5448626ff0",665321299.87809
"cec8daf847f52cb2845a9f58",731483632.883723
"ab7559b75b340275587e50b7",1131592085.39838
"a392f7f9ace844d712ab2b4a",609568536.487905
"dd21c6799a32ce6ef27f5281",481632988.528284
"275ec6bd936600c7eceac599",837821934.203937
"978195f1745ab7e3d69e1f50",863764600.733871
"0e3f82238c54e85ca4229977",747326371.996955
"bc168cfefe964762cdf8755b",914782815.638393
"d22d5776b6305308c9e774d7",748460434.080181
"94d3fe901550dd4ba77ffbaf",759488969.718372
"63717ed97f95e32b2ca321f3",526687041.356317
"a7df0496d6ce217fadfad10d",724301781.634816
"51a696388218fc2e412f8806",678015398.467655
"a918c218ff761315988c6335",812841363.842487
"d3609eabe59175fcb4441ac2",841101076.539652
"8af2e264b801b3e155e52be8",863257319.682054
"76e4ebad138d50c690f0aec1",409351127.048192
"9a9553eb431458a3e30fc672",590295942.911453
"117f37774a78d65f9e68f906",458341350.442392
"0c8b133effcdbcd49d52add5",682577611.501549
"5e8b2528c1c0a5c12a476919",643001858.533441
"38d6842c2807d54f386bdb5c",722630720.61379
"55f747145222c070fdd50175",673122811.416551
"ca7d715827b39c417e5b75ad",738086011.743489
"b219848e66fb065d4d2441bc",758885139.409336
"a04d3f4eb8810a346fd29ab5",791216613.913087
"0b06da0ceff947975cf8951e",867783938.937239
"3f35c44229ba13940d8a705d",832908111.453887
"8bdebb8914fbcaad625b1764",422098092.22328
"f4635193372f669612744011",1069940374.55787
"611a369172eb6e3e2e4bdbfb",1184740784.9156
"6689af92cae5d7c9c3e2f215",1117427798.84177
"e382002b0685aabb01891743",527490309.350432
"edbb6dd10f8c9e7596368225",532213881.685623
"89b0592a715c9e135967f947",561086557.027778
"a67c6f6400a176e0a07d6772",731048461.756345
"5c6e6dae74e39d33621c7119",654433259.660576
"0e1c100d8e57de8296363d6f",418545778.590149
"e2e639b53456889ab5350ba0",424407745.688982
"93acd9176ff299221e0d2152",605282993.837329
"cb482d76b3b4904c595f2dc1",425295878.578785
"a0e15809e0a284fde27b16ee",804450945.57042
"9a958690c3947f5a8f05cc80",823385023.692105
"889bd77c8271961a6e4925ea",551681205.562981
"dc082fe46a714afd43b9dc19",650269973.260606
"99f8eedcdc31cc0ff6fda7a6",415841090.484963
"dfa744f733abef97d82dbb32",722393690.39713
"d50b80d68eb3b928e4bb4317",643330625.449907
"a58acad50184e66794d8d704",772786389.95847
"52871480f7bdf5ac3d785630",747126840.967662
"8b083d7ac086f52fd2942a82",753058443.23212
"301ce25214ddb4b5144373ef",851977177.311056
"6d76a22793aa9b571da64572",821057723.232107
"d7c48db0385bdbf7ecb7088f",1203039724.16405
"874e2c6f3e9f90db80d243d0",420483764.907248
"249667af8d0835c9830e2b37",465458845.121566
"75d3c9e0da9a24f4849f2078",412224266.129312
"9e45b127ea0303f973bac9d1",406502665.32722
"daa0be53e7a1d7ff76f32955",823435280.659386
"bf7463534babd284da6ca671",406472428.102041
"0283890ab76b10547b27e634",526817652.403572
"5fd213a5236154ae5206c372",1178389994.41103
"317e95fad7d399673719537e",800137168.603974
"fb14ddcaa459b49a3b30eb3a",877490757.5926
"4cb5e4aa83c476a5b71d77ce",839355836.40422
"f54d358d26af89636906f686",1075565127.66421
"f002603a6990ec405d82cc47",1054421875.77454
"e3b7dc4e8990f3cd436bf738",556673426.946033
"97c799300453ab511bd06361",993110468.217965
"3c1ee7e502c6bfb20873b47c",566166048.175631
"cf7741583fc5315ba70b70f1",735974541.105112
"36a0a1f0432c954604825b6e",586249877.102114
"9836bf9b64f27104c7863b79",580884934.389996
"68a3f9ac977f56cd39a6a1b9",1160302210.97823
"b676ed2d0af6807cc2b28ac8",1114305516.20596
"430112bf4fa9324f0149a879",567933318.134671
"fa00e05d83ee890a38c3a686",697804193.764602
"7d503f126b5863fa0626d4bb",597740789.236158
"ec03a01c961659f2cfd9c973",841913230.521118
"6a112af84d5a81f3d16dfc32",1126900970.2088
"4c5d3dd8802acb9ee22ab912",763226860.60523
"d029158b36963961fdcc3974",751627768.01112
"c2071e85fbffa3d2c2168319",733155588.360762
"60a04215bee81d26f20cf0c3",723524416.835879
"6d4a961e099de1939adc6496",853349796.611104
"2383b8bc2cd3d307caba34ba",551407688.806295
"d9357452fcd193b6c5284bc8",1156085083.69318
"863f8f2aeda01a9fea1cb3e0",947074286.436967
"d1a6132098a4bd640321c7d3",663075163.513128
"6edd2530070918074c8e7d07",986288340.903531
"1cfe7df5431f3dc6a9289551",1141980086.34057
"c617d1f15d294f0b0aea8ed8",702581300.509977
"bbdd78a7ed332e679c8e526b",406514295.628136
"45969f25857aa7263927b400",1022550071.56575
"cdacddfdb6ce41a3eb752496",523052028.417301
"3f87d08afecc4aba03587848",1173025979.54394
"f21d2c0802e3858d493c1984",1000952985.38615
"660f3f9ed9a72d8875a9efcd",837264411.322428
"04e29dbe2175919265c82463",880045157.892833
"e4082fa99f92fc7a89092fff",874980486.512231
"05402dd344c77623fa053ffa",956149495.852663
"c5f7f0323f554a7419f78359",734457238.953109
"501193fb57014ffbd7bf218f",499235880.609377
"0922cc27581d9058e55a2239",498103077.46658
"4dcaaac494053749f30875fa",1108837648.67788
"506763d35b04358fb0e967ff",1034319444.89613
"8c40078231bf7af2f3a06457",407049649.327815
"53e14e867f8b02c6043ae02a",407105552.928956
"2364014bfd851a68a824d1da",1048143729.65469
"f788ac4a8b2a6dc11c458c90",600978288.639489
"093c849ad2bea8292c4d15f9",1029564106.38359
"71a8b68f38fccf71a229df76",458224220.367109
"ebacfa0a8e569ab603cccd11",406767918.899629
"c963faee3ac527dfab08f61c",688076795.298732
"ce3deac5963eeb96826c14f1",606577399.893559
"5607cef08511dbbf3288a5bd",507385045.149179
"8a9e6d0839f9fabad2fc3214",748280581.244504
"ff03a8cc833d067d439b9903",694523139.770747
"d3e119e8fa4d96abaa8c43c2",878651385.27034
"25b893f6073bd66258a9cf03",758383037.474751
"0d70ceba3aea278cb4a2082a",756313031.947055
"07f9017eb4b8c169eb9de536",1191630269.09615
"7cad62cfb4fc3ad9acb09f1f",500735011.874363
"41d174db6f695472063ceef3",484706424.383619
"4ecf579a5d5e70d3b4314ef7",1100533918.33556
"41df29e27c0bbb52aa8ffe49",566412313.455766
"cd77cb445eb0f72df89b9fb7",674209850.58656
"65766c8572b629744f00b45c",554673467.642883
"946eb4523f76bb23d0348309",742402188.736368
"453202a234f5b370ae9e586f",566425277.75315
"4e1b5798dcbed1842f260b17",733918103.514717
"f1cb3c0b97ae1c6819fb86e0",1228013001.04336
"24a89527a6744456750baf54",480665712.442212
"a281d59b685eda4978e0c84c",1247563152.82109
"6cc9d912370da36c38ac2cbc",1158866797.14645
"10563c278e7ce8eb2066d398",761187188.102682
"a1b0b8d18cd78b7cd555dd55",960714162.130131
"3cf9282136fad24af0f7ebb1",774634009.415099
"077659c14c3cebbe192f8247",945606820.624568
"c372834e8e7a4279f861aa4c",413151516.28824
"29daf0d5008fa9e3f0f30132",419161730.484052
"08e1ad8d1f0be0287a395ef6",457869516.427144
"19c07fc2b01a0edec4784e64",680087697.726335
"c2b5216a8050ea0fe4008f59",821993183.594912
"29cc054742b256e6fbc6da1c",794660366.400507
"755a3e09dba04bb6ba6c9851",671585198.309851
"c98157c582392cb895071f28",812681691.225401
"84f47e531a916b7f7dc1f1b3",781609465.029914
"231688922448e4d64622120e",533664427.385754
"9c7c68df14c238ce0b497dd2",1176564111.20922
"d5e29042106130114cf3694c",448512788.910075
"08d4fa42a34c74c94db5080b",912900360.640007
"e89fbcbd4d3414e30c30fc29",765566902.790057
"22af7bb676cb4c9ffe014506",409275398.848437
"b20d6ca58e91ae70b6e0a1a5",1136818669.53317
"5c372bd1e01f3243256e27ca",407117976.994048
"1242d7e61857ba8ad285b6f4",1158360734.54696
"196ac46f656726bcb8087ba9",964858841.731813
"ae513b65e06b69e1ff2ad8ec",419963583.004225
"bb26b45df6a70b6414958912",416866313.94605
"9425283b41165156aacfd43b",420632162.777318
"689b510fa99bda54284cfe7e",652516291.345476
"c57d333e383039db0fcd2620",765838548.727972
"86e98ed0bd2565b661b81ef4",1201773762.59134
"0e694269bbff1e45395190d6",1133919007.42306
"6511180e3128e083bbbb6940",1111997633.27081
"59b271bf9e2d29ed35352f5e",422594318.023656
"a4c324b1353d2f7ea3ae9727",422594318.023656
"193ff8d291a9f163a4f3301b",435342451.501763
"8ee4a7cef562d388b8444c29",409180172.961797
"53bdf5c3cd800459acca551c",487289877.862768
"35ef99962cd5984ca87bd326",511066145.234284
"dc33d5ffcd2aa2b7d56d2ad3",613193984.273414
"05c47739fa4c4f00285a2c48",1087851320.02713
"a51d415712d8d6c8add7009b",1082575206.21397
"71493c81121558b8ba18c1c8",416866313.94605
"853a14b680761098d4bf6136",568313665.077774
"c9d5c08973c493f3acdef892",595978517.217768
"7dcbeb0aef2e2cac0d73315a",409351127.048192
"ae5a4da0000f79f12142e2a7",572482663.864398
"1f6050fd5261a2d21d5a178e",407811218.74978
"e3f39c6e4a41fbdc4bc30e0f",585036787.290104
"9d157878dbb41c14b52a956f",407626912.763493
"e1fdbdecc84b991f582a2e00",555896753.400463
"3a26efe201689493724ba464",518434490.821086
"6670cde3fbc11c263c6c3163",646241632.711594
"780ae52ac9eae675f6fdb312",423397891.620034
"24f22d76b86498d5c3563288",587928431.718973
"fda25a0b6b9f62f92e3ea6b8",1375521816.55834
"678ba0c80536dd27e385b31f",406756281.342597
"ba0d0663943a118228fd12bf",408220566.935574
"81ba4b47e9222c15c4102992",500241480.833413
"d9ec26c1c3e1811e38f070b2",438505897.778526
"aa850af0c6203104e6ed02fa",516966175.926068
"c697ec00214cad882d5e9812",410228094.989642
"4b193d78ea6e3740bf37b36a",409718255.97756
"08c61259a756e617d976e8b8",1023268055.80339
"c1c1dc8df6996a94ef3c7d33",406724473.71879
"3fdfa23ac43d1df0503ccf1e",802588846.425074
"bd4526ea5b404df442892788",407868782.836711
"1062419f9cf94418ba88b6b8",416669173.445964
"1102f91444b8e1abb636f1bc",783083765.847995
"b96b4bf38bdbd61d4dd0bde5",722630720.61379
"45ee2db87e9ca0a1a9faf050",709610038.281411
"556cb23459a9007127b3ad46",853003180.648926
"a613b18945052b4576595c4c",765247185.115443
"fce385656705a8f4389cbb6a",673122811.416551
"bdac560af3e155db33d13d57",768050346.826216
"fedc2418db2353b7c97a260d",776607500.184859
"4565bcc95c54bf0c8d376eb0",755070573.246685
"5fc559104e0ba1112ce00f5d",741645004.536553
"74fdeb4c56b29662f13aa8ca",790744398.468362
"fbaf74ce4c2c6e88950d3fdb",791187941.040028
"5de0f045039122af0052c544",755969782.336517
"e18337bbdfb106a3f1739960",660331364.618476
"e1b9ae3e0ce3da16f18e1079",741360729.339659
"a57435d71ccc5f032baee302",703738731.076031
"fc5e8e45dd0a338ab5835428",782871701.414905
"918bec54bd7587daafff66e9",884799868.220178
"86137b9624049333f7e0315a",811927158.932901
"0fca6767d8f442da1f8bc6d2",415012278.519298
"3ea5478270517f299b20bd06",792793711.074239
"dfff73eccd591bb26453eec5",682215775.494721
"e2dad5c148ecc797018439b3",942482743.395956
"b5a62d480bc544f891fd8521",903110123.39382
"cb09a84a1d7b929607d01ee5",704161674.777301
"af067a8546e1177eefe24916",717271155.766353
"d6f9abcb58befa3d05373a72",872921829.474409
"ec2f16aabd36fd9ee2203276",1290045621.77302
"dcafab7adc7b763bb934496b",614671765.405074
"ede43dcb1715b959ba34a37d",662031330.984004
"40dd67aeb6e9979211c9345d",770571241.375839
"31f630c44db4be5360a57640",801097687.06273
"ee8651631861c1b94283a953",846407030.41775
"b7d245742eef110adc91b5fa",831663543.645338
"ffc49242bb0edf3e22076501",845937372.320908
"5c5963c17bafef1a1bfd5e03",855708238.351907
"6c589b7e6a3cfad34e98bd87",1134847219.26173
"71ab3644da08b8cb0a0b34b3",911339822.305208
"aa668782ae5d0c16e57193fe",1084366910.76117
"46673c69814a0b3f25818dee",1258830873.84972
"b2a417a8d2440f9124fd2ee8",786232643.271798
"3e0ccd899ad73579898fe73c",1069418070.26043
"e6f2c7d7317fd433e26878e4",1181443938.86497
"2d91b3a8c62b890fd246183c",1243360843.81382
"fa653848d69ce620a41a73ac",831324150.638407
"3b6c94e3e3684eac73b3e7f6",869609850.698797
"a6a07d35b3834bc6f81beb6d",734939294.988667
"a39617b7adfeb6ae7d5ee5f0",1226278620.52269
"95e5e774dac6f0159e8afc0d",512721073.273748
"995362e3fea8e54538ac135c",673158761.012975
"42525c57e13abbfafe9bb395",1129761137.07766
"1ae6fd60628e7d186a5e0174",458999233.133376
"082293a465231208059c5d53",458999233.133376
"732615f6d1526ec9bd519eda",426963697.045667
"99e9c4f8fd7fb7929da10a20",408472917.43808
"1a75e436fc23e7f48e639b9c",431871384.993263
"54cdeb67ca9ea56205e4e533",1029403092.48478
"c412ab869616d6576cbb8309",451458393.299317
"b17840ce59c9d9619b46534d",521775608.265829
"a14f071d8e5c338d9ebed23c",407100117.519703
"84d8504f0e860b0760c3592d",724831087.9172
"a3d03a25f84f4d50d2a308b0",478299800.245269
"bcdcce01d86d648c4502d42f",457869516.427144
"33379968a83c8a90c23e77dc",420632162.777318
"ecc36a3a4610829ee3f88993",422594318.023656
"f4eca80958b7a22922b0efa1",419963583.004225
"3b4ce006ef95420847da20b9",416866313.94605
"4fb644a95cc04f7bc6cda786",409180172.961797
"f8fad48343ee5134dbae918f",409180172.961797
"6e8e08e09da8dc598b8a8b2b",422594318.023656
"56ff1f7e81fda0c8491c354d",419963583.004225
"444f102b4d54503044154ff5",416866313.94605
"e0eae2174807cc7ada38c726",567933318.134671
"afde90f91b01b0282bb94335",551407688.806295
"1d35c364daa0f021ef263c60",406514295.628136
"8c47395a28f8177923d7b75b",411361861.079838
"98c98982020ba42198aeb45d",748280581.244504
"ff424474d2d10a2c2a1c1892",523052028.417301
"971a322e9087b67650689ea0",1000952985.38615
"45a7517c4d29f5bc7787dedf",723524416.835879
"74a51274abc8358d628ecfe4",763226860.60523
"11dc32d92ac579720303c019",724399874.493539
"4c25d939eb3ec218403dc4ce",697804193.764602
"55597a7b8637f24198415ed8",1201773762.59134
"eb7173223a27076d16b87f33",499235880.609377
"709d17b62bc95253601f243c",751627768.01112
"fdcf0e439ae8b2ff5730680d",956149495.852663
"2524e62e917e8a1aec5c9c26",566412313.455766
"ba601c13d20602c988d57246",765566902.790057
"397a7d1cfb809e34797f2bb4",600978288.639489
"b54d3ce25f3f03cf3fa0127f",407105552.928956
"d51bcf03d649839ca803c357",411662476.683614
"e9fac47a0f02f27abc96d568",1091877857.55465
"a52bd93aa6b0d965914f1101",986288340.903531
"16601a92574531c1fd57a359",613193984.273414
"0e64230b70f4a227b444115e",880045157.892833
"ba2118c330e19baf4f3ecf94",839355836.40422
"055e29f236bb61603d4ce9eb",960714162.130131
"7c5c0f2d9a0e355069fe1c64",878651385.27034
"e781547cf6f8cb4ec0742b5c",774634009.415099
"8caab74ced535ec5e75acdfd",487289877.862768
"9d64345229b60ad1853d94ce",511066145.234284
"d128186867f91603af4fa481",651885596.283324
"f8fb6d1b0dafc28920393dab",694523139.770747
"33b92225cef255b0e4b4edf9",532120499.076466
"7eb78d4dea434674a230caa6",761187188.102682
"833bd3c8ef9d4da2f304a94a",756313031.947055
"331f0957d55d7f03df7fdc4b",1158360734.54696
"cee124f4b9031f59c4fbef47",1030953405.45215
"8a9663cb622a55f2a1a8e3b4",1176564111.20922
"25d4a0ec9301ba5d53deb780",702581300.509977
"38d4b1837c595b6d9a23e994",1108837648.67788
"a21923caba05da05449d60f6",837264411.322428
"63cff4b5ebb2b6528ad34cd6",800137168.603974
"948c392520e1cb3a030ce86c",1048143729.65469
"b2e7fd7bcd93309664cd225e",1082575206.21397
"9d6be7123f2c6e610971374e",1156085083.69318
"3676e34e4824101f3fd9aa2c",1034319444.89613
"f849ad486e84a82190675b89",652516291.345476
"2fb8b2990751692b8ef1ab6e",734457238.953109
"5155f70c7f8978e487e71479",1022550071.56575
"4f076c220dad47bd9bf248a6",765838548.727972
"480041bbef3a540df2a36ea2",1000006486.68303
"4ca66e564ed478d06c471357",733155588.360762
"454e4126257189bcce9b681b",1221949882.39172
"10ce9c7a0a58aad19778e5f2",1126900970.2088
"dfe8e2542755d41d920e28b8",438438992.193178
"5115b0da9c95559dcee9e58d",907222562.587963
"8a0053376ffdc75d0bdde77a",820732050.826363
"5688288ee38f1a69894ac77a",883995238.696138
"1fe514ada76363511cc79105",820384600.673786
"885a312d9a5bfa8a8db5279a",446913351.789797
"c716d4dfb5a3c2e1120bd84f",516302015.516979
"689aafdc12fd1610c2393a6c",750023831.670738
"c0c4ecc8d3aefc53c4c06a38",800546278.820657
"30091c32a5046d563597bbf4",416303756.420247
"2e58c9b6fbe9c57c83bc0aed",903408172.998655
"3f7c5d8304fc650bf97247ee",692039807.679336
"56334a9db3ccc24faf138edf",593322212.212949
"6d0680692396c07afc1a260c",658878263.932638
"9e07dd563b6ff4572f5d9031",768884350.042656
"1278c9fd86258bcb435e7127",817265719.700147
"acf0f98cd8f8c8ce06f30ab9",1219733084.04293
"5e3785bd517f4faa2bcf43d6",897026007.263904
"cfc61dd41ee5f5dcb76bacfc",520702883.069817
"2f171883b97d9c02b90f93a9",406700425.703315
"46aa67b5e0abe39dae442d76",406700425.703315
"50cb49d65d04a5d166f96e3c",413759529.728929
"06c1673c4a7444e7aa80abb7",416138629.606337
"53881f29c7a6bef0ab537466",452235763.68405
"2b028932adc74c961170a4ce",435061053.893913
"f3a1bbe01d265470a2d7332a",412461783.657989
"b42d5b5b38686929eadd56d9",523043049.711224
"bafc63f23f097c24d36c76fd",606541535.362059
"f164514211012e3a1686b148",429694829.315424
"82b90288bffe8c1c0b5a1259",421848588.645622
"2fe64bad1bc8a43fedfe0700",418542585.351456
"da5b958667b31f4f9a1d84a9",766639442.380574
"b3bc9a04a3ebc1b911326735",930185107.882123
"9ff3acb07666d53f00d1f1db",677219247.834715
"13a44ce5066ce00846b59ae3",836488650.738632
"bb45c98dbab56e5abe20ac0d",893111385.435382
"f88bade1cb7ee0fa643f31ad",589125043.669373
"e9ab6916a79b4d5182d33bf5",804573704.408833
"144162ecfcba71bf09048dae",521035698.63397
"19466034c2ce19c24a179fe6",670091995.491258
"3787f6da3e961c0e10d30e6d",984408938.092909
"908330b0d2651093c0bb6719",779125273.060894
"66b7baef9c6c3c7ad24636e1",737064665.440974
"69cb0f3d422c2c78373c2e0c",846946409.566068
"1e866483995b30ec7f79d9e8",794145197.378182
"866f2a55f42cf30c4105631b",794145197.378182
"fede7e1a7a6f23338af6f40e",976856266.899238
"7447156f2967391975d335f0",670091995.491258
"08451af5a81fd6a63c4012cd",536091475.999806
"f63608198bfcc858abe1ab0a",671402047.851505
"e9a0dff7ae48bd3fa2ecfcfc",888168005.346655
"cc97f62e2fb9d3e31ef1c00f",889156183.500005
"ed40f198ace8a4405cce7a1a",1137627736.75745
"bf17b59bf2ac2d06894bd786",908391327.853203
"e118b149654cca1c0b3a58a2",1013940577.10682
"7f9bdd2157f6c3d488c77ddf",960400869.943802
"9350225547486ad75c0b5ab3",926328943.15191
"d1166776fca47427c77fa8e1",903416788.611456
"f719b387fac4f688b57dc646",1038528091.99645
"6ce8991a39ec7b9883f85000",1033365046.52846
"353743db4334fee80ac08d0b",1036215075.33595
"372a3934e8179422b5cf5729",833300599.498619
"81516aa72c98ded9223db098",1119339098.21538
"9e80db4c35139bbb18775644",1075710792.44206
"12ed2c22a923c840ef616a3c",973617806.128909
"7bc57b136bcec053cbd073f3",979754114.743295
"77a06084509952c6cfe8f501",411715087.363924
"73578b4214e2eca83b1e70ac",633318052.72592
"527e571030a7d8fbbf1a41c4",718199318.193982
"961baf163a07179bceba67a2",805674767.158861
"76b41682fa6953a3b20d3f27",660433390.551699
"cceb25e83ecf22252aa92d2e",715561720.229562
"210ff5d4404ee8578a5ecf9f",689720570.940542
"398274b1c46fd88151420c6e",488935886.846773
"5b328b80dd844db2e946302b",406602696.790064
"4195fdfe50e42e9981fa2f4f",492869356.389286
"2d4031f171f965d7dbce0ef6",650423787.600811
"fc1b713d5605b0030421d5a2",849479942.36868
"cf6092df1f22a7c4b8ff9d50",731473866.588771
"8dbdd7c8971a514eb7cb4d3f",779450788.953512
"c197faa8bdbd51c075a6d3bc",633703508.682971
"1985a2a5c3b2b0c7eca22afe",758328072.4344
"92a1a8b617b6d2c3669167a6",754726447.993172
"2a330fdcebb247d6a6fdea23",785003916.201821
"c3dd975d0aed59a65a784e47",621374273.273108
"608a2339d558a6cea9478756",745006558.538088
"c0ccf6d535d1316e37e1024e",816125466.486203
"229a7640d41a8b8d6d2f8f83",844033976.364044
"e3950ce025371da2b4ad9db6",742297410.665753
"a7e41393473834db30f2c1da",715934414.660863
"7dcd1597e11f83093cbfd7a5",838258306.86121
"71235a69058912dec1d355a0",857963550.034249
"349602317da0e456d88fe24f",889914587.837522
"ddccad3e5a4eaf791ce3a7c9",519141990.391062
"776d7d1326576f07762ab3c7",738790241.16557
"1b88c06bb3c1bc2bb39d1b86",629141477.890846
"1c5c4f4c731545aa3388c554",516387697.43686
"aaa67089a753d255215c15be",517279830.081635
"d6d5717a4b7e2edaef162b6a",508679621.469881
"0ba20e953e8e76add161cd6c",408378657.184088
"13c39860029403ea94b5439a",1258650809.52826
"d5436eeef04e1a8e51a38912",406474753.962585
"21f00ad1214253dd5bb97817",886413015.799893
"5a3119efc021fd0f102ab958",424143932.824409
"331c515e7f0dbb4460810999",744701108.914967
"9e360588b18cb15aec3b6609",554325509.410502
"a7cc7d2ceedf4d69664dc734",413070357.790662
"4e78cffaea2008f3919ba0ae",417931528.968712
"452e0518f7164287e47e6354",625857301.265513
"74286242739391c4eaecefbe",474705289.920749
"df06b65985649c7107b794a4",485971870.548175
"b6a21387674a509514fa5518",927688634.06728
"6752fcf8f1af18d61124e32c",745542463.381467
"a7e40088cf53acfc65f4b3f5",1149050390.33998
"61b9307a25be3119effbd0d2",521523881.385031
"3061729865dd2d68858600b1",565428973.046893
"ad38d5660b6f1eef23b76039",417162995.273124
"1d493f3954b15e84c41afc82",709666886.455322
"57744cb947a923584fc6bcc4",418175525.351768
"16f60cac352cc0d668d226d0",424907497.203785
"accf7bdeeff29ec7a209c509",526544410.907682
"a694b9ab05641a6325764e63",660950060.003525
"bdeddd3f84cb0ffdd1fc27bd",638192709.615159
"de9ab30042562789601833f6",444751745.728194
"1a95522f43288e32addff2ba",475012329.431231
"3cc722d5c764ac261611c2b0",455256179.167204
"aba85a8a7ea2def1fdd18587",452326342.736839
"b272c1025cf5c1e1df47042c",745448616.668255
"5c449356b8b2d7e0928cce59",756532331.73426
"a56d3b5bc13c9849cf676750",761710033.350124
"942c934c0d41ab822d60c795",627766591.396718
"b0fe09d086490092f1690fc2",623707516.502946
"7abc8a11d3d6c905de3f567e",441278876.609478
"16716773b2a43df0332622bb",460305541.108853
"98fdd3fc6c9447d0f05eb1c0",643558898.316071
"a59f39373ee368259b441de6",416167204.559433
"cb778195c5d61a7c4185424c",880444744.178899
"c0277899d5f185cc78fc4a79",764401089.163789
"44effc9574c74ea4ad98ede4",764248016.658243
"e2d00e4fd93a02ea81895355",747108315.789672
"ab405cd390c0681c3c67836e",543174800.305974
"86db204f7ef6e0e0e6687246",737908651.850913
"97b791fd94b2339ba115a75a",596058094.24669
"3897d9b5fe3a0cfaed7c18a6",577539730.860454
"ce206b82f2de3793156baadd",805100245.303398
"2c924b9d45667f7168bae6ee",724406782.942032
"358eb586d9649d20dca9bfcd",807311479.020385
"71b1fe15c5bffb750c99f648",767347497.520292
"eca500b92ff96f10ccd45e54",759080571.47133
"7b63445c5e1ce95bd12c31ee",747821153.655569
"97d64459dfb368b1f6067ab2",738357764.716702
"1b09874d5a3e4c9e0d544198",798266783.668326
"54fb79bb019bfd10e5481ec9",771137302.169327
"b3b63d292523ce0a925b871c",761410805.741619
"09759befd8899fc1e359935f",747737003.406876
"62e0110b1c8dda16cc7da89c",767996145.966946
"d98ba43504fb49a4f0bd9c05",802936417.06289
"48815b454dfb64fe60e2cde4",507691917.886567
"40a65310ce666e80a9611d4c",748516111.575426
"a8c5674b5d110d99a1e097af",807983121.710406
"ee9e7dcede0ffc20442b4407",676763433.59856
"9e858250fcb7320b65bed9c7",834095675.939938
"bc76b078832a3a81b6d637f8",864066145.899337
"b06d3ee14ccf3d46fe2431fb",753745329.212094
"87332a7e03cb851342667b98",849363292.061323
"faa37a79a1d72e4b8b0c80a6",849363292.061323
"0821109831351eb2501e362b",857557809.974064
"8d01d6561223272181235c69",752792766.28465
"a0f1c94cd34fcba92f59a59a",751596229.116532
"f6a5c88d1bca87c1e89d8084",872345941.196653
"55118881731616058c929b1a",811077407.054821
"bed1fbafde11c156b655e04f",831966576.85371
"819d2a7c3330480b7217577d",801119078.964436
"e1967b56ab8ecd035bf39534",753745329.212094
"08d0615cff29645ee70e20e9",837839512.592069
"2e8af16a155fe18c8c6730a2",858423511.689674
"882e8e77fa1a71288f6b61cf",882748414.349395
"7930bb0822caea5f6451bfa6",857868642.018962
"993a18ae04d78d374f854262",895550679.456146
"e5527bb25c85988e00da339d",934394103.220816
"07bd45129563bd2fd974deeb",406515070.993361
"83727953ecffc17bed632d94",406730679.889091
"2e2d3f42f4f8369733b3bcb9",528626420.812156
"3b23a71bf40e800a66bdeab2",441880240.279829
"894f346e0ad39c57fc0f369f",780157284.032548
"d1fcd31555048d043cf084be",469059380.466671
"8d48f73816b248d1166a09db",744228264.348023
"32d5a20c542a8194a6aae965",517946236.234591
"53870de54350a8cd7c13f014",692393647.70425
"31cdb68dc6476128c4bb2f5c",782694029.676089
"4be6d93d8ae1375156444f05",435911612.868413
"33a7f6aebc3e2d480d287199",888049430.040437
"e1e188d3f9940f9dad98488c",754654475.102225
"76167f6ca3d2c404104b77fd",702435248.337057
"9297c340db8a74e10dbba148",765667663.426307
"0e001ee8f27e1a2fffaa0225",1066739155.92344
"ae3868ac8c44128b8a955829",703612568.526242
"bcbd20cfc50e2f032b174b56",406645353.347831
"253560c855216bd9eb102595",468595281.793829
"c9c769e7ccc99016f61269d0",508243205.564813
"7c07ba1982289ca3abcbece3",663449624.998962
"c5c024d11b3ebb2cd088bf6a",807274524.079525
"f0a8fb06fcdf8997bcdcb03d",843763562.026864
"806f9ab2a016e774689ce2b9",406452271.201466
"4491bda913188aad3c66ef20",752465466.335358
"0c37c0d27631960f9e0fda1d",757605219.166393
"b50b45bda0905a116f238c1d",440338049.272628
"f0f8e755058d48542b9cc4e3",911771008.483039
"b3005057f48c1794b7974f4f",632181177.616927
"e1e5b0bd721a67318a3848ed",407956700.430907
"d96155b72c02bfa04f7ea98f",429061762.44647
"3825ce5030d951ef0fc2f7c5",407239908.248461
"99587dcb4237fe90acb15b5e",407170783.500812
"452ae373210337b8008ea2a3",1258547584.26765
"09ae7df5577582ce7e7b0aa7",1125075466.33328
"b98967876009fab4290736f1",759503455.959004
"24a4a43ae4c687bda1066227",830392325.777151
"c509f2036a11b7132c633d2a",708540247.762192
"bda914dbacd42b2b7c6c5179",510691966.255104
"5a681060eeb2fc8f1b3261da",544473451.967593
"016bb199b12846ccb0b03191",841743030.589907
"ba94676bc0385678ce3780a3",545283045.316292
"b2183e5bca67574df7d5985b",406816024.334449
"baae43ea29f7e419bbecf998",462252579.845637
"ff1a7adf260e637bf316812f",406517397.097911
"8e56b5dbc4cf628ac12e5bef",842354947.419383
"c8941b8d7626f7b33628158f",1212540036.559
"d504ed869ece1b1d6e724452",406479405.7236
"1acb5576ccae1f0534f614df",519601639.489273
"ff228869121d053ca7bbe431",765742147.202667
"ee4dea05e93581750d613c59",538177360.668895
"5d507cdfb7c233cf96dc6a83",756773346.258804
"faae4324336f1211ce4c7809",618437255.75865
"9a8e471c8f4488c3799483ba",455437696.784957
"d040e15e50d655f4d19bff54",409585426.669213
"efc7e89ddf3de559154d8e0c",845600218.550642
"e91598736dbb7319952f0dfc",630492918.465658
"4046ebeeb7ab85affcfe337c",817373284.713214
"d12059af22bc7d6ff170430f",1126374491.93905
"99d39d72083d7485e8944a3e",421080883.278428
"b9ab2dcd8d1855e4bdd540c4",1029880316.70074
"97106114a8d353ffebbd07b7",856951194.131263
"d5c950db90c92be5fe753189",603355768.440392
"119833a13f3f7df22d2b270a",429083859.015316
"b2078743e33e1acc49c2d2ca",630492918.465658
"fb9371f86ca6f4e62ae374c3",415531875.471677
"6a39a747417143f0cd24f3bd",844890860.305708
"7bc0c9e2760e4b1488522768",880286902.711648
"3898683e5d24bab9eea24d30",687059124.401364
"be0e466ca7d6942282c8626d",663529351.86229
"2d65980024ded46854c25260",1202427217.62225
"87aa28825a5b8ffbac5f2e2f",676554352.445077
"918b0d900ead8267aab4cdf7",566053752.205808
"0c85506b301862fb58b467cb",475042228.838058
"4bd031478b15017efd41b2bf",1019778473.00273
"48bee96c1f65b8e283d67483",437122197.840017
"7618cb8d215425c931f47886",810669099.913714
"a7a219e7cd18f3c4b83649e0",424793239.579002
"9d3f5b59b9735da05588b3d5",406691892.878318
"6ac5f5f52cfeed2f0ac9d018",588795901.263021
"d885902c923752eab7b619e5",408599930.523584
"b183e2562cc4816244ce0e1e",719208240.57015
"88622b66e6c47cc62c3824c1",562378688.918257
"01230eede2a4a74ec4ee5105",701399016.796499
"060451a9e3e0416ff41d253d",792381005.950367
"3ca0e7723afebbf53e390297",812385682.290513
"e2ecbfaacf11ed16fd71abcd",443261246.804736
"1f0d83013ea5e4c3f4beb583",752876049.509926
"450c4eff7e37a271fc24ce3b",568397137.073708
"a70d331be751cdc3bd0aab29",408138041.670627
"41ac76d4fa450fe0c377a0e5",408138041.670627
"2ef8a530db816223dcf474a1",478299800.245269
"d09c1af87ddad4ad11b82626",475042228.838058
"35b1cd8020e7efbb9ba5adde",1100533918.33556
"6714f846f2fa3527641ad96c",776614906.526443
"4cd5338bcf246ebf263baa35",422309078.04978
"0878a639ab8e6b6e69a3df41",642248047.077412
"f4c118396d781c140d8c9b08",450033821.921345
"27151512d4b592014137ac1f",798915663.372807
"8e5123f5ef1da66571ccb600",1131592085.39838
"c491a13a87fa1ef595b35826",830642611.419862
"52d6c4bcb442eebdab338116",635330076.718835
"e23d93ade25e73614d7bcd77",1157941025.02709
"43059ceabe98412315566838",805859192.583747
"93b7fc7c4f07a7f117e687a4",586653680.133495
"09caddf25db3ac8e1a98565b",642865739.355782
"e3034ebf243b024cbef83cc9",723300889.215835
"63cc884a9c5c888de176461a",655345103.962729
"069fb1f8d0f06ac2fee87314",699910275.909083
"059aaea3859c4b9662ab4df8",502193623.449034
"148b157ece514d99be0a7f93",413607245.311033
"9c4f397c093dde7de5d485cb",656903167.7851
"e28d8dac5c1c75d295a9eb3f",502193623.449034
"a804849802cc0820d25f955b",502193623.449034
"fc43df7f26644fa464ecb090",524213574.549217
"608b26adceba64d9ebc5486d",502193623.449034
"be8bbf40db0dde8ed4cf338c",502193623.449034
"d255f73d4066fe559065266f",549952969.620607
"c552cfa8e6b8c8be2c963ae8",414717126.756227
"5ee020d4adc767b3b16fffdb",418964303.567375
"2a01945c2ce528c02b391c61",541708736.771939
"dd7ee555ce0b2d58dbd8a9ea",408459672.948377
"a732aefa7ea4715325e9e80e",498651561.666801
"c6faa40acaccc1603c29df96",524213574.549217
"fd8caba10cd4d1df27605358",461193138.553987
"788c49c17df556bce0abf6ce",890685530.910219
"2d0d803cdbeaec6e2626eebb",640145736.001922
"0872074f7bd512dbd4609c85",499649313.827026
"3f97341f90b11e6a7a7f7c2c",654026462.389186
"2bfa301ea435f929e6c0d1ba",480396249.657013
"1d029020622a600aad4c2991",821953988.840023
"8a100bd7f5da66664a2680e8",496852475.956714
"1441a28c376a20c90d72cfac",755305359.542634
"495eeef459e80680720a0ec8",631656876.543832
"df81d07cc6e8fb0a01c0f404",538929277.488519
"e23ae41983b9f112f05bb703",649230200.832671
"a2ba273b099221390bee92a9",614887523.63992
"63dfd58a5c43cc7c0a468209",441667900.757224
"27aa789e29e52ef8d78b9bf5",639209928.183106
"fbd613ac06b6bf20d76822db",612381668.376558
"2a805135d8030b614d9df9aa",644903175.695602
"22c9b57a67cbef0920d09174",461978459.66278
"fb76da6072bea5801e407990",424993413.242489
"9050b1061469970ce28742a7",438138043.363144
"96f5db1dd0f36d1087172fcf",657957738.732054
"38cccc333e2c38bd608e1880",628631687.884034
"efede59a47d17737f90f4bcb",829982210.538809
"bca5301e6460eb859b7ef34a",619509238.271719
"a23a13e43f3e08ab82c6ef82",473100871.804992
"8437a42a8e7ebca46eb088cd",663072634.086939
"6e3cbc252c449fd4b758b97b",442008367.442221
"6cc6b0672aaccb8909f3a751",550082005.857716
"c60c2efec3c12959d86fe3c8",616791582.32551
"d0e45d520227ef8a1f53ba28",660355295.212475
"e45293f1e6ceb2fe79f6e0d5",609711560.409138
"4202dc3f8255586e1ccfff46",638596966.586837
"1d04d5450762d664fcfab674",700248105.559616
"a3f969063f78dbd95e6ee795",624289515.809206
"2e3fc1d628f6727880d3d4e6",442008367.442221
"22ea31eadbd3a54216443137",441667900.757224
"6490a1eff73727bf62458b0c",647703925.223914
"49721aafec7123f6ff4d8010",679079252.279305
"bce608b4629b6c8512ea2fde",708374040.966772
"a7ba3ccc4831ae7e539f0cfa",431588938.246144
"959b2293af0ee4f7c9fea7c0",618693276.611399
"bbbf74a3abf9cd8718384a65",471618802.227894
"680a71ef7ec15bd919c06320",741021438.993335
"0bcdef6d56052acd2afad93d",449757511.191217
"1bb885a07f57936b919629b9",475134657.085565
"8a222af682e2d7796643ccf7",678279264.995075
"3370a48ec22302456c41ded9",467555190.420975
"46fb04e7578da5741f6da4b8",447254449.719995
"e9da7f2549d914aab6a30e10",625004367.425238
"10d0506d84d778da572ec635",755710285.257151
"966e8fc9af08e76f8b276245",435003800.55713
"0da2a849e0f83b17b006e50b",629208681.039528
"f7101a05db93cbefd6a3b31f",429912072.342243
"b74fd7f7db38ec233c6ad71f",457287384.497186
"0d63e52a47fa884e36f10810",627882747.007258
"77fa49bcb52539888d481ab1",727439026.383946
"6f412fbb33519fdd31e741c4",532634306.268014
"6615da422a3864d415b28fe9",616168385.983466
"f258fdece395f0c4f4da6a96",611367495.079075
"c54c645c340f59dd5f47bea4",430861029.119973
"bdd287e9de82903f210878d6",639852767.599536
"e110abe74ba0ad062c9b575f",649200482.112821
"47e5ea8cb7f5ab6703803690",671309851.142277
"e71c6f7437c633e2d9da643e",715739169.565347
"783161faf2e3501c38c0aaaa",456058355.736637
"5fc3de15eb0cd87be5ed2e6f",482622462.348942
"4066155e224520530ce985eb",600733035.820557
"7745863791b5cc6d49f84c8b",451901209.841775
"aa7551be1b8d6278d38fbb00",672392680.038862
"d654c9bbda61c4c0ee1ae2cc",613536765.435971
"d224080523a2bf2e81698d15",452955720.595804
"5f8d0a2ab1f9136de446528a",628680849.617672
"405fec98d5a3c8981173311c",654521890.160888
"2a9e77fd00aaaf773d130914",450094770.41717
"279b76adc4bc9f8dd86759b1",542777112.855553
"f815ec1a63e980717c9c3290",649886836.089376
"a8fc825e34bd9bd56ec5331f",655096406.81773
"248ed6abe6e528dedde951a3",452344460.724348
"2bce6544d58b6970192a1838",537825389.109361
"352a76b301243d22d1b31f79",700001059.954021
"bb9991da696d6e1f13a32d0f",595474018.836733
"8e88e6cc55ca769e472aadfe",608562504.267588
"339ca7bc687766f517ab3274",526799565.865327
"93375efb2e74f4913d21d94f",643625186.253717
"17d7e6d321bb7394546e6b7b",589834504.29499
"0f601f5ee798174ea9d52caf",650417584.705779
"8ec8cac469f2448654312aaf",748910255.316764
"affb62139f02e524692ebc5b",493299157.3596
"c01199a4b2fbf0f6cbdf2a65",731485028.079361
"4d1f49443787c874ba19f968",740836308.526954
"035c61042b7dbc7ef888d1a7",847282484.018701
"0fc7d98f75bc1c0b782a328e",795480780.260839
"b1924a5697dfe829b5b8ad76",573925819.533353
"d0100c18dba3c334327b29e1",731803202.166159
"add1a20e8bba47aad2edec69",787286081.4391
"fe8a78de9ba7b59a112e0046",541280117.052557
"b319d049a3a8e4a095940106",740199304.60894
"303dc73dc1130de9aa2f70f3",752214345.801721
"e471b2ef30c388893119a010",803687192.887982
"9309d812688d0d2bdd33d830",736628984.080689
"fdb192e57e3e48f70a492b87",690275951.285828
"c514c9a35632e5a9c0476a31",734921072.003619
"3bee8a9981a1e9e13a05cafd",720195227.618708
"9c942287410db3d0739e182e",521902014.990287
"f59b9c03bcd4e0e06d23fb47",583267468.004663
"4c11f4ebc622483532c24a06",733744544.166168
"1f53612f7029a21e2e9f74e1",727045088.816601
"1f4b6eaf52fb940e666c1c93",762694245.799757
"dc65f0bafddf39c6c4b2c9f2",536179419.359938
"344823ba2777540ffa2a8fbc",641230885.927399
"8cef9b18f20e9c5a32e7ccc9",811502945.677459
"413d6e4fb772beff60f73e2b",750262772.730629
"15d3ae51558bfeef80b9e97b",741066668.732936
"b81c26f2ea6b66c8315d1146",809386745.491281
"c3786f81345d39fd8b353da3",760857689.63824
"6c568d2287dcf12b2aacd388",753709388.690911
"e6482f3b6184515453d16bf2",814155590.107703
"32c7b848ef60432d98f415c5",720593700.193336
"1689c3e3982382e27a4ae074",766180433.756764
"3d0cc51b7a2392f3be3b1666",774285398.561798
"1dbec7879e793ba9685741b4",720787519.95539
"82ff2a63a863c089ea90bb5d",651425710.530162
"3d9856c3ee0a4b5a833c69ab",683923813.890096
"6f293451319bae38c71b8266",724200939.446489
"dfc817b569fd71d2dd47e980",766670150.218099
"c34d46d83e76f54d53cadcb2",745148670.814627
"e08ed8c82d05dc3cad8cd2c1",750069610.889552
"e21f2a8d9c641e45d442686a",802761847.359384
"f1793973b462cdbffb1ad648",781861451.135398
"b15bcd6248958d98867ea585",787128426.178301
"e640424f3b7d1db403c36ba0",776379419.450697
"658c0b009a09339a3f312145",738608485.684992
"f01fa45466e2730f935a4128",745272330.546321
"b4d69c7bc93efb3790eb1422",783975961.126085
"c2242a77d30c0abbed667ce4",775418957.816782
"39542105a7c46ded0cc373a7",820336094.564989
"13f42390057bd294cd787822",755433586.553246
"183d99d88d1e7d995180918c",772624269.929055
"60dd7dc49139e7816dd8b143",667287341.512177
"6d2ec752890a2f1c4094044d",795603687.748377
"0e776964ba3733f3ac18a7a0",765661821.867907
"92369f73435d1ac3fa95f185",722794757.966555
"8db285eda04ca37b86dc9724",800729530.293373
"a7b14faa46e7b73ee4e95ee6",762433894.681198
"010e676743f6afc01fd0838b",784939535.96767
"987199d3a23c08ca887b301d",764805056.155595
"4fd8643e1c43ce9a0c18a19e",768709852.715478
"4d0985935e1432b3916d45be",696938279.197379
"4623317e8c9044e314ccc4e8",719522447.000791
"ef8430c4d15e5887b8103bc3",793229325.300571
"cd6ecb0f77acd93cc1c9038e",794107330.487095
"b0962bfdb6a2c79a0ca84e48",698067772.795682
"7bf592c5c34bfe6a5df3dd40",731157230.26122
"9337becb0628955b47e45b98",784939535.96767
"9ed0bcdb62b2223d716d40d3",752563067.215159
"4255eae670033d9c9e9a6e3c",731892539.064316
"c5346c37454ac2b13b92240e",812351593.94587
"94fd4bb5f41087921ca12b58",545601391.939068
"ded674ba9c7b76cda404bac6",738322557.914277
"ce25e9fd3bce9b75050aef5d",788670297.224601
"4e7d3cbe3c62123fa7e2d969",780880802.838905
"dcf5b42ecb23800a458562e9",775120258.516183
"0d53bfcecf0397ca27e5f78c",765710016.057584
"f4ecb15ef992a677e8b4fee7",446550368.540209
"46eeb8f186f86f7859274d4d",772600691.667313
"b5a7d4288dc7a7868678b9e4",745468522.559624
"34f99327fe595ba6e32d89a1",557819192.842704
"9a53016fdce3d3b5c2baf3fa",803533916.339181
"26be10d0ce8b763e9b457e76",765271998.601657
"2e111ff939191cc6df2c59bd",711436868.358484
"ddcce0b9776593e3ef3ce21b",785155155.659683
"937c0b6350beb0f51e53ff8c",544333272.422209
"f50941445773dd62e87e0416",803687192.887982
"93a1aefcc4ccafe4866bfc76",676213765.996672
"70c0a72b31dbc1b97c102c13",784939535.96767
"8aa9e1e89993aa49c5c3eced",663814168.878494
"2a5ecebe40fc09b45d6ee5fc",613880909.100195
"5f798656baebb094a3c83793",849152714.020571
"596b6f435f76058493a16cd6",842700451.136436
"1c510a71734e955f75187106",774916262.774622
"07de14db9dcc2d4f9eac0dd2",854475234.276582
"29503210dfd57bfef8f16802",851320923.116298
"89575a90c7b9b960c8f4e052",846645994.351697
"bb5a6045d18e19613325dffd",844323802.182252
"f984d34c8f27e3cdb7c2a44a",811388415.151772
"90822d4e3a369948cdc4d998",748199233.445819
"5b9a21a42d5f50ed4b10581c",864859233.905697
"1be01d052c6a65c5ed286bf4",832558682.619621
"b73d317e1e8ddc3d5d0743ef",812108368.645824
"bcd302e3b5342ecd8cc056bd",828806825.971684
"eb8956f0c4a885619bf1ff79",840656810.293031
"d5b950c5510c19ccb926e7c8",811919415.829041
"1e37ea0918a00bcfaded3453",681903553.363746
"1d55f4694f3e000ee3ce47b3",831573131.037799
"cdc3e114698984145df842c7",853659103.411427
"9c611e246a612ac6906abe8e",788865876.468766
"c0c820463dfec602a6118ed6",813339185.593187
"6302d4fff078a118c3211794",729699962.388734
"c98807fc596bb2f505b4da9b",807745826.315311
"cdde8657b5a215915a04126d",804615139.744739
"3b2fa7905fd8fcb3e11ebcf2",813339185.593187
"59764968800501c68631aea3",812269477.898265
"9eab02171cb5f15963670172",876717857.6523
"61f84e5a07f37865c31d4a07",862473925.806524
"1494f223c9d3ffba26e42738",746980077.154575
"ba137cbd10757ad20e5991c4",858895187.345884
"d2fb81a477ef3690cb11c93f",886304817.690074
"ec4f7794cb756b995d5d207f",803183023.153285
"ea4add08aa912717cd42f9f7",808642984.166623
"f11d7627e2f18c9a75595501",870685319.836895
"8095589d5e1a55a76281e13b",858680608.309114
"f5add08cb615eb18b3153bf2",845463137.037323
"1894346a27970572aa703cd2",851699344.628762
"805a491334f865f06ff42329",838811691.831386
"062d5544f5c96db90fa3a526",824246097.922722
"332201e2583141f3a02dcca4",822411900.166601
"4baf1bfced8e85013eca94b9",813339185.593187
"8bc002e1f02beb4d83a6f6ae",734658991.363841
"adebafcf3eb0d34ae31718ef",795157669.694528
"60b5b0aa0c1319557cd0cc85",933271981.894328
"3393fece8a6ed311ad865e66",846494212.145176
"df4a1968046eed5326119599",910768119.83129
"b044b9a587b2c6ca00447177",792350779.590325
"005ab848b35907e42aa0f4f2",861153971.000604
"140a0002732574ecc516e9a8",869294764.454917
"bd850d1ccfc4b21a72f3ec44",856235580.038013
"c6dc8c201ce38ff2ea49cd68",863627869.038036
"572ae40f693551547e13a196",936158377.679733
"b39d1b2637dd8e307c8ba13f",875479627.78572
"2ad02d6d56b95ff3382b53b6",908034478.458132
"5201393754f4a5f2a476ef0e",897916138.107142
"72a66bc6d15390eb05a5c688",713347312.004945
"1f1f3e47f3593e4b2824e628",627863585.838851
"bb7e14611ea6b5e4abb5b89c",691815450.654327
"b82f8abc8001cd6731c4ef45",535626434.249319
"6228854021e72af611d2e59a",555767413.20222
"6d21e1de9c880bfbb17350cd",754605537.456876
"7cfa0c98191ef9b7c45f0520",407384409.096695
"a739d80c3fb6b166a2c2182b",414196178.540484
"36f85981124e858c157f83df",539198661.409297
"3d6d51ca99f2747d6b92dd19",558625189.022519
"092b7b5bafe25bf485de37a4",769801478.156153
"f2e0163fa07f89820739dfcf",768119202.082058
"ba47346e7a53412e78363ac4",796652967.141823
"f86e80b2a831572b85b04e55",511408408.031441
"199a6f7df516a685f086dfa2",632307798.235767
"81f6d6790aca5e9270c3d1a1",413246089.988496
"74f099ca0d949c8042569d51",456488270.210997
"4df3717406f9852284576caa",448546153.490933
"5246f7d8023a4c178af6d10c",630282503.86828
"69d9908e13bf7c8ac4c30531",477028854.993975
"e336d9d892441c7ad886a98d",447934009.309867
"f82e1c70884ee1285e1bc491",433477340.772382
"0ffbcf7d58378c85b4103c7a",644791250.386918
"3679e1844a35c0c87fffefeb",442452041.659603
"955a15a734e56eb287555307",437211417.5976
"722f262a44b2bb6fc05ec35a",447553123.959303
"48c346042d9cb826a3714466",456488270.210997
"bc4b7bbf5df92f476b6be103",489314657.389979
"667685f89a61aa2ad5c9ac7d",406698874.267273
"8be5fca8f4339712c6f3e29e",611198435.269609
"09a5fd22f920267b464e2a00",759041481.033051
"f6d2d31af94a6a73912dd9f5",871299995.873789
"0e9a5ea81f6d91038d8711d9",546073011.043249
"8b2d8edfa6788ddc0c7b3eba",771859816.827355
"2f48a73bfcc91272161afd39",767047518.334956
"a78417c74b8c99279912e427",764543984.496871
"4d69f7c7e0e837879abbdf78",558861778.552601
"926a7b18e48cdbf6ac3b396b",626128336.20744
"a06733f7b3ba964c20ae2698",734125308.737391
"02d598a32d864c289e3ba6b0",726931385.975138
"3977cf1326ff502251f78f66",758219600.492189
"c3cdfd0733404ec885eb3edd",781062532.237651
"a28bb09e30bca82627e595c2",671089654.692108
"0a2f8c8ca6094e6626d4e8b1",752385098.644739
"ac9baabfd96d58e376149a7e",774235187.895217
"700a052900adbfa149dd5b6c",857726299.680796
"4b30968cdae59b4ef3298f19",831365377.910187
"c673d94552bc3e451672939f",840509308.078129
"75392e8381e1c891377fcb29",829572297.848712
"a55d7074220aa6a750297c08",789567351.455594
"81eea19e7c12d65d21e23648",847259859.437548
"69df7bc1d82d9723c70eca70",830954782.099595
"815cfcc4d26738f74cbb67ae",680762557.798341
"5ea150753f8d07c71af45cd9",815289981.009979
"f851b02d18e74610a900bf14",841857028.625358
"76b9af8036e38d5d30ac4c7a",1166842583.49533
"4ec5ab39cae4afc3b0e69438",814262745.778836
"c74020c85c9fcb2a2cb3ac74",564095402.064291
"6d6ad5e3ebaba1c11dec0f16",696995441.625245
"acbe4eb98668ff4967a8cb86",625996983.034555
"16a40e3dbfbb9c703e04028e",555390166.266287
"ee5fa0932e098cba28d950b1",661348549.333723
"5f9fa56b99677a489a9966bf",691815450.654327
"4045e30cced205e8c5b2373c",450008071.516228
"eb2c7a973d4d6ce8e6ae87a0",782364174.846227
"99c69eeb96e1016a7e53b33f",662685745.532702
"aa7f56d05ed29183b825d61d",422570137.674626
"4630a9af58fb79c0008e5fa1",714140984.176461
"ac003932eba3a174c5b998ee",432555621.773212
"56a7470ed14454665aaef75a",869609850.698797
"a4e4f56336e07304cb946b1c",853003180.648926
"00ce045307538da1b0bb7972",646241632.711594
"cad720be1395e2ab5869807c",422321966.096717
"344be03236aed65e74b14a2f",419982006.798554
"58a86bf535b4c16b50dfca06",406534455.604645
"d52c3915fd7d2ef8c92a22fe",409189538.459897
"8a4b7e86a90a296e10a49ea3",448512788.910075
"e1717a317481b0765a7a6a0d",519647230.317197
"97fc10f5ce4a6fd7357381a6",419982006.798554
"428f4bc76d4cd315ba8f89e9",409050638.894992
"4d882ac2b82569f74aa08824",407175443.227298
"948ba87dfd7993460c967cb4",416887782.45248
"1bee6a5aed5417181a3db77f",420632162.777318
"63cdd73026431f5566fe246e",413151516.28824
"013e2a07f94a99323b64d370",973669804.317957
"ff56b24cf15289dc6d14800f",709899740.781279
"7bdb94165857bcd37206cf18",409683872.495932
"1d1e29d9601aa0eddb4d6c2c",656070488.642657
"a8c9489973c54b93737dfe20",855039325.020648
"254892c6b84c59ff5ac4f354",419148139.415987
"c6e9772058edb2268434d7cf",753498093.08776
"916a413537580440c4ac6028",550401054.587615
"bab8e472424cd57faab87ff2",468979762.505241
"eae5eecfa2fe828afbc94b0a",515904322.512438
"da26059a2cf36e02b8702320",428946387.739775
"e18fecb7e40bbcaf26c863cb",831792041.629404
"a55906464634558b94d9298e",480665712.442212
"3032ae39e739fe46e9e198e5",724601628.317814
"663e062b85f16c2419f8456b",464669380.245594
"aad0e527c4bf6283f76b5bed",791415843.614406
"32fbc0f1934f7325a404a2eb",1201773762.59134
"07d1137c1f0aaecbbad32f7b",719106735.95047
"3058b792e3f6781e438a2e9b",809893264.64297
"33d6b1bbab4524c3aa03756c",423610335.123378
"c75d43b8089321e359e14264",748460434.080181
"29ea1796aede16cab8a50497",427441999.134659
"bed21c41b31a3bf2095aa273",484706424.383619
"ec232a7ee3aeac713516614b",742402188.736368
"bb7c68c2652c7e124d88631c",500735011.874363
"697b6c6f7666391fc689cfb9",757678918.632113
"d912e45dda1a3a628fdf50d6",680087697.726335
"96fa88a07329d3988b6b41b3",732303070.58321
"66019487c37339e9354ca999",566425277.75315
"fd2dcbcb8a31e97f31d22a53",1247563152.82109
"1a309175498997e1b8f0aae7",1133919007.42306
"e83119808dd08ca090f5ed85",551006075.533296
"1a26960e24de046588ca7837",823991453.069954
"379c4fce87557848548b0944",407117976.994048
"b2d7355eb2aa975900776275",715832006.746298
"3b05e06aa0bc40b9db16416e",409275398.848437
"4a5405b1e181f5b10fec35a6",731771099.382068
"aff22625564f00844ea2610b",744212649.981437
"b40addfc0da42b0e530503f0",626472373.258884
"9200d647b6ce9aea67ff8ac7",652516291.345476
"3057660e38fb757dbc8bd898",781609465.029914
"799be2171dae4763df530e4d",672101618.445817
"819265a930d32a97533d132d",1174084732.8357
"9ba689b29d0696fb7ebc44d5",863257319.682054
"0f7e28b6efb9d550ba28a1e0",685522364.07674
"57551742fefae23bb32571f4",640519465.269485
"9569a50febeb4163e28c192c",765838548.727972
"1d03efada56f8a70bdae6aea",671226628.875995
"bfa56d6230b858591743473e",801348313.762171
"ca54914a1cf1028b9c8b681f",522189779.082586
"54304b6117b797791d266cc0",733918103.514717
"166ae8e3d0704209d6715240",717401135.727099
"b56659e70367566a4ddb81b2",759488969.718372
"2641f220611056a1f5616dae",899651002.706073
"08a82bb9fbe4b7abb50cece1",652067154.034327
"b40a9888ec0379fbf85516a3",1054421875.77454
"d35462df6c686296a3c7bb23",784752414.106374
"db244703ce223e6acacbe85d",794660366.400507
"a90df94f959030227fa015b0",433960456.561094
"d97d462ac4f5d9cbbf04e9ca",741427191.8872
"7fe6ac57e87b8126ac4f8530",948486136.810041
"69c28dce8eeaa86605143419",1069940374.55787
"2bd6682ad8343b69fae1a59e",828040481.055718
"2e6fb29cbc1ccc3d97c92c72",786339123.484266
"9eabba4531191127ee91621b",878503918.928934
"d0c411218ffa7c3ebc10783e",748049405.38705
"0c61a011d7fe0227be2b3575",671585198.309851
"2c47c3ef9e139d8c4513a090",687836667.58157
"f6503aab62a68ca16eba3fec",1228013001.04336
"e7dc05756684b070b36d681f",762925581.964952
"17484950b143d0395907ae6d",725117323.075335
"3d997123b33373024bd2cbe1",821993183.594912
"ddba305c2a3ad29db24a0658",1234061481.17948
"b65efc402cfddc0aed4e1d76",803156980.424806
"4a7ecb05c9886bc35f6b9160",683939467.843057
"b4e14604b888c994b64f94ba",797218419.842518
"ab37764e5f4e00097eac947a",935428360.07784
"764da64c41700da5ee80b8c7",773426359.111662
"8a84a073b855e37a12327357",759859904.494746
"5a6878f8a47f1fa2fc1d600d",1258878895.35257
"505f3d545ce83d0c848f828d",1223255762.96806
"6687a2299f38c15598d11eef",1138083497.09597
"533134592237b2748915eed8",868948301.446072
"daae80933675e767b50bdd17",1146690229.97314
"945f85a061dc4e95e779e27e",979425272.99124
"62dc69d80cd6ea9fb7fe52db",800167691.996849
"153436858070f7e724f0cbc1",1012960544.38767
"7f9875a5336a32d73df2402c",972771369.239244
"ac11141115d391be44e6426c",621759575.328332
"f8243b7b679dfe8303180d73",1221949882.39172
"1376106ebc19c929df27bb62",618608317.853367
"f591597c9a1ddd9852eb3cfd",973669804.317957
"a748841236a7a7fb33138845",419866671.13489
"6ef43ab43841696400d91859",602266935.213285
"601310d800d88f0d387235e4",831324150.638407
"db81ec58863dcc5d12839883",630738290.440003
"68d35dadc6d0dea61bf4b513",406875000.047936
"ba9be0b67571b1e9242664e1",601285568.900342
"1690af2e30b05da545f1576f",1050900212.58674
"fc72ebf9381496067101da61",438857319.64171
"3a2e95f5eddda4df84b2e2b3",530153132.824989
"a660d5809085b4823e287a5e",459782572.381182
"799301c01a3e7fc2af5a14a9",574755088.271281
"824cad597aae34d7d59ac939",586333746.818419
"23cfc154896b93bce4356ae6",410196015.876131
"a9b96d2a23ed155043085e87",931429644.994697
"f5d529ff6a35fa78ab14de21",544740412.07106
"9b337cb1451a8fb078dc9a07",691413110.052294
"cd1fc7362660bce494b5117a",431321484.214848
"26454cbe44a07cd0df12ca07",767766201.082946
"cc5563550bebb29c83ae3054",1101869757.19308
"109bb36f29b223a81dbfa340",863196400.122951
"31081c78ce92e1d8dbb315b9",623399479.026146
"502aca1a1097438b32eb362e",1018398405.78511
"4c90ce573f1d61d11294d05c",1105792095.39628
"87f1e9ca16a7ea48de04fa73",1029599454.26881
"224f6e839dcbd91491f3f1ac",419309661.779408
"8ee7d2e0692e49bf9d308b4b",878651385.27034
"a3ff6a1fe37a1bb736b1100d",651885596.283324
"97d49e61c1ef55451e52c8e7",694523139.770747
"b6514cdb1e2cf37e3ff8090e",1130334472.17131
