"property_id","price"
"d56159653f5d2abc5ed5acd7",789134619.73
"45550aa81c0151f1fd9fd8fe",682077716.055556
"735deef3382aa15930482f3e",595381052.992222
"0dd49fa8bb7be52b851c6dc9",812993800.765111
"7d3220a91e78f8bc2924d1cd",785666184.618222
"d3054072b2175deec2c1f8dc",498099537.703111
"b7574b06d593fca4eac59815",498713815.483111
"79e822115c5c1a4531366001",433508038.624111
"d3ed5316a463d38c1bd321d0",950541969.860444
"2f1880c9b8f7ac2715e1236d",763799467.777778
"dcca1c7f109175760ff531c6",575469901.979556
"dfc4f3facf91bbd93ee0fa4d",556124790.118667
"30e134a6cbe61d7954d0f56b",441266199.282444
"385fee7bd9ad7722d45dd034",436185470.725111
"87199c236bf22903d1aafdd0",412631029.045333
"19e19ad0cd6b5e84d8aa970e",407019840.241333
"907f968e78d748fde69dd44f",702711994.064445
"be094e5db0f784e3aa013aae",459319021.53
"7ab96f83915bc84f8c03c1bd",429326329.709445
"07f4aa9b9ff5b0b05d31e6c0",788827266.873333
"e9be8cd37abed8ab510ba1f5",734489976.851556
"5f6ad58df27b562db077b5ce",694074150.222222
"ee96d947484aaace40f9b77f",737797464.32
"15c4aef8401208054697b81e",838545117.843333
"22d6cb11333f2839b8112b89",949325981.248
"288c09c33907dadbae495c11",951393448.335555
"f71d2bca0c5fe2720a1544c4",476329357.206667
"451744cf3ce55a98db8a3562",447202048.170889
"fba9ae05a6a8a9e0c6268a9f",463400510.426
"1338e58f7dcebf5a1ea59388",472056005.520555
"a817e8da0ada143ac87277ee",408058782.933333
"46d8bb3e9a0ca584d3c7a317",515501661.373778
"b2506aa9463aebf01e1e00ca",491280034.879445
"7ec025b9b6e6f33bf65af41b",457388904.759333
"2ff531e27672ecd2362eed55",717569272.462222
"9b3cf0d1b91b9c6a2a887647",574537593.162222
"7db5291ce4602d9b2b266872",493399766.348889
"65d5918e826c33bb950fc008",582620655.568889
"395c34e4b8f52cbdb0522459",596782364.042222
"855f4b67d2bd6d18fd03d8e7",613088450.463555
"9ff06409b37e5b5dece4604a",536886757.641778
"0508cd7bd2c77ebb6fea1e56",565614409.902222
"b45fff2e718e54772d46a3fd",618012178.837222
"cf4d2297b73dbc357d21e31b",592399059.321778
"0ada7044c5b29925abc90879",552584416.047111
"6305f02255274ab5fb6bd39c",686454273.104
"d9a94194ae1350512beff3e6",678932923.888889
"e3896296cb80d50d9ad3f903",699658115.162778
"6514f355887c64136edb5595",844059643.555556
"f03400cc18e12903b3ffbe5a",737848144.444444
"4e134600155a64783b3f8c3e",796034945.672222
"d63ebc63c82fbf66d8b6ffd3",715570639.354111
"1bd64811bd59706844230198",692799292.222222
"a83921284639eedd4a511cb6",743057440.162778
"a2f3f7a1cd573e2a33f52e2d",786998895.484444
"47344a66471fa51f61c64652",732547812.866222
"78fd849c9429091347d7e5c9",714937725.786667
"c3daf2abea55af99c9579319",672300044.200889
"52864916eb1984abca41ec66",857480024
"c62494a9d7aede44f2f84023",872924555.555555
"a2b576643f7a032371587e5e",912973903.548
"e53bc68f0e97ccead24f3e56",501410706.125556
"fd82c710aad91bc90af490fe",555282461.981111
"d436abc2ee37ba3dd561e940",712538890.608889
"216a598114a403676011cb51",636482190.124444
"ea230d5eccd2b687888173bb",667913449.634444
"18bd0dd7580f2a7cb19a90b9",373269044.962667
"b143c8ca6d334f6a73c3f2a0",398271800.346333
"ab388cb4fa511968783bafee",514478055.192
"6a4f08cd04d558a56af732d9",484614310.477222
"7216c895aa047c4f405c4941",626195248.46
"a493488dcd906dc74cf8a604",709127229.483333
"7844b0b2bc65dced90a355c6",661152500
"c1976383069b6b82ab29d092",467944609.583445
"e5cfd99e2308b7b73581dbdc",516863850.028445
"c18c2ea88f4ac53970b53d2c",479161207.321778
"842c9f0e4edf1e5a672ce15e",793372715.865556
"7dd1e46dcbddc6bf5ef694de",485900946.791889
"6cc4f32b39180bd1ec7e117b",765167682.285556
"79e643789a85dc4ffad49a25",790123997.777778
"b3402a9173d289d6db78e09d",760188379.36508
"a446507813234e358db8b573",574781767.880444
"c8ef57ddfb35061d1876f94e",699054476.244
"360be0df2c003005e3db080e",974308242.222222
"9ab245a4c91877cb7a8661ce",1107776583.22222
"a57a34c7486e7a40e8deb316",673191044.131111
"ceba7d0f56f6cb03538962fb",683304155.411667
"d5475993f9db58c3e4baf7a3",871333433.496889
"d37a1dda09e30da13ff5bfc3",687811150.553
"68a8b8d077a8232723bf37e9",690751088
"e1eea7716ca6490b7640717a",679208051.069445
"4ae6d75b10848d259ecba576",671168118.310556
"17afbce5c0b56732abbea936",711038923.205555
"84a2673eccd3cf3bd7fd3eb0",857568912.883555
"f2f4e6cbafe527b155707f01",894786708.791111
"de2e3a592cda5b76c9573c5c",830371254.015555
"fac651cf404a58f24dc7d286",1244069607.77778
"e6f312a0877af26b69855a3d",1285090942.77778
"333a643c623a9bc75f3a40f2",908555547.098667
"64593641e470908ef23b46cb",893753451.710667
"ce9f2f0071be658ae75ca6f9",932061365.668889
"9ab385e399a4673732b6a799",784848798.846667
"3429c774b736cefc051e2c55",603127006.523333
"a51ad0372758b2bbfe73f8fd",585120339.108444
"8c801a266256e3fbabe7e3d2",638452379.048889
"ca2f81b8fb6fda20aefb0ccb",666248296.611111
"3c1b1f86087f9b99380e387c",784861234.222222
"b0cad5d612954b8cab18101c",808258322.516445
"7eb991f4c69215377e4dac8f",781123000.888889
"0d130b8bea4321300396fa34",935727948.888889
"8dfa059401e1dca80ae65ae1",799644519.161778
"3e3f264cd0ac7a65ed2349a2",857939827.025778
"112dce80bf512f3f24391d23",474485710.663111
"ff25ded6333278149f8fb68f",822852560.336222
"d555b82c192794e87e9d536f",790240591.695111
"a787382d96ef9fce8f27bc70",939435380
"8c3aa295f7bcfd9a43eb2037",898702438.359111
"13ac95652fb3cf6c43dafc66",414336151.078444
"42fc6a80b882c32f6264ac10",453827262.385333
"1e9c53e09220d689a0210ab9",454617596.888889
"3348706086aa3db5c92259c3",523581154.888889
"66d402a9b7d05f29282ddb00",572148381.640778
"cf88be51d6f31c10e5868ff7",491551986.385111
"30b3f38716be209a894b0942",472551200.958667
"0a5908a92d0ba3e36f54b1f3",512987790.746889
"dd206b6ea2d7f6555109ea39",512376815.722222
"c641febd8bc2ece3e4d2d8b6",590073962.891667
"c11fdc02a288af0572a2bca1",784276226.227111
"35dc60a65969b264ab283d6d",549354278.377555
"d9cb0f637cd4feaaaf8a21c0",708717914.211111
"7e8dfae9a5f1faf8afa706f7",467808620.462889
"a280fe7610c254b935c9dcfc",458909175.779555
"85524880fdc4e4daf90e96fd",549642426.292667
"f361109d06f6609c16724b39",580558988.902222
"3f6b2f0c0876c21755369cb6",688649939.770667
"de26819064a290ce78d8fcc1",622341379.505111
"91be1260a84ab7fa3521c495",736710656.308444
"18c8dc4549d38c918af2972e",764211654.937222
"782b0fb8641849c2c34291e6",529591207.046667
"54933f8b33a4fd6f031ed5be",747007074.217778
"953176c9a901b4f61c030432",653190543.103556
"357e2add3d68167a4f3ce15e",696847218.888889
"90332d50e91925eb9b614bef",710828893.123333
"11723d1d472bf1a3fdd8b72c",873586077.68
"01f8b6799e2910f7769db175",731504933.331667
"a0d5001f7dd42d7f0c91d2a9",495892879.517667
"d4439c35bcb88e1490916c67",633768170.084556
"4a73dad0ff8a5262e8b07c4b",868065979.324
"3dd8085a65f24b497ea59557",850551766.694
"39ef085809bc80e32e7b6af6",882508428.483333
"b98ee16e8fd7d1c75a9da13c",917816456.444444
"16deb26bf740fa61e258f545",759395193.912
"732a3bd457d7798e1fd892f6",752330352.222222
"1376058cb128a1c7729cd2e9",819926516.232222
"cac7e7c3e13af91bdc7107e8",891643476.419556
"9f3dfa6e1422f6aeac527c61",604521106.666667
"4dd3d1288ccb66ee4fb9c097",951670213.333333
"15fb97d6a43731d61e95d004",721939671.555555
"dac29573163315edf99e0e7a",590162264.833333
"b93f2864087d41c3c92d43c3",726190763.111111
"cd4656aed92f5c0a0b6b7c0c",726224096.444444
"556210496090b42ac10cf1b8",912973903.548
"762979729fb21e56a32ed14e",912973903.548
"ea935b76abe664d5e2c4736f",582620655.568889
"40e9ef1e7c6749b7a8d04ea9",606565660.826667
"058265732a484ac8d5497f5c",500405989.777778
"6f52ea8340cdd283f9a79720",598842168.783556
"cafe7c1ee67458e05c84d5fb",686454273.104
"3f45ed2f08a2b03b738fbb5e",582082805.664333
"f203b18854b75c4564d7a17d",702574677.174667
"d5333f639d11bc3ab073ed72",487256049.988444
"c14f644116669a160446a945",518165653.370556
"de585856ff546e00a5a4672e",447210091.107
"7a80663cae7c191b5d025fa0",484994920.318222
"71f80198e68fbba902650b1a",461575344.160889
"f3523e0626df8cea803ead0f",426833217.693222
"619abd5f978b1573761be86d",470898511.793778
"17a2323b855e93533a9f09f2",599486307.837778
"38e8630f2c05ea38e2257c21",551167682.248222
"1e3798d739f85ee0e5a314ca",632858575.753333
"46d0544f411bbfb6b452858c",533847254.030222
"605e7a71eecb13b23ffca0c1",508510668.070222
"7515b37b7ae7c62f3dafbe7d",530672439.134667
"28be121ada9c9303be802474",562702805.312222
"331d54f8a1bd3dabce73d6d9",563392821.777778
"22d167639ccaace593dffa31",573176048.575556
"36cd68fc3ffab79fcaa340ab",502216193.413333
"db924733e88c361cdfab874a",630831777.777778
"64eea2e9a13a8edfe8ac7027",803644980.063333
"97fe6eeed892111bfa20255b",836809111.913333
"b54e6757829ac95e2076d954",794943404.214222
"dd59b8122458557041903207",463336247.19
"b35c58fc1c05a77433025318",797313160.272889
"c41964afa164d8b75f8dbe92",805176646.73
"96b3ea80cce599b68f96f86e",659792777.777778
"a4bc87ad4f1ad97c0a63d843",670639255.263111
"16e62269e6aa2ea052d05f71",712534347.407778
"518b37b51f824fa0fb5075d3",837208273
"e083d83369cbc93fb94842a1",706861866.666667
"57deff02895d5286eda10d89",820200609.015556
"7ed35835fbe694bc237abe38",762185524.780667
"b48efa9ddf36e85164354f26",731368824.777778
"5910c9b29a1025bada93a5e1",678530588.596444
"10a650e8cb5425c97f08f68a",776621421.983333
"9e0feca2ec3043ae6f840631",737142752.777778
"35ce37bbecac6b164fa21e6c",632695013.546667
"c4955010d066e013812a85ea",863576666.666667
"d5a83c31bec18d1c3eb9af7d",713545125.185556
"70217bd08583854329722821",619912384.41
"28e748e7aa0a447731e06706",794576654.618889
"27929c0a3e0fd2d6d2969e03",719658055.555556
"5c5ea0d8bae75e0a5c88414f",809520812.012222
"2233f50cf7b04791cf1ddeaa",833064652.354667
"bf430621f17dcaf17fb91ac7",797093650.447333
"d8dc9de06461e0220bc55906",531603777.394667
"d988975f8c4e6ee8fd8dc1e1",769632777.777778
"bab884e0f99df269805e83a4",693548666.666667
"8fa9b20af1508af7a01e2267",778009133.335556
"b6f195d44ddbe10b78b97191",521719411.809778
"2ab0eeac4a228d5769fb4365",479612364.736667
"347a4deda03bfdde6d1c163d",512525913.766556
"17230f18b30b94606fea047d",466717707.872222
"eab4ae491bbbe7b8ab107229",662649174.607222
"07c753474a847bf2bccd55b7",665197648
"b7ce05400f0261743073e072",628073506.031111
"4a33d213841d2af537aa967a",664212622.222222
"04eb0b590ce7483c615b043b",752654986.666667
"a01a51af09a3dc387a18b58c",559783390.111111
"270b930a9e22d5016ffa4019",902423127.777778
"5ed1320fe84a518e267ff537",839674793.888889
"f04b574dc221473cfd616e22",566562390.529444
"6f7e390aa6135019dc5a828f",615267584.888889
"776d4a19fb3852fe6dcd3ddb",469873803.582222
"b7f164b79658952248866c34",530272563.413778
"aafeff5826516e363471e439",501685122.462222
"eba6a2b80a17a846ae560ece",397167548.696111
"90e62f8656ae504bf6175e0d",514702057.559556
"dc4331d09a1e36baaa6bde53",560348100.851111
"372d67ccb9d251e290891f0a",409453960.448667
"a7801c67a0ddd71c50ba38d3",423811843.453
"e4d6b81f169cab8ea0244d75",495477202.918333
"cd5c6655243a4be0912bc92a",673191044.131111
"f7a7281a19733251134364fc",889522377.996667
"a716ec25a219961fbe90f367",894786708.791111
"8bd45966c16d4eafb49ee2a2",845898765.68
"baabbdaa5e8f69fc90d303c1",913626033.219778
"8bed46960db1b2a7954ffbcb",881630888.888889
"dbc123f9502159d660f375ca",873526502.104444
"a4683facc81ccda10e9ae388",932061365.668889
"3a576586fa1aac85c2ffb75b",903594278.222222
"b1fb98d0ba25b21c6647d423",931484240.190222
"97fa4be3ed93c37c048f507c",479501709.897778
"cf184cc576effe39c0f857b8",474234544.277778
"784f67fcb2d009d352740ed1",453981186.355333
"f4d6ce332121f814aa663fca",601584238.333333
"c87ae84ef029febca1e633e8",587101141.388889
"e876c6fd9c161861fb92ad5a",878755490.222222
"9047c4764f2c6b1a10b87e99",769393725.158556
"234c94e9a248ae57bb5a0771",491150089.83
"a49c2976ca4f24f3a6b622e3",481296437.138444
"ffc171cf73514bed077339a6",464584190.044445
"fba83f5feea2522888377066",514887623.398333
"1a593800d5785ecc36c25ead",706911428.281111
"ab157c9601861dc387a91b82",716462988.213778
"f87f8003f15b0fbc12609514",532672731.111111
"f44d035ea2b15b2c69d4da50",772522806.172222
"fc815b59cce7934f816f0502",707924154.537778
"32915b77ca68000ba9eed6d8",488823258.666667
"cb083fa7ff634f424a351840",609517078.433333
"4f3c7b9bc78f882f858b3d3a",464683384.444444
"53d33316e237830ad463a26b",540228137.084444
"f5d852e25d51377686c43bc8",608207465.555555
"64731b6eaf4fd2bb6c155013",741126051.968889
"dad7e45e4706ab2564ef9cf1",526584978.741111
"255914e9b13ad94efa6ed365",725546160.126667
"5a8950a64b4aea4ac13dad45",887811998.22
"70f51b4abf26651111305b1b",828632205.152
"8919ca18fff7571002e440ec",874513386.837778
"f776a4e0c8c82b3d29756b34",912873903.548
"7ea4af39a7e577ffbd600f0d",649675920.277778
"45fc0d46c7a4df7ff6976fce",859071362.667111
"7cdcecc706fc7c79cce45b20",774066736.939555
"3503f56e09e639be4762ff2d",782729444.488889
"f70ac0d227db6f5333aa821e",722463612.666667
"20db610da64f80afc1621b12",424354004.193889
"c80ef212c870e2f20ed2234a",732383561.276667
"7dc68d5cac1b7fcdab35586e",475360595.832
"a478fb93a131fee4119bb9f9",894464238.986667
"7749b2b534213ec7b536372b",587024079.654778
"43e59f5312e304fc21c1e052",768662690.882889
"82a7920524816f3db7f5a4ca",725635380.577333
"1a7e331d9ff88ae5efafa8ea",712615863
"a57350d4c79a415137281cb7",489438996.742667
"f3a6132006d54d0e22a17e84",785633014.333333
"14caab87a129f51b2b70508e",619147479.297222
"ba2423d79744d763aa3744f8",703407675.405
"1caac10c1121a795a172889b",908695838.333333
"40768729f2697b87ed6519d1",655877056.306667
"843234d3c6c20bb60a17fbee",785675184.888889
"cd2e4dff930a1c7a1a569992",533562374.169445
"5a6eab133b7e95155f6a9012",792785830.111111
"5bba6c40aeb129c433d2c58e",631707932.888889
"ad3c644b506498127c7beef1",638146254.044445
"a379656c49f4cb1cfc5b3f03",652215430.555555
"998c1a6ace613d8a7468ba5c",800878227.894444
"dd610d7ece83bb02dcd7a22f",479928190.515778
"539467d04a2b3e78c592b11b",442858950.327111
"e40fe4ac43cabe82c03dda59",547316836.64
"5561eab714583013b422e7d4",660135833.333333
"d9110b2b5b1c02766da9e24e",716821028.133333
"c72cf05b93b9c290c063b08b",757881521.363333
"d71cc157c0c43935989009f5",682881622.444444
"4199eaa19ddf8ac436bb2ba3",759988379.36508
"d23d12bd86def2657038a481",889522377.996667
"ca438e13d8aa6285858da0aa",855213357.333333
"a173eb804f4bcf6bfe889417",895386708.791111
"9b3677d498c2ccf69c756ec7",912973903.548
"f8c787390e4c6d2e99fc7c3d",455441108.975111
"a188aa896d1b4520ccd6b65f",487253313.713778
"9fa39c9eb4b10a20dda6c3c2",564077538.415111
"7bc9022fa1eadbd9ab39acd9",596382775
"46f0731f62232b32eb733dc3",612886265.777778
"b6767d1e329ff5e28c42f632",556097305
"abde4b06769fcb1d5577fa7f",587151672.441778
"1496d159d31717ce254f67a7",578417911.111111
"1470749d0d2551a93827e441",596817204.888889
"3ac517f74dbf8cdc8feadfe8",593562875
"fc6616c62030a53d2aa46b12",903504894.434667
"8497f34947cb4c0ff18a0eaa",533525076.280444
"3b2936127f5a4684a1d3de22",653048604.444445
"dab58562904cd13a93d913e1",590650985.968222
"69d1e47b6bdc57512f1838a5",695878607.488889
"23c7f9a0534a4ae6a24e38a6",778953339.788889
"640e9fe41fb79ecba89d8951",1060590000.55556
"31f6a25d56f3bb36386d07ae",805986974.667556
"bfb30ae71cdca27f5a5494c6",851420205.222222
"baacf0dbd690644d74f3a929",639250331.111111
"cdcb874d2e62220d12230632",833399477.241778
"1421bdbd9cf7572b799b732c",830361255.746667
"ee9e5adab1455d38edfcaa6e",871584673.615555
"1fae43a9450fae02919962b9",589484809.441111
"5f9ee280509afd55d24f39b7",670708890.805
"82902f2082dd405ab538ff58",569743196.666667
"eae52c81f779a61f57cb5b58",786397666.666667
"4ec0aee1b202642d2739068b",626304953.86
"f4c6c3210a3c2eb935c6d5bb",845022958.524444
"14a14706d405569501327924",495938625.897
"146a5a4f3d111dc7b955ce42",768353271.532222
"99bdce7cdea643b0442976f5",746960094.5
"733c7cdfd50db77066a67140",510447959.023778
"de328410e22767c66d919423",699668678.706333
"d0116b53467b3081664fb268",741477497.586667
"dc722ea5c4d62773f9fb6bbc",498721146.456667
"e84605e3aadd50b064c8eac3",908537472.327556
"31a3719e57ab1425e7267fad",539046337.412222
"34993717af3f861b9735df6e",760270310.082778
"543822711986a454cfd764e3",777391122.555556
"5bbc4ff9cc3ddacb39469e27",840127649.820667
"d7ced905983af0800c19b7fe",759271003.537778
"02d5bac2567ee9e19041ad42",780351546.768
"f4897a8a0a911a2acfb8e8c7",895947819.902222
"4ba19ab08d1fe7f72d0dd37a",771315497.841111
"b7c07f8afe037d55bddb8e41",451051486.076667
"40b20b5a3a986802d64f7675",532412982.444444
"01fb5931cb55f5308382818e",906417528.4
"7cd0c7174b957df1f004fc88",721272105.222222
"ca13bacbf6dc8d1b09fe4c67",660871107.026667
"0ed0dc77661be57aab63bc83",476004518.754444
"d03558acc19951a882bd568b",512705835.258889
"b8cca0d70fb46f3a31473e98",822552614.124444
"f665a58fa8eda69547c1a159",845530577.005333
"8aa5ae4637ba83e672cd3ab9",699113707.432
"a6da1996f66e545041d920d6",696971671.351111
"b828609eff041a68fa243a12",699665086.857778
"3f39a260b81dd7de1dff2b31",593474232.615556
"40fd167916ff071afdc44792",777851262.611111
"6ca31945172976c3a11732c6",756936554.222222
"1437d1f1601d26a3dca7594f",640695285.376444
"ebab054e5f256bf4e382002a",912973903.548
"0838d0df248d723da4e25ea9",634986062.333333
"7a134e45b9ebe710c6c6efe6",765957247.725333
"6e9c7f27d6b89c5f9696fae6",514405610.747556
"bd12c705950c46e679c34bf6",881692444.444445
"fa2c1092f17ce021964f8953",902517258.695111
"e3202b635974f7a3367c0ff9",759988379.36508
"49bdf0f970af03d83a57dcff",758940336.871111
"91af29fa680d8033188ffc39",681041800.992222
"cb626b981c0997d254388e76",442858950.327111
"155a8e4186d1626fdda4d0ee",699034994.884667
"d337476c2cfa780518523a6b",484453654.953778
"7c3ea8523ece273991a190da",616875085.777778
"674c02227165e1c7189c54e4",887924705.555555
"17056748001fd65cb961b384",804297516.735555
"f56bca5bebfc765162c8cae0",871278938.888889
"5f4b0ec9c7452b888b33c3e8",508480968.054889
"13dbc077e552640736267a49",414020900.170667
"cb645955c851790e83e696a7",787861157.758222
"649cca8c83352caf7442f20a",776768888.888889
"fc8836e71725949c5f3fa7f7",952020759.025778
"4f431d80287051ca323f2c08",666903566
"42defcc69fa22e4c858f3c24",912513978.222222
"291a2f9022933c9d81311e81",896899632.227556
"d48a061a2040d851937413aa",928062610.313778
"55d2ad80322427ee3426dceb",789971285.333333
"8c41bfacbc1a6ab831b26fa8",835636344.444445
"c7214222fefdd8d2ad7f8f8f",854299354.443222
"b3d9a095c9c73004643c9e78",884966022.702222
"d49aeae19e13909e75dda2b6",837558837.692444
"dd10dcc52d2549df85f2a8ec",566783092.888889
"6732b448d2e4f32679f235ad",962333953.378667
"f08a5c2992cfee4c0910f68c",897679487.222222
"e3a62f080c25f404ca995e06",936816000
"7634d584c3042533942e2dc0",772660169.444444
"ae58dee872922a9c678dbfcc",824393665.509778
"5ec01e911785dbd5b49b166c",590208696.550555
"9bc12d9c9ad95064412c3413",825909738.888889
"7acdaa0cee1ee62e15f4490b",610247399.277778
"d76d5b14d0acc5295b8057e2",690419322.358778
"32f3364ac1fabdd13db1cfe5",410696782.348
"8cab957b322f1aba06bae4ad",625092494.368889
"e3dc8b417819e9afe3fc7d0d",519268371.363333
"c71fbecd8f7310c201adbf40",583757024.542222
"54c9bffcdc46819f67e4b3d1",767707299.471111
"4d94a2295f612b96264a0db8",758422532.305
"874f4a836cb74be301e068cd",920177369.755555
"a18925f908acda4171bfbe36",943390269.416445
"a587c7419568288d68c46feb",734594195.555555
"19994da77ce4f2db3efe6660",437315728.566667
"9c4dece6127f1f3f3bc1e0f7",476797984.653889
"09c28a830f8093802384071c",499209354.249667
"5766f7cfab59c920081e3046",476797984.653889
"964b7d9de17c1ce396fb83fd",404237368.643222
"44f77a86369d6607753adc09",619785247.758889
"7f25471be85adf0baeb8ebbc",494738127.304444
"6859481703fb0cb34c1e564d",505052713.592667
"7ba0c14dce0cb09ef5735d9f",515765098.528889
"62cd6a29e98a5b7a5ad38050",638037640.415556
"9c6d7e6260e4fe83d43706d4",626258978.825778
"5dbcb55dbba823dc31b041f6",854516239.732444
"85abc5c0353c5b678f087824",633868287.555555
"56dd1bc39664f8e9f316851b",848029981.359111
"b23341faa7307d9d6009c6d8",599291531.330667
"2af941adae2e8dfd66542055",601450013.81
"268f887f25d416dcd3c0c9c2",849597841.611111
"9ddc7272fe43f07035d3da63",937267811.111111
"4002635ca8b087877ad22d5b",806869554.398667
"b515b1caa608ff42574e5a06",636043546.305
"710542343cece039a279dbee",752685903.805778
"187a143dbd6d4bd81d6d9c32",517401506.688889
"26db92c003c8e67d92d88aaf",919695864.888889
"641ac8f4f60ae2b9cf6add93",788420820.414222
"784714647351cb6745c867b1",736632189.536556
"5fcf1e2ab4edf13ec844decf",650602586.944445
"2575d932e98c421bbb38b267",714648101.093222
"af9d2f5f62bf74a7fa9c74f4",804249594.111111
"4db8d529af9f718e6d81a85d",442858950.327111
"9a3368605e5f563e29182f3b",508778369.894445
"5ff696d8369101b6dc60e2ed",555407592.966667
"95ade3ab8dc04237acd6441a",419502350.313333
"607ed21e896eb5ffb50d5ead",443407671.946667
"40d9a852bbed67a6036c6d8b",597237899.444444
"97badba651a94721af5df3f0",682881622.444444
"b2f089146c30929c4836f0fb",551204849.357222
"936307e2f478c3ff7b9652e3",662496070.490222
"b6d5cb459999de084965e993",788206881.177111
"aeb66f808982c6308d891f55",600609450.511111
"cf8418c60f4e54dfa09b1e6e",615434029.444444
"1dcf71e8fbfef2c6534576df",691514421.333333
"c78b16f05ef58855da0d4f2f",395610448.656444
"19ecf1fc86396ada203c2a19",899764526.5
"985fc7ab5aabf1831ce3d298",657673303.155555
"8aaeae6bcfcee5ad928ce28d",789012704.517778
"1a93cae134c79a43b13ce656",759988379.36508
"ffad647e8ee35eaea6378fb6",741045533.555555
"c21a3eaa136ef8a912ce7b74",773609164
"fabe0f299a4e4bc6f51d54b9",680713222.222222
"5af99278b1091dca9b0b0332",776768888.888889
"3f0c845deec1c24472a35efd",1219098835.57822
"c10f25fd39dd36287a6cde73",949754092.359111
"f37d31c512866b575780c4b7",934318565.668889
"5d34f871e5a5cb3a655a0b13",668346899.333333
"95bb852a958d7b16fd676e3c",957817286.712
"24857a7a80d5f13a52eeb054",712893266.604445
"f9796e9d13fe1becef435e54",853989442.222222
"1c2739878e452a340a4e8972",967598283.446666
"698f3f1929a2dbbc69865b65",745982998.222222
"bc230105784ca8640e499ca2",592852121.504444
"622fdba953206a65224f2c82",475885667.721555
"6765fc17d98c08142d3d7757",569008739.026667
"6f35fcba4ffd6a58bce85892",504174465.598445
"d8654c08e95b39e3b4891cd9",749319533.333333
"33305df46dc2186c7e3f727e",871278938.888889
"0cec193a20d720af010383b1",633651022.222222
"734efe04fa6b326ae1d072e8",496909710.026667
"69190139558b2ef3eface18d",464948418.632
"bb084299ad23f245d7cc5b69",631733747.773333
"d4c7b3372d70b898b167b92a",739618866.888889
"4a119b1bbf04b4bd6051c5b1",671755790.171111
"f844345b6224bc76bc3c6f91",464179304.279889
"052505ca8210e5e651fc0b63",841005770.325556
"5731cdf8cac0b8371d786c90",844251371.209778
"594d8d78af90086bf8cdf09c",757444339.482222
"fcaddcc78938f3a234dd2d3f",406290182.741778
"1574958978c9b5d23d9521b5",705952818.800444
"55902baa0ece72e2e8c869d6",751767034.529555
"46161effff173111bb6c3a32",822326577.254333
"b3fcd9cbfd485e4e1da6c89c",449701577.585333
"213ddc1761cd6b018349786a",711171655.043333
"be3b1df5f008636e14bec3fe",768583580.199556
"dd27922be5b6f730f8b4e058",481962383.377778
"cd2aeb1b2649ef421102def7",731810217.666667
"a226b4af016a772dc7e39ac8",697770248.038445
"dcef5b332fd31d0ed8d754f3",475563804.327111
"481492907baba4574d4a6f35",760038379.36508
"10e5e54ab66b58b3f41ec381",702990906.389778
"d48866a153ea0fd23a858cd6",513338875.179778
"d273a2075d28e343a657d9de",921866036.771111
"90a711f776d53cf654614649",702720602.222222
"f87c76eb5071c5b309e3ac3a",528022041.869778
"74df03749e60c216a3e1292f",503323353.777778
"03a84af05df0f577e09d60c1",570379034.174444
"78682041182f01ee4db04e8e",881692444.444445
"25c76b5a1da0c2d8158b3732",748691885.173333
"af8f09175265e1546200ff86",604584184.872
"c8d4ffb290aa9cea002e8d67",504281837.805778
"cb89ad8156c3428ac80a4db3",624255222.149778
"7602cb1e6fef087d8ee81aac",616323439.222222
"00c75d59ed4777481a50cbd3",732323581.949778
"fd36cffb856c2a14982a5fa9",622995926.875889
"06ccfa37fa6b011ac38422de",480614673.588889
"257b533b6a66b40d0f097c55",616677591.555555
"736eef4bb36681acbcc3c41b",674080933.333333
"e1a4437b17f7bec650d8cd97",682702236.995556
"ecabfcb8ce9bb47ec3089c7e",682702236.995556
"a5a46af0c9fb5c0a03855660",671517713.642222
"920b50f4355cd2674ceee068",794566379.464889
"410e5af026805ec8088f2e71",789124540.545778
"efa0c01632d13ab59f629ab1",513373615.815556
"5965d19a68a8414b0419bc68",742066577.826667
"64955a117f2d9264eb59fa82",890141693.333333
"8cd46b5c9cbd056d3712f155",745982998.222222
"65f736c3fee3d14c31a57d1f",650547105.304556
"66e9c614882d58c022de7a2c",844251371.209778
"8c787c1e6161b18601e6d7de",499738784.018667
"29a115ba5b198689fce5f93b",450729396.189444
"de8ee990e70c8e5ad167dc89",590952361.568
"0b65098a19c2fc1caa6577ed",760038379.36508
"70ea0403b722a1dae1ff9b18",739618866.888889
"5c77e242474e477513b60ad8",456784964.563333
"1655a92b20740a11a5889519",475324555.750667
"1709b1446b20b21482dd2d36",857480024
"e5dba7fa0cfb81488b0c331e",467365285.100889
"d09dc3a3270073e5f1cb353c",671755790.171111
"368e740cb71b9175fe5b7b6a",871278938.888889
"b8a8ad4c0215077d3e5aa472",912744182.761778
"1f4a78e094987ce29f054fb8",456741005.147111
"aae3a99ac764b8e9bfc562cf",643630949.055556
"a63ecc5539e8725af4128cb5",642898769.181556
"a29e18f37ded2e901181d7d2",651214622.887222
"14ead7469d05e5eacce6a575",669334556.444445
"1cbf39c44f6b0fdbf9554845",836556048.888889
"9012294b64280c565a88a1d8",770999488.829445
"dc0e9ce44b9932c6e48a9390",772472791.022222
"a4f272acb4b3b4f5fc72e99d",567940699.406667
"b0a7295da89516be1c44512e",602187140.669222
"b638b937d4f62949b9eb9fce",759970975.151667
"cadd4a6e1075b57f7b74c63e",717342667.181111
"a88f4eeeeac5ccd1ba9b8a4e",895440709.964889
"29616bf14b5f1cd42786a91d",572198681.287778
"f03f97ca55e9a43928c18237",511007306.657778
"5fb9bd3aee2e1320dcbea448",514424235.493333
"34bcfc2f0cefad790922879e",764458628.270556
"8c9849cf3d20991e5126420b",794686119.808667
"ca7b9296080c9fc9fb232782",930297888.887555
"63a5989d0dad994a6af7734c",461575344.160889
"7d25023ecf668945c87e0666",487256049.988444
"fde3d4a4a819b1fa40530238",491288813.998333
"e3338ac993873aca45755dc8",484994920.318222
"bfeab1b12dd82efa96efac31",518165653.370556
"2d564574f0191164ff1d068b",426833217.693222
"5529d858e9c9e3e92ce8a95a",508090110.690778
"2755af908b841e9024718b3d",461259015.627111
"623df36ea9610ed5c58dbd8b",483724187.991
"77924a3c7880310a4822e5a7",447210091.107
"24fd0b7f75feda5db89a4127",477594762.497111
"c2b9a3b2747f32d26c8219fe",470898511.793778
"3c3c7861a9727bedf5e3cb29",689607885.555555
"822ba8fd3c7392bda84461a4",551167682.248222
"4625168852b335b223a05bb3",598057913.418889
"b732ff1637ec53286e890865",533847254.030222
"706bddaf0b87e4f076247450",651119890.666667
"917218fe1425d2c222da1ed3",599486307.837778
"7ac0428c4b7197ca14f3b86a",573176048.575556
"e828e83be8651bc2e07641e2",557070004.179111
"4d069f925100b6cad0b657b8",502216193.413333
"a50640d13126880a423521e8",563392821.777778
"45e92799de1a5334c3d2d72f",632858575.753333
"93ca9e75cbeaceee69b4f0e4",630831777.777778
"8fc4070ce12262679c381515",803644980.063333
"63182bbbd5f94cea67de2d8b",797093650.447333
"6e163c3a0e30e7bf1e909661",836809111.913333
"3cd016f68705e73b819cf74b",659792777.777778
"3da41d55a2b9f78c2b10c75d",776621421.983333
"0eb8f10c9d5ded1b09f60baf",619912384.41
"330c37fb5065311564fd35a2",712534347.407778
"b849cef46f19e13d3fc9d5c5",678530588.596444
"7bc034984b19479f29886cc9",754655033.040889
"5cae4522fa829a1614739b64",737142752.777778
"bf6bd06201e60a4c98c8623d",624598617.644444
"549ebb2f616d50ca778e92cb",937175331.798222
"448ad6cf4b43298a39c7b5e6",531603777.394667
"e9a37a1a4150461126dbb6e9",797475805.192
"1d4c50978603ef41377af057",463336247.19
"bb71a24bc5ea4051d84ecacd",837208273
"286ab2411118455780314355",713545125.185556
"045108344bf09b01b597e7ce",706861866.666667
"d714e15ab5c2d5a2503bffcb",775349177.939555
"60823c81f0b98e8a57192a9b",762185524.780667
"dfa988a524343181a0d3ead5",670639255.263111
"fe8bcbd17b16ad023a202843",731368824.777778
"69fe76202cd89637a15de1d4",794576654.618889
"e7cf67cbc08fa04be9f0a3d4",632695013.546667
"670583e7a2ec6e337429fbf9",863576666.666667
"796935018bf2b241646a2dae",805176646.73
"5f5856dd16c0e5131835e650",719658055.555556
"ea2e380226005bb55c724ce1",820200609.015556
"f40defb11ff73ba4e3db7611",851074872.521555
"a4b2dd2771f49951c027eef2",797313160.272889
"a949ede7227c8f8587715029",769632777.777778
"83f402857435d4fadb27fa36",693548666.666667
"36ab522893b5f01caea4cd0d",778009133.335556
"8e4875b7ecd0898571f0b1ae",484427253.970222
"7ef3f8bfd0368696369ac957",546268438.177
"73ec13a5687c542137eb9a41",555296564.495555
"6334eb4a37d102ee00c6e2a1",504501921.214555
"fab91f0b03598c943fa425dd",551573026.895222
"c57c3c7edd591e16c0b7c1f6",518287990.862222
"03aea1b6ff072f117ec733af",495099359.372667
"91b57e8d6c41b7afe949bcba",461211519.082222
"ebbc5fdad817b304af3585c4",476856654.309778
"0232a50c9afca03cbf4277c8",465052168.814889
"05b12b1916e51a804419c654",487752753.412778
"95c9cee9b36fd1d68f647aa5",482261657.206445
"3d31144a77cb51647f3deb02",578049765.392222
"ea87e3259c2b0d6263d39a2f",513854364.576
"61f634438de4a10a861f42c0",524472885.285556
"c3ca43d0474dea2f2dfb9791",497618504.276
"a13a3638569b89ddf1260470",512708212.878778
"124959d1429de095473bf5a0",498209217.286222
"4d85bbc09ae56cd85a8f87c6",564121307.068333
"2c13f29a8b9ac9b464e3a582",475750831.478222
"70215712bdd8ae7585520550",519615207.976111
"3352469ca509e8ca652fad1a",476991944.476444
"893caa7433c200e0d43e9f27",631812843.8
"767cb14f03c909c595c2a731",548101408.633333
"11433baf7716402e8c58bd33",618872016.087111
"e07ca567b0678126a1aec803",652692642
"b2286067a73bc0049328b55b",611396874.181111
"c85d56080167254c7bc19303",557122281.652444
"5b9ef8d6defdaf13dccc5ae9",611497816
"f7972b1936c6d9e95d3f632b",622408192.222222
"defd03ae7d0c0a44baf80abd",669519802.065556
"6fffb7958a58a73b0e16f2b2",612428775.555555
"5d86a1db39e324770ae58efa",605852698.333333
"c56163e390d9e5a7a76e77be",600117398.499555
"fd5ba2795eb7b5fe338d6b4e",606227865.555555
"24d6d85cd0e2dc3deb2db896",684474830.142667
"feea3a2bd9f643219de51c46",566661301.133333
"055d7c66464d7e327711b497",631290139.722222
"046aaa4162cd410e92b216d0",616444880.648889
"b6bf2760cfa26cb28fc989fa",643744221.111111
"3a6262eed8967d695182e435",636761697.777778
"cf3665f24927de548639ee4d",590119364.444445
"4c243fc50d5511a1288bdc0f",647370460
"d753227b5c685e93b378baea",607226870.231111
"149e49c22fa0eb163a36c932",613232507.444445
"8baa01b8c6d29c82a6108cb8",632555472.333333
"2d437a09b860d9d46644ea23",552588258.416111
"66bd80fd26836fd426be5733",606289407.553889
"a30e69524af9c1bddbc5de34",585864679.288889
"fcc96840d952d32a7300366c",581607182.48
"659bccaa707b94f303610225",605659653.093333
"df1c66d8dfb9520c6818a32b",624868242.044889
"dd1dacc0c90022e5b40849bf",581858528.866667
"1a06bfdfaa9d9ac754ad07bb",567137789.109445
"a0ecc8ce0592a40959bd755f",617553260
"739c2b9be0941e4c126d2f3a",683184410.666667
"d723eb2516802250027312b4",674907328.555555
"04cc75f46642efb1192f1875",538160461.441111
"9f37bcaa95fb0044aeef6075",566550397.401111
"7be8abb5d23794ac47ceda32",509609200.991111
"c06c737cc0cef7fafa3fc4c5",606000197.697778
"48e71c45f41778f8dca24cf5",561455896.978667
"b41f7c1cb9cfbd188f8e0233",777904927.051667
"32ce96d8adc8e549b90b4a8b",667592853.717778
"c6bb4ca5a0c839d38dd8ce19",714035878.871
"1d91edf33a141fa2181abc4b",671877315.455555
"aba4e24dcc6998e5020731c8",667592853.717778
"00af33cff3ff7c6927306df4",658666985.424444
"6d2328def08bae481705e20c",744466022.702222
"7815163b8e4a54843d121dc1",779906590.093333
"c9f92088dbdc0d81412968dd",801655793.333333
"8e1bd01ce4b7910d42f59be4",774726529.444445
"5fd89a857727753eae6632f3",822492278.015556
"332e395d4ce62523a2e3208e",483049299.991778
"4fc89ee51cb0e1b9d6459819",723176920.066667
"2571fe181b6ab939eac19d2d",797113506.975555
"af98a0e223a825cbab78ae49",602372782.887222
"ae187fea3c46c3fbee7e6e8f",637948573.333333
"c681519ec1ee1a28f6a3607b",748362760
"bebcca3e75e747b5a01f5485",774098912.888889
"0842a0730545c623043b1d8e",804381783.888889
"973afa2d67c20297aa108bda",547758133.521889
"64a9f0bf04f1c890cc6e31eb",654638642.222222
"9e92b27f554068b7dfb640cd",545750753.331667
"57b7aff18c444fa3c577b079",616384490.048333
"6b23f191d2ccbebf9166926c",837906806.666667
"b80c961aeb98d24d968c71d3",861880016.666667
"064c1cd5e94efdf8c7262fec",532970106.519444
"723078b6cbdf02c88286c596",805921940.337778
"e239ff5eaaebb287beaf76fa",814548223.182222
"b3b30d8b869eaad2382c5447",821136344.935111
"3f295e6c14e23cff1468bf82",747630034.163111
"be78bb0e06d5768ac1908247",478250784.236444
"4daf52564456895ca7f4429c",504220691.302667
"c832701653f1e7f01913660f",762218193.984444
"82433a009defc21498037127",815395121.333333
"b53d3d578b1d7d9e00c8a00d",629085184.620444
"36fab4c38cdd91de650e6abd",902965874.444445
"bed932e11a599f7cd4bfa31a",726170287.155556
"1d9addd835c9fe8665e01500",428131583.777778
"d8216aa4e029c0d3d646efbc",683694547.265222
"c1b0ddd3c104ec4482d5025b",450104599.933222
"bd0f754b0fd9b7af284419b2",906868975.493333
"01e907d7672006fa2bba8b0f",477002672.421
"7ad046b20064565644ebfaca",565425449.994444
"1ac2b23683ba89e9175d1b99",619200254.802667
"ab4c55e78eb83d80c153f50e",554561928.65
"2ad54bda875fcf8c6b675bf5",483319177.897778
"07e76c765d1137cdd7c2ff53",448717718.12
"5531b9663c5a37a2bdd97e9a",616753374.666667
"c740655aea4eab7066446c42",607765427.688889
"3b6c37e7e6ff1c03ee4fe995",590657981.388889
"1b5d3ddc71634099fa1f04a8",631208410.172222
"1ad916edbe6fd38f40289a04",630429060
"a1368aa4d3ae850bbfd90bca",691421198.888889
"0f728f676325ece6a001b4d5",511642085.202667
"0f98c4e431100aa87e6fa6af",796611098.161778
"91a08474a18644c43224c62b",548407328.888889
"185dd9366a6dd1e820880917",559324709.444445
"e364018f4d994cd15d4af374",840373720.666667
"77348acef84ef77f6a076268",515602486.211667
"7f8f506137780f4cf12e73b6",469228556.740222
"809082a38e6fc3faa66845b9",620388938.888889
"2072a783a44474cd0dd10d7d",614256919.444444
"b71905255273cbb0af1290a9",468410433.490889
"c7d5f021595b58c507f47d3b",1176240326.66667
"65ba1feafecd7efdcf214ed2",784792956.549222
"72eb64cd02ad2a54b65083eb",873362190.507778
"35d79b2ac92083bc439124ac",515435056.444444
"2f7d36523df4a5eee3edbe05",756357504.718222
"b0d20a04106ebb87e2cdea37",921589196.711111
"43650eb8b70dfa256ca64979",649675920.277778
"311fa1bf3c405f9bed13b38a",458909175.779555
"d12dc721a59af021e8ac68e5",458909175.779555
"36f9a0ea831710344f468bba",458909175.779555
"1eacbf36422a54f1327fa291",458909175.779555
"9567966987eb1d3117677cc5",471947781.204444
"e5bc85e227ed7dabfccbd005",458909175.779555
"d1f39f86c82916524273bada",602478789.391333
"deeb837c2c6bcbd01930431d",796324480.444444
"57aa22792684debb8d4079dc",532672731.111111
"5b0530f544da162b9a8ff772",692215767.555556
"b7d66c5f1ad06dfcae5b33ff",499581006.240889
"bc353a421fc579770e432176",488823258.666667
"45ae1e929b0fc88718151191",581974771.941667
"b04449c499843cf46ccb695e",781264558.145111
"e4d89c9d33a0f2659df21185",524642002.723111
"b2a7a8ccbbec39b63e4cd028",507420135.747111
"3be69554b1cb31ed5732a836",652835848
"de7f584df6103e8bf95f4a37",442442084.719889
"0f4de499e5bd2c57fcc75013",580558988.902222
"b4fd0aa09f993bbfb1fa8abf",476866873.542778
"88a83e58eaf136a82ab1fe37",620633173.055556
"379429ee3675d1adbf816cc5",494345858.726222
"c6084b85c8d95e0ededc25d1",796034945.672222
"8eae4346936f8c6c67be81ba",504173963.777778
"a13fc9e9b4e47340a5d53bcb",589858705.1
"7b8a4d701066372dfbdffbec",592904605.941778
"a62a6094ffed3ea7a54fee73",552588610.176667
"bf0ad098fbccd3548d834ff1",476866873.542778
"0a231779f131c36d8e6910f4",665914270.433333
"51ba7338f5900d8ef12206fe",585053672.441778
"81b14dbf863114fdddb38579",714666561.753333
"adaa406ec9ac311e9f9c0bbe",490927262.412889
"4cb11f32806c0e07b4251984",518863624.558333
"3fee486268a1451a7b9fff7c",630763126.246222
"5666f3c36f0ce4eab2c39299",706167017.666667
"8a8dff62516671aee2250cb0",733715207.098889
"ee4fc6a146e888e993a4412a",697324594.082667
"5a16b30f4d580352710e92f1",660373200
"424bb491c71e913e900db76f",793430283.482667
"100bdfc998bbde3d00548bdb",797669150.135556
"d793efed9a723e77ca8272f8",694886984.649333
"725c029b7c5807a4b0ba2bc9",757223226.373889
"b6d3345346f43dba053ceccc",777715567
"888bc3c4ceaa108e048ad28d",737106203.835333
"267e000c89d3416e551462c2",703063455.555555
"0ab4a4b8adda35f634812221",777746593.718333
"823ed628bddea9b56792d108",688649939.770667
"a189bd7e4eecdd18ebc7d353",832497531.124444
"da16828139a19aa11bd94ffe",573322654.962222
"874102a58234cc7888902d42",638144035.387222
"789e5d19fa507823cc4c5296",750887565.585556
"174bcb77be3b7e408e61d7e1",589802837.188889
"31a1492e589f317a58a79df7",671415557.471667
"0825f2ca4baf5b34231ecfd2",808319732.777778
"ebc96ea800887a647422b8fe",704197996.111111
"969b956eb7769b6f509d3ee6",721272105.222222
"6ef9135481d8fc882a1a735f",738506082.936889
"5f501c4532ade3f412359a1c",756142267.245333
"c6d075772255b1efa52317ac",679320581.829445
"535bdffc5b79d62aa6179c48",780381293.632
"e95653d504208e8da19fdd03",573322654.962222
"e4e529e778dbc89f854252f1",662182400.331222
"ec5866fcdb9afffad2d7f5c6",739122787.733333
"814694a725a50c306d774342",764039481.658889
"1cd6531d8539468cd5f4b315",644586430.766222
"0c3e734afaa6b7c370754082",660373200
"f80eace37237614562f942aa",779928469.947555
"3aee70815bcf6effcf0e5fdf",764211654.937222
"ea21ddfa37d60737492509cf",679455510.932
"67c78ce1b8a64f36ddf90cf6",632173244.444445
"fd2efcb61008dc9d11756381",827608589.08
"f51658b9fea670bd943d6db7",868065979.324
"b83b0a53ead29faf9dffc0fe",850883979.457778
"c1329245f57c5d9019105382",886567950.004444
"98665b825fb3a06b914d39cf",912663922.222222
"24e90a7d9a2bd0c30a4f661e",888332711.33
"6e64677f8d730e1f9ca240d2",861511166.666667
"a742819d8e4cf8fdfda6e094",819312758.072
"ed75d1c40109eeb51fd636f1",900004416.655555
"cfc2ab56604b4e3734d7cbbe",854043912.888889
"ed5622c308bfd10602e939ca",863567609.330667
"5f537d233678443192d22642",926435141.594222
"aaa79ce67339dc53b4f41dd2",908937472.327556
"5f467c6c80023b0174823d85",849428480.073333
"46fcc0d53b263beae95b8eb9",884286441.777778
"2bd47c19e5d29a3157fb8465",912873903.548
"9c9c2f05352c92c02d080e96",903240166.665333
"cf8fb8db6f74c236cad0cfcd",895206373.44
"f42a53a05dc90e617e0e4c38",501752379.184222
"bd612d494e2f21051556ebe7",677237119.444445
"ed1c8ac25a3db5120c92525f",496354776.116667
"2c30c2736472590fe45277c3",491636357.088667
"bbe2c06e6f90c4234a7781ab",763432059.169445
"b527813993b7bf4a10c05683",846422662.632889
"2f610d2242d583654337d468",940729588.888889
"dc25c9240c67effcf655b02d",563236447.630222
"c35f5ef73168d03cba1b1f4f",466907808.444444
"e88009be52bf5803ba3665d3",548797729.770222
"12a63d4fcb56c1d690e1bbb1",586202220.025333
"1d58ad85a82f7731e0f198dc",1074654902.38844
"a2fdc7da13d098cfeba13b76",491054564.895556
"1969ba34b72e61337246cb5b",470426294.165111
"8be43cd8653accbb8fe8a270",527286387.333333
"10092cf2f8afb3658ae475ac",695895098.447333
"0fd313e5a0f02df07eb6b104",423811843.453
"9b5f013e795f5fa610d03238",474772377.329778
"b1ec4b8badc955f9f4fe2131",666323566
"e491adef93281c097ab08dea",426638772.888333
"9a65fe451b30c59beb3d62ef",506808964.618889
"0d3245463127143a8a52014b",741030865.740445
"a0e3198470f97f6a169044b3",856531493.692444
"33e4901b6e72593513a02207",599362858.935555
"f45234a3f0aceb12341be024",707705049.412444
"a71d53ec4fd0d64f8c06da2c",956310620.045333
"f1b30c4ea99f19a81d12f73b",947520759.025778
"a52e2c893f85b49e2499cbab",745986441.777778
"b2fd7ee866066f3ae0dfb3c0",741590009.555555
"5acc9d767e3117bed0fd8464",741212200.222222
"0449a82dd1667c8c564904f8",870595258.909556
"a0a8d63b5f43b87c0c7e1fb1",809405195.849778
"03de77e22e987fc3fed4eb78",767326243.111111
"3fed1dd17fcfbd2b86e73143",479351006.458667
"04fe204d03bd1c9876242ccd",780947200.066667
"32bdf33933c29b1cbf89539c",670708890.805
"3f6c05c97778fbdc86304bf4",713493228.444444
"478e13e8c1cb5bc80f1080e0",743503131.555556
"3128a4896665d38feb72b456",739352200.222222
"fba6203abad5f4b3b721f29e",616316088.728
"b25f461b3d48d833a73316a9",908537472.327556
"1282e129e1a355b161621dd8",703873358.222222
"293320b55fad21ea3f4a5899",462442680.795889
"de2f5db1cd1024a9734871c3",405022285.851667
"200897b1f8bcd7c116a85306",526391510.419333
"7023f5a68e1ce9cfd23fd021",434231608.162444
"13faa4142e9d60412abb4184",501458463.828111
"d74d0241fe5222f5c5b67222",793601818.222222
"0e51111c47813a0b0dd51b64",684672604.666
"25e3793214088669aaaa4ca5",886650348.046
"43d7b77a99e86e8bd21a19ff",954361885.342222
"38b87cf007043b76670207d8",870291860.422222
"8fedbf13ebb7cd3475fa3074",899083283.068889
"4be510fa977b93e34a789f26",495029192.059556
"8f165174bc07c28f9fddeee3",691462282.755556
"7ff6f389e364e67c4238df8a",471631508.895
"2c91099736f3158f7f09778f",479928838.075556
"7bb1bc81e6eb3b4390440165",719953095.020555
"74e43ea3081841278c76cda6",470871337.384889
"9b948f070b94c18e00a857a7",585567706.839111
"99340b6cf8f818392d501e9e",984980777.777778
"b27088c3ccd93e7d8d5571c2",683848324.788889
"4b45cba0d601f29c2b7db97a",789174098.279111
"362212de783981c9ddb767bb",559908572.636667
"5aa78a2bc8ec5e2be315fbcc",880725143.002222
"92fecc04105a999a622ba3cd",534101009.444444
"5098115b26f2473c812b70ed",653879067.668222
"e9860f6b4c3e6699e62f6c31",452308353.035333
"71273ae563da6bbc66aa87af",477761847.325333
"6c6e7af42a6ddf62b04c35fe",488123269.087111
"484922bbe02cb218ced0e779",515687892.897667
"76745c2648b66151008f6399",470574295.095
"2100201e0851e80488371b67",559987613.944445
"5885faa4aac834118c5e4351",447829431.36
"f340405bd7f2c4bf524c50d9",443765444.553333
"1951c1c8855fed5db8031e5c",455203755.114111
"7dd96ddad0fa88f5c5978e39",463875177.594889
"db7535339826028d0fb3355a",557723944.599555
"4317746d5b88142780e6897c",609557192.788
"5796e37eb1a995db5cc06eea",514075442.246556
"817915cc3582112fb5541a49",645417804.573333
"ba524c4e2f13109ce814ea38",607623476.839111
"c2439ab65fe194d1d60eaa07",641547474.888889
"92e4dcc5911b42e7f70311d7",590514982.769111
"6bf86a580c8b510b7447071a",538140742.564
"975482a692bb98df98b2f243",521624291.333333
"336888717766096b24215b26",641269487.036667
"ad79f4fa23a28cc84487517a",604217867.164445
"d925c1d4dcb68990c7204b33",629131419.318222
"f4658aee77fa0e35a71da7f1",593345113.898889
"210d58091ea74bb902915250",629180874.981111
"186d4731b3af01bbe4d08b23",639965884.666667
"b760fde2d4df27a168ce0e80",752904774.111111
"2e653d2567a47067df169d97",835415433.573333
"8b63358f3cdf8df0eb1f43e2",769444023.902223
"c09d691e4c7d7b8c8f6a8370",832684297.777778
"4502e2809bb5bd47b2781212",627263579.813333
"d03101c7f823dd7d17e49a83",827846021.606222
"f5dbd7dcf63b08f711561e58",788453267.558444
"9855712ed7be7e865656de13",758398126.000889
"5a6397b85f45fba27dd9311f",740246645.682222
"4d1b0315b5aaf21bac150d96",666157137.222222
"32c7a2d032ee21f8bbc6eccf",549202075.722222
"beae197df95b84881128790d",553830148.407556
"0cf7a6d43221664a060ef681",702323926.222222
"c431fd6dbad57351a497fae8",552207515.381111
"b1f8fdc8e3e25517ab80c065",434715818.244444
"7b346d5a5f5ec7165d1f8644",431590262.688889
"947ba86487536d611f548142",1118456555.55556
"8398ba3b03595704b5897704",563942533.926333
"3f895518a7fccca44e534578",426638772.888333
"232e859fc353dbff75c97cf8",707705049.412444
"b234ef225690d57e7c2af4c0",856531493.692444
"393e2e7ea1f20eb6b4148d60",633618287.555555
"668db5244c4d5b5c76b0b395",849597841.611111
"646de9441934226c2ffeff77",741212200.222222
"de53880a3299626eb6c2cdf9",947520759.025778
"07f10df13b244dc33b464582",777422222.222222
"e4aa393309860fd5e30f49d9",937267811.111111
"8c714badfcdef8ccc73df9cb",955822226.113333
"0f8ded86be8d3543a5069b6f",500364829.628667
"3e9d73530ff24d3f4a543091",463816641.896
"076ceb408227ab2563a663d0",450612335.411333
"e0ae474a5307ef4057da4994",389409266.759333
"d41fc79d800458b1691bbb87",673732031.01
"dc8262e1493ed593103acfa6",542957606.285556
"bd6c24498bf413b6c5adf81a",506427684.781667
"885c77c839d705ca7d04d383",660628628.333333
"b8896656cf6f5dd7c33ae46c",560433021.666667
"34a9e3ca94ac06347d879942",758940336.871111
"ca3b5cd3505049f1471c47e8",628693385.804444
"8c05c66be6008af7f6dcc10b",809513517.906667
"565fb93190cd34ac8b01f01b",816853070.173334
"6c8119e00b901efd2dd40f0b",623845518.444444
"34c92caf68dd0cec9fc383ef",854060301.135111
"68939c438c34e79a317a4f3b",810053105.618889
"dfaba547699e319462abfd6d",622879324.222222
"dd1d2e305d37d9dde55393b0",878311816.222222
"c32df77def9978a84f8ba7f1",743518108.444445
"62103a85a8ddcfbf5e40e284",740964199.073778
"93bcdd2a8ee1d5b61d00d58a",849930508.277778
"9700892d7133ff2c0d1763e7",872148938.888889
"fca6d7455056792cd61e2ddf",579784426.976111
"4e84c5953b493be7ca96103a",629432649.927111
"42fc4101da60fdb41f41f0a4",830749623.133667
"12d40725335f83e2fb9b937a",767788087.212445
"2b9681901b216f2174af0089",680484058.260444
"9ab74e81283becc00a779172",452579707.180667
"8f378dc1215f9213f187c02c",551112976.666667
"4a3a6698b5490216e8f8e6f5",945112222.222222
"0dd795526c080e8efdf8eb0e",483143027.973778
"3e7217f628a1d0fc9bc47071",647221541.877334
"157195fb2358bf2d5051c439",629610269.423111
"37063e689732880621e4e733",880461057.533333
"3bc68bc2d6a2b81f9e3b9a50",498766269.914333
"ce21f368495d385fbd98de73",618222874.620889
"1a6af7fd6a5b0602052c4c27",648482959.176667
"e38259adbfd953bf085a69b6",612479210
"0cb6801c9b57e874102ca349",601982702.131111
"79f1a5bc0be914956d632658",756049530.244444
"f571f85be35a72b2ac358d27",454337839.510444
"163bec92a997aa8263f5a909",651919254.12
"9ce3000cd80aeec2c5188e8e",516400461.111111
"6a6178c4cae2e92a08b0dd0d",548487285.325778
"d52cd6eee468311666218625",693831399.862667
"8eccd2a6352c33d8c7abcea7",724451289.983111
"53d3e32b1dc782308e352a33",763012120.698889
"be26f0523e5cb13846539384",628747119.984444
"ad7739088e8febc68abb42e5",713886004.878555
"add4f9dd26fa34829aa25eaf",848272609.708889
"17005d6ec889a947397ab980",485401879.098667
"3fb3a581a9a74146dcf9b71f",528161262.663333
"51c4a8b438bb0d97f712af31",642387130.666667
"0aa1332c56bf357f492da2c0",515962729.597778
"6cc06c89c226a062fc46795a",572116635.555556
"682b38de3539b2a584446922",427355265.337778
"1cfe9cba4c2015e7b58f05a0",663457581.333333
"17d34f9cb105ca5010191142",760261762.522778
"1fc0faf46f3b533f2cae2c06",826437837.777778
"12f9e1f78c630defe302f781",794172916.398889
"87bd6ee6f17d2bd5b61b0ddf",904442711.111111
"fd4ce3ddaf79d1b97043ce0b",881692444.444445
"97aacb0847561f45a5540f21",701300107.432
"a6dac56445613d70e49647e5",866628565.485333
"8b1acd29eb268fd684036180",582900248.578222
"656c13ca7a1974df58e1b826",895206373.44
"56f72c2d672b7bc3c264f7fd",817555771.111111
"3771c66b9ecd6db0b201d4c4",480822824.524889
"45e2395bee937c187e3486e2",645763408.888889
"7c6880b05c212c66b8961b71",522770343.278667
"e0ae8d2a51c771aef5f245e9",513771886.435556
"3573093e56e95a982a41879c",796580874.507778
"0920b2df9df4f0e509a7efb5",499164539.43
"43600371d44fbbc81f6b6fa3",490855462.673111
"2684f67bcc89c8a5b95e5592",557447619.462222
"ca463fbe3e5cacc152aa70a6",480822824.524889
"0935e87627068206f6d9c0c4",631237546.666667
"10afe23f1f58f96422c97934",448392785.952444
"f3c8cf1fbbd6cced1fba0930",558284716.715889
"abfda926d174a8da1d946e27",444550747.032333
"fc9fb2f209a4b5e66f89712b",633618287.555555
"15d10635d71919d0c9663fde",613175898.438889
"79733fdf8881b0d25412abcd",680226597.777778
"7254c91fc9b51e76c6fd2a99",792635587.841111
"b732021729ecf88d6297b48c",800857762.777778
"edf4e11d1f1aa6f8080c3156",752357721.092222
"0706ce398b2bd64913e68d39",751200119.499555
"ea4a797b3d73d1b2cba9d651",724378264.740445
"6c598362e322971968739673",448167485.751222
"130a119701171ed3c439c527",476180496.353111
"849c918d78991c57f32f2031",643256332.740444
"036fc9e01b2b1e3ef4574372",717974585.555556
"e4ee1a81aa121aa5f55e20f3",936455440.897778
"de926223fe4296d96466c685",859160256.666667
"340ae520163a220061bd7f28",435486124.462889
"11e36a3effeb0119b8bded5b",670302224.138333
"2492a7a74edb57f784f6361c",548369177.111111
"1900e7808046a5fe89d8e440",741477497.586667
"fba35c04cfb7b6db50cbb57b",780335725.625556
"daff79365fd94d1d3a2bbbd3",557265721.486667
"51230c899cea0054bb74cc44",469804591.794111
"5e04875f99a5e4476c0b4186",576872509.032556
"542db19bc6b9a1366715dd7e",741456220.248889
"a117f625c794b7d52ec67cd4",652248166.757556
"4c59acda820b7b75823fa277",559914568.166667
"f040a167241599987e7b0967",613906653.533333
"4a016eba4744dd01954f137f",491124420.442
"0d995f0ad226dd21bc96ff6b",517296189.444444
"3d44c742b1aa4c022a968ea2",453623222.740889
"e47aa2541fb576b9915fd625",459123871.683444
"61fe9ea90c8a777971db8384",717777168.248889
"4a611bd82c9216a3771ca7b6",743802687.900889
"0cc5caa9b48a835c92da7653",901608027.431111
"9a7f24ba55c92696d377bcb8",747356256.511111
"32366fe92222b329e3d03b29",695365172.951778
"aa26461420614755c2a52db2",729509608.077333
"53a447ad5e011909080c0ecb",953060888.888889
"9d790c8c474c9de2afeb00a2",484202276.411556
"dbf200ef5f1e15211e2fc6d3",693929110.693333
"b96c9e2591a4cdf9c4e0c09d",690989779.161778
"78eb6f51d94a61a967da24f4",725394372.222222
"fb338e93dda9159476b8382c",517564451.557556
"72536bfda19f78d370d95f26",809032054.228889
"7c581e2b9daf20131803eed3",679732466.666667
"50cb0ad562ab5ef4e06f84ed",550345983.923334
"a24901956dac4ee0e4b0c91f",741456334.251667
"c1b386f478152f9be1f546ea",482527671.434445
"1f34129d15f992a3b62d4b21",507286640.907111
"299117d35bcdd48afa4c2eb0",817698286.174444
"4ff6c53c0bcfd1d24bac7ad5",727267941.410667
"2e52008bd11000eb776bd80a",1217249109.44444
"56b78bb57b2d1f064c47891f",461917432.229222
"ef64a8989a6444cc529dd1cb",692311932.888889
"078f7c6532204fe046b13d14",843760119.496
"28c0649dd8b294574a876e95",881127139.944445
"6b9b9d28723c7ad176a9306e",825948124.201778
"a640228932682c0c04538ac3",881251831.952889
"b19efe9cbc26d61daff5ae90",507070326.666667
"dc69d70e4d2713fcdfd93dd9",729457431.354667
"358e85ba765ddde3ac31be33",423065176.786333
"5e6b2661bb7ba0ce4776d483",389409266.759333
"0b6dcb5c1952dcea931e2c20",663492171.888889
"cde84d2435eb1d0d4ffe2a43",633868287.555555
"bac550d41b2cbdc6a110ec7c",491201934.034778
"78fbb49efe7dc0d8e144ad83",840802344.773333
"606affed5c707249158c4b49",641090891.044444
"d44778d36fc789f8b8c745b4",661551130.155555
"27ee3504d1df34ee8ae5dbb2",893380274.888889
"60bae7a45a084f117eda823d",844782387.486222
"98aee6a36f208227a992f9b6",1227290366.66667
"388a6dbda422f886e503e685",941067811.111111
"2869a2d2689af65497775b1a",939991931.186667
"19993833220392781bc15279",1257338440.88889
"f0efda3f7fb18af1b44d6aa5",740931532.407111
"cb915d1ef92dff803c5cceae",934505232.335555
"4bf02d040efe5358d4a5940a",941138000
"1382140d8fb634851d4d210e",927669063.333333
"b8ea07763f2e1a3d635eb23c",511963831.781778
"8ec00d454698c119085cbee7",489140660.153222
"30d5185ca2ac2fcda2bcb79c",449301645.601556
"d0ea7bcd8cef8588ca50c778",462440142.329333
"fe6c19c6f54606a611d412c8",497420047.814889
"f22ae3d17c92427f5227cbf7",473886381.144889
"92b3b7d8dac6b2f6d5fcfd9a",473980947.198667
"8c44d216517f5c59e2611aac",461637663.082778
"b85fa4bc59149a7a25447537",500429359.031111
"99f10097f39b32a478877340",672940006.444444
"44f8d5ab70828e06198579f3",813315184.573333
"1f674965c913f9fe282d07cd",536966497.936667
"60e768892afb284b0e5042bb",599467233.624444
"8a6d013451e46411d35c2b6a",600586970.070556
"6f953b9964d60f6a74c81226",618709402.688889
"05076b448cfbf9dede72904a",706591724.402667
"47051c25acf866250b5d3ec4",842595736.888889
"0952c73b02dd5432aebdf2c1",543977084.044444
"cc3ef2f4fd5568aea96c257e",621415144.285778
"834fe4a1e9e4efeefb5aba08",586528821.687222
"104cd052884247b14d697673",790071230
"8bf61f106e60d6be03799de7",803218497.070667
"c13e387f56342f88c993f0a2",757190652.320889
"ae664789baac0c47d13c3c19",763635112.108445
"ecd1e3003c5d74a3c7cbdb11",745504857.783111
"561cf254aba002fdef8258ff",701331025.555555
"98799228c26c9e4899bed65e",514001485.128889
"03025756be203027ab75aaae",582706302.94
"8997555e7bea06f7b90ce821",860036370.33
"e91a3f962129068a3a76d209",629240103.472222
"4bd0a354d75759510ab6bb46",828981985.998889
"f6c1705a83c039f7a7d46255",796682818.196222
"0c4afcff5f5a90cb79807682",752145261.818667
"d3222a7545e302bf10894658",486198755.961667
"03463535ae93b8b123eaba8b",572869863.333333
"360e5cc9ee1282e5a6ea17dc",804744956.757111
"07f24808e42c9e11a7c20232",585394673.048889
"b80d0456fba49a40fd774e5d",790373695.444445
"f865411c20924c43a080794a",744941344.015556
"c578eb2dffe903475aecbffa",516913953.655
"d639498fabe1db1236656593",608608257.172778
"e6e3bcae6ba114caf108049f",477258300.491222
"7dd9760286606c45e6a15926",666757388.240667
"2c5f07a9402cc93f4c683759",796080559.555555
"e3295e732bcf306a2d338387",513837027.381222
"240ccc45a242f80f817b04d9",610812336.666667
"a7ff59863f8719590146e71c",612236308.332222
"e6477c2014ad081d22f12b9d",487001750.668333
"807687fdb46614d9aa139b20",500853550.750556
"317d8f9d18599b346639a4d1",651135338.823333
"b85acd44e18ab485d3ac543e",587275188.348444
"e61476e47d7e7be706d23fee",810945577.942889
"270a97e07eec2be02cd89a86",810119817.253333
"4c9dc4494a3428435457f575",508979495.445111
"26e58d0b13e7f7f5a54585d2",807975939.511778
"166e1e60acca831bfad07736",822150815.369333
"aa25d9f8737f142b8cfa970b",814685602.594
"44cdcca08e1e66a1496fac6a",608072190.534
"d75b7730e8c291ed41d7caf1",765719159.888889
"6d1534800bf0ce97197efb6f",786491571.48
"8b13054b3318289aac1f13db",477982376.848889
"c6cb6ccd3f5876c9b9e29685",550123357.505778
"0356797c1683d002bcd94899",972224876.159111
"558cb38bcb8de04588bdfa30",613000323.777778
"0685f2225b939147c8482e6f",500982148.814222
"cf1ba56710023ede80a8381e",763237343.08
"2d4bd56e71f90e6fb387a2b4",1094998711.11111
"b96b8e1d636f0c10c63e5c6e",703053439.582222
"534be635a841fe21c7a702f2",613446665.607222
"dd5b4eb5d20b8b9c813ba52b",517487602.445111
"46941e09b153ec19f86c0c2a",777333541.066667
"9f06ad3793ede2ba7f39de43",653681032.51
"b3df8c66475021fc04f107a6",582855908.410111
"468df200fa490e667bfaa31d",607083597.777778
"8130ab67c5e0d96a9a67fb12",727468755.555555
"f7ea437311c0d217b0d572b2",486945773.861222
"ca0b59b35225b44447967ef8",442828802.114667
"90961073d9887bc1023315a0",419535288.182
"a1421c30fb33a249bcd54394",433226976.516222
"c87d9677bed80b0fe06308b7",364449229.612222
"d331a4d58875a393080fdc48",376289658.824667
"2f3281ef06475d2114fbf9a7",405326574.042667
"487ede1f7f155194b69c531a",346417419.96
"04308f869d7c992ed3ea646a",569378866.325556
"912471caea3c71e3f9f70877",660135833.333333
"1baabd705f72393167dba5c8",556885165
"aa4c66791884ea2a8357924a",547316836.64
"1ce08c19161bd0545eef8a16",694778717.111111
"01eb0a2c1033c30830161321",751143626.666667
"b2759de47d28e8cc05c94e36",535992805.555556
"bcdea05b890394a10d24601c",481808401.888889
"db9f66f68aa772fe29e37edc",506622205.169333
"bd094081331ab259b1076261",469596471.922556
"81e7c8c1894e0c3a9315ff27",419827999.927111
"7cc9cdd32c209a62908a18ad",605781287.66
"1e18024ab7d931bc7ab5873f",790060996.591111
"baa146a6537e8630180fdd35",830560099.302222
"8b788f742021f2438ffbf528",423498801.042778
"66d41314804d77ea0f440695",725552754.555555
"72dec1e6e65f6117e10a2473",401161362.437222
"4066da904062a0041a809b02",579013797.609444
"b7570bfc5ddc7caaf610908d",614928017.162778
"f6c6eb3fac9658c4951c4222",601150437.151667
"5fe25ab9cf4ea071cd6287dd",418783811.106111
"0ef36d33e6c378c946b8a65e",618332349.100555
"991a94dd1e99de493672da14",594265494.929444
"798d87a368f073efafead25b",618332349.100555
"9e8cbeb53820394a460f0879",575999574.320555
"7b5582907bf47bb9e873a513",655356059.786667
"0f21ea53a480e4363b8d7aa9",699665086.857778
"ee667413d1cc49427ad448f9",590650985.968222
"12bb70a95996dc6e286086ed",549729568.511778
"9e9e3655ffa5921889cd8ae1",917699977.777778
"f2bfe55b6188070fc5c3f59e",881088229.470222
"1f00fb18ad48b32c666fd319",679322343.881111
"86f15ce6ea8e97837e6b9383",722958088.872222
"7002d00c9acf8b8a4a5865b6",882408659.902222
"3e85deb0237521f1a7a8fa84",889522377.996667
"1bf77cd1c4037f4d2ed28036",816054139.972889
"ce8e1e2e4a79fa55a8547457",895386708.791111
"73a8efbc036911954c07b91c",855213357.333333
"9a2051367d6dcbd90a4d60e0",808794906.664
"3804d5b313b742228ef0f1d8",851784868.346667
"fd7b741b96080ca5b964cac4",922234343.522222
"c4cf9ab3776289a412684892",778806234.330667
"1c51566c7dedd4a46503131d",1032660893.23022
"62259b400be228a30a655a59",863913885.991111
"e5092b4a94f1c231a0c47680",912973903.548
"6f435cb10e5728ef45be9f29",953666422.222222
"04a071d777e60627223e28d4",496150819.040556
"1117078fa37ed101e9120923",594654817.536444
"d56fda10944b088d9cbe1162",431147533.387778
"e01c49250329331a442615d6",486799464.023556
"30ab0bbf876dfa515b266c9f",479713080.048889
"6aaefcb58913bb3f49954b2d",731089497.156889
"629a6122db92e378f0eab96e",658947117.777778
"a8549fa4bb56a2bcc0e15b11",500126581.677889
"34291b30d129222905ffdaba",652659181.333333
"cd5658fc146ae4b5d78fb565",563633618.888889
"ce14bec246191176c16c4e27",594541407.5
"46529f0455fd35b2f4a489d0",546405447.864
"52b3823c59546a6ff3de4d09",490692668.980111
"959b7ea50d93bf1c36e35005",829486086.717778
"5c6edbdf110bca5a66a51585",497698788.707222
"d4f6cc3cc6e923cd37d0fbb7",485459329.315556
"2865962bdff8929888a51341",733006873.765556
"105bcd15e02d39f70ec2ecb7",569374444.824444
"b2357bf117ecb5b9082871ca",492213002.313444
"273cb73a7bdec0d291e845f1",431147533.387778
"1f4cd62152d4940990ac6a9d",489198973.233111
"a13ff325f90eb49363f59052",818043467.558444
"40871d7ade3e592560d0b3e3",495029192.059556
"ad2081cd75928b8f5e506944",940485055.555555
"1508ebe40f90f90a68f6dd69",431147533.387778
"d3cda82d1fa53a7ca1b46a33",817798104.098667
"dc20d46be2470d85ad9e7e45",463257512.476444
"0a7fb26822c2ca556f62a257",563633618.888889
"40a1cefb3cbb7e2972e30d97",466574591.862
"4c3a2b3e3d5999f747ae0d53",802093787.548
"a8870552db951bc4e76e7f9a",475543891.592778
"cc48e66185c23195cf958612",761983374.272889
"09d4b5b5c2f97ff88215708d",707074085.887556
"a59320023948e2d915c07306",512671789.987778
"a74214a0d4d40b898ee2be88",575165791.387222
"dd9f28d722d43112651786e6",546243301.256444
"275360e29bf3309e09ec41d9",467521657.351222
"1e21ee2ab4ef88194cc85166",537623855.447
"268c1e17bc17dd646d1885cb",467303825.6
"33e22ea4154e8f71062dba8b",665810811.632
"5b5db88fa09ecd8f4b9cef6a",694757333.888889
"c41dfc0b917edb6e6ef7b1c8",572101198.946222
"3ba6b07e752fa580f630eb8f",855761132.222222
"fa6db64bd7cd8b0f1c0e2453",843031037.777778
"2422ffac7337b402339dc550",817297404.843777
"dd6d47e2626e2bf24f842f21",706167017.666667
"bb433dc1bd769d684d8b3352",850645433.360667
"812ad0d57e4291da184bfae5",420507195.599333
"51a0a1a680770b625579e25b",936823366.666667
"a91fd5b9b1a791a6af59b70d",860620200.591111
"094da6ca19427f1a943105f6",898901505.841778
"7af0a604d1901925aa179436",738853570.614667
"890df90091e14d1c3a1b30e8",447705784.873333
"aac17b54a68bd216e2bd1d45",440001462.360111
"fce26c7fbf0bc93937ea5198",640202842.322444
"b4245f075bc41aa29b55d324",833160266.430667
"bb70d80b0c6ad3022160c8af",521278741.695445
"ac85c8f7605ceff58dcb55cb",533573121.003333
"520415ebcdd1a4059d18e2fc",745839141
"81547b223494084af3e15bf3",618937804.873333
"a0f1496a0b4a7cd8b850f010",813451117.841111
"436fd4dce2ff0f71232f4b6c",439993078.897889
"3923f0e655615aa6b52721b8",797192964.444445
"afe03b938be9cf14e98d4a0b",488358196.824444
"0f1c472b94feffc41f1caa44",478509533.149778
"5b76ae185e6b41243777cb4a",445481132.323
"d70b133f81d6f1c9d93e2ed5",514780114.863
"865459f5342a0102d255fa07",455725257.788333
"fea5eb95dfad452d6786b042",423878376.964
"415622d0f7adb1a9f7009a63",375618097.566667
"543edc342ad39b149501aaeb",529240967.448
"89e1d01cb5bfdf567faca443",647088317.672667
"e86b99e5dac8ed0d8296e950",513849998.706667
"2c85b19f02bb3768c10d14fc",561539439.007778
"c17a3139c360750a6de5950a",589579120.658778
"cf76e6077d47a14abaf0cfb3",517895446.475556
"82ad4b3d5a215f17e745d77e",582780703.124444
"dbb4260c89524c78de7433be",544430269.722222
"5b312ebdf71ab7971f9fd2d6",617163522.222222
"b3413352f0280412f53562e0",552881551.618667
"28fc5f188c5e11717cdb4a98",523507742.906111
"c4d7a906b747428aabd368cf",596409359.576667
"a4dec2ce375ab5e4bffa5966",589148020.852222
"546d570784c7ab8746bba80e",514630507.777778
"cca9a08bc4a91f317b851f11",898702438.359111
"bf43226ba66a3e2033d32fe0",591545959.334445
"c2717194de73e1a1d8dce40f",389234542.198111
"acfc06021a7a81313d85f62b",382766799.386
"2d531a26f8b1a8afa511e3dd",614941534.444444
"4a8acae29064919c68fc8600",532019099.328444
"691b030abfe1190802349715",448589658.557222
"a302ef23e1d0d6a273274cd0",413476680.512889
"a742f415d6c57e8493762c57",750551557.1
"4672d1c9c3b04fcc87a0ae9b",897789367.555555
"371a0ee537001f7a9d58465a",812762205.618889
"ca5eecb01282d4a84017bd50",817243328.73
"40eefaf8c26b8b4736308bf7",681386818.903556
"a7ff08f7e09b19c1546453fa",679084423.944
"07a6da2c9c4833ee4cbe8625",684262388.888889
"b2d32589626abfc81e44cf70",686288540.545778
"aeb68eb7eecc4aecd5529717",701745273.879111
"3c0b438c7a4fcbfaff9f678e",716830750.279111
"c37b357d57918c3a651a5760",679169041.125778
"b65c0544e9deed76615a3138",706391368.16
"3a8b7b9048c82797fb01a8a1",715066841.956667
"7549cbd5c8003204c85ce1a5",609423177.533333
"21b4c1ad11bb1feac4d02308",727641819.444444
"b972611aaf1b68340de16545",806416907.440222
"eb3356f3856526dc140be7f4",698784519.584
"93ba409ab36d3e10eaae18c1",901307277.273778
"5717732a654405ba208c0f5f",1017840566.55556
"aebb556fa6c9275a9b5c543c",1241302161.66667
"fc72e535900c592d6053b806",868810302.306667
"04d77c8ade9a55fddd28b00c",750488938.997333
"028adaf559a05c8882893767",764436588.596444
"95781f187bd3fffa3d1b19f5",813976393.257778
"cc2c78d41e3fe29de0b4ec4c",849505315
"f78886545677e19e472fd0c4",546845639.168
"3dcdbb92628e6a200adf48e8",1303140991.11111
"4993d1487d78cd9ae2c23619",1135850627.22222
"a8a2c61f2b994411af5d9bde",935727948.888889
"57fd11f829e31e198326ac98",939435380
"59b9a5730cc8a41bb7a1d16a",973819321.066667
"85b8a65f1b00f78e67622bfb",681559340.534667
"971c610e55f133a1d1e6c2b2",934853037.777778
"0f9867abe3ea0b9c5363982c",1040425946.26756
"086521dbe18727963538aa7b",815120951.555556
"bda3c74ea6f73407a3c0a17e",710981794.093333
"257c765ac81bcf773473039b",429982249.444444
"80d2415c0460088d69574285",972821170.666667
"1554f8aa4c8fbe17e9e82d0e",776955054.015556
"00f6a62599f25ac506113149",744156233.561778
"ae26e4726c16cb2f6a6d3f2e",864330480.749556
"8018df1613094a9e4606c875",770272422.896222
"eae4a1cce7c039c644f01c6a",926157432.968889
"b07cd6c30350efc5de211a8e",898712465.102
"5a2624a08494481388f6daff",776889388.348889
"b8eb177e22c63e84738e7788",676935753.181111
"ca02c904cf5eb96ad20705ca",555856720.058889
"8e6dfdcc28f830f2696de9cf",775806234.017889
"99fdac6a2ddb1136f7117f0a",512010824.962444
"22e9f1b4b5e887cb5f0dbfd1",458484723.722889
"d89f812c7edfeb3121bf639a",533766992.39
"19957244dabc3f727733527d",499922257.906667
"ad1322132f3b533b4aced580",494480199.002222
"40c2ea5f89f5b77cc09d1455",491160089.83
"140c4de69883df9f3fb3a538",568615506.722222
"5529091bcc05ba5cb2156b15",429528590.124444
"55c5e58ec636586755df3dee",542178441.111111
"6049fb02c166ec9b4471a7c6",708708308.376889
"758b4df32244a51b2271a891",497748746.326
"2ed1ae5e6fa77e447af230fb",707245688.112778
"527a1c27e038e45d2d1fcd9f",517406939.717778
"1d0c3ba50087cf01637de6c0",555686410.269555
"d0804da971548399183ecb85",813211022.558334
"46a7d0f520dd1e78c0cbce0f",813211022.558334
"57e5120d0b71ec6a67746a59",730244581.711111
"b5292c1e1683d40be46bc2de",564685215.172445
"01e9c7531cf3c63c04b9189f",632642969.164444
"06e91b526821a6ad1372fc44",546696033.335445
"34bca71dc9c74a2072f11e9f",705405842.092222
"22385ae2b3e7640e8c40411b",702566340.038222
"6e4adafdd872a2837921276f",551064331.422667
"8cd3031963c612efd0049f8d",701669059.46
"43b2fb09efd1593a94b61b4c",707478020.062222
"74448f56811e9562536eff6d",846511543.591111
"44f0e088fee626993778e7fb",731491601.400555
"6e6f7fa167c0f617f50c86cb",784229329.424444
"83da5fb4c15e3daf727a3cc6",762452618.387778
"b45c8a6224ae2656b4189526",552344596.04
"0d926a0b5ef567c627a7eb0a",855917692.768889
"c73a1177d787a5ed72b8a9a7",441226885.576111
"75c1083db5c940e626c02f53",514744933.555556
"b925c9218f5132c6c81f3a18",437392385.949111
"9a091c59b3cb4c730372b34b",383609182.802222
"bcc704b2e178dd20497e073e",427828362.226778
"6f65de020f663622146b89aa",496466207.162778
"9f3680d00c86707fba024dac",594358219.346667
"18d5cc463455fdb4d443a6f2",474024196.975111
"f1d76d78f9266d9552bb86f2",687094620.022222
"74dbd25d407e51337f883659",874103812.833556
"88ff73eb829a6ec5bfcc0222",840740649.666667
"ed5559fbfaba86299e87ed89",645518620
"5d97aad3e83e26b551c3399a",796847866.728889
"2258ec00dec6a2b85f439135",796847866.728889
"6c94fd185169e708a08d3535",432263180.733333
"ddaa88a11432ca21d3eca774",487811085.518222
"2749b5cfd2728ebdf124a0a3",494944411.030333
"a7546a6c6194506dffd65360",642800210.287778
"6de7bfc5e8149ebc40ec0e4b",600886893.369778
"6f83f14861e13af92a2b8cf9",484425117.333333
"d71d0c8357f09fe2f77bedde",539694914.388889
"90b28f5125a0b8a0e3b10580",766972016.621667
"940e08f8fc66ac29f6d76687",707383353.555555
"41d2864e1f73e29f222c61e0",807045840.505111
"f7399e57df358ae7adc9e08f",688212266.711111
"1679719f26e7c650f24eee6d",841227551.521778
"0803ef3270948a30b3fee2f0",532255279.387778
"4a3defc2b7d2cd751c9c970e",836184584.877778
"8bd2490f83568ba653cb74f6",870289405.777778
"b4ffd0a2cdcadfb962578199",752626213.333333
"7e5064603267b61520d8f83b",448861631.94
"88964e1202647db0519a8a00",666578191.244444
"f3d94d0616744b87ff139533",624702666.666667
"60704a08df293592e4cb5719",485298760.414
"347d5081f7bd36c8edc1f352",662270725.797778
"41d3afc1118758b5314db48e",630700982.148222
"80a1dc97797c41b61f46ec6a",590903727.777778
"c0ff8812c1e8eeab07c698a1",526629349.784222
"a9a4a765b1daec2f3ed59a80",625147850.444445
"33258f995a375ca192ca4d3c",757269777
"80b6c823bad5b4c0fff46657",752169476.444445
"719055eed27f361071cb9eca",736153593.333333
"9a354d8c526efc5bcce59dca",739556423.28
"9850d970fe9fd9bae89f09ad",645555604
"f2c87b07466aad7328b7e0b0",777654477.777778
"27ca0c2320c520342717355d",533325139.484444
"e958bd2b19db118c31f893cd",533325139.484444
"46dcddfc78444011abd29870",559516917.228
"061d3fd39da1b4b1397054c1",665914801.514222
"3d1a8884a9687e53e5fb0bb7",694269593.333333
"1c0236d4bc291372483a9151",619380135.777778
"c1420f278d45b85c56f415fa",807657455.555555
"ce6fc507df0105c68c29214c",518685637.084444
"e4f26a73bad4e41c375dd897",844543444.444445
"719190aff81379902beb6497",818555839.687111
"da627dae6941b59d1eb98e35",598049374.544
"2189d3297ea703e50ec34d96",788539764
"c7205874bee601a7b01a0cd3",702285047.806667
"a22bc19d0d83b13a53630b7b",546022283.732889
"8acebaa9fd7e917d7e3b391b",455257316.64
"4e104916ab915cf3c0bef846",757832466.666667
"b0df95e9fc94d9aeebc960df",775893798.666667
"ab419cd48b81038c5a30c721",469397846.367111
"5b9bae6f556700e099fedf08",529733606.52
"989360149d9cc6088391db4d",791074392.471111
"bad7560aac04600e1ec1a9ce",521296417.009
"08d9f04bc4ebdc74e9d80b16",716762348.888889
"f4311c45516bafcfe8864c70",563966082.763556
"c84e1db639ee43ad83f930c3",461917432.229222
"f778fa43c92344cfbd700432",613478560
"2019bd32dbd09fa285a388f7",802132405.343333
"4db834146c4e73b515d510ce",447245185.111111
"9f9f2548425519863e2cd6b6",568405422.222222
"6c3bb7e1696df587990161b1",460726043.898889
"82f08aadf1eeaf2058b50592",618099912
"753e74e4dbefeccf3e6b27fb",606756163.817778
"a26149f589edb9a903782a3f",646900684.888889
"bd264728a0464376e22b6bee",583571766.68
"2d5564a502635dce2d46ef8e",800234417.306667
"05bcc7d7db8d352216a4af59",629258990.494111
"4794d9994512f01a4bbb6c48",565687720.484444
"64a4528640fe492865ebc0dd",697738154.576111
"f655ec98cd42b0bf2d7cfbfe",741589220.027667
"b09de5f1e028d4fafeb8a22b",686569654.052333
"4c79f17573007a39bb2b4b7b",753548144.386111
"824894236c20b081af2c9868",772120428.926111
"107e76f0c913e19217662faf",879672213.835556
"d5e2bbb69ba3876b93af2d3c",892539025.435556
"a2905faba4c1177603e6cd5b",837314954.739333
"d13e3d432783206eecb0e192",996977450.022667
"6fecee4b1e5f50c0b27dbba4",907751396.151667
"57891292fbd530872cbe68b2",929352854.844444
"d0d6a1b5c60ad420ebf2ab8f",748166956.873333
"711736da4f0e8282fc8c9e69",732473229.44
"f32a3b542efba398907ec912",562983379.780445
"299a94a02e887c6ab1de59c7",448505039.297778
"ad844bdb1150508a4c6d57b8",671327433.645333
"78c17e6ceb87f7587364c873",417163486.152444
"22e8713e2051c88cdafe2364",508011835.336667
"79c5085c14068e492e402a26",946772632.232
"205e9d987013859f391b27b5",921559452.339222
"36aa7d0cbfe40adf3c86a134",757366424.444444
"d54d787189cc8f014ae58aaa",655732655.777778
"fe2f1459eb0a380dc31e3a4e",832534878.79
"ad663952ff2ba1953efdc460",599441813.981222
"b7320c35e90f33fbb1c28813",610075152.428889
"8f90134b8e68948cb18fced1",469987518.333333
"2dfeb06300828182d4109c43",769707826.875111
"3f5a0cbba1433e9b6588dd73",629317314.697778
"f952c40e24c9df4ab2d62017",795298001.131111
"462c7546b358b00e617ce012",575045091.561333
"e0df3391aeb8d3f4b00f418b",656983584.296111
"1e48878318d35476c3e87520",473531665.606667
"e3903705d5a48c6d9f828ab9",599034579.206666
"9e590ad7d22105456bebc767",608167252.666667
"d0fe3d393eee5c0cea5bb6e2",510655337.983889
"57b3791f2c5acffb0097f7c4",552566207.885
"e11f9a5cf9d6ab0ffddd6096",875537428.876445
"9a3920f803b087c29b487cec",525199431.661666
"6cc0fe8ddc318f1bbad360c5",646870749.369778
"3e0c656b64d39ab38201a112",434310879.928889
"cd55abdb54bd56d54b11fad2",651352488.036445
"7cd39eb8de56700519d8f287",631698189.555555
"d762007a4ea5de370738e875",663457581.333333
"f4fc67d9b9c6078003f9af35",821517701.816889
"dc0a4632d7378c25be351760",758288222.222222
"530a3bae5a13291c69bb8474",563490054.519444
"32b678be83da2a07b37f3012",569976067.752222
"349768047d470d2fa6ff1930",849597841.611111
"e017c3311e2fdeb50a686547",901120935.351111
"bd0329ddd50f2dc4dafebd26",877858270.222222
"f6252e878aef5f8a641c3d6e",576452919.920556
"45ae8ffacfd00fb4a4f53d0f",908725206.222222
"d186e369ed884150e71906da",899174923.122222
"7b9e6b7eb3a5db0443193fbd",738472862.352444
"1ddeeae13139b7c9ada353a3",501823359.3
"a1ae6f9f5d02548c89b23904",704732017.666667
"dc298d37c5235e15b4cd68a3",687664223.928889
"f640753edfd8fb1a995f1de1",438481624.460778
"69a1f439de0f06e1143a0006",652897846.222222
"98f253233bfcd16533e2a448",899466544.24
"ece6f8c652d4227370ef0fcf",945412443.333333
"599506739a6544839bd97b81",774623456.552889
"a12f49f4ac3c5bb0dc7d8d20",461267879.242889
"9da00f8ff8e19d26c1342274",1107367555.55556
"cf5213877dfb4df98f0dc10f",586882304.734445
"84c7006b5a63add890a224e8",756270730.355556
"88aed38ca59c09e1a6202672",746144966.344667
"e6bda9370c80a5f7e5cb6b07",712990128.883889
"3b54ab53b6e3453e333a0939",467894700.026889
"e72ff7414cceec6b162df345",563102044.843333
"f2d4c1faeb7694370bc65ec2",515843706.457222
"e1ffd027cce28c44c0d2f80c",541495569.444445
"5c5039602efa36222e64108a",570780493.923555
"b50f2c871166ee1009416be6",582301718.716444
"5e7e36116dbc08932f5fcbf0",716323908.927222
"325ce336d3df17a078db5166",570986207.547556
"a26e967b288a1eb6d8e71d46",549956555.364444
"139331d23d9e3c40cf083a7d",821674778.952222
"1704b2d5f4a33401fb153608",370409200.151111
"ee70354146295365bf241d9c",459123871.683444
"fbb0a76f05908c118f7a3df6",428263511.965444
"2aeb794adc9892354aff7240",592696460.667778
"b0a32581cbb586f9710dc3e2",817933222.222222
"ad7f3aae29fa1e7ec900b563",667498088.333333
"1695225258263bd2f463b21e",810733625.977889
"f72fb486fae49fc1de1fdcfd",903231720.888889
"6b8f7074aed7ae7e6cfbb090",924911639.857777
"619dab52b321ab297a604185",971062183.772889
"b5bb9af24f9de68e91a1df76",953060888.888889
"ac3d21f51637207d3e031c2d",686704939.770667
"2aac28d03c2110d871b5f274",471588947.376444
"9ef498b11563827597c82947",578801751.995556
"4f2ca698ff03df0c6386e48f",655679342.471111
"606df4826416ea0f146ddf99",564293865.007555
"9ff08a6ca1c63480c563442c",771835597.1
"ec27554aa1c62314f4d46fc8",495076493.566667
"762374e94f17a8783a66d598",581677322.235556
"83ca3a41ca4b5337107c197e",701041861.824
"c166a9293fa27e910e1fa9c1",696933698.009222
"57f8a1e37c4ffb1b8cbd342a",613205610.555555
"393d99ca47315ae98fe9e7c8",945947458.933334
"9bef4aacc63605f2b2b62292",577238876.722222
"a266efa4e41df357ac4edda4",857625793.424444
"adfdb0eda9aa97f0d3005c4d",695541757.222222
"f05aee3e433cb036653b4375",609630204.333333
"2dfd1808bb95170a088deac6",738626555.555556
"dadf0a00434e8ceefb3e26af",811976755.222222
"4336ff9b2dc1d97ac8f9694a",504418503.208333
"eb14a5813f860bb74740da2b",460070880.602
"3d580d0df1bf9dd124c282c9",435519457.796222
"49bb5311607e4c7600caa03b",537010508.888889
"78a39ae05ac53535ba0fad2c",606709967.222222
"936e18fcf06ca3c46eda7c8c",599870428.164
"23f12add67accdc9ed40f59f",466984840.335111
"eb1b9e15dcb88964f79e6a4a",490795736
"e2b7f984616fff25e3dd6a3f",758940336.871111
"b8e2b98548a234a245d7935c",739845581.333333
"79382c56606e701e44d55033",872148938.888889
"983874e637a1a5782f31089f",521819206.660889
"3da9de8f610e5c40401a5b78",588349234.934667
"cd69a049dd8a3822e228ebaf",730095744.637778
"604f1b5149f770a8f370fc75",525717726.685333
"0d24fc1c5deb78eb1a0caa51",525238626.155556
"583af1118e60e46c347ec593",796865806.182222
"13b181b46359620191e6e4c1",475138278.406667
"50d8333064f0560cbe549f89",640318300.902222
"d9000c1afed253d05de7819b",465732708.691111
"792ac070d1a314f585f09987",471953188.538667
"3e874c25176a3abb336b31ac",479967541.452667
"419ce7158ed62eb6897cf09e",459771776.534222
"b6b87c05c4238be76d94da2b",501938018.033333
"980d809e549333b475477bf9",472859530.330222
"a7df3d344010d5bb7dc70bf0",451999158.190667
"3d474c6a88ceb86e00f68b3a",448506978.198333
"be4bdb73add69f12f7aa6d06",557431814.987556
"fa5234ddf23dd0d9cbd3cac2",488903044.010444
"91a08f81b621333ac58c3845",620380381.352444
"702aaf395bc78986a008d70a",530454713.031111
"86b0c9c1277e9143ee765b43",439826775.237778
"9c2c22e70cffe6836f554f24",493062455.738
"31f56b841b122b35615bae2c",462437724.997778
"41227dc9c9948a5f0688e426",571815540.833333
"781989d4b732f961f91bc3e4",520279370.577778
"cfed0221146f4d83d641e1aa",464092781.67
"8ec491780efb2c27df8dc08b",531785141.282667
"8a5866428508658b4a2a4cb4",601581988.555555
"156dc81d6e14a71716aebcab",625186595.528889
"c24be8293c8f4080562ec0fa",486599656.154444
"7fa11c05ed1c123c1a457b1f",605919621.817778
"a63c36f6e7e7ce7c7e7fe457",806097872.73
"f9bca38d3e08176649504e74",663877827.777778
"3d389130627ca7bade643f47",624782798.888889
"70314b0bd995a4b03c771ae7",534242321.170556
"a3c3c9fc04cf2e2a051a12e6",498366628.459333
"4cbe75a162b076c4c454dfe9",460946870.536
"0c62d4d501a426cc8fde0c36",722563254.780667
"533363375cf2cbc50d86773c",634266316.623111
"21d0f28d5f30a64352e60ac4",471706726.960222
"471b5135fced50f7cb4197e2",494444157.852
"1c7586fd8a1a38bbda9c92cb",523769353.371111
"a0f28aaedd12f3d0eee8c6ea",472478506.311556
"8923182b6dcc9f2d8be1ab53",606230131.031111
"67f694b29bfa494bd9d9cf44",641496426.111111
"b721a5846527d5338322c9d6",542948077
"ed09fe201c9ab02a91779dcd",644818997.222222
"f49045b312d12268eefedcba",642432227.777778
"22ae194316f34d482bdf404b",486599656.154444
"4f450ba5de4766e5ecb8a4a5",524244402.136445
"235a2209cde8f8b0276c845a",533949063.888889
"f563f0899884de7f9bdab405",485647660.391556
"5b462279f602c5b67ada82ee",637137049.013333
"fa4af69aa064a4306cb110d0",544020696.344889
"a70d32ccaa78ae9417aa7e4f",490818076.09
"77c9e5e3a6d965ede708cda6",546133762.348
"5637f3d3278ea049333afff4",485569993.672444
"1b1c220eb91c9448b520b76a",617772416.985778
"f4a6ec71ad7790df9578324f",493806622.028889
"217e1715fdd5db76ce93cfe2",516526051.173333
"2cfa1397c901b4e940d9f673",484465373.239444
"44672de0d6d9d0cb3b4ae938",596506455
"1c50477e5b3a67f3d8fec62c",631472814.444444
"0a2a67e8b310471b115c60bf",554405938.641667
"06220a42e68510eccb4d790d",567371166.666667
"611a3e1d63c6ce5ff8779243",502619889.585333
"1284d7ed08122731aa7c0461",473945056.650333
"d44eebc871d1fa6981c32ccb",510055330.822222
"43272151f217feab78190393",704735043.554222
"6bff92260afd556a98d3e3a5",669167624.77
"00586a92b53f4a8f9f6b3022",748531663.627556
"745e7f6a83b55196f231466f",848312945.271111
"9c558e10e5bbf230f16968f6",720896863.844445
"1b425a31cbb73b713f291e19",897837891.495555
"076ccba20dac8bfcf184b8a8",699084434.547778
"c8fd8b729f4ac6270aff9c9d",691647501.562444
"52f026e670e9851b08c70542",668217853.717778
"00304df33a3c9a7e396ddd3a",829081486.666667
"ee27eba49457286b5ab76172",921006723.111111
"97b57932e5e20416bad6919e",813277187.698889
"e570c5f58a20fda42bfb535b",789054638
"79acb227b5ea365414982957",680678242.222222
"d24258de8d2ca10186660a1c",713171493.333333
"8a8c202c069c20696c2de85a",659628012.494778
"40f301afabee5be092ba20ad",808375426.040889
"afa842858299a6ebee166e31",724720740.806667
"7641dcf512a05ca754930bed",664160539.135333
"8c9b472c55d4b99e44041de5",717720030.333333
"88b98c026b7650192034535f",696718891.437333
"9bdb1bc52a9ddfe92e6a948b",800559532.995556
"4abef5720fd889512ecff70a",845022611.998667
"58b139bc16fa2731e4b76f28",666184908.888889
"9ad9ac8728cfc2387285c24f",650851612.391111
"75fd5603c4de9678627f81d9",848992140.976667
"9f4a25a5550f016ef2370229",773555144.675556
"d4f4d0ed36ac9affd71f302f",694529926.917778
"51bf7bc1c19fcd42e71f2463",557591514.526111
"49ce19caa1325233d0de331e",768344369.586444
"5aa1667bc8db26bac1c72f5f",780525811.495556
"b43b36ea4f81bbfd4dc4d781",672765616.773333
"2a623b33f3cc1f54620b5233",771361689.777778
"8745eefb9e2761ff7eef558f",914460984.29
"0e49eaa5cde9375b1f026820",719557526.992222
"f5acbf43add5776430d8d4a9",737411679.866667
"ca50f7143937a99accef865f",808105017.036667
"0e1bc8ba1953ec8c28e53b9e",620208382.142889
"980bafcd065c8e3d6cece127",658888420.944444
"c81133d5a58d7e8eebb10c8c",838563014.217777
"09656004f0a7f544580958fb",776278206.030889
"edd342f84fc90478e344ea1f",596679927.059556
"76974826c758eec5c255c5da",835848312
"63b09e45c1b7dca181491030",679208051.069445
"89952b237fda041b09f0efa1",720814327.444445
"219164e1d9b14cabb9bbb8ab",672035662.329222
"ac8aa244c21a9b86de4ed599",825326155.801778
"92ba222e2dd63a4453a30637",693428740.888889
"bfaf8b7796c8c57bb5997be7",873181302.222222
"dd5a565f854eaef90976c5fc",850570520.017778
"f8ccd21343b112d8f9e7123c",746761177.777778
"a90991f865ac81cdb3de201f",710332534.611111
"fc57fa9bbc16d1b8106c2c70",748081568.328889
"9ee3218bc61636cf0d7f8107",800590673.719
"c00592c7c0c3a863a1bab9c3",670178972.388889
"f0aa18bf86a36daeb59946e8",790385612.560889
"e186499af986f1959f729b9b",730680873.432
"18420ed4661539a2d72ff400",725186292.665333
"957731b9940c9131d92a22fa",832322871.122
"9172caeeaf6498737fa0c6dd",755472432.24
"c798ea36d2e4a8119723eae7",726906500.752222
"eb963f082209fc077aa72bc9",864488305.872222
"07b7ba964a8e30dc16d66443",986222276.237778
"7fe364ae771a7689d2fa5584",898464789.777778
"c59e06a2ed37fd750cf39976",952786325.356444
"ce03d8ae43a426e074ed35f5",1006726889.84889
"b76c45ccae25a06dd5fc432e",834706790.999778
"f855725acc115bbbf03bacec",856109045.449445
"b0b0db3bbe07839bc2b600fe",891445194.526222
"cfc8dcf337e020b875ef1572",948735482.222222
"390107256faa08574d7231d2",942556542.794
"fb10f3b45e865b4626f65ddf",777118406.654222
"75f167e2273fbecb2c81ac0e",905404720.324445
"a7b15424d7c025d885636a72",874369703.354
"f9c11e980254045d7478f273",888660266.434445
"e0b13f6dc213d05133252d15",996977450.022667
"c12f362b9060344ad044cfb7",830559087.108444
"f872f224d2af413cd104f24d",983295444.444444
"092045750c36a8945c526a12",563453426.133333
"5ef33cf17d4b45277edf35a1",550804021.236889
"fc64387d7c3c91a6e6e876ab",597143626.96
"c1168159d4e2fffdd5662757",638514394.857778
"cb604e3a56cc847189462004",878633602.222222
"9e95710c61a4706e21cf70b3",532422354.116889
"ab37f67a3afa274e719ecbd8",652538370.635555
"970cb360eb64128037be7e23",635528353.32
"e42fc32db529e088f15cec8b",840772220.063333
"8925028d6e7a6cfce9967779",512749697.189444
"759e76e38d84a4188dff5446",754949931.666667
"83a376df2024c4c9fbf2a0ca",444644053.162778
"a8bb80d99280e332084b3950",609246481.444444
"c16ab4a11cf67a39fec6f049",482088381.062556
"9cd1127b1bc10db6b8ce5d4b",943866299.002222
"ddfa979b1d7cdea1d7dd0a86",434784255.399444
"d78f7a1592c0779093150ddc",675247995.282
"97ce3e0ef38ad12f7fa8c4d0",442420907.726889
"5c789f2834a1a69aede6316c",464729665.466667
"c29ec380fc7295a9a770a74b",427489644.640111
"5987f6171a2bcb37062ccc94",716821804.504444
"1e91de6194769980800b4de8",841749311.111111
"0a0f206f04bfb10c137388d3",848900156.566667
"34dd15023216e187daaf5a07",773623222.222222
"33d2d1db291a13affdc209bf",615345357.36
"6fa5e5160d7c2bed824bc0d0",516116704.5
"8c04aa7506b8c80c1bac23f5",824755542.803111
"e5d445e39104d9ee6b244822",673554114.431111
"2ca6b3016a89139ec7590f9a",784796737.015555
"e567e9e5862b13f0085505d4",475163455.940222
"edd1c4fdbef4e6beafbd39b8",466492863.253222
"039a9029c4341b1528ca6b46",466889462.511111
"fa1533051ea4145f7f710ed9",485479681.909778
"9c99a85c5dd878568582dd9f",503772374.765778
"9ec426691c80918203394ee1",434304237.324667
"66f58d9d1e1eb7e81cab24a2",683033729.559555
"0d0f8ce05ebe99dd3bb7b23b",639951736.908889
"6a65986cecddc5c47fbddb9e",663375125.621111
"a82fc744f537ddc6fbd16883",698716284.509333
"d4c40178c19d6cb2fcc88e48",625653711.940556
"4034cb3cb77e9cb39cc98fc5",672861632.444445
"41ae9d3d280d4eebe510606a",585787005.775111
"4aaf6763c105ddf2a6eddbfe",497787130.38
"633a7038a23ffaf4b3f7896d",757150199.707222
"2a531aa9576c5f91891cc8a9",729990848.680444
"85d58cf85a179e167428ffa5",742836471.601111
"42f05e5d4862d653efda75c0",685855380.025555
"256a46a6d45d168169f63aab",725624331.241333
"4b0fba692104472b36c38c3d",670846855.095555
"253c85b226a15d0ec2fbbff4",721193182.035444
"b0bb2299d5f456f800993a11",644399418.128889
"47fe78f6299f757b231be10e",661162515.613333
"4d09ece928ffac7e7d270bd8",579448827.066667
"fc762d2d172737cabbdfcc75",805259305.888889
"2809252a96f47776d12021af",738919094.835556
"29eb473852b36dcfbda0c702",820275714.717333
"231c050bebe12f568ef92afc",443962624.541667
"acaf9e18bbc7295633d92e01",746430934.234889
"860435300909449c0443c10e",865694237.777778
"f967ad5e086f485c27f09990",851420205.222222
"678927546243e932b48d6058",887032794.691111
"c537ea2620b8c3a3f013c0b9",893963500
"10037227b2a24d9a72ced322",643562636.762222
"1b4b3662ca18e731acc18928",906814886.420556
"e6717956eeaadb3e95840256",778600214.047445
"ccc4457f68fcc1a416e3acf3",554656692.013333
"94d91969cc4b9aa1e856d801",734008866.666667
"2cc821cd7b5fa82b27308f87",409158920.500778
"f05b3779581ac0015f29571f",658520780.095556
"dfe09a5f848e8e819c361ac9",425394565.887
"ba87ed2a657b0b042a05460e",484253094.651667
"f967aa89a4440cc1c44bdc54",532078713.192
"81fc8d666c8735e1095d0d4a",906136333.333333
"fd8b9540f1e9da778d566d25",486822213.506445
"70baafa9789d2fcf1bc212bb",658065702.651556
"4911f8879e5bc9c27ac13bb1",462134335.768778
"ce53f3477814fdea2889cd2c",475566860.888889
"62f022e19ce6608919eab5f9",468710537.431111
"55657bb933aa2ea3083e0b90",483561918.774444
"808dd470aed6064f02aa5103",413044917.459778
"39bc028f3b42d9ea48808ad0",522184053.971111
"c0c01ecbb9189d77098659b8",502939533.113778
"57c68d470f6248d00b6719e4",846422662.632889
"26c66cf2f43bea00e6387326",776305921.742222
"b5f0dfbd34392f6855bb4b52",589869963.333333
"25202264e18928158b89278b",621827306.085889
"e93abbb49b24717d3a0767e8",733296543.441778
"906e1f2e1bc5cd51a55b0266",763432059.169445
"eef1d35ffd08dd161a36a2d1",865317586.352111
"35e0cac576415a4e61acec80",921559452.339222
"53ebe061b85f046ed12ee9c5",899244173.982222
"059d77736dc72013de7767f1",548118466.764444
"17d7986a62e0b066e4e5530e",465643055.691556
"8236c798dbffb3db51d5d744",429504257.187111
"587e67078115103d184970be",421297232.901333
"7569fb4aaa9a52d6a525e3b0",424708831.123556
"db122cadb7a9c33f420fe246",424368831.123556
"e852246b7661d30dd2e1f0ab",424708831.123556
"f04eb16931448e87aec205fd",494316447.535111
"90e858d3740d4aec0fa21c12",552469138.312111
"65647ca6e47eb2b9ba20058d",674014261.124445
"d0792d22549d1b3f63baf3ad",498772700.162667
"76c4045b5dad9a8226e9244a",558537058.388889
"fac4f0bee67523194fd4312f",574546884.666667
"ba89ed56d156579ce288dbcc",549217332.222222
"adce397b6d1473b9b6d02865",700023031.148444
"f1a924badef699637ea8fcc2",616182790.444444
"3bdce823d3b96e8f0170d96d",630361003.151111
"439004dc23f97a878ebf371a",649808705.664111
"192e05cd731950f91fef1d83",1169667500.57822
"5110c49047db23ac3aa4ace4",568988813.333333
"f4f7bd9d03eecf35e9f37619",892862523.111111
"141dfd80a005f7b32bf70375",838433806.353778
"08513fe1cddb2cad74874a59",499780008.011111
"6b23aa3ca5edd20134811cea",443678460.258333
"0fcab263453a9f196468e552",765613295.594445
"127e08fa99afcaa339eff684",655039327.116444
"d2c46ef63db73ba3cb7e32a1",641808600.931111
"7c50c93bc9e8846345892c12",720814327.444445
"63698398738ebc7ccebac817",674189401.685556
"417e974a3f0d97e502e49800",854782526.666667
"6483f2fcdfbd26c621a527fb",845883376.866666
"3b739666f401ca6b2135652c",852974402.888889
"1b750e6e2e92e8222482cb46",761138254.507778
"dd34882ac55c57480663f7ec",841227551.521778
"026c6384ceba017c5f2cd66e",609159859.710556
"3f4272a3a4b14ce152fc3abb",483974082.627778
"5cccf025fcc0a7d9ea01b170",491634340.132889
"c8d179013c5bb6379693ef03",522969672.960778
"8c258d10ce32150f5fe5b712",816004222.222222
"eeb6fa8f820ec63aa0aaa303",766972016.621667
"ec8b305ddc2bc211a8a05d0c",478852866.999333
"5a84e6d2ab8db0fc60775d03",604233795
"015d17895f32e2a8b616ca1b",670583147.555555
"6fa35f1af6d51d341a3165ae",678859387.722222
"17821a9cb766b0f3ecf24e83",471868586.209778
"23141c17df584746755dc508",455870994.378889
"00076c8f390d5dcccc133309",749442409.904445
"25488b1c8fedde6250b413ba",434717296.612222
"5ba6b4953759b45cb83512c7",976375404.88
"8ea02baab0c59eac6584f62d",929226792.244889
"b5c34f90096fc88b8ca758f2",913429548.042222
"35bc25d0f9de2ed4f714fc8c",706448625.444444
"8b0e1911b8ab8028409dc9fe",905199516.275555
"2ba1672e49c023258d262d1d",481034677.928333
"2d778563921376962d126cbb",598877716.995555
"bfe7c873b2fbad871327994a",598617023.277778
"72d0f19409c85dbe32cf6ec4",770723363.888889
"d406baf5cc9b4473ae9b8426",383776784.738889
"070912b7e5fb205918c1f4a3",416673789.036222
"659abd72d12756ba0670f466",396421933.732333
"7a464b948b65544159cd0db0",664130620.222222
"e89774d061d50c83b409a071",398573764.747333
"fd6b2efe5da2c35058333bbf",720902560.669556
"4577c1623c8407e95e893e63",564438294.217778
"21adc839dec9e8efb128abf1",458487760.572333
"aa843a050ebe8e4b3a04e9ef",913285906.414222
"0252fcaf7bcde09274d34be5",845050850.067778
"46d77c92811f0c87d2d4907d",830169713.111111
"a8c662f906075eedb098ae5d",676771013.888889
"b8b46931b93b7750e0d1ada3",703122427.500556
"efde559422ec1dcc55abc686",784650937.338222
"339bc881458ca34bdcb771da",860480948.353333
"d7ad6527cae719481f849927",853671359.364444
"df3abaff81c430b4ba85d4a3",884660781.26
"bfd2f20a7bfb0d865d7f7193",951027555.555556
"fa3ee96e6b6ffdfd00aa335e",969813273.333333
"163228979751798ded8c3fcb",495092925.888889
"3578144f12e13e98e8cb2480",450087909.913778
"7136cad475a0480044707984",592246802.906667
"93f5694b4854068f42ffe55b",549121562.310667
"51608bf64739db05c47a3bc8",680324357.843333
"6a01b6d09d516d67f4a2fb43",448212671.753111
"5f26f33bd89fa7563ac6873f",439837148.480667
"aba54b001154ad881dfeea6c",459955925.237778
"b2eb63e5da917ce649a72142",499738784.018667
"1427aec89ee9564b95e93cd4",524050342.978889
"a0087db5e9e2cdd6073021a7",494748741.753778
"4396f94f7f3c403c43d3ede9",610662833.712444
"aa703cc78a1ce659901e711b",597763710
"0dd1bb83f0f18af30da139f4",580425566.094445
"37efd3e2a5b6567957c62081",528907970.236444
"ea47ad6335e74dea06228b16",540091759.964556
"8a975117ab302b77ac057823",532342604.327778
"ca5949c4bcf0b63e5d1be784",472969316.186111
"e9f3f41366d5d784c2928937",593229608.888889
"7a9c505db21b777203d34bf6",529582277.888889
"238cf9f99c4b01777a97f82d",517339401.303889
"385fcde12021f4bbae6ac2fa",522845917.591667
"d9eaec557a7a6674565db1ac",744696390.647556
"30b0c440c0bc8c6005855ff8",652458259.08
"09feba43c0b8f3560fe09be8",777391122.555556
"2547bcc87b618d3d7e22dc21",635384595.205556
"1240a616080d6ba5459335a5",617494820.978222
"7cbc8fca4f84908ed4e7192a",569229588.295556
"151a16e94d538a7a6d658ee0",782259652.088445
"a8ecaa9120c6da21229cf145",766309309.464
"3ca34fa833e6ba10cb4b1944",637661185.122222
"dca2e851b82c512f01611ade",715527276.267111
"3747996611a842c452865a9c",716754472.825222
"3528df61a44a9895248336c9",637706032.739778
"398a67970cee5dc873d71bbc",806064201.634222
"1ba2c2eedb352ef9bb59c638",609643306.411444
"f6f4a467f40bace72ecff598",779771262.611111
"b2af9047dbf58867ed0c42af",805052733.333333
"012b8d616667a6dcece0dfaf",910380344
"0b117f10e699f10f97a7e7c6",854043912.888889
"8d5192b6208902ddf4804839",920965800
"b86cad78da7bf06b5ac39f99",803629213.333333
"4cc8c95dee29e43463a8dfd9",591017493.888889
"76846ed8b7ab36821b848f2f",564236290.182222
"5428bf7f37a94ce9fb2dd435",601304242.964444
"b22c39c3df7d8e32cec2ba43",551539571.293778
"44f5380847c175a42becfcdb",1241719466.75733
"fae53fba5d405b2e6a3abf01",395771607.798111
"3b52bd5eee5ef8e3871dcb3d",1261620777.77778
"21eef7da02b0f2a2fd987135",507244126.430667
"1dd6b0ade195edae38a4a20a",598470693.871556
"f359afc7bb50cf6a61ac63d6",467502977.439111
"b0de107a8cfad95f09876eb2",764191962.628889
"2e8c76f4ed59cd3924f7136d",875656646.912222
"06a2efde5244f7d653ddfb8e",653984915.405111
"f72e2f6cfbd32d97bbff3ac5",729286604.544444
"9705748d2bb061678a80826c",882550890.471111
"9620068cef0622c404e15960",456983017.178667
"cf2e8824527989d3cd29c058",505147932.377222
"6e606a7c8bc632ba0ba37184",503236636.483111
"63fa384ea296390350f23d7f",542190281.153333
"4d3f5e7ecf4d361d7eb55f5e",510500830.676667
"e31a209077a3e47712588730",577235127.328889
"5f18524e839c2987594a11a9",607822486.902222
"def06f49a0b8230ab613db94",688455166.492445
"faa72370e4c7718964930805",688455166.492445
"983503bb75d84c410d1c5d3e",752000965.618889
"30f381306494ebaa760b990c",653139578.942222
"5e72dbafa642e4f416e6f01a",620050437.038889
"3d5ece38670c1c96df4cfff8",653139578.942222
"1bd6861d451d128c8bdb72e4",801431410.962667
"072a6f084d31a5a4be4060dc",773611685.791556
"4d8deb43d663fb079262708f",813355044.444444
"f00b8eac1812a500d7a732ff",819932574.551111
"77a62d5e2c89da24f66a2118",818905772.382889
"961886897eda4b0ce54d1d82",814980468.398667
"6f6c83ff891e43b7c84728e0",862882777.777778
"ca8c85e8100f64416146368e",870142498
"24297f4a3e14c24c941e7720",909609779.111111
"98d7f0935f021acf313630a5",877406534.630667
"a362533eea6c235049bf3359",691738135.804445
"2ddda0ae748b38a6258f660c",964220461.146667
"b18107a422b9eb6da9fb692f",822064101.160444
"11cd643195dbe5dd4567b62a",837587802.933333
"c9ee7f0666429c0c15c37499",436083492.258444
"c386d1ac4fa8dcec4cbf9788",598133004.217778
"21e0bc9789139640ea33ed09",927743478.031333
"cacb91ac1b835d62422b8a8e",769427282.780889
"bc41e69def6bc7490800c4a4",424874478.196
"7a13669d2d7ed2e50b80b4d8",486186915.916333
"08dbbd8d672fd09463c061a5",475412550.288222
"cb93b0d5e9a26628b0462b14",715365664.693333
"d6a43f209f810455fa41dfd6",753032331.6
"ed5dfe95f82f4c087af07045",757334366.288889
"02060d2f56e979a61427f806",606866703.772778
"88ffa9f0bc3f6c9f2e589a75",890081391.004444
"b48093abeaa178d1f7fbd83b",683995280.777778
"b42734770dacb7e580a6d742",591925537.533333
"d3aa845e96d22f31a3656aa1",507699216.122556
"becc3ae7a71d597bcb16d261",644975163.694667
"8dcfc24742ba669335a2d65f",819262365.618889
"45e2411d38589a2d85774c5f",646157941.472444
"9761b0f43949eb5307472ba2",871217524.528889
"e07035cb49625760c7da85d1",528614256.740445
"f88bb9c5a471504c13d3616c",481785717.683111
"4bb5265c6e63449e5fbaa270",767048178.451778
"ac73b8700744cb7835f328cd",799210988.912222
"a632ececd6a023aae8a7b730",490918602.484
"858288683063dea9d5c57420",565501169.859667
"d04f549fdf8f34bab19a171c",490725770.246667
"6ed5fa8f114431d158d35f43",522756808.849778
"f849dfccaa8163d24ed935e2",742081478.699556
"bfde6e7200fc27e6e6f1497e",855026703.888889
"59c11d3de7153d2605cc2273",725560149.826667
"33ddf4e1ed8c864e9db16887",581218150.048
"00f5ba660a4fcf6ddb96220a",593804334.324222
"a13004b87c6d7e7bf6b75730",827031354.615556
"eebc02ff14b6d270746ca055",816810476.73
"65ba6e178f3565a84c6ff973",702136940.545778
"a57f40f00f80abc7450aaf9b",719204311.980667
"df37b916acdce817865197ae",708144400
"b5c074ee2e2538aeca099fc4",862492569.638444
"004c9da9ef1b3b5e309e475a",555213803.292222
"c5b47ac5c4b7476d50bd56ec",669588724.444445
"778ec765417db9ee48d697de",583805580.27
"b287339babba162e290d0fb0",614308009.547667
"4d35e00e86a9d508d82ea90a",457036988.772778
"0dc2a023fb6c5e0b92d86ae2",639681609.109444
"5787d7c671378e596edfb58c",687472318.323556
"8595b5517cb3f1ff8094d67c",578538310.272889
"f4d53276bdb5899c6f059c67",753031144.152
"9562ef63320854bc6f94b5a4",532983501.48
"c04e72fb6244d9a9b28322b8",725441486.272444
"3d141576443a97b0202c9672",895754533.592222
"7caa4bad394586a46dfad854",804399779.123333
"8420bb74fadc0c8853cda025",417528025.920889
"b274adb68a37458cc5181fe2",585040070.902222
"8561bc940a91f029147430f1",716821804.504444
"258a968e403e747af5693a3a",877401475.555555
"0de34892fee879f449facb19",612922017.977778
"9634cfebe7e6b095f0065ee7",541393896.541333
"1f3544c9f47bc00fcdf59d74",415860880.218889
"e3077f6e47d130106e7165c9",698318738.909889
"f0ce47907c3c30b6b5e990b1",736444052.333333
"1432cf7de2beb14fc7603ae7",890476240.313333
"60f0df18cb4324ce5f4bf650",719394735.983333
"7c1dc421f5a689aea5babe4c",672292803.888889
"020dfae44183c65b708727c7",472426619.583556
"92a9c07259efc617e7d58f9c",512575976.045778
"18531c57f6dca78763d360bf",632529856.041778
"dacd62440872b6e94ea56fab",479787900.303333
"b607bd072e8293d6594f3829",470256127.497555
"eb86c1da60250e5559fc3cfe",553210129.588333
"fae649fc7256b9a3ec036583",639689588.888889
"b7fa81aa571906a93e9b6cba",808908352.448889
"0823be832fff81b3f1291859",462210954.329556
"fca3a0fe5db369235960d285",504512303.845111
"496fd5c93b2a578d970ed55f",452150143.438222
"9c63c6c27c74c03f071385e2",566331575.528889
"6ebe90f7140b738b3696f086",517473853.242222
"7110d6374f3fc282e4f4bdb0",485463015.243111
"d33994c75d98941acffeeb90",878963529.465
"b8e8d84450f5e0bc8a721c94",763195155.241333
"cba57e3b393b3e392c7431fb",744197103.885
"fc2ceba651bc629e7f690849",721757325.760889
"857761b5fc5c7d101cb765b6",685153008.150667
"55f67dd7302b68477e803399",686559548.868889
"19f538269846412f3e150a4a",722849843.265334
"75e0fa8e5c83c49d3a0dea48",848496904.441778
"fcdbfb9e15352cf210cce7cd",745357122.220556
"c2b91ce4b1bc8c576a0ce1c8",766195280.588445
"73eaff92528288fdbcd61e2a",872988639.000556
"f6544a1c169aafe6c8142907",866485017.333333
"cba9aead5bad82b31da51e6e",783712110.418667
"b239bdcbfae846bf74791728",599591261.718667
"3b823e81c5378ee3c977e863",494427872.022445
"1b4db5fcd1f92d3aadd5c28f",707431312.968889
"b50a6b85399ea2c6b5c33405",749014124.444445
"1e6176a558f301d81bb050f8",826298254.015555
"8bcc1b035ea93a5192256b37",676792858.574667
"71a3f0980cdfea0ebb869935",514998034.051111
"8cd0345dfac13ab380240b0d",494427872.022445
"e66b2c71519ef8756db69b97",499138704.582667
"c843044c1fb30819300448d9",470692961.438889
"4ae10e7fec364242c88e511b",608140798.888889
"c9e92b994e48df83dcf9976b",895329408.66
"27f41f09ccf8d182c79cd48a",857634223.095556
"d8a7c0b01bb545c414e12a23",913656621.374333
"f3e2fddf1dbb400788a5517d",795886530.780667
"89a066b7d6a31dd066fa0d32",742165505.746
"c245bfa6587eeb55227c8a4d",432082285.715
"500d7c5346ca11ba934e7ca5",580378232.515556
"536fa59adc007df763949045",884039505.655111
"223813dc0188fc229b63e8f3",886030705.555555
"7c972ecb7b90537b1da0deba",473616162.552444
"98d8411005ac05d77cb12516",698137487.909444
"d12c08cf48be75014a149873",757264530.587302
"955544a0bc2eff312e965c2e",917181230.678889
"20488db7a62f765ac8da0a2c",589104737.439111
"3f370094239ab6fc817e9ec0",931563410.4
"ff54bb34225682d25c551178",757264530.587302
"d0c7294b2184d0b4d0e2fa07",931563410.4
"104e960974eee31e7e0eac6b",909634444.439111
"0d477acd9c95e9ec63839a53",709993115.835556
"6d255e0026d70dd44229a2f7",743790569.686667
"926cdc0242544bbc850520ff",458121752.703111
"e75a05dc0018f29517948ea1",525367688.716
"dc40c56571cbee9c2b7770f0",659625398.804444
"2f76a2b53e091df35a125b13",557723944.599555
"a4a49182c79c72854732594a",565464304.755778
"50287f73d47b4cc4c2e1840f",821051468.942222
"5efca36c25884a2822bb7a81",556194427.952222
"4347bf26ecd61ebc7a16b4a3",769386446
"7c979648ab3729b2c0cd2106",743798843.723333
"f40acdcf5cb9925c09c9df7a",669736248
"6ff3eaf8b5a2f16efddde1cc",591763330.857222
"d35596846155e74d1a637d7c",677548798.352667
"a389a1ca097a820fd9af9d15",708852017.666667
"ef450748c440c4958e5db54d",632403468.743111
"02779b92b2f9bafde0c75c11",680710446.333333
"77e5e0b64140fa00b0227a3b",566717493.998333
"eb55b0778607da932c3b311f",632403468.743111
"9fa391febd5d0a8e4c6ecb8f",495735002.278889
"6270356f1cc3dff186d0ff4e",771834345.500889
"ea7d5c601c3f8c86ca8f15e1",517869120.037
"072efeafd082025bbc5a25e5",491143543.534444
"d8bb6151d30573c7595ee7c0",505914024.636
"f26c43f2304c8c694c818a9b",556885165
"14ea4a7c57d830eba13638b1",624665790.176
"c1ac42dad98d2f23dcbf140d",741714045.132555
"aa6af44635b5d51da4b02059",768021698.222222
"291a4ea1a695347e1901bd4b",821196337.747555
"024d2e34a561efaf4811c17a",777904927.051667
"e5a40a555d11d4429b9675c3",745375245.806222
"3a10398b72905bd710ffe9e1",760909388.058334
"340d1313fc2dc8e5b6918262",847672551.521778
"699bf5460c63a4d0e4542ade",873315822.220889
"e98bb3a89bcec8650e33e730",504650524.391333
"5de86bddd492f76596b17a0d",697462655.193333
"95dae083200a9e43a5aaf210",791747685.357333
"23fe512fcb21a0b84781a318",381394000.872556
"a9dd62f527cb0dbfa51aeb7f",581146194.406667
"8964dbb5b0cbfe509613a63f",667061890.051556
"f75009356c700f7da7106cc7",621744990.016
"6f502f363fb55811478e3b88",437908198.318333
"a48f29071cf207b27ddb03da",630551970.155555
"b46bbf66cc82a4345c5da177",782750233.333333
"a460aea3370926825b0dbc13",742560390.986667
"7a21a8d99a85171334695004",785864191.713333
"279f6f594d3f8ca8e8a5e2d5",946177423.470222
"bc3c509022e3f6104cba5203",1134760840.02267
"654d2a3a0e02065560ba2484",493516999.804444
"02a2ebb6eca5772e3526d78b",642625069.649778
"d4646b7f4dbebf9785963cfc",619807015.857778
"68fabddb27fc928b57efcfea",604938651.817778
"53688de79b052b3185fa9435",613141849.944444
"bb962a9e3861b06ae1daf833",617519581.326778
"d80c5f0b8ba55e7cf105d282",694176935.984444
"ed88c773fa9ae8bb29645fbf",636431752.688889
"0c3af9e0e9c80a68acebd041",849295138
"0faec12daf0493a512b2fa0c",921721248.553889
"1807debb0a0b590b9ba4ebcc",808803709.969778
"20a2a0dfc963fb8a355e704b",844303709.236
"a2c033f497e62ea10ff8ba3d",864000191.111111
"985e40843a30150e6892e4f9",733812936.939556
"2ba0807f8cbdac389424ae04",668286095.063333
"9a565e7220cbc3d5d340e8d7",852569809.222222
"33598222854631e92fb72baa",826116192.222222
"03fb5bfbc1895115a04e8116",567560230.831111
"5045ba9a65b4bce4fd305f82",740821875
"277f6440854cb0c98728e685",682461485.106111
"12c7037cfa63de49e984a789",647244425
"ed9976e922a774cafb601f5e",481800184.288667
"ccc70d1d8e4411331730bd7d",569791911.845222
"30d38a7bab2eaaef1ff6be0d",775224650.996667
"31a6c440ca9eb29acc0f1086",859550644.468222
"7a82ce4b2dcd2b43485f5047",745283482.114
"a74be48ad396ae4aa33ffed6",798351537.348222
"4ea46b833575642ecb2ed1cf",437392385.949111
"b780a0ec18c61b0760df9433",576428298.624444
"b83a5c303a2b079585b9b94f",475550227.648889
"a3c45875c0834b144f834798",424913473.745778
"c3ae3f44bbae215f7f2fad9b",474096016.587778
"5d54a0a596d49d9f85f1b5e8",535220451.657778
"355d1fb69bcb4e8e8ed9ba1a",764223111.391667
"cd791a46ed616911ae7d4fbd",848107719.966223
"d2d2f335839ed35571b19bb1",851918120.497778
"0823b0dc92805ab05d3f8650",1212338996.66667
"f92f4d135119fa88994929ec",920289739.164444
"401f0de98764e9fdd4055406",487829485.631556
"68a7d01e50462f7506f8c8d7",476586810.159111
"e4434407771070783b97c014",560699990.331
"7e1153d411af129357ae5c10",449865319.358111
"f409c701e200046f574f4e06",504689270.017778
"30a8b9c197bc42f088d0b873",648972219.333333
"d5abd56b5a8ab8c2f61a07f3",664450936.496444
"805a27aeafb3ca91cac56d14",799042077.777778
"1ee04111d277e8758f740139",510950700
"b9de7d7b9a8ef7c64e5f6bdf",615881106.06
"5a12a15af3c0585d81ba8f5a",526400826.774889
"abb63383766a9853c1091c5a",835909002.555556
"1f95c205d5094c674f6e45a5",810463872.925333
"4911a6285f548dd30c8061e3",616320906.989778
"0b9730cff49bcaeb4d703c06",634417822.222222
"f033750cb9db15e886b156ce",809286144.444445
"fc7e93bffb7fbbdebebfaa2c",925319246.313778
"4f500afb7f7bb42189820a18",779617354.180889
"3921d7b508fa1591d40802d4",445753550.700556
"caddb9dce27a7e8012478da5",542159652.93
"4eeafa126ac5f301cf60f9ff",570458889.268889
"59afb00a84b4f2a9ffbf71c6",757844111.906667
"7baa3608aad1fbf357d789a6",804783674.799111
"a5b8869e9cd3d0cc32a0b298",918556780
"d084dce4ab9c4008ffa3bbc4",842842598.555555
"e3ff13537ffb7172336ab5c0",858744724.136667
"1bc2ae31ed1970ba52b1ff60",1189239325.33333
"eac7136b26bccb3c5d2b6202",788161454.495111
"073fccba71b28afd815be434",557594228.448889
"9b1c23d616e9407fff6553d6",472927320.824111
"4122eca7b73c1347a7814a70",542311614.486667
"cece8267e60c2461d6c409a2",888441740.611111
"ba4e89128058d5564987dfc5",472927320.824111
"69843aedb25a928097a22a89",533788683.641778
"a45863121bdec787e119b14c",488360217.166222
"02e8811bff38125bcf8e1a6d",448212671.753111
"d709a76487a49bf257489c0b",480524381.66
"46c42803286c800351fe633b",468443675.894444
"2ae3ae7f794d558ec119287d",724059421.222222
"76991a35e9c1b69e1616659d",619810794.449333
"3de5d35f742cb4eb68d5f314",748942007.777778
"a53c748935206f61751dec1f",573590277.835556
"ddaf8a1e5e6922cc3dee5caa",459097894.338667
"841fed959f036a03697868e8",448052655.743778
"ebe1b5c9471f3441a388f7ac",711458447.555555
"f0f9bedbcb57383511805d17",742237059.777778
"f9402b785deedebd3ddbce6e",661854499.084444
"d1f92e6b18faf07ab70ca1ae",648498679.432778
"6e794276348acc39751eaf47",802155933.907778
"4b04e0296820d04421db5219",677808165.13
"ea0ca17e989ec57a480aa464",759988379.36508
"cc6fcb8ea6556f676c13a76e",732852125.555555
"2778de5e56ad7ece898249e9",820494927.082667
"9f0bdae4f8609ec93588de3c",777716798.098
"90dcc3f9428a4e7cc396a15b",665415800.555555
"2d7bf0032580e6b6dd1ce36b",760909388.058334
"c45d86d17d1d0519b455b7d4",659822462.998444
"4c7e7cfb286d82aa96356fb5",830294589.08
"edc204c3e18368e0a9eab593",873426484.877778
"e789e801fb5d4501b5d64e2d",855900024
"3997c10ceccd2f8c8e43cda0",895386708.791111
"580d8eee8dc4b7d43cb193c7",890262377.996667
"c823e3fcfbf0c43bf2d82586",908839294.557778
"30677852542c78698083d4f3",1156637711.11111
"8fc78c514a2f1cdbc5ae6e1b",912973903.548
"73c618d704a2e1ac2bc41954",792120368.777778
"4ba85374c1d1f1d3f4632ca1",406307737.067222
"9a471715e4c4865b822a6b77",473223795.202222
"4e9f1e21c855f1166428fbdd",508777590.803222
"f11137d27a5d7fa57f94e97f",780947082.851555
"5fe5f3c5919c0ebd57ec8e36",504700758.427556
"e40742774df7d2b614f32de6",389870303.999222
"24b28522c72f7fc359f2a718",708728102.338333
"26ff1e1f4a6f6bda702fdabe",726961210.128889
"9e617d1fd8a4f33d7b66098a",958751643.735333
"3b4e889562e4078f8f369172",480034645.457556
"3a50d40f15b1cf5bfb338092",513475398.375111
"cb2188cb8e534973ea3411a5",435486124.462889
"fa57f96bc6affd285d10c4f9",394054857.319222
"c0ea6c76eb977d83c163fd7a",399645878.079111
"367cd12d7f4aa93124047eb9",490395736
"54952b5f463c64c605576601",469011894.384
"57eaaaf24cf82d885f0f1dff",535950508.888889
"f2ba4a7a0765c3ce737b5c81",547505487.422222
"5282c3c48495dc31359e70c6",410161494.459444
"552b01d72edb192663998c4b",765957247.725333
"5f3a1ab21669ad9234d4dc63",671842456.837778
"68f431548c330f84c46174f6",568040699.406667
"048051ce9bf8f6a48e9451fd",771375502.530667
"fa4028ad48fb2082d167989d",594534320.484333
"5b1902dd7768f5144ae7704c",758940336.871111
"be0a8f4be774eeaa42fe460d",741055533.555555
"16263617308958055850aef9",740931532.407111
"729f5fab1578f8cae4fca8f9",912096371.576
"bddb9388922dd56737d8847b",883175138.161778
"9847a4ab995b7b1c30196704",858975764.7
"d19937a773269962c7f9e8a3",871278938.888889
"b3c8714dcaf5322475ce2c60",894401115.707556
"875126e5776dabde40e29b09",911582944.441778
"3a36f59d7c0e6c4eb85ca0cd",976428171.368
"630f00e15cbd7826475d1509",962333953.378667
"434782c3d1dc2b9ce7bcbbd9",776768888.888889
"a470bd174fc7587dc1449c89",952020759.025778
"99c6f87ac92cc323c8caa005",865933885.991111
"ac9ae945fe25a46184057606",911392342.426667
"15d910dd93e0aec22ccc2083",934505232.335555
"6e1a9c8457d3ac6a57598052",717533546.325556
"14e179618d1a44c5c55e23e6",456199501.79
"2b8b979cf1952fcedc63ca9e",523195738.077111
"7cfc3061c0b2f3bd48375ab9",669509154.176667
"7200e3ba2013876cdbbde972",898453784.277778
"9ddc1924043ee8361201b39d",845106074.444444
"f22d6cc8c9611a7c23fa8969",614668883.166667
"b7c0a0a4f5c5b986a70ff249",521878350.918111
"adf176b63ea23e08d252b5ea",701013281.048889
"77069fb9fac6b61aa6a89ae3",801322594.417111
"7f0f27f6d30c743acb3e867f",865243567.444445
"7e299fd8c2d53ff1cf95aee3",768748985.107778
"f309733881a4f89d9c8a8958",808864596.111111
"0f937643c067371018c8deee",944691034.893333
"8e35609c1265ddf59e1c015c",663058528.888889
"c1ba606f32ce0337cbccc2b1",775213088.888889
"15f02dd18da12f4d7b0ac2ab",599642892.777778
"bcbe8ed608f233d5ed7362c1",777871395.333333
"14611fccccfa2a6499b2acef",523769353.371111
"b10b428245022d55db248b72",458736914.007889
"13e6c5cde1004803fed93cfc",451616614.666667
"ba31c38eada33f680d44627a",791611063.227556
"3786daeec4a4fb40ef07d8e5",679331941.273889
"7736ac030d8b587f44f7898b",769034497.841111
"98f89d21e5dbe53f8704e745",871628773.213333
"981fcb79db3881259eb303bb",524543183.114667
"08bb88dabf0070f72a801a4b",815311031.111111
"32d56542ab5486bdaf4466fc",804568320.219556
"c0f911fe7ee2113ec59cb5f8",684930767.293889
"3adadd50e603746e5e4fc082",774929187.706889
"d117e9672b3ea0435e7a894d",523248130.525778
"020473766363019ee40d6685",697720958.291111
"b04d16faf40ee02eda59a9af",527401807.888889
"bd6f3819a1c0e551598fb9c7",506485981.696
"5520cf373444931ed8630635",509517051.725556
"40355fef059659469e16e3ec",486564291.162222
"deb844a2812586991b3022f4",703253998.917778
"ac0b895f523b53b4abd013dd",703457450
"ac208e250f5ae3e5e1008351",530216958.287778
"0064cd1c55914cc8370a096f",609439446.177778
"165fab7a9f8dd404cf4e9d9a",456470823.725778
"df3eca0f59974a812b4ea9b4",765881269.777778
"1b7c062b606d0560e850a2e6",460446828.383333
"87ddb3a17b601cf7c61e8c07",606094183.842222
"837cb6389640f3919bc73e9b",726232064.31
"77bab76414ecb20888cef7a1",918638533.333333
"a9268ef5b7133cf6ed1a376a",885987414.197333
"cf7cbedea50333cd2dfb0e30",629085184.620444
"b0cfed2d25a5d78c96d39d20",579525285.113333
"ec0c283eeb8db461c20af1d6",534601100.621111
"27c3b7ba2991e7bc0c9fc322",599527914.061333
"0332c7ec0d3e547ec6d61664",727168582.903555
"e58b92216ee6438a921ee0d4",708306067.480778
"f7959842378c94c9f620f561",467786415.094667
"cd0236af88ded6bc15b49eb2",769034497.841111
"d40e0c2222c0debe89735e88",467786415.094667
"2bc9bbe0f0216ed9d865a85a",572022284.8
"e9bbc31499ca187c6a492175",658416755.256445
"f2409d037bc8b3e63ca69fd7",783766847.255111
"5ad71b7cfd356a75021174ab",529470314.826889
"67dec8c47ad4de9605d56db7",560156627.104444
"c6d679cc07ce4373197748a8",858050576.271111
"a36ff3637b7d2b1c52999ea8",830892540.133333
"3a384d68b7ddab45e01b6e99",707341815.724
"42d34ca2252acaf6e777d23b",914104267.626667
"c4b2a42a8908cc35e649fb16",600036172.533889
"18c38418824075acaad8f960",619033355.222222
"85bb6775065df76bda33f738",662370003.501778
"14cee0bdd9dd5537b96d0786",661353143.333333
"ab332133aca64315672a7192",783933763.687111
"d53b60b0f2c65918153ca2e5",475127873.471111
"ed1f81648083d4d2726710ac",480664764.207556
"b6692a933facd74b4b11569e",458615792.798333
"90e00fc58569167c00fae7d0",518740149.937778
"8a514fffdec277cd46c7cc71",532824185.588889
"7f0b4b5851c77d78805320c5",414474896.906111
"fed1a608e3c0f2b79cd02ebb",398231957.010889
"075a5474294e25da55373a09",487601229.285556
"8826b9e008064cea38855d35",409681389.314444
"660eb3b40b2bcd07df8f5c3f",511963831.781778
"d55cdfba22aae78b6fab5491",440179486.675667
"ea6e83dbade169818975e5b3",603875959.663111
"dcac44d3f8024c6ea1632432",526936569.822667
"2772adb268cffadfb2917c2f",476009116.767778
"3192bb7190b9130c4e67be4e",643698925.935556
"9d892f73b02f001c2f715607",502502325.025333
"c27d72aa1fc5d37f4cc105eb",640296514.928889
"6c0ac32bc8a66844197c5fb4",572906885.864444
"52338f4f7c8af6c649106a96",560651722.377333
"356815b8ffc300fe03073b7a",659188398.888889
"22c780d56cb97fc34f29e9cb",503150511.688889
"806907598158861a6958388c",563587841.555555
"449cddc4dc3ef1e93b7f7c26",672380683.333333
"b225270821758e45cdead76d",512333064.207222
"e07bc486c6f5541e4788f83b",694115844.307111
"970c0d4928a9292748c0fd00",767556615.558667
"f73f720abdfe4b5adfa2bcda",613949825.233333
"48d3b0ef6e5f999bb90fbfc1",755215409.676667
"b3ec2f8af6e9adce047536b8",772229084.566222
"0e1c66f843e06f14d7264864",757212343.280889
"91c4f018fc7939d150593935",784444222.16
"102434eee07ed18268857a9d",797812208.196
"a4c70eae507d630c2f285eb5",732266920.4
"45abee1de734dc32936d0b1d",797855805.192
"82bdf442e186baa829e06da1",712690953.804445
"019cd320e02a64ba3ba9a37d",777690282.542222
"ba1b3c8ac8afafef56233c84",778543803.065778
"3c3a0f57e030472879f454d8",790897293.952222
"d520e90e7d0c44a6b8852e5b",533387999.544445
"38328747d2e1e0e568c05523",794126332.808889
"659e9ad0f593b644071cd850",665206788.805555
"3e6645f2cd377ba17ae2e46e",515958948.028889
"307eb683db84db535106c445",644341858.749667
"26c8961848e3a77d98049638",763358806.333333
"52373e15e9dc1ad371a0c090",625179683.466667
"e5b2a446c12222efc187e02e",637563909.528222
"156f706d1d30de19f7e369ea",553155342.064889
"aa94d2ad36bc0e91bf561be5",821383119.324
"8ab41842b8e41b89d8670ecb",534858230.781556
"b19ab02a8e22f3e88a26031b",768141698.222222
"a6b1ca7a4e91c4c0f4366984",772627668.249889
"a277d5e8216fdc3d7c93eb2b",734167755.217778
"f939b7271c4d399a5e647f8f",759514750.777778
"941392f9a135909273422dec",694855475.555556
"e07d8e9e38e309958288a516",840763168.192
"258f10f742fcc835d53063cf",657890826.083333
"fb672b4cb1b66f2022f36a40",829525235.801111
"ce9dbb6d009cbdbe654edcfc",874935510.124444
"22e524f1fab17d5b8616d741",848259259.824444
"7f0d874df9235245f47b04c3",720766308.693333
"27a8a052b815998c771a1f55",848259259.824444
"b80593fba07e21f8bdbc352e",882249066.442667
"d18d990404e7fd07424f5a77",496833265.867222
"033599f7e7ecd8d9c8cfba46",599349086.888889
"51cf2fa527c3db62914169b7",629292763.888889
"2b2fa2ed0055a19859e78446",832023509.848889
"a8e1adbf076dd737c079129c",802803946.888889
"adf948af7b24f9b6f29610cd",368842578.521111
"23473bcde48f634641769e22",428503341.396222
"c90486bba327ede32dec60a6",448330279.835556
"d254d88ea0989a609b71fb72",426638772.888333
"2373c595d24a7b862b518ec5",677449163.244444
"ec401de1c0ab2dbc149da048",700498979.055555
"17c0a8fd3a2c8b5b18d61e4b",624719640.547778
"1a1016e7a96da2237b391be5",589525099.850889
"c5b40b510bf7f121c93a2332",841841812.528889
"aca37e216a27b4dd5337df99",985615157.335556
"96f59167d17d1c99f31be997",829761200.638
"062b36cb4a87cec372f9f91d",810469870.485334
"0466a7e06b152c1860d44334",759615962.696667
"f44726680d0c594a2d430bbb",900232117.777778
"8aac8946e7ae5725971c5557",862929523.178222
"e1aa6c46135f4d1aa1b7a1f4",728216472.007111
"fdbe5801070756d1744211cc",623655518.645333
"6ec4c88b8d3a16148e2e7348",813410363.333333
"57c87ce038e4e523b4ec189b",791664372.222222
"9bd500fb24eebd53d8262b62",801486716
"85a86e01443aba593f95dae4",639737441.893333
"13e2ec0a12c8a48a753b85ef",431906075.475556
"b93dc01af5f49e6dcfb7a547",515705997.804444
"71a42155184509caba01a1dc",477839721.122445
"25fb1c0c4aace859265de172",797855805.192
"6f63e4f866bda86d5c993c8d",472345172.978222
"72bc42a5c73e7b1f9d54c835",842595736.888889
"c06f36b42021a1512cb6e3bb",402090263.666333
"f1a7fa5dc1996591ff97a34e",534661708.333333
"6128a8deb1f0bfbbf0d67769",737931476.73
"b5254c6c29b4f6984d328216",497022317.786667
"6cb19c3e491a60bb2c166669",504220691.302667
"dda4ee9f3811c29e2b261a5c",533387999.544445
"7a564ce9a4ed3d2b8fbb1103",797855805.192
"63b982fab95cd17211a4a58d",484553515.622222
"5272c50f1d8fded01f7fb0e0",728138331.063333
"02b47e60ab77588aff6cb433",493162455.738
"ddcc7f7a087aa5f4797a8a5d",517473853.242222
"77a887ca508d924ad5203194",697430296.909667
"b57ab7afef2b8aee016ce6a0",742808994.513778
"640a801d503d85835eb65a42",777904927.051667
"767ff947b16b2271f516c28d",819660743.42
"1dbb46a250f504e9c8673bed",746383594.543555
"fd6e9c9ed7679485dfd0b022",742361480
"7dc4f9de14c2924b229ca0a3",658268865.388889
"3064379f468404110d594c87",716286697
"6005ebd6442c62f8becdd2f5",754130192.388889
"b62e960eebdf95c2eaaaf9f3",722349543.333333
"7b0258f1aaee97661c34de64",587408543.593333
"91e2f9f7d4ed776d38a3274f",662496070.490222
"d505277049a254f960e114ef",685713555.658889
"32040dd7b8edfbe331773288",658657953.623333
"70e427235490d7d9c9239676",760919537.655
"1a2aa38b8e18fd7ed5be77ff",768664103.555555
"4883f7ce7086ba9c8ddd4315",706045535.130222
"4116cde03803e63a3e87e847",826267266.912889
"d6de5d741702387dc3f4481f",714325054.737778
"2346533f4712f3bbd036d85b",878963529.465
"f6a12c0f02fcff1be042ed0e",721757325.760889
"eba3cb8156e0115bd7dfb525",866065498.660445
"ff27ae490bf03513b6bb386f",1001385227.80044
"e87779bf2f8af86fc4ae9583",363487200.434444
"4a809b3987cff0290c1df8fc",397311238.187556
"8f4241a17d1211687bf232c4",552445688.927111
"bd8c1ff6f9919ec6f1dccda9",662295428
"081e008e772c6a79b809a87b",707825828.002111
"0eff08cf4bc42dd442a70231",591310031.388889
"b4e084d14962cc58d4089955",665883261.666667
"d02c3b5ac6fa0ed6db06e490",858399626.399111
"e8abf103cbe9fecbdd758516",665883261.666667
"05308c4f3d0e0887e4a68a92",661882685.152444
"256a6ba3ff423a899229f154",597375109.111111
"097314d920292b46eab5dbc1",639866299.710555
"4ce0fcf14266d144c82f8d4b",490979811.673778
"548791b5faf236b1c03b7523",612849975.922222
"40ef1682158d0c3cd07f484b",913008229.047111
"7b473504c85e9cb576f951e2",508039193.045
"730c7382d76a07904f559b28",432794584.908889
"e05598d3c49f409b937ff2a1",543258535.082778
"844dc89fe6588acccf0c7536",531697923.108889
"ad1492590bf61d2cc83b493c",813946217.136889
"88fce3ad9b8a965dc11336cf",428346239.107778
"b76d853ea415967415ace0d7",598927609.033889
"c12c81b3eb12bb329466e88a",831196692.483333
"4e27458d179a469435d02ff4",554786136.666667
"8d15b4bb1447eba7a680ef47",483472238.261111
"482c7150c7555cb35558398c",827667843.208889
"e5d6be06fd53d317c8e5c7c0",596291355.338778
"f798e7105aa8aa66750a2c85",772177365.238889
"eb24e0a0ebfbe16eba466280",775521479.92
"618dede0dbd48df4fe610af1",833157562.222222
"6fd936b82bcfd3cd2451bdfa",558219314.444445
"adbb5c4ba7be2903799a51b2",742304312.455111
"3a99197868ce338c738a3b20",635195155.761111
"d4c45f35f214fc226ec85b36",638884435.808889
"c3140ab2134de662162af508",445950691.089889
"0fe23ccd8e42605f4d9f78a7",395981138.532222
"8816e8101ddc4e704053e23c",724059421.222222
"64ecb100d7882ddec6bafbcb",565816077.537778
"9151a8c65e1f01ce591c595d",687598745.068889
"c8a40314be3014c2a218f5bd",637513847.944445
"29bd4cbe11f44759e07487fd",591482821.752889
"72ddab9ba5f24941e4dbed6b",797911793.333333
"1f18df9ee1b19359816ed13c",632566428.08
"fb82175fad61a81e9b665fd3",877410006.444444
"dee2e190c4e2539124ac3ee1",705488383.594445
"0cc2f3a49dd703e7554ba638",801078883.490222
"ece0394e38b152e6c1571324",865933885.991111
"e14328c988a27176e9fc63af",815768814.564444
"a91664b9f15f9d6f262e7b2e",766361989.222222
"d54270fd6b09b38a978cd7b9",819726821.568889
"40c74dec061500aaa78f78b7",514019054.498222
"cbf6faf7b47b43b2a77b3654",878700002.957778
"52fa1eb3cc7cc2f77ff98764",586149515.176667
"bae512bdd3b04405c519bf4a",630060160.333333
"e7fbff0a25cde72a38e7c7bb",691019166.206667
"d3f297fadece964afe5f1cc4",781958143.964444
"2679ba671751ff16e76f1807",627744269.995778
"8059e45ca26bfefbb18d8e40",714055820
"9e7ee8e17b1e76965e96ef95",713383351.111111
"9039bc918a76e486041842d0",706782845.436667
"1d7912750a5e345f7edcdcbf",558802429.780444
"4fe0482ad622080f55a0460f",663901584.319111
"953fd7541735fa8d9a342642",757930115.488889
"0b3021c156324d1e7974ce3b",927098869.22
"b0a8e4b4ef6678e6b43865e2",751480491.844445
"bb47fda808b52f30364a4d6f",609266524.4
"d846dbe691d0ee3ac5c3bec6",876624339.997333
"21932b5a5fa65d237ddb6293",610796167.045778
"07481a101afc1d5db45245df",759073221.228889
"d99c00c516cf57b6fd9e877b",461011169.73
"6dbb494acdc64c03742fa730",699518577.998223
"35f69c7a9870ac62735d7639",540799543.27
"2721f5495ef5dde16fd29cf4",823639749.222222
"0c068dbfdafa3429c71189af",498686567.097778
"f3293c4064d71f9322ca97b2",788382508.869
"5eb268b95d7b6006b064f9af",743503131.555556
"e13a1c06ccbf814945dbc768",663162640.482667
"935a1e8c7e62ca9d3bff398e",764211654.937222
"f0c7ecd3b2261873d3664748",841506926.765333
"d2f20425e236285124eaebad",559405141.555555
"05926b977b5df59857194ec1",550790042.217778
"f548ef815603ec44f4629a60",870795938.888889
"6cd147720319f60ed2599361",805451088.551111
"6302477fe8172d08f3b4815f",449440793.058667
"b0af9b1e84a1886489d46b91",585120339.108444
"5f3a2a31f6d1838e0a9531fd",755371156.553
"96786aff35713dc21f6bfe5f",721272105.222222
"68de232e27aa83405b4a19b9",928774117.775111
"8d252e9b0912f09703110b81",517462541.156444
"f4e646df504728ee1e6ad0d8",508581513.92
"e89cf4cc82c5283f3db6f5f6",525960111.891778
"1bc2c099466f9a989266be0d",507672792.740444
"bef2008b362c4af1fc3be566",483724187.991
"7988f76ba063d25a4f467730",625178265.245889
"391a98a344e894c6397d62f3",540196061.715
"5ab0b8b0d6d93c4654b5cc14",588918198.346667
"305d6abea2f3e496e3b6fcf4",758180783.111111
"f512fde4fa3f1f7fe885de83",729457532.084445
"c7b6e7a287602275f7854ef0",848608205.854889
"3d11a16b008c26fe43deca03",670770072.841111
"ac7f21d22d013874c362d440",602509924.919111
"c933750eeb53302db0245782",521296417.009
"766a8ff17723a5c34324576b",722695065.971111
"802fe3175a2059f12d7edb99",496229005.299778
"508bfd077c80b6cdfc5a10e1",790798273.333333
"ddf8733adb641e15837bd728",582637182.48
"17914fbe0c3634dae8ce9d71",601875350.388889
"09e4397bf9794fe24d87d07c",732195502.222222
"302918a3460b98acb64fafdd",575681861.503556
"a7e57a8be8fc8d8a844cf9f0",529748257.333333
"7b50b071f4d795c9b5ad7531",574357623.611111
"91a7bcd95c0c960e4cc22d91",566172014.8
"5d4a23137173c0e2288ec418",601190136.105556
"751ba0c00d4fae1078c02fb9",602064385.555555
"e6bc998ad1d87c5be3559ab1",550865947.186667
"53aa9cd32e2a6aa346d3d789",550865947.186667
"06f22f7a8e4e78f45ae81638",655704666.666667
"2105c17a4e2f97183e24aa4b",706079433.505556
"ec13a869c212c39b6ba21b57",736497701.991556
"0b49dedfb53ec812962e31e7",727169582.388889
"69e6fbd4d3816c4cc37b265a",837775094.111111
"ad46f8bd482500f3bb935737",747528509.555556
"368f7a70a62962bf31ec9583",974308242.222222
"07412230b931192771072334",725126568.888889
"e63d334d9ae8b672dc7b7d5c",974308242.222222
"3e1c2c5b0831edf78f7b7082",725126568.888889
"226277c02e8532922a1c769d",870355777.775111
"7902ada9116a1cf7458933cc",845898765.68
"b21f6e217d6733230a8eb7b7",681179896.422222
"09ac622c303bce9ad5514442",519235295.703889
"ea63bca8e3a77fe88d88fafc",529917298.378444
"a3c7c54fa12d5b57dd997210",466940428.537778
"cdadb2607807935a0a5597e1",656448862.111111
"8d041784b65d33c76e5245a4",814479883.348889
"e6807209b634455bad257998",615163031.762222
"b1e3f1efb232cb0976506cc2",791544532.641778
"dea95d98e8bff87b905f9172",890852225.824
"44b6382d9195ceb3f12d4939",818478916.666667
"41f33deb9990562def18c917",672060005.169778
"0a61250b2c208d42a3077bde",792120368.777778
"c714b30713eb7877ed3cd92a",345124357.731111
"bf120b883bfaf7641eda65a9",804157917.777778
"90b34ed38e0f18988f11d77c",755487757.222222
"feade1f4b3b06fdc12ec213f",727036736.315555
"00bff9be2d524083e3b3149d",660328905.152444
"f1e38e53ddb8a9d5b641d934",938274942.8
"49dbaf0bcca86f32f86e641e",793816893.6
"18539b6cb6884f753e0ac18f",799714146.995556
"7586a79a0151387a1c0cd85a",679341644.444444
"d533a334c2ad9d510865fe54",588870949.220556
"95f7bbdcfb59b4cdb41b0394",666210445.444445
"4a2ae08359e1ecd39b43afbc",639651548.888889
"e8cf39cada5b7755f60306d1",630721748.606222
"0489a476b376f7f6efbc193b",460920585.356667
"7b31b5e53015f8116fedb0c6",869151465.872889
"4c0892a39011cc6a37fc1145",478098902.749556
"92d7d4fa9fd09075bec14a3c",777460438.555555
"5e5ea93675900efebecaa19a",410810329.943
"084de1226de9a6f4a6075c2d",569980617.718333
"54f16cb9563346e15b019102",358694173.548
"512a6de80962ab797ed2bf72",853718520.358667
"871befe27fa79fc1e1813b19",877117106.177778
"4e0b1df5e05ac505c701f519",532821972.015
"37227e66adec69299f853e51",666696571.936667
"0a0e3ee960f60d04ffd6bc0a",627552176.758333
"82b15a5da307865c7045dd56",704261122.202667
"44d596fa36e3992208292ade",521792359.645333
"3569024b3ae4865240973e6d",435830287.015556
"31d3215c8345d48ce9734c65",505548867.753333
"147e7f5381d3c951fc446376",559820922.222222
"77deea164a3a622df41249f5",448051498.637333
"3cdee5304896e4cb9604ebe3",570485075.782667
"f5418917530b72c9fea14f66",521296417.009
"ffcbce226963f10da8c53fd7",753221771.195556
"2fffe55a1584619bd7c489f6",723576732.637778
"3920eb3f72b96fcb58ef778a",442305468.781333
"d10bdbfbd411ae625dc80611",435242805.147222
"d61ac80c0d4737c3529f4a2e",637727338
"f8948886cb4cb018eca25d19",469061829.089333
"da5bf7f1c7b2f4ad670e2382",531660943.792889
"f406c9c3c92e9b31310a50ec",788984845.667778
"171b560236ce760573a990fb",898296313.277778
"4d852bd93332172bfb081aff",898296313.277778
"2e1f7569d134a931098a2ede",837741126.018889
"6d8d2ba62c52445d78f687ed",800289339.005555
"65ae1a893abdc2eaa63d9271",916961112.222222
"c9c51c39725d7df94822fb20",473142776.408222
"56ddb54e50deaf650a25e82c",639470580.111111
"aeb330dede55fb66654901fa",890262377.996667
"4f4e3350c429c6afc0bb0094",639553188.276111
"39377d0d271da03ad85c7bd1",535950508.888889
"bda2fcbba2b412981e708054",855900024
"eb89d0b7914010148e6bb597",692706453.387556
"513d0ddf1ce44ca671675fe1",759988379.36508
"14cd5f188cf6d2433240b5cd",490395736
"dbbe0b6f5eb07a5f9ec873a2",660135833.333333
"f9acdd3fa50068bc0180d008",468779658.735333
"4a85c36fb854e922936b57fa",442268909.562667
"937876bdc44c3b8fe063a9aa",474861113.149111
"001399d3861c5792ccb8b515",895386708.791111
"f28514aa4d6ffa36104411c7",599158197.997333
"3b185e3e31f7f5e6a1b3193c",675560837.568889
"f4c7cc4a249ae7037aa0b35e",756867798.024444
"b74a02ef5cc838952bb9afd4",583226537.740444
"75f5aff9fa70208ddd843779",507562608.579556
"b7273cac93fb7a0034039600",943147746.504889
"b73bcc0cbfa173c9fa404369",878229743.500222
"3c4c18326318a7207b589dbd",473406882.761111
"29a230f7dde5753e65b661dd",600646747.517778
"c083a5c64c4d6952accd7bdc",627153003.203889
"1cf29f882ee8b458b8f27091",854090060.260666
"94c15574aacdc5c3cf5a406b",558946170.165111
"661f7eaf134a5b142843368c",540316064.457778
"14a5bf235097782f468fbf23",600832304.085778
"d2d46c70dc048c92c8e4f09e",692661899.333333
"f6faf74c3f4e02a6b333b7af",720119873.174445
"6dfa362ff7a0d55693793db3",789512165.051556
"b070e3747bcf22ed67509efc",715758411.111111
"7333f19416625d6f4244fe02",692987394.666667
"3c86651d9bbfbb335f15b544",684273321.831111
"9d8affa93ce4dc7c1a21b3a3",739843464.32
"eb8cc67810d95d1b102410b7",736960532.407111
"047f94605add5f6f84fc3f90",833837694.994
"56ba332c82c36f07ba6bd271",879082516.631111
"5814a1dd61362ded4f1d8d8d",948478670.557778
"141ac7bbe9637f9e5142135c",945017410.113333
"08db0ce5cd15db2404ff3d28",476762155.060222
"c38677ed0876b7996f596336",468148264.701667
"daa4d7da8d7df8efc1adc9d1",445826016.178222
"f15c6403c6d4e3676a607780",464881816.489778
"4d0cf77f8cfcada2265ac585",512931908.635
"4caab3951bd6cb6dc71ac8a0",581716894
"7cb64b94877a9361f20027cd",473645282.646667
"3f438d6202cfd4527bd8f983",548117332.222222
"b7763beef728bc2021ebb841",475662280.372
"4cea8ea969dcc433fcb59d96",711089662.427111
"24fadbd1dec637edb728baa3",673877464.933333
"63cf422266e7c39a6c895b3e",787038032.555556
"dbaa5d47ff63125584bf7ac0",814136200.717333
"da12ac932dd8a2fabade4bdd",562929602.668
"f35538e95b4a567f9b834034",842249983.888889
"6ee1e976768b68cbc8008950",711778645.618889
"a910019b3d18da92b4c6862f",641527247.255556
"a09413ca0b723170c26652a3",715065175.876889
"2b451da55be3683c33e4de31",814228163.760444
"561840990333852ace562b82",574374803.427
"b6695af1ce28eb50d7a2c25d",899054856.053778
"9327563b40f2a0f888c68f28",882644743.620556
"3438e5d77044f21743e56edc",816802890.360889
"63cde4fad1be942dc5ee695d",439851370.261
"8e712705b7de6e791c8735de",474485710.663111
"85de01c0aa787152c77c6180",379595810.285556
"c9b0673becdedeede0209697",427616489.386667
"15ee6357e02b76367682d6bd",857939827.025778
"5f284a75ec8e9c72abc76695",833904540.222222
"37e696957da15625da71146e",712137819.933333
"96a478c359fea0014fde607d",796473404.828889
"1a61721fb7306d55dd77b6ba",796473404.828889
"a7577260fa10bf408f1997d8",728668535.442444
"b3f8ffa761119a5441a44ad4",913588687.222222
"a5c85b445f503a56e0e2a924",1093996093.11111
"5aac1a1d5da10b76ba4b690c",833829698.333333
"1420543e2eb5f38e4d38ba81",936823366.666667
"a530e3ff6d7bc1abe333245d",555947758.888889
"aa9988248c7dedb016d8b6ae",891134082.220889
"fe8ab5495cae81b5478026a4",591304874.726667
"b463c62e3c21e339e7acb52f",692890453.387556
"00a5133e7373eae3f0be8f2e",524200535.469778
"38b424cb0e54f0f7f2745781",670708890.805
"c43530f324a3ac90f53a8849",640775546.92
"abf93b2418fcdac14293c9a7",533823730.555556
"9b1be976725ddd512cd222a8",759271003.537778
"9b7f17ddae12105d47fad7eb",760785215.151667
"3caab5e89722761d5ab2498a",523856020.037778
"a2f40c8227b466249d6cb659",741477497.586667
"e6a5007ffb7c1321d4fc21a8",579237567.324444
"0d50b435188b7830a6949026",594661368.750111
"d4bee60a74c2e2235f507ec0",562205094.842222
"b474103c4b637ca25b5d89e8",611838639.883333
"ce6ddb82d2ece3b8d58fcc63",550133871.111111
"28403f16831effcb75471738",463950593.358889
"03f518e2e5861002772345fd",466711375.357778
"011a6d0f12ba108ef15076b4",460828539.835889
"93ac0b004ca60ea56cc2bb9f",540475638.004222
"1b70fbd3e46da8c47c3eed61",486537935.023333
"cb40d6ea6a1eab77a60c1ba3",553506691.834444
"87c73db5d50e8ec3a22e6ccc",639201998.409778
"9aea45bade274e4ed91ec301",469123138.589222
"43c22bfa9a14df7b0126c12e",482525066.776667
"6d848e54ee68e6d8f23b3b1a",502550363.777778
"e5cd7a2aed48057b0dc8d970",480594735.222222
"bc4b94c892fea57ebae3eeb6",524706968.241667
"e7bb12e99318573a6e6ce1cf",708981533.333333
"4b52ebb0f0a8878def4170c9",713886004.878555
"3e85b447edd3b23b5a0d3b79",669750420.325556
"15005fe7eb24aa25b9e3cee7",628693385.804444
"22e00f8057294350ddf4d42a",775586597.612222
"ddf2583bd65f02abf7ce3280",835917079.754444
"704e5657734af93d19a0e5fa",690431090.088889
"cc1a11362066152d21d4cc60",549558424.139
"12062de068acd322b610fcf1",800878227.894444
"e9804af0513b2f68daf182b3",511674605.333333
"f13d8f4b2e3114d71e5ed941",730573705.542444
"11bccaef3431fc17953eb81c",773678352.458222
"ef2b9c11f884cc5f31c26f60",908429680.866667
"25986c851e13c92ede6c6d6b",859510634.293334
"37e28ed39a51956880d211af",872988639.000556
"9530217ea0b5d2395adfcc9d",916319548.042222
"d8607e3261ef1546eb0c30f0",812717043.808444
"22a025ad47ba22ea9fd1a094",687368204.293333
"1c88ddc21f3e8e4ca633621d",443230914.387333
"e45ba581daff88707ad842a9",515187242.915556
"d7e97cc158c6c54b02fe635c",607267934.061333
"04bb7cdebb8b66e783058248",529016704.711778
"d60cf6dcb7b4b40077536604",878963529.465
"85ceb648cee9f6f3d221254c",648710142.807556
"f58528d3ddce3bc6c71bfce9",646786062.806667
"c269765ece36cd93058efab9",553388751.555555
"919bdfeb16dd0bf67787d53e",520191631.02
"ed8eacb8746dbcc3c2ef3aa9",591988705.1
"15ec532ec6fb73074b9b12c9",720881561.753333
"58a724e8a0e05140b07539b6",722023992.427555
"2b7a5be93795a65d29970b02",854913388.888889
"6dde9af12b6597425160a47a",891071305.793333
"f0ec99c13c61e89310ca9b8a",612776497.341111
"65c83da72c07b8e74bf581f5",616274278.311111
"3ecdb7a7d178b48361340ea9",618068826.726667
"af22669e3ed10470623fd8eb",767426691.777778
"748c981380925e1247b9e64e",750534598.705556
"78ab6cb1f62a7e781d4c4d0a",466518578.626
"e80ba06329760362c7685ca5",441059180.371111
"3cecc0cc43ef46670a8e69bd",523447887.055556
"527e4b1b06637b5362c8f17d",644035947.271111
"cf9eb2cd0f20b13cc8816bbc",395865602.621333
"4b3a6baf8196a59bac8c08c0",507307611.391111
"9bb9864a6bcff25b17477717",602646038.117333
"4f7d630c921cff500705ee5a",622834930.928889
"7b7c0544ece4aa383fd5b4ce",645823166.370444
"191094739043620c72aad2a0",671789468.706333
"a20435d582c7646db231e7d2",712078102.338333
"1555743ec7e2f38904852860",627735132.325556
"1c7452cfc46652a60b7a4f05",826455605.863555
"97439d5a82f970e7f50d51b9",825365466.524444
"7667cd57d0bec809417c9b11",615230687.953555
"103f6eaf04b44c4013acf097",862160747.533334
"e6ef433629e193042bd30f4d",860602247.791111
"2ee7f959d069c9ca223115cc",907228787.966666
"b46625b69fba1afc154471e0",781016733.333333
"5cc0700421954934cd8dc445",733553355.555555
"066f1b68f7c053a196662fe0",810617266.666667
"645e1c7b799a489887086a1d",841506926.765333
"f426c41d6d8bc99f359f480c",521936967.802778
"d1be4eae680cb16d0c842606",870795938.888889
"57a5f4f83a474ae156f207ee",743503131.555556
"53eab0ecc3ff098d55666699",932973771.111111
"54022fa49ecd9cf290aefc89",807977960.225556
"545db4962e6294cc5ed07727",759271003.537778
"8e17bc9f09099ba3138c232a",841290304
"3b4b303bbeece313f92cb85e",821750780.987555
"d0119d7bb15452c473ed28ba",763828100.088889
"1a36f98c62f5126c8064314c",762671692.169778
"96a77e8e42d676b0da3fa572",700101440.765333
"d7d6f668e3e40d957163276f",573569019.151111
"5b908b8abd8dd0862440c172",785310436.860889
"81716dd4aedf72a6a14392e4",528221010.097778
"47d252717c4bcae3e1ff19e4",813211022.558334
"4f0b2f7e4d787a108a4d2537",598342819.722222
"90a43053efa1d292af692a87",485810727.051111
"c3df4b9fdaa4dcb13723b5f1",771327063.447333
"4b905620f76873355d317dc1",731607522.526222
"ea16314310144a10c81da9c7",590982074.777778
"0e5db1a36a521a5d2912b238",643153956.666667
"c53c58dd7b26902f67c3becd",501098390.818667
"6c17875f20f58b1fb211c18f",828002652.285556
"200020552855ed39d1af999a",539980817.02
"b44b862cbd855d46954eca5c",623304669.870556
"ce47299ee877638c4729f60a",629680398.446111
"3a28bf9841e6a9d3f1bc293a",793215393.333333
"3a488b9e24d9b8fc7c222e20",503157443.104445
"5469c33200ffa87952b356d0",520273707.65
"b57174dd86ed451448dc501b",498482972.190667
"ebe09efa32acf6d680341840",621798147.693333
"33f7d5aa494288cc90d60456",907696856.384889
"de9a32ec454c2696cf75eb0d",575632725.577333
"df4400c44a166c851ff46eab",660433542.424889
"5dcc8f6a6854a864dcd27a87",539710769.075555
"bc08ce9f24533cd644ef08b8",512079225.507555
"2935cc0e053bf558a8b73054",539710769.075555
"f08001f2590d7b734467c58b",491199274.441667
"5a9892659590355b91442979",796500339.422667
"ea34dfefac91681864c2bfe1",610578408.666667
"ee3b5d47d05a80c07751f7a1",833938897.791111
"448ad01af4c5cfba3feeab26",833938897.791111
"bcf43ae0b4b15ae168abca97",727760944.777778
"8ccd326e4f515bf7e817a14a",670368148.666667
"94535dcf38c9c6461a73db02",420705578.105556
"9b3557302e940d4da341cdab",578338362.196
"edf8c961862a4ff8e1e44f1a",806867355.729889
"6e508fb72f189a4fa91bde58",700938133.762222
"7d0a4771afb00cf9a38ccb81",953060888.888889
"8c32b6b31d1a1d5736c4df61",915655155.915556
"da782fc0c8a79e3e250f0f67",520304614.106222
"c86e643b7f7b57b4482020ef",478235198.481333
"4632f1e8fc93e268ddeba07b",604173573.151111
"2cd372392fda500e6526695b",623168734.333333
"a05ef49ad8b2d6c466ac7412",761660163.555556
"9f50ed2b7e40847ffd877f4b",792054467.066667
"c00083aa30ba7d953361674f",535538281.062667
"50857161c59b991304f5c55c",731842024
"3676f63aa0ab23ca7cd344b7",413473219.21
"3710ec95af4702c45f165279",628693385.804444
"16db516a238934a730ced1e8",586345774.351667
"d450dd622183c7cc43a20d70",469810834.615556
"ba84fbef80c8a82895ec599d",897483833.133778
"ee85a12b8f764bc15164dc7a",626773326.799556
"0038a3b703f4ec779bbcfe6b",825369435.063333
"aa643acab634ee591a2a43ce",633618287.555555
"d6438814f4ff3853bf6cdb13",844849773.744
"a37522af63bbed2f4d10900e",937267811.111111
"0b715ccd3b3e01444b855857",458705784.482222
"fbdb9caee4455e99259cf921",477460939.579333
"b3c02569b8fb721934f51c52",567975163.666667
"c07e2ef0bed4be12e41c783e",454483357.633556
"1b4e4016cb766bfadea42f73",512877832.969778
"ecf4e968c925cf8322f8a0bd",443949995.882667
"6cc0e6bfd30ed93fca2bb217",461050953.986778
"3e7f514983daa92e49a7c87a",402436195.171555
"97a22807207cdfb341d5c50c",430199062.258333
"3f9e95762d2f2056e9716039",557192019.603333
"255c5b92d71a00c3a73b9aa8",434993434.995
"58d24ab99d74ae4c449c90ba",699084434.547778
"51d1df6e1f28c40dc9074b74",891296206.111111
"16261339c3a99635717fcda8",857437380.111111
"1475cdbbac4aa486266e439f",809927538.503111
"2a9974fe07b1e4427e386e06",696477588.222222
"cf76689ebaa20c70d9db4d51",759988379.36508
"f9379319f992cbadc43b9189",739638182.444444
"62313cfe4272d263173e1ea9",714472483.644222
"b2c62bb0cf8d210dc4635653",857380895.555556
"5d2fd288d33283826210cb90",916319548.042222
"3454ab4ad567d2d22d990fec",756714490.888889
"58be66aeab226c35330d57d5",660867259.749333
"315ea6fbd6b3261cae7fb900",807814083.396667
"6930d8e260fafaa5c317dc82",535212422.444444
"0fa99fd0e8cebb71a3bb0871",521655946.154556
"fba946e4ceea37176170835b",525914776.657333
"b53d4d8d0bd4a0ae84fbc22e",415180459.388111
"8bb1a2ecc997779d1addf12c",432565007.595556
"6dd97377cbc262b07ea2eb99",451952493.66
"5c50853824c890a5a7f0cd70",456579930.174889
"4c3865a97f5877090e7a9649",629572161.666667
"a3cb2a035f98276076f2d848",518312105.685111
"40d04ff9c405cccfc82ed5a5",538034760.976667
"22caf82aae904c79057fcb3b",570256460.536
"eaf87358d89af17c3e004c21",752630118.879111
"9ab5ef2c5650c4bd05248990",519812067.165333
"d96e3063ce77ab1235e2ba26",496588717.888889
"665d62a8019b27bf5ce6e6b4",520905108.175556
"56234f11aae98489ae00a8d3",593981605.364
"76a5158e1a5c1f9fae8ee882",585320428.708889
"d974970034de145d469d09c5",471421419.128889
"7b5db1e4f4f47b4bf7c827ee",474078006.692222
"73ff6ce99ba5dd8cfab0faed",581677322.235556
"e1cecc8f17883ba6e2723826",592310170.432889
"857870b1412b84f0f19ed751",499738784.018667
"d89dff35fa1944191aa9ed98",774379648.071111
"86b89233e0176e034ae3cb7b",773904730.415555
"dd3d529f3745159d9e7746b2",716666521.111111
"af10ec1529a63d0bc10b056d",697456961.804444
"a2645174e4e15c49331f576a",795421077.442222
"311dcf366691c44243b7b89c",848706952.454445
"4cbc74a93e33f7b4812e1a7c",627537514.028667
"6e0140e1d667cecd155c6e23",642107917.561111
"dba6308e2358f30b7ec33f59",726283276.111111
"761ba98d35074faee3594dbc",737241520.925556
"b961220d34be930fada80887",704311343.841333
"c9c3973bb37b5c688a7c0157",752822384.333333
"79a0bffec81b17d606a606f5",795421077.442222
"135f6f92c4ec95847e8840eb",611148321.954445
"05858b1e4445f56f22e1f4bb",757327390.111111
"623b7d96c0fa09e50148aa7b",729227300.233556
"e61e5d3288f02b904d3b1e38",757264530.587302
"0d173e7afc8f8babbef6ae97",830130882.625556
"7635a792e5002ab99ceef583",666141784.728889
"4da93e7126354a474d435a4a",741276666.305445
"a4c71322f79dbbbedab3191a",766149273.598667
"57ef53ecf8b709ddc05aceec",686704939.770667
"65c3e09ee6f1ef0500ca4316",942363268.671111
"74d0b6e87c2045f95fd493c4",744082323.688
"4a3d0390e005fa5b4c9403f4",884170202.266667
"a3aac701ae444b6d91b7bb0f",795429550.721889
"4afa3a1b63c076123e7a5279",850285120.923334
"c97adfa6f5ad3e3db6b80edd",864304576.791111
"58cdc29143b85386c76bedbd",849281787.902222
"1f81176d8a0c61a7177c6c2b",957627555.555556
"1c2e69465c75fb3af2d57351",865682431.891111
"7a10ffd970cc822108ce7cf0",955784221.176445
"3bfccc757ef82ff2774f2db9",898929597.777778
"3c753ecb3a4f8ce43077a6c1",913797357.330667
"100e9e2623cb0fc52fb08813",884358560.864
"90a269d52e47c1705f9b6cf0",912873903.548
"34f4df9fce2ec05633d0cbd1",673959984.88
"1e4fd826fc8693b17f6efc3b",895987951.260889
"efd9d848677015f13688453b",415488405.324444
"07cd866c871333283ecb2d23",747954307.462667
"76a307d6b36b8a51115e91b2",645062446.352666
"080969c751cb94822aeeb755",392494843.644667
"1e37fb708b70b6b5e8fb5cd2",570144361.111111
"4e47d2c8ccf9929ad9c84544",460687477.159444
"3c877a0fbe08cda958ff8f46",835909002.555556
"ae59a0d6441697841d86cfcb",471231524.794445
"2fdb80ee4f9a35663e92b3b2",590418922.414778
"3a513410a390c75fc14b0b3b",432467825.580667
"0616401503f2ebc05af7ce4f",516618554.086222
"98b973c8597d5805f87dd074",618133748.701333
"7063abb555d919d5300af3aa",771857320.611111
"88c4b21ecffe12cb6c408a6c",662496070.490222
"75a4421cced1111492d00298",435486124.462889
"0482cd89d767b3b7de976c3a",524230220.972222
"bda9e5d8048acbbe5a9d49ea",444370082.423333
"2152ed6b2b2eaf16ec272cb6",394486989.983667
"9bf2e0c1bc82010e92da2540",641090891.044444
"110af3c21ecdf156898c7c0d",854382906.399111
"2790ead3eba9370f00024472",633868287.555555
"9b06c7cebd33cd26cd6cc089",941067811.111111
"fbb89795386c14f5088fccdc",848341174.944445
"e8a3d9d6134ae8d631791e52",927669063.333333
"5c535b7d92e34c0fe4b66891",755457551.111111
"d88544e4e85add30aa795ce6",533939392.186111
"01b78983d268b52137e5ac1b",520465943.343333
"25414034e50ca33fcdcda4cf",612753917.465333
"2212e0125cb7f75390020951",632090037.208
"a4d5ea1b907e98be72b5c49b",634738682.666667
"2df90c0a3e2b9138fe276a75",768583832
"c520b7e8de3796450ce49a30",418315328.383778
"35114fa32397272437e67a54",471095186.408111
"bb5726ac16b4ade709151159",454424023.975111
"b4dc6733589bb35444b74c55",728781362.777778
"3b0b0bb06d95c5ea1aed2d95",478509497.073778
"fb7bd85c05cd74d945d22de0",487570892.748889
"6396667677a878ff61e1b536",473950126.514222
"47b5804ba1a998c3e7544092",631579936.311111
"ad4d91ed26c1fd5702b94064",685785375.174
"2b802261b8bd839aa0b04b16",844850850.067778
"0bf9fe130da23aea7142bb7a",813654683.368
"90511f2411d4a37a7224b995",633651022.222222
"1355fdce5b97bb36da15734e",949256097.524445
"775a6affce535c5a19ea5f30",779495136.614222
"e36d70d72c2758d7fef242df",511215305
"2fde05df6a3aa9f57385e6a7",490839070.949333
"5e0100ae728e347eedce5b14",870795938.888889
"a636ffa140f80412f003734d",799072548.549778
"74746d24b9bd86e23338bcd9",743503131.555556
"99c539fecb3bc233288ff905",688994608.888444
"44760087930212643641eeb4",881692444.444445
"2c5d940b5ef2276f1fac1ca5",841506926.765333
"b26f22f1fd5a991ecd1e07f8",742748765.618889
"1ffafa78622c45ea4127ce82",697310913.649333
"32a555016892e7a74d231545",700101440.765333
"8d06037db08d0754bb67da4f",810617266.666667
"80255211d99c72e343b32798",904377108.642778
"070062cd1c769f3be9255af1",881692444.444445
"0451f65828e628c2220df77f",821750780.987555
"d96f6225db81dbf3d1a0e9bd",424427582.938
"b1527eec2e6709dc51e03f9e",569229588.295556
"5464fe43eded098294d634ba",633651022.222222
"ea37ad89fbe4159940586718",499739161.225556
"4057a676e7012fd37af9c3b1",458121752.703111
"51273a81121232e7f30cfd1e",506446067.084
"3cfd9ba5c6993718c0c532ff",480546262.932222
"8567e677b30c410df80004c9",655612568.737778
"7a34bcd9f86f5036b526c3f4",649751516.666667
"3dda25226646e1e91f4c948d",649751516.666667
"a2529027db6b525e365e7be0",632315539.801667
"c6115d5e908e04e67915a581",672473459.404445
"8d0ae601094562744c8dba4f",653382855.260889
"55209683056fe2f9faef7fc8",512897966.489445
"e840095310907e82a159d683",649751516.666667
"278fcdbf16e3064ba42c6785",765626858.611778
"74af10afa02e7724eeeef108",793751713.221778
"b763f71e8a5bdeecf0f3f0e5",469110222.539778
"5472d536d1b6b731537bb67e",535325383.773111
"995ba6d1fd63d5160fb18e71",778046013.331111
"f424ca724e7df1c37ed78aa9",809736398.114
"c2aa451b62293042b7244fff",660101660.222222
"d4ca9506161d3f4bb3ca57fa",458787872.555556
"799862427c1f335eadedf4e8",393067177.362778
"1f3b3bd08063993c23586c93",470592018.686667
"817422f4c278ff27a22b05d7",610039924.872
"db9798a3f9ac287754f3ae01",782124722.252222
"7ead45d1f505649429904307",671993587.777778
"ac7ab254166442188c6c5c25",783700744.441111
"67250a8950aebdbc67f7fbfa",850311629.498
"641f4319c315cbb74872b8ac",524351308.932778
"710b0541a025b1b6a5a80c41",412354735.244889
"a10f459124248ef30f290cad",626587174.77
"1aac53220223d0d823e70d0f",459740729.111333
"9d0ae0c4dc11d8c6d94e545e",637257373.333333
"be685d2954b8c7337ec94942",594333696.791111
"e43151473292e4e98f121f63",466030643.256333
"e04fab3d74d14be3b8dd2c8c",609068116.438889
"c77509a6eb6665bb8eb07d95",748539720.24
"9753470e033b35407a2eca2d",820474055.555555
"825f57ad0527d4abf41cffc9",837746380.111111
"0d8074979d302868c2534262",1065780288.44978
"15a3e60c7a5d55243057d7df",543756888.978222
"6de06f867a28393a9e95c7d4",447301016.891778
"4d418d0079828e244dbaff5a",582371928.733333
"2de93fc191360ae22b0402dd",537889882.836222
"86792949f2e6a347208cbffd",558981561.190556
"6d8a0768adedcc1070d28390",740633865.908
"459963742bbaadbd9db97723",830366599.764
"235b10cad7233d579a966948",448458597.086667
"4443407341bec8b7b0af40b4",849597841.611111
"d7047492f4c53a0cdbde60e5",901120935.351111
"5541cbe23acd6ffd4aa0d939",747528509.555556
"1d0853f825cc0aec6f5544cb",745986441.777778
"f016623361c6ccc5163e79d5",877858270.222222
"d280fed64d1c23ac9d79ce20",741590009.555555
"7e86f11cd63ff6c8a3c12fe2",840774674.888889
"9d7f161ee660b1bcb54574b1",932061365.668889
"a0722c5527c6d3cd5cac9477",881630888.888889
"278a2cd98528eb1341a6b685",498634975.555556
"b755f88ff3907bbe2a417e07",761083899.108889
"2bb55b0a92d62454867bb158",900322059.362222
"960c9349b6ef9b747ebe5829",941890999.337778
"2c8352c418097f82a50d9bbf",896112175.804444
"47d7ba800f164f397fcafa9d",511813383.333333
"610061a0e67aea7d222f08cf",937784111.524444
"a33de2559b5f56d1b3cfce08",600774191.102222
"f020fef57e9069e4dea2d71f",923655940.493334
"883f095dd3f7e972d7dd3c2b",653149503.057555
"b0b784bfe2d3c1b3b1320613",573246933.495333
"1ea66dd4a72d93f5967be730",520261913.358111
"90b04117887941ac898a67a8",458776480.175556
"022357a3d48ea87d58ffb46e",433141579.552444
"292224fa68b0303a90063801",551279865.502444
"6cf924390dd3ed4454403887",520560763.531667
"555a293dbc104e00f182fe34",597880276.829111
"e13ef02a57d35f71a4fe6121",489251433.31
"c82929467d22589ec62c0475",546242487.391333
"18a74c9a49ad381aee5e02de",517761765.195556
"da40d46cb91d9e59fe12e6ba",543609750.950222
"6320f26d77fcd56675db6b97",778059077.177778
"3307731f3bc518012912f1b3",716491862.558444
"ba94572d1e050bb92522f112",570262204.190222
"6e0d6bcb01e99fc4959d3f7f",467721007.305556
"dc3cbbb2fa00043d02958219",572400902.319111
"495aa774f4db66db6df30e93",515959534.339222
"6ba298925ffad32daae55385",505914024.636
"8df5099d856c7f9de43990ab",771224266.507778
"93c5c5d9d1e99824178be9ff",619436316
"ffbce3ccf241890ec95104e4",479193454.677778
"2c03c38782e365e68b32d6bf",618231980.426667
"7734421098413f27fae86fef",663244992.952222
"2b50969f1faab80655bb9104",553488717.398889
"025a98586386211b1519f9be",476262748.100889
"6013b8c04f7b9fbc74ef1ec4",552116882.091111
"11075db1cf9899c8640e1b90",504589708.867778
"61ba09084039a467410aeadb",568710929.346667
"eb2880c2433c4b2500fd40ef",468560706.090111
"f7f8607535159c82dbfc6c14",498661954.777778
"35c7a7c0ace36f4b95423c4c",610848470.002222
"c71123c31d02408cdaa74daa",720881561.753333
"dd8aa138623604829d56ac2c",467626938.194444
"cb94eee5ecfc75d0fd5ba6e5",459315321.286
"ae6bfb4eb4770f2266e3b961",624672393.222222
"573ea1962372999346590c0f",798562271.556
"9f7204b4bb3ffb8591e3164d",721619843.265334
"a4410bebf9843297fe32d63c",658222540.98
"2afd9dd680803e3c12d5242b",797493608.947556
"a7618c242fd918ed894304b5",688072230.353333
"5ebc5cc2c1488f681cd119f2",768695836.012222
"cd53a991573ecb5c53f47986",703108367.888889
"75ecbc0c0e8e76bb8d734f60",841599034.379667
"47c2934aaa5934c68dcb9e51",801426806.234444
"386ad1ba1cada9649f3415c0",637917346.296667
"9ca0839c9c294674e86eb691",812217942.447778
"bdbaafd11259af6300321a89",656596410.214334
"2e41ceccc918145dbe7de0be",598339519.332
"11df35a3fbcef34e47747e38",579894786.45
"b0bcb64f2f2ba69cc712e0ae",579525285.113333
"bce0a4447db2d54d36661011",590937398.666667
"ef7ba10407cd74590ea3fff3",768634302.222222
"a743dc3903eaf3576046ef3d",810786100.012222
"b3d072ebd7908688d908d350",698404501.16
"a48abdedbe3d132276dbe403",777904927.051667
"c6b7e739125907c86a8997d3",766937071.166667
"813d9415d9abca46ad4d92f0",785370109.674889
"c631f8920a2fd1160f6b15cc",738824251.222222
"16194707d4e85fe332411bd4",624665790.176
"31e241881acaceb02ef915d2",579249665.035555
"a3f1214ea44063ad10956fca",794977654.401778
"ab086fddcb949e3dc0ed9b5d",811835221.333333
"ec4df02b32d90c019125d108",677570760.158222
"09eb808ca3859318d6328db8",577845734.444445
"f520fd12dd3ed32ba78d357b",831371114.899333
"0a2f7379cd1bed7d2d2d5a01",796937669.080889
"30652905d3eacda34ff61a9e",709362871.915555
"0509650d34981639b9c64a22",787709816.906667
"77cd6b199ee485314bc74626",654875044.842222
"10c836c2e566dfe9edcf3d8e",884140105.605333
"e109ccb29c02c9b35b789c90",862045591.977778
"2d60a221b478264cab9816f7",864986350.666667
"d34c48ffe935cec3358b2247",856909555.555556
"9cbed1ed72b444c22d8c1614",793176486.397778
"735c3aff4c151dbc32f9a76b",883196504.444444
"a4b6ceedaf89cff74a292ab5",840217111.111111
"052957f95b6e7b41bc625009",870150016.244444
"33a61cda27fadacce0d1aa7b",861133885.884444
"6c3bc8c58ce67b8bb9f5894f",874965111.111111
"1988513503246248b80c7f17",896168663.182222
"57c29184563b31f5f752c5c1",918651974.2
"bc6a7d4ceee8bbff9ac5eda8",886061113.333333
"f1b7ae24195b4414e6d6a001",927440624.888889
"e7b3ec90b47c9e6009ca8a75",858019058.155556
"39b62c6fca161b80bc6726c4",896735122.348444
"55163359d7cd910861059389",813991116.120667
"df35908d6ae2847dfc73cf9f",807149554.398667
"ac822dd448e04e9f8dd1721d",917476666.666667
"7e86148f53beefced6e0f3e4",570923244.14
"6eff15cd6372aeaab2e665d8",525692943.175111
"0a1af9bb571b90233856289a",493525823.777778
"b3cc5930a3cb26e35a45e09a",509780811.552889
"0c12f73305bc7d72bdbd9789",647397015.242222
"ac048209de77cae737d60545",455522597.139
"9239fafbffc066dff0811302",436359495.219555
"8e0ba427ea909cb7943929b0",529230996.686667
"b3c99f30b16fa80cdb4f213c",529444162.888889
"d1dc16c82942902c668a5c9b",704542463.241333
"5cfc9e48ab90da0f4e98a7ae",778943355.17
"9abad9f79352ed42d1a9f099",453229366.471222
"dedeafb60b4a39950e7a984d",453229366.471222
"74cca5cd08c4bbf5d0404d74",617642891.822222
"b6aa1cb0187c4a1715517fca",453229366.471222
"e22bad460ec1bc991f14bfbc",808006459.474222
"594d46a91315527995cbd807",804792555.137778
"2c0b4c8269cbe25a4e85e049",476283118.766889
"1014d3a98e886e1a7358e29f",590035381.564444
"73d6bb3d6ae08921a6117f5d",487136412.128889
"de3b619a7c80549db6ab16af",479474963.839111
"da34d6cd832009e428d2b467",466666439.577778
"104722434c2deed04a901aa0",452047844.066556
"cee66eef685e4764b9553a02",581677322.235556
"58b40969f1b73182cb6d30db",581677322.235556
"964e9c3f87176e761484543e",587929671.733333
"19487167081a9b0dd09d7975",740536029.704445
"7d8e345c9b16d0fd69f848ea",915898500
"7d4ba999100c8e694fd820cf",829873858.529667
"c6b157e7a6ca08d04ec4de4f",483413284.688889
"84ec2d5245cfa146dab05065",746614844.002222
"c844a386941b86a3d4c0312a",432093288.188667
"0648aae13097ac649fe714b9",799530167.111111
"34f220a8ee1f24bcc5790364",441977651.966444
"d12eda0ba04f846d73cd7acf",858744402.222222
"c12904320223ddd043f39c63",413473219.21
"8bce0097d22b34a804b502bb",455805266.307778
"ec1171cac1eee089be6f427d",483017887.341111
"5d85d77a06d0f0324d15d162",854382906.399111
"0349908483ce628a0a5fc164",840802344.773333
"d74da3bb780515b1273d741c",848341174.944445
"64cb8fc8412c9247a5c243ce",927669063.333333
"3a53919313bd750f2b1af906",830654275.093333
"91d265ffaa6b407e9747b15b",893380274.888889
"1db1d1b76e09197dd915a8f1",1325758447.60089
"6645a3080e5d10779672d139",730552019.572444
"3ff6e77706eae698f86eec29",727325210.222222
"4670d21fa84e40184f03d5de",453112693.597778
"ee8bad3fdc93f7fb79c9cbd8",670443848.260444
"b624f0438025478c9f66fec2",835114194.877778
"37dba4927e327d3a4a0c1d36",575188226.666667
"8d16b1bdea35630a3b09b192",510461317.433889
"d54a4c353cebf18d452be515",482621272.534444
"c402811ade75f5e3dee73ac3",539113004.078889
"dd926903e87d691a0f15dba3",626736600.555555
"cb01687abe09df6838e1b224",564102236.497222
"6ad3e1a47d1055b55d14e091",600090256.393333
"b8d50a94e8166e471fd8282b",622892484.254333
"a77d82703468f2f9e8f2ea0e",770364858.606222
"5d2be469f69f31090769efe3",744311449.862222
"c4e8559ee733a551649a5dcf",714865731.111111
"5996fc90f923d6e8527097ae",593333618.170556
"32d5772adbcc785ecbc2c55f",555584123.955
"5f088237d263c37e78264bba",567716679.111111
"799afa0396b9f268f239db51",418349086.332889
"bd23b1463f0936d2ced5fc67",673123111.715556
"8f35a5d800d98481d7a8b6a4",613824966.777778
"371b5ecf08973fc6e6849d14",529383121.612
"fa70a55dd0e2053a1b566de1",393949976.408889
"584364cece0bc4d17f0e7fac",500674796.665333
"cd968f8973a267790a38f2f2",402846582.074333
"c46b122728ef4c9ae8be444f",567796047.666667
"4056182cbd8c12cd87ad9e84",627007773.36
"6ac747618b6ca674e86cd275",500139517.294667
"afb02897c700dbac941ba8b1",537812793.611111
"198cd3f4e9be65b83f01ceea",758419174.705111
"c92bdf97d7f0a9a12c024406",489335724.688889
"e00e5934d1941490834c3145",792260292
"5b139fdb19ff722a846d71f0",846881183.401111
"8b554961129384797391d1ae",929027366.901778
"854e27be18fb8f24fd433eb7",695365172.951778
"241d9f8599ce6cadac1d6609",763659850.864
"b85b37ae83ef95baa03752f9",881244466.666667
"5b3ba9e56e24e08e1f81e220",621177883.761778
"58c6518f9d2d0526d31e7566",495090146.623333
"38a1e2050dcab9b4c70c5e83",510412037.503889
"da94e4a5fdebe3ae7bb1adcc",671181784.688889
"49fb2771ea6c1e8950cc9a57",654967847.84
"f2b67c40a560af8729bc6072",651950898.102222
"13fc2dd1cd32d9cfa457a5b1",665663608.333333
"b6ebc3b8408793f5058cbb90",825149360.002889
"75ce506dcb994b10497e6816",589983062.443111
"6dbfb281abaa9a6956c080d7",403079795.790889
"af67a68803a18663e4b03eb1",410741622.240222
"a9c212f77a048ddc33ecebba",422808731.978889
"df89fa06e32e90b0b6c2014e",540986066.166667
"f20a7f264a8285a75dacdc1d",760511796.048889
"61a363a73f3c93aa1775c4ff",781360035.108445
"d8c1f7303b205fbaba2890b9",433604896.199444
"70962daad7cd15ee8af564fa",958171428.131556
"087caf4bce7b0a3fe3c47dc6",479764677.928333
"5d2200b04fde91f830478aa4",447339555.282222
"821eabfeef3dcc622fbcbfc4",371720678.034778
"3d722d960b860b4bee79ae2f",544209496.944445
"4d3d887d2236c2f897f3bbd4",457947576.62
"7fcbcd9e274b75a157cf5d5e",646546811.934444
"88ea2d2d7cb6d641df3ad76d",882671744.444444
"c06088db17767866b7f4ba7d",858236293.065778
"e4a9626b1107b9397d0067aa",635984960.058667
"82abb1fb693f34877bf1327e",905744413.808
"3279efb86571efde18eeebef",508490735.206667
"afca7b219d52b22522abd00c",583246194.406667
"7712f963ee37e91abb7342e7",618969963.333333
"2a2f455525c8e0bd709db91a",783582734.222222
"833ded72a8cc9c0d606a7a74",767499984.666667
"f3bf0be37be6292ba0a8736b",897175928.888889
"c06c8b6425e3a7c2d7481e42",458637179.809333
"27d4f17375f76219b446c092",493056115.322222
"9b7de95ec90da0dc8cff7011",527726849.556667
"8fdc9f203c3de5d486de7ba0",514405610.747556
"ebf2d540aff82f1aadf95f9b",581766306.404667
"51c48d17e774d6cd84f4c355",469596471.922556
"5c1d1ee26cbde5b766cb4ca1",800878227.894444
"2d26b8360f1da9a677670fcd",694778717.111111
"ce1b06502cb0c5d9846cff9a",458870966.666667
"3186cd0a3125adf3b25587aa",702574677.174667
"f839de5370a225ff993f5b2e",646467389
"2900dcf3f944a7fcb33aff36",666346664.996889
"3f54091296f773f5a1bb240b",748972169.975111
"499f6f4997474415f0bd596f",789914028.122
"110539d2ac34e5180e3fd95b",762805711.111111
"dccbc668caff517f649cadbb",864171981.982222
"823c9c7abf2d00140766a2bb",912888162.666667
"94af5eccfe170cbe7d428184",640180675.688889
"dd21457e18f07d7a927c0104",469812590.697111
"5219cb469fff40cd9606bad9",458909175.779555
"5a83bd697db5076016c0671e",487684143.081667
"2a1edfd6cf74573521ed74a1",554194638.144444
"40aad45bb7a980c9c5e1884e",688649939.770667
"a315b497dd8e80464bf0480b",678561726.666667
"7095d576a0b963eb340d8fdf",580558988.902222
"9d6288cfead77d622f5f5b95",769289242.977778
"4caf356c110a50c6c94f3eab",796022002.222222
"23101b0002252f3d4b3e1d5e",849162388.888889
"8d1f7b0cfde7e496e7bfe972",760103162.904445
"28e572584fea1555e2a517ed",568186318.068889
"6666ab486afcbc162fb560c6",880756677.777778
"b0978c973ec3291e950185c1",885953418.888889
"d6cfd3ddca2a59f0b6999d77",817636619.507778
"a77f5c03a98636d90f50e11a",887375311.111111
"e6387696767d20cfa4918ca9",692306822.222222
"1dc0fe5bcea9d08874871326",461246725.722778
"ccdf0abddccb1a670f31c2f2",651700025.611111
"3ba769d65f02217656e0f5b5",716462988.213778
"628b3b56449724e7d945351b",793401949.742667
"b47713520859d58efa95bb06",796728188.553333
"e6c6625db90e519f9dcf1b23",552174996.253333
"3e1a1b2a518d3ca2fe3950b4",507420135.747111
"24849579dc9ba7fef1b24396",532672731.111111
"6103571d9525ded3c09668c6",493087692.296444
"a678e89692df9b14da9f19b2",486178287.560445
"47bed52dee0d311ae0016b08",575930224.32
"36c0d26b83e575a500a6c30c",592701251.666667
"34447730b60ad12f4775894d",893814486.568889
"aec1778ae3b5e60cac280b79",777746593.718333
"d95f38f5d1293c74ac52e823",893814486.568889
"5dedb7b64b6ad0b514de2bfb",793430283.482667
"60c71a98253b5550d773a529",692306822.222222
"099ee1a7c91105ef46b5e7e8",682283047.795555
"b56533bb19eefcb244e69470",906404504.444445
"62f46b8989bee43db86ff589",486260792.657111
"4d485ae48974213b1594c905",854043912.888889
"c627c6287efaeb6fd9049312",499581006.240889
"976945e68af6a66f6fb0850d",488823258.666667
"93e443a5b3864d52765e6484",861511166.666667
"6ef9ce7a53ba3bd892e21f1b",637924981.436667
"6f3041147f930cd6cd4fae05",481296437.138444
"3917b95a3d05a5e58c117f68",470614146.423222
"d61ccfd4239026feb484cc93",519731983.012445
"b443781523fa0b5be4ad7739",647892455.688889
"6f0fcd78c473e4e04fd411c8",754777986.535778
"7f134c92e20aa9c6f084edc1",592099997.523889
"75075631f0fd84fb0ff49417",650387380.055
"eae4243c274735d616c6b9bb",889543309.662222
"25d233d2779009affadf5e91",824089288.888889
"1990717d8c7aa8e732bb1165",887708888.888889
"71b99de83d83dd970b00f07f",923200109.857778
"243ab5db6e47f3536d04d312",839095691.167778
"61cb98125f43429f7f93c898",844850850.067778
"6ed772640e5a311cbfd17c31",483472652.005333
"d9f0b4c92bdc9476f50638ed",470595186.408111
"796eb5ae3ca5b63c9fbb240a",777797953.764889
"e6f3eee9f5048005f24f0943",685785375.174
"291ff191bb029742387a72a3",660195065.066667
"829bde7f8716daf76f65ffab",709063552.222222
"110a2f124bad0f9381edce7d",748154382.218889
"76b719681617ff7f28d33df3",797861722.841111
"eaa6d58e226904e9993b3493",520514357.111111
"af3e3a83257eb507b96b2a1f",803050361.737778
"43969367322e86c68b51c2fa",525717726.685333
"50fe589dea73e764b7735938",484158578.213333
"13c9960a03a1c446aa5515cd",556885165
"e7834f52ebad3d3cd00d069b",652451396.656889
"fae37ecd6046e53ea121b1c6",703235517.777778
"8a0d2f8860a90322d6c3b61f",554592350.75
"008c7a02d158f3b17ee8e015",464157891.591556
"3ea6e8da2cb0bf83872dfd8c",530023277.291667
"9b184e58842bcb14dd42103b",515256293.333333
"43eeb2567c61bfbb059fcd4e",545701744.444444
"ac7f6087e19c2d3502368fac",461071151.774333
"73494d52196ef9838b1be34a",671043848.260444
"112d996c4c0662bd13af3ea0",757150199.707222
"8c3a02c9ca043cf0f322ba84",669155812.013556
"a757ba01a02acbdee50462b6",813277187.698889
"64e3401f22d18b573ff0504a",671216850.444444
"acd7394afcee30e084844c63",571795450.244444
"35255f80583ffbd504250554",742053363.141333
"370a0d0da794efd58cab251d",688164869.129222
"cdb5f8327360c750469cee74",573799574.902222
"dbffe8f46b3d9da2e57c97fc",730552019.572444
"25b1ada57fd1e5c88d939c71",728688330
"05f79195e285c126125d258c",666946112.876667
"62c017eac96743cfbb61e86b",634570759.517778
"3ca7f183cc0b303e5d455309",894243495.066666
"a3dbd504524f980ac5325150",766537362.888889
"5703df84eef7ca9bec5bde45",836378194.877778
"513aa9c91c245ee4be31507c",913655493.333333
"d41d07d1aa700278cb81ff30",633770040
"207e39d9cc4402edd48864d5",605020917.722222
"7134b03f54b10f282ac34fcd",921138819.26
"6d860c215908949c4ba1c536",485409136.936
"f35f884365b1bf6fb303d7b5",474273609.167111
"4f480aae78aa068901ee9468",484077189.523111
"39a12600317b58457f68b5b8",425257541.283
"5f0c7a6b4f46203648a0bacc",512411629.290556
"d01f6c0b2b338289e9fe3768",484178325.642778
"613ad83abcebf6598f0079ab",688096185
"effc32659ff9bf30faffb3db",694190276.398889
"73fbb3e6b22b957ba6b7557c",644591749.084222
"6c8c5e22025ca4f450a428c3",590196552.016667
"d6e333e793f75c2ab34fb127",505095775.554889
"b82e52830b51e823ac7187fe",546309188.708555
"35ed4187f732a1ea68dce712",677303304.333333
"0c5067ff99e15fcf99792cbf",677303304.333333
"0ad01fb039a198262ec59b72",544669085.822222
"906014f0ee3f3f4f0576d4da",594187027.448
"13477d8ef90576ca84258984",558996605.482222
"3083a7ab1deb092f7aca6a54",545361134.722222
"a92ae34df90cbf8af7695ed0",698729790.711111
"82d22ca21e31222068e1ecba",831258311.111111
"11727589f7c66554e9114407",827253323.111111
"9982169d6f3e9ca61dacfed5",643247291.407778
"2de0ad9bf15232d6056285fe",726953506.444444
"eb6e6060b78676d13d6bda48",773038095.555556
"6f37300b1fefaaf746f53907",753159766.666667
"7698775967b96e3e7bf66e6c",724703806.444444
"863e5cf88a808b8ca96907ff",731847139.777778
"77b5c9a5f534a5b80cc16d09",772865602.222222
"ade0c9cf1f9106e342c69bd1",646011556.607778
"6fb45859693c703fd9c812c8",592446775.377778
"45badd183bb1a4c630174f3a",531486058.844556
"f66bad2cd4b09ac29f540f63",795697439.475556
"fa3017d74586eb4c3b5b7db9",639422858.495555
"f09bb33b65b5ebb8fffc3a21",741321848.666667
"600dc823c42aa64f60fc3ab9",818029677.111111
"c1d9119fa7ae7d44362f18ce",903493580.319111
"a1305fd943ae63715529209e",809512131.111111
"8d81b4681ad0055c274e7da4",810537650.142222
"cbb10e7618b1385cf922e815",721725126.888889
"b09111ea69c4be8ae120ddc3",780909061.111111
"099f07f9ec4ff6d835337f86",836112976.111111
"c70f6bd5ca138bacfdf8b5cf",827356193
"a6c86ab7381f6c43fdd61a01",490626648.970445
"58c2b87098ad454b1fadb13a",842194311.111111
"6afff7782d129021eebee968",823262143.618889
"ad92f3ea52673dee0a56902a",761632158.808889
"3e040e87b89a043564f0d0a2",749203552
"49d020d2056717c2108b0927",818161616
"a4ca465294c114b1065bfead",791009544.444445
"ca9520c7b8432b0521b2e8dc",484850239.364667
"4d20f253940a4492b4f6a9f0",449888120.265111
"09b61cf8ff3ff09ac892d073",452577801.050444
"86e81141e429bd81d7f0e73d",614815161.990667
"b9826d7a6132b16df1bf58e1",498149976.946667
"a90c60e05e29b77963a11246",516760461.111111
"6e9984a3c3daf63fce5cd3d6",769669886.362666
"a9eafeeab4ba51d3644f4052",491998752.86
"f74eed3a7dad1bd8d92854d0",720777499.063
"5b377636fe30946fff973f3d",643762985.555555
"5bf6c1862c0bc967da2cc484",840802344.773333
"cd5111edd2fe80f56db29531",727357718.688889
"c76c4695ed005277a59451f4",715553111.433333
"7dab6cd1002a8521e5825bcc",784824985.421778
"5b57258272dfd1babb29e7fb",769307409.432
"f68b7dfd0579838324895097",761726735.715556
"812646c7de863919cae5edff",825618357.333333
"0da10eb6093728074b34fb75",740754888.888889
"c64346c8b0ba32a55292e66a",900637602.017778
"ad6317cbcbb8bc27b0774fca",877858270.222222
"9f43c80d2fa31a09592b030b",857149555.555556
"5b84f5de073000ad4d4b1a04",923414063.333333
"d94d18cbc812d560c1e38ffb",878667687.506667
"ab3110b5dc8ce81471f69c16",885804484.877778
"138a1990291ba31024455eb3",863235763.586667
"646bb3de5a1cfe4bfb7a7ea7",860376718.355555
"d8fde541f142e6a7f0b28099",659976217.103333
"ef61986cca74fe8585b1b287",482491333.538889
"e1d8eacecd35515eb19f9135",912067065.56
"8346d64ed6211083fd420ede",552780183.48
"4340fcb9c80733260565c24b",805210739.346667
"ff5a27ffe7de039e65170f9e",728718755.555555
"ce407c1e25333d7c7eba1b0a",825369435.063333
"f927027bc766ae6c111fb685",390742704.051778
"3f9a3edf25152433969f98e9",612299970.555555
"987476ca395533347581b2df",770079789.841111
"17d0e3208fdf10c77e95bdf4",598827242.757778
"b485036419de03f5bad01f35",754888438.547778
"d3f7847147c88352bd3b9707",743480727.912889
"aabaec5accad3f545f864a3d",612041479.856444
"400a103762ad652e81c8d3c6",624790381.111111
"acf15357c1a919b6ee78f676",914626214.708889
"8d983b9ca65f19ff3d69985f",903826611.555555
"b9a80a4d84eb918792324dcd",445643473.014445
"223b3c04803ae7b855f9fd10",831285477.003111
"e5c8f2d536c3f931eff2d70c",663734534.888889
"f976ec33e004b2d4d32c2eb2",502835296.623
"cb00e44cea76a92e9c44e793",454799944.329444
"0e6dcbf136294f2a99410052",457567104.866445
"102de0a5ee4f19454b922b96",784263635.555556
"cb1c8ab11838d9f0a1197e25",875708984.025778
"2e2f1072d8db7372b2c2419d",435902410.208889
"8c4cc779f5034e9c10b2e698",505766002.823889
"85734fd69714897264ce2214",684504610.607222
"5694c1f689779fb5ca95686f",633350836.244444
"f3bb60434cb36fcdfe218478",588741089.280556
"cf8bbd3528d3e7e2b8f50c29",734766002.646667
"7db1c8214f229d865da455cc",576010224.081778
"f3478cf008a7ad268a434ba3",629664155
"5440ee15bccc4eaf827fefa8",735283580.555556
"78e85ca7c532a77700bfae6d",760355366.911111
"eb5e382e1372c4e94f467673",774437532.768
"5a11cc89d3b01eb87535ff1b",811981141.111111
"d0f5cebc2059ca89aae30c76",547316836.64
"883371e374936fdd74d09fe8",495366906.267556
"9ab4e5f8cf2b807603329cdd",498782557.307
"c37c7859956931d77cd5c9a8",518532418.010222
"730804efcdd755786bf734ff",404237368.643222
"9d021f3fcbe5f82fa1c1fd94",477745203.597333
"975ea2f56001edae07f28fca",462130954.329556
"8fea95d0a70b1ea918803f58",568710929.346667
"4718488d664194a3c0c5b446",686019988.453333
"1b87ffa033dcbf4e2805dbb8",553488717.398889
"1a77ac51e03c77ad280be447",469596471.922556
"228d165257ef052ad50433c7",618231980.426667
"513a83ac5bfe27c5b813ce4d",521307698.888889
"73bde441e18a9548c034372d",640987640.415556
"26301269301b6f96862af599",660135833.333333
"7b30dbf2f6d835ea0c14b392",639470580.111111
"254de3f3fc52b8cb62141baa",663244992.952222
"f566603aacc78da47a283804",716491862.558444
"990c8d65ca11a97a1d34c5e5",545701744.444444
"a9878134c12696d8199a1ff3",552049986.822222
"58185ef7646efa724e904f5b",579102370.930445
"37d5b8f329ed1ec29d4bc035",683083599.248444
"e6f948282e81570fd03e4df2",695245660.729
"8b801b4cc1d254d0277fba5f",688072230.353333
"33a334a16c4547b9d7842c3d",656596410.214334
"1ad9e105d9da875001111075",826657009.175
"08ad96681afa49c74721daad",668240442.777778
"beb73d27906bea7a7d880791",798562271.556
"bda5b2e5a87a4905a30f3b8a",738824251.222222
"5cf70a67ec25288657d6fff4",810786100.012222
"baeb4e9d612bffb63ae3564a",785370109.674889
"1902f509aa05287ba42f546c",720246311.222222
"c0cf9517f20ae81c79ceb0ed",807452650.241333
"2ca8b22013c529b412ad764b",801426806.234444
"b38816ece917027a179663d4",769247436.888889
"c89167e42af0d42c88e8573a",745084684.377778
"09254c66d93cbbf2675b775e",768634302.222222
"89f8ccb0c1e2136adf87a10e",798192166.226444
"cff851746578050bdfd46090",886061113.333333
"d53ddfac67129aebbe054024",840217111.111111
"53b5ffa0cf0dd12e4eeb6a2a",883196504.444444
"62db5fd2a4eb831d281ba8ba",884140105.605333
"59b5fe8d4f5ae272dbaa5ba0",895386708.791111
"3c1b7a0a306e16e8c22d78c9",874965111.111111
"5219c3cae1c92b52551a8571",897550311.111111
"de6aef9a5e47a614b75ee576",865559843.866667
"d168181ef0dcb853171cdbb4",909936639.002222
"6c8e27967ec63e6dec4bd6ac",813991116.120667
"8544bc14286a51e60ffee7b0",1121769888.88889
"ed48916725be6970cd2f273a",504380235.284444
"9ff3268cd15cf039ab958413",458438366.278889
"16cc5c280124618cd5d00027",528468904.407889
"ac028c1580f6e4da4ccedf0c",453422697.330222
"673f2b913006ee8b33e75b5e",614191733.888889
"191f96722301456877893b22",633772871.777778
"a7d8e636db44cf5d3ceb67cd",746904471.771333
"1310e9cafc0b9fc21c212f73",687031491.537778
"1bbbe4e1eb264f5c69467e50",406570700.020667
"283c1142d027be336a7bfacd",423811843.453
"4d09c2354c67243c968dbbcb",501790893.291667
"db3edc43e89840a65749cd94",543823592.176667
"0274166db611aabe4e946a83",496762284.934889
"8153b36347669087e363801f",533722688.642222
"e04473aa943812de1d662058",810773564.640889
"7742e8923a4b832e3d94f3c7",666323566
"536b5a8aea016aaa90fe744a",814322039.548445
"d2c02052de9c97c531a4453f",675813908.344889
"48378a6148532f71abcc2f98",741212200.222222
"fb0dbfeedbab00cdc7eb93ee",644911100.875556
"699412bfdab1157487c81725",834393758.280889
"a63c26369cfbabfc9c2603b6",741030865.740445
"34e5602cb58501859e32dc9f",856333299.994
"da83b03a6c9d405f55714b0c",872341648.888889
"d938d682332fa9e5c4986024",777422222.222222
"e9e39766e2c96bc783d580a9",947520759.025778
"fce89a9ffaba32f9f7c5895d",913907236.881333
"2d6aaefe0f50db8acde6fd1b",955822226.113333
"1710873f951e7f695fca3568",492160831.473778
"0ce068461fb3bf34eee000bc",492667660.795556
"b5606ddf3a4e60e2a0e0d6a8",663020868.814222
"2c2e56e3e5210c111c7de708",675038886.289778
"94118bd8c3da3f14f9c7836f",496762284.934889
"d20a5b3eb857e1f4b548066e",613181697.6
"ad37e23456bd4d90010f7784",664822136.033778
"c5602c608080e2546dea5463",472104764.370667
"e3bd8bd5884a55fc1a151687",629011747.777778
"aa31e5995379bc38dd40b8f3",733090334.684444
"fe8a10fb4031669a9b21c919",955732840.045333
"08eaca41f26eb387b67bf30d",1095250204.22222
"23ef4d57d130e4130205f30d",540091923.911111
"d6f1594affb8db7a865e3452",501021289.801111
"abd9cf3c36309d590e58c2a7",538448094.21
"1c177af5bb41e26ac0135b4a",591476022.294444
"a05da8df13eb4b121d536912",579674972.106778
"5a5a581ad5540fc82cd3c2ed",614275347.222222
"b50ff8bfc0b4c4b165c5ccf7",715927773.380556
"2abbf26e80643dfc1b75edcb",836282491.222222
"ec903c33a379d8d2cc04ab36",738325388.071111
"c062d873af3b7cb98ccbeec9",1007558960.90667
"927de0269795dbe0566a0326",813515611.799556
"ee703dca75c4dfd5d035c9a1",462774572.076667
"b8a42b02c50438c2ad7598a1",490513770.732
"f7216fd19f41ca5ea66a9169",495404884.065333
"f487761a658a4247563faa38",713199105.909333
"caf878b42daeee3c7de336e9",588215597.777778
"29d0dd2d4b120dd54c34b13c",615074437.944445
"1cfc7d60ce613536d23b093d",894459603.525333
"c6c7409bbf52c86461aa1dd7",687752731.377778
"312ef52e0250429a5ecb3b27",817302117.038444
"48299e52748ecff3b69f7a90",589784764.154667
"a02f6ef1f148659297d46b33",658000407.777778
"67f664c8f9250a22c10b4f67",667963566
"4977af03eebca1aa266289e2",609426361.403333
"39af71aaea23b5c1e987de32",443519338.613333
"d69b019e6d54faa1cb044d39",849597841.611111
"024e94e72ae88464621539eb",776768888.888889
"b980c778ecb2709696265c10",948120759.025778
"8780134f8b40f0fec4d1b661",956910620.045333
"107f29b67164ad6861cb7059",931128032.335555
"c8958d280d0cf2d8a0b481f3",562402657.13
"1f8f74ce8831d5532f330925",671842456.837778
"7be46b6dd9891ab771fc4be4",569412180.033333
"4f4f7d2b14079ddf8754d6ad",634986062.333333
"5921ce922675f6517f8f0007",881692444.444445
"49f0323d28ef0610248c87c0",824531946.783111
"3ef167ca6c4ac77f6968d17d",699113707.432
"8d2f9968ec8aece8d1a20137",658062592.444445
"4bad47078442f3416b2c1ff4",532353612.595556
"5e1cc2905f7a701f895123d8",737630928.451555
"a8633d3336d097920bc8a9b3",758940336.871111
"72fe83366bf13a53937b7034",844251371.209778
"ce78e1dbbf0f7aee98e244df",764152803.280889
"11be39d287e5a8bdbecb5994",739618866.888889
"40a561bf79fa7a08155e1183",768735889.240889
"3dbafa8cd5225e261ec9b6ef",465571042.024444
"68cd88b657b59f5671f59e04",459705093.073333
"6a2ce95a8be0654f193592e5",486535473.538222
"4e613cde51f9760d3c051562",820775207.654222
"1b69d2c7fa8f802c4af1369b",699113707.432
"f126c4b36c00d0ca11c21a2d",581978628.234667
"e6a7e6b41e6c6bbdc16e1e14",633651022.222222
"5a69ebde2e113923ddbcd18d",656296300.718333
"72f0540aab38ebaaf9a389f6",812943933.333333
"75b5bb7b5ff8ebcc863fbdcc",671755790.171111
"096912698fd9a59d94935478",745982998.222222
"f0ad965090221d2349e90d5c",567940699.406667
"1c224347a1445ae01184e0a2",881692444.444445
"0ee7273686a0a92fbf48a383",870795938.888889
"e2094d28cacad3e2a711c5ca",496175603.370444
"f50e0ea2c3831235704b8c72",453205623.001222
"1e64759f297a66524eb07b7e",633905276.928889
"7636a187e29abcbd8fad6244",477133783.434444
"9b858a70a031475e422e375f",780716725.555555
"56c2e8e14f9c6c9a9f046a08",610662833.712444
"1bd7b990be19afa5acc78bc0",513163352.5
"8b36b7364e4a4c80a6e50bed",693783253.336667
"d348d38769937c8f350297bb",878958843.457778
"f4350916cbddd5a544c6ae46",487255614.103778
"237bce11f35d32ff029498a3",600406354.372222
"faf92fbca9baf8cce4a00063",599599225.771111
"812c9b5407424f956d308b06",795343967.777778
"9fd4adb5c63fba5a11661b23",461540793.591667
"168f81689afa1f055d8bf7c8",725193696.111111
"2a9bbffb1b98c49d79bae509",728587562
"b95ecad591e5c69fdad8763d",538123633.457778
"dc51caa89a74da37ae644ff8",537708077.902222
"d97895a836e6ea22ff3265d8",442973199.779889
"de754bceba2d206a9cb4f116",511689639.161111
"036177aff84b1901e0f18759",547316836.64
"8a6cb559a488d6ce1b641585",595644904.444445
"74c4f233c7f385be73168e0f",490395736
"27a6f3e8f9649ccce7680f0a",535281578.5
"711045fc099712aae3fe4d14",469763138.589222
"01e033f5bd502c4ad398ece7",535950508.888889
"a99261116e0158109b3e3bc3",497804750.951555
"2d8d64261ba659302da4a481",639470580.111111
"9adaadeeaf6a403e1c8754bf",713707877.102667
"2ab24b9c5349427998338d21",693629690.393556
"09ce36a03c52d6721bc5276b",675321167.555555
"80b37d5ebdb325edef39258f",800559532.995556
"78a080fc98669c0cd9153904",777930866.233778
"2d14ad8ab9573c406e203ed4",667204500.244445
"145f33a8350a080231306bd1",639553188.276111
"b0aaae3a435fde30c4c02fac",890262377.996667
"b3f5af523b5d6d938693ebfe",855900024
"25d62e6b1a1a52cd8080354f",893291000
"5a06a8b33611251b62d77e72",852707874.882222
"e93a9b257ecd815c860d0b82",632450014.888889
"610f192d22864016cc2df1c9",659264169.106667
"4e665d479b3bf2e25cd463a2",765938757.495111
"343be18b0f77260f32ec05d2",528174441.757111
"33dbec39ef8c0667e4c3f039",754248834.464889
"b24fb90a2aa5d9d0c7e1541b",769023888.888889
"b56a3a017449fc4ce417009e",542031592.988444
"e0dd5e6879d824a95c3c1773",615659059.604556
"156a20e2bf9e48b9a360f9c4",471393526.549333
"d5583fa23ed97a3b9413e910",721327169.661333
"4e6f695bcd4d3c0d8497c1fd",1150759850.02267
"da7a511a5f470d99ab2bc4a6",805508608.288445
"22a6058ffe790c98a8922258",802546959.272889
"0c19c54de06d1c139df99ab0",798791836.666667
"48e687093fb26d29cda9ad6e",367552014.396889
"3ad3c519ced4b63ddbfdb0a1",447640999.165555
"0b221ebf810f632568c1e2c9",591690400.695111
"7930f32456e796e40fbf78ed",764619778.058334
"f084bfc530f4039f6631537b",845736937.744
"f9793063f561dc76c0b49a9d",885598718.797778
"4d2ec23fff8eb502a9d93353",804740287.655556
"a6f570e11883e74654898d75",876285752.08
"cdf11b53a23fcf9b6032cc8d",886212241.413333
"6f968f62a6fa4dc255397bf7",844392988.038445
"d692ba46b098c6658799ea8f",425856261.583889
"774a4b48d34052a978b1180f",533562374.169445
"acea4c7aa1185baaf6d3b60f",626022659.044444
"07ce6f95a7719abc9a204b6d",830030976.913333
"b371665aece480b8c1602773",884579058.722667
"5edc37d9746cbef8352f0fa4",648172813.575556
"26617e1fb3b4f0e4a70e1b0e",779423365.618889
"b1a13541b37964b8b85f4669",438923137.496444
"94213637892f5fe643cbe8ca",433842162.203111
"742acc26686d04596ba60a34",559275420.664444
"acb1d16ce30aee0a39f01f09",632416437.027111
"e0d837e6d5d74fe91d39d23c",634230390.947667
"29028322a6d692edc5ca713f",767058149.759556
"03d54a6e80d48c96a7f6a1fa",650888000
"8616b310e335f539ab1109dc",695365172.951778
"6c21f6a3513869f93b32e9ec",923155220.368889
"10084cfff54a17bcda6f19d3",806505384.704
"169c742419c0d4335d09fb45",635994839.331667
"0f06896d7502890175cbc4a0",860656051.208889
"7d2e3464d5f2f79ac29e6c0c",475524641.111111
"de9053a55630670ee8e59c9d",621628167.054444
"8d54b9bd24cd9da341cc942a",677043747.566222
"95570bee1792641c7c12e4ef",785790605.402222
"6d0c5546a498fafba15f2e17",524187090.297778
"ed43b0ac46067bf886457c01",700549157.777778
"8890eca19a9e1cdc9e0f0541",802532075.005556
"760a5dbccf4eb4ccc2622b77",545202811.596
"20fe2d7fb3910ef786cff965",529489811.777778
"602abdc140c40112afc1dc98",485400606.097778
"b7f906741cae6861bd5fb922",514478055.192
"4d45fbe5a5d39188b5eccbfe",785986737.411111
"08f74ad7f06f2c409903ddf9",589794817.5
"7be186f4eeff5c0efd58e424",494781544.752778
"3d1a767dc286fe1cb86ed9f6",796760817.831111
"2ec9f5265334241fc594976f",844849773.744
"d737b8b7b39e99f7d877b7ed",682118289.111111
"8fc50169e6ec98a3f4229ffd",795569581.308889
"942133ad6b84f9d08e1d4e7d",857066338.01
"c965b03014d21473b27072f8",773848165.439555
"f1c8da86597a427e24dcd557",693933958.729
"8ed5e7770d03c43ed19abf42",702682291.653889
"68ea36e3f441cb6da8d36198",1105736393.70556
"c97715bec6032974060480d6",760188379.36508
"e6eb47d050702ed49ef5c49f",826065363.888889
"5a82fa348f3b97e74cdd3a61",813607326.932
"cd05166ab9bf3128c23fb8c7",767232108.446667
"cbe4318f63d73fea6238079b",904284835.082667
"efcc8d268982e95fe2fdb311",923414063.333333
"c45d7f326a2f279760d1a4ae",857794828.882889
"7c5ce0e65cb26773edc9ddef",859277300.96
"357fda0abf79ec95f73e3584",476310591.088222
"a1e8f0c7cfbfecfd1549b0b5",650634770.130667
"3f208f32cc24d8ce1506ed90",591257080.612778
"87ca8a2b3251a38d45730f5c",573322338.938889
"728961e03bfa6e3242f06d8a",577406408.888889
"b9f9dd0d368df912e6e0ce70",852456428.32
"429b049255a7edf227a980a1",490089242.073333
"a6259664a05091ef92129c7c",577852182.48
"674c915c52b27df2c06b8bd3",661125934.384889
"f8be64dc83c5923983fbb770",603425903.888889
"445fa7f5e8e9d7f12e8991d4",846115902.518222
"0842816a5ef4f24435c8df22",695107457.897778
"40558b62d83e4362efe1fe26",395385622.836444
"bc474096496b98177e40f590",507745765.174667
"2b55989b2253416428ece917",507745765.174667
"7158e3a6d456211d4533e246",403214200.793222
"d4fac54e137f5d27ce5f457a",714794570.762222
"faee80ca0efce20e731823bb",884484366.712
"8ec09555f5a47f96a8683699",909623923.377778
"2d7a48a6b9fff20ded24f86d",555975655.816
"514b09016ef85b9ddc4fafb2",776363881.444445
"a1c975ab16effc6f97935e16",636530422.571111
"e803e3806630c6579f004610",834180789.111111
"26526235b34fa5b7349df00a",444079160.911111
"ba762cf12cc038e5c43bc6f5",708637324.482667
"45aa335dae223bccb31ff7cc",681888829.632222
"1dd3d7e197075859c1ff5b23",767191708.211111
"2db9b3463f85dfa87347d6e3",780990722.888889
"f72cc14d79ce15491a96ddfe",933921484.693333
"4e25bad08182b79f5ba9639b",913008845.330667
"e724a1db86d8d0c6334041b6",491658878.628889
"8fa53bd51f5d54be50b3fa29",439924268.960111
"fb7048ba61e9e6b1de829bdf",676649144.732222
"4bf70f19da0bddec9241d310",609517078.433333
"13c7f3592bd432c7cd0a42ab",644306443.217778
"cb64b363295d36b9b0fde3cc",637206571.573333
"bdc17ea3f30318b11df30508",737965056.035555
"cb7f62ac4c1afbb4256601f0",604894201.04
"5d6c275d9d3326e738c875c8",754988695.555555
"9865836c04a9582688f50496",505171726.669445
"55a615b65a28b64d46ec63e4",500323672.267333
"dcc9e2c9c1151bd9f93f44b8",828770579.111111
"1a2c0e46bc18bf3224450064",791311323.111111
"3de8187003cbf6c4813bee45",436504810.205667
"d62663a447beaec69808f85a",450761246.620889
"1ae17f134221d5d9ee69ebd9",630345438.069778
"35e55d060b1c4239a85c0ebb",606508774.237778
"45917f1bac415feac7e41124",505223232.997222
"ed44705c17c414af8442b6ae",646750591.990889
"6f01f2c67343ebb8ec717a5b",634379191.108889
"8f2218126da9580268661c70",719819589.955556
"5b36bc6e78872d2ca6d3d1f9",633425373.8
"c5c7631ddb5b485d0e992f7b",581087055.496444
"43c88f1874dc7f91c899df36",851589647.539556
"dc544c90e6ee38346a6002bd",815875386.339111
"02990998f3621fc5a3d0ee63",451540343.928889
"dbab5ea45ae910567c97fbb0",581235952.304889
"bbf80c409ab3a6784028eb6f",463452943.944444
"40e56beaf4a7f28f8108b132",463452943.944444
"e857db57a89e165eade00770",542775480.264445
"41fc4ca2b3f48508d840bbb1",495761442.082667
"08c1db1e620e975c4d476b2c",510404617.002778
"8a1d93bbc83f4728657317d1",576753672.532445
"6be0ddd4180b5eb92908da05",504063544.723667
"ff1498465e4db86f4f652e87",482458394.510889
"6410d336f6e61c4a81403c61",453900452.927222
"169cdb07bd175b4325fd28fb",517512500.122778
"546b56fbf616a6dfd1ad9d88",721070035.337778
"666af58bb684c2d8e7574e86",637779560.421111
"9fe75dbfd537f9ebc6653f18",683006301.333333
"ef961c130fa3b9015b103154",804866293.855556
"035ea0f13f2ca01c902d5388",601910406.007222
"7800f742ee14c4b4142f8b58",703587493.68
"0c621256c4d7ca81045fcde2",647667954.636444
"50db9d168354ea3d75a03a6f",649484410.222222
"7bcd1fe7a140b6eeb4df2aae",528865002.903556
"49a4cebdb22fc2d72bd1aa78",452108197.987444
"69ae1f2868fe714ad8e2f114",390736733.717667
"ca4f4a66d83f2043a7dca261",386074166.255333
"c0ef32a7a294e5891505bf35",386074166.255333
"5ad6f4091b77715b7f74587c",689270202.222222
"331e915e2a66fb70380282d6",639669513.444445
"3a00543fb00cbc044a5b3527",419351008.864667
"81df59c6d8be19568d16ea3e",440823787.006778
"88a4da0d72977b0c56b31061",550711208.324444
"3ff9e75c6de41de517d1c4a4",411767921.879778
"147f80fbae69dd577ff19950",586953196.222222
"78beee9b7fab8600d420fd27",547086657.166667
"c3733b88ebafc0a05f5bdc99",560710600.277778
"568509a7aba60f8fe2d0cd5a",666544153.290889
"f6d3f7e963c9aa1783b3adab",719267294.911555
"ffcf6794a400aba909383b41",959968348.978667
"fa0aa00078cc178de0cc7d96",782909649.111111
"eec51f949083f39691e37e15",861020621.751111
"26f3d5bc3adcd1396747a414",913429548.042222
"cb9e058f82b10cf80990beea",802505854.161778
"22a0f3315f7600e5120db131",456991673.019778
"bf6845aac15fde9b89a7208b",654050719.693333
"6e3cbbbd3f4d0578144cf021",478303899.424889
"98a0289e513d5ba036b24252",601036776.083333
"597d3f78e2f413acabf825c0",426136316.054444
"43a91a731e86b9a0784f717d",600219852.073333
"f34ff57e272cd08056e6a243",703331274.458889
"6f68b289516faa0b7ef36a34",419908022.453
"8bd8a7e19b6d3b8bcabb84d9",476938588.663333
"74b64bd536ebbcd7c30ef8fd",1018264815.53067
"f968e756cbe6504fa0f32458",1066755602.22222
"e99d9dcb9880cbfd219b4297",797167303.868667
"4c9e6812520f4aea4ce435ae",867203259.501111
"78419be95416d2991ade8be1",493630290.792778
"d417ff438d2a418b1f9e50b6",474246543.636556
"3ac77ed776aa4630c7293240",716301106.713889
"95173735a8f6e554f083c065",1233721009.82311
"83da39bc1a2eeb75e2825c22",753038166.992889
"4bf89c9e50c5417ed669c481",729823866.666667
"f90fd39477c8da38e33ba0fb",517781074.316667
"b45bb2d0d137de6984d4e1ec",538445673.347
"bb812343bd6cd66e9cf9a9ba",519877280.339333
"e299f614cd8ae525fc8fd0e6",708281876.222222
"521e9326a2003c7b56fc4365",867112022.357333
"dd59ac4f6706a1399360bd14",846881183.401111
"d6c6e7f923ce2cffba8ff9df",695365172.951778
"df07a34d0ee2f78f115c45cb",847766555.552889
"db6061f876f890071f7ed957",858544724.136667
"b31601cf48b268f3b4107564",708852017.666667
"3a9b2ef74c59e96a6b107357",431866491.195
"d600310e19c926cda14ac923",900304268.684444
"183f2cf1a1c7eb9700b6e72a",923414063.333333
"42556b1bae874a5c09777873",877858270.222222
"57c1ed738536d177d66fc52c",937267811.111111
"26cdd114566b7cc63cd96fb8",840802344.773333
"0f679cc583a47b30ea132bbb",633868287.555555
"32ea7e13e8d9391aa9b7ab9e",423065176.786333
"0a482968c7cdf212401d72b7",706045535.130222
"85e4ee2583c51592d68ef5d9",389409266.759333
"f4ce15aaa352d707b68cf773",899764526.5
"7d383abbb6ac49c6599ffb0c",825801917.888889
"6c67b1b0991a1d79251855c3",929884240.190222
"9e52ce2cb6f6b7e2a152dd54",712893266.604445
"bdeed3a7395cdb9b175273a6",740964199.073778
"423ddbfe2f575e6bcb22e7b8",817019177.904444
"3247399a31df838ec5fe58c5",772956637.173333
"bd57e5cd29d935cb26006835",746014620.666667
"bf00f36c4dbb273d7ba4b7dd",549319284.031333
"48b9efef82faf72bcbdf66b2",764138628.270556
"d2526a3e39ea01f87c99d073",671175790.171111
"651d5cd65f80c4938deb7da4",461267444.547556
"0be7803a34b11d89133beaf4",496295791.409889
"a54b0b282edbd217e9509287",690712199.01
"550c5061428d09afa0c409f3",578419281.595556
"7538c609fdd115c9dac551f4",677449939.053334
"d7e3cdd3ac239a5c318f2e9b",816352562.777778
"9bb193ea939c5308a738fcef",428414320.723556
"33425419e1a8e854418c5180",389314078.623111
"fedf2e30e390f5cf74b27e97",423683932.169111
"024c5c787d005adbe770b9bf",483102974.450556
"13f681a090b36edf38a4abd0",448609699.986
"442c6bda79f63bae28674b1e",488447577.730667
"47e0c773f65485ab7c78d49f",498247497.670889
"9e30b310c820d0426f504d90",403691423.015444
"8cdfda9067e0934a8ebe0894",658950920
"0a8aaa78f68d43e3b1bf6c51",589599657.444445
"1101f533fd18cae5d32c1cbe",602077239.791111
"9f6af9ac2404a8d55f24286b",611557846.888889
"75060f295e0aba8e1224f766",538862207.441667
"f0e68102ff84f49d90fe38f4",488104063.813889
"3c45bf3e3e31e7804ac91704",570066738.153333
"f908e1de4c4be0d77411a998",735288946.666667
"ca643c04044fabc6fc566d12",746024739.355556
"8aa76df8fea21a42fb6229ff",622417596.496444
"c214d2383936dafbe0652c51",764138628.270556
"993898470c6676ce46ede92d",733061327.755111
"18f6240cad6e92f9151099c5",721623664.976889
"1e63fac2629793fdcb793f1e",716827904.095556
"e0137390f0186c98f4e91263",702752878.382889
"e35f95823a486c52b0f4c2b6",577046634.444445
"ede10672118071a215ae09fc",727694278.111111
"fcf46edf6d612ff1f5ed6134",860086557.877556
"df4be33c0931aa86231b7a2e",808456198.133333
"53fdb16ec08e794dba9a10ea",810896537.152
"74c24c5e142e5267456b24a7",747020176.222222
"f1bc08407f40396c094e0499",826776202.888889
"496ce19c015093e97144d375",604939261.734555
"a183a1c009abf7251fd725a1",904139204.444444
"6bdd97526b1a9cf10853df1b",866123687.333333
"f083a8f187e2227696695ee1",542167145.118889
"2621e068043a5019aeed6c8c",730297178.992444
"3b43e7acfab46651b099b1ed",801762232.1
"6565b3281cc2d632febbb6dc",810447511.111111
"09e47ad8508e7cfee83c6d68",909691872.888889
"88b02e7b20ce6db956afcdd2",930464370.888889
"bfc41facefe9428865e4c29f",867484955.804444
"569bb17b961fbdadf7106d56",870792589.053333
"2314e3ffc7242a429e00207c",872627773.482222
"4bc1e2cf5e5ffcbe1020df08",946568302.335555
"949c4a5382aff4750b4dff83",910043305.668889
"a63b4a22614d334b4a61ea16",858394753.522222
"734fbae84cebd50aaf71c48d",912687631.111111
"f92935374a7ef86314223c5b",737177208.471111
"6cc8e22f11d382206273af23",696289171.333333
"701768887155444b77c4f446",382288538.262222
"13c86cdff4dd32a9f8b9adcf",784817782.777778
"8002e2cd1b70ddcae88ebc4b",812779059.735111
"d0d77497c8a7d567f01d3afe",669210881.392222
"95a7b01cd60cd10e7364a600",576602783.679889
"d1e38d7cbd32567c874e194b",614741944.288889
"e674ba41f9657ac8f30d4f7c",694410307.222222
"6bb760d54e5b0f54d9612a8a",810617266.666667
"9e3bbcdba89c647e4ce53182",599466955.333333
"72927abf4bcd53d6907aeeda",821750780.987555
"aebaae467e5f01db3afe69ff",475935121.342667
"3ad457c8855ab8921a7974c7",841506926.765333
"1f3d3fbcb686ada1a96e01e4",524050342.978889
"0775d831f68b88ca59eb871d",806064201.634222
"5fa3b0993cb43d3c72c30093",757223226.373889
"bef19d0084cfc9f6fa37ddd0",641935083.555556
"85a856b4d0dfb1fae861f513",700101440.765333
"07fa1ad76017843232107517",881692444.444445
"4049086139009c35dfebb3ab",472969316.186111
"655120f80a39c19221623311",672547386.666667
"71dca93007d6ba45fa40eaad",633651022.222222
"9f41ce015f02d67e193c41f5",527428236.151111
"9017bd24d173b2fcf564b32b",870795938.888889
"e5ef29d41082025c42f7c921",580425566.094445
"5c60d7880850970facc54bb8",820570066.666667
"f51fce25d8376d48fbe73a43",442363112.08
"9dc7b0a394309d8b76d0bb7c",534463186.136889
"a12ac99bf63b547fd9180a79",468461960.845556
"378d846a7af35e0c3efe53a9",829217646.666667
"0872198056be7edd5eff220c",824455911.317778
"efddad1eec775ce61d3b7b64",828926098.777778
"70c19d59c6b9e194b6bc09fe",710543545.071111
"b0d3d98076883f346cee8d04",746107685.290667
"c7694e92a97bb66794e62fbc",585151643.997778
"7b4fcc72822460a428c19282",870868081.537778
"a6baf4631223d9b24de8b590",435187471.813889
"a6f616d63d134f14ced205d1",911566972.335556
"50c123baa5783185ddbe29c6",687609106.201
"24756921525595f1684929ba",648854700.944445
"caf9c761d21329c993a0bdf3",678794670.065556
"193d70ead1ff1043845e7671",563968771.015222
"62ea31859e01c2f4d4e97baa",610424089.04
"272b5b5c28e46c6f5ad95c22",612365030
"552ab0964056c1d1d1b7398c",702743072.36
"23799891583435710f66303a",645889325.251111
"34896afec0b639648c527483",770325894.908
"eaf53eeb911ecbae638409e5",482582673.567111
"b1fdade0fbf0470060fc2708",494664983.396
"8a20478528e97700dcc84abb",518312105.685111
"702525f05b47353c95b0905e",555024652.041111
"b84c837c5a1fd0f1ebc5f8a6",614035081.082667
"ee2d16316e6f4f2388494c7f",516083612.55
"ea4af07bef4ed93e81ded95c",806733117.191556
"1a71d0d3503f9eff28acef6f",851751788.143111
"1fe392004a09aeeaa6e8bce7",581717279.763556
"46d4b0cdc81137aa56f516df",880886881.084445
"4d666967b74ccdf5b04e9787",384885134.532222
"fcf79745f8cd716d3ff9d27b",500421157.760778
"aa8a19a2fd3e2cfeb3b7dbd9",503143554.451556
"f055602beb49dd6040641c9a",499807345.711222
"7b1377c8d81755bb9b501064",579425136.111111
"17d0418e4a439e9de8006f5f",706140020.928555
"48f1c6e343a4724ed865533b",773639423.754444
"353207faab3dcf10feaac8ee",864860916.666667
"ff188e88378c8e2abed8119e",671764082.444445
"424b41f5e01ea2e2ccd3ca48",598046291.927222
"608cf4f46a188cf84f853c72",503399947.137778
"f9e7582dd99d36bfada56249",792268945.894222
"d52f04fb69bed41ffb10fce8",603035823.044445
"ea84b58f733c8e491db98a52",739806676.222222
"68699eb9653684fdd3fc79b0",759964781.315556
"31f52502e89beb1b2e0dc3d3",743497552.888889
"fd41747287a480d5c4dcb56d",872148938.888889
"b7afdbc1b57b52e6fb03accf",942116415.555556
"48b270a493af4fa28dab9211",520290543.303889
"2a787b39e84958ca6b7001d0",626574799.913778
"e439c77c0d871996bf06bf88",686704939.770667
"91b8b9db5372a2c3a5c30c58",667126230.618889
"038272b33c075765464761e8",550822241.944445
"fe8e45caf7605fb91d6bc5f7",663390120
"d354a2581dcb183c0cd70540",502112230.574667
"9421ce9f204f373a50357fce",449814148.207667
"56bd3b61805077405af098a9",490536922.587778
"0a606d19ae362a58922b172e",569492718.715556
"ededebb1a544fb3246d3e131",541473835.893333
"6b6c365359d20be719ce815a",578676340.282222
"b8b22c1afac62b05ad389dc5",487962361.252
"3e3717eda8ec9a68c9d83027",498458105.277111
"03be8ec62dae56680beb2cf3",671779951.937778
"fe6c8cd2e792d62a4c324da5",652396592.111111
"f9c133f7a12f2b8c1b2beedc",614090692.918889
"4ec47b8100d224499ec608e8",792380221.893333
"143ca16847cc47d4a4c01ac0",610662833.712444
"22127243f7ba3a68c3fc33bf",603882282.954444
"835eff7679889fcff6795d8a",469661533.663556
"4ed3eb724d4e57a7b35ddf5c",651001669.333333
"4d743a1250f7d91e2782708e",593369763.831556
"9f5cf735a842860e7ac753cf",715469849.197778
"e54a8b735724b2af56c7a36e",490038803.803222
"3b39471f854357b7e5d2853f",778816978.222222
"91bd11b5a8e0c0124be78f46",455636081.481778
"6121943254877ee48716c4e1",450634239.693444
"3f4c2c98a5a6cb78d7d26327",416578867.799111
"2b6d63d6b072901effbc8e1e",846422662.632889
"7e4b240c601e37977faffeb0",846422662.632889
"ac29d71a80307cab65f29ff4",857944842.627556
"70c77552b1bb67a2a71c2ee1",921559452.339222
"54a09a85767156b072c808c8",765615675.222222
"244210fb4bcc0a04f2cdff95",899778093.911111
"9a2b53c1c7151a8b26a71edc",459326177.716667
"918c48a512fd6ff22fdce5d3",627766826.666667
"effe4219e6cb56e5ab70ff6b",867102106.546667
"936e6d2192f28a2b40939a4d",909938417.407111
"ad9a1b23979f0edd2ee19f38",471054335.022667
"8a8e4996e24142eb413c0d12",812840844.444445
"31c69cf4d197f97ac594a896",698921746.859333
"143f07eb2a8f0a9e26fc4c56",841673639.464
"e5fd3cdc6a19653275c7f4a8",792978933.333333
"5c7efb015b8ff7f108c99723",794895278.976
"394718d9d069a126e13be804",707189400.814111
"56f30ea777f5493139f22384",913993156.515556
"37d5a902f1036cf3d80c275b",589734234.74
"3f418a8bcc7adfa87e0f67dd",603506466.666667
"051416c05445860d5b4095e6",525457789.644444
"887761f34ce0996bb05ac48a",851079794.738
"e02fa06a8de8a603e417d5ad",447941737.094444
"6f5929e67fb8da068b91096c",777715567
"291479f573955e063f2d8bda",780381293.632
"e60850405ccec092b8fb5d02",631555579.937334
"464864b367e16547fe319229",671415557.471667
"4c14547b7e02e75204ca9f4a",775657612.495111
"6183257f16bce94113879745",562129915.787556
"46c34a4e5987c20eb1f5ff99",435946124.462889
"3f39b25dedb96409dc9d1947",890617250.105333
"e7a85e64ee07971696f555f2",740648608.697778
"33043b254b9085fc82ee1f7f",455228678.419889
"bd2759d469829bb8926dbe09",764490722.348889
"affae17b6cc59bdaa30e29c2",862289016.764
"e611d41aaf38a58acaa0bf23",664434643.333333
"0de426088a306321990cf60e",461786749.833333
"685982808b30597cc013e2c7",559588180.155111
"4cfd1be6a93641b110fcaf67",500234426.948111
"68fb3b3cc3e5b13440eb014b",1225704720.07556
"532bf5813d7e70958f71a480",729600322.975111
"06ee1d8f3ea326a0e3a9791d",733220909.833333
"1862e0c4d8e89fd2302ab376",1320855720.55556
"f3dea3d678d959aaf6b2849f",1201614774.44444
"2478e48a3c6bedd57c13c72c",641952202.908889
"efa36c7738fc14a11cc352eb",594394351.258667
"2f6dfe9443645d6629eeccb9",575629938.013333
"bc7e867cad6f221dc44754b2",762839688.726222
"e4f2fecf58a038d7b18f7160",932815232.222222
"a7620d5599ec354541c8af13",1216115946.68933
"484cde8e47fbf62a339c8219",522126214.731667
"5fcd9836a3ea537fe86d457d",577238833.333333
"1b288024824312c8b1681bd9",483618569.412778
"44e4574527acc86977f5bc41",714295396.077778
"8b716bc4d6d833f9bff3e729",512736437.977778
"0ab85344c5fe6ccb0edb6313",747369738.333333
"03ad99f1799f2a20c8cc0a50",554353198.206889
"6db318f828d464be421eb572",708964613.003111
"c3e648317c360c76b94bf541",438361898.470889
"19cb65620d2330624252d01c",389894632.748444
"dba9fa9642ebc97ccd765db6",474234926.492556
"1d2467e5f991b935d676e906",440958506.955333
"4091a115125eb4a67f494620",478422657.414889
"d197410ebc0e3b9937464923",404900683.484
"722699e593085cdd72102baf",447854188.015
"c059affd0c19f6d4d76f37c2",524279820.006667
"855dcebac302ec5760f67121",643817490.886222
"f433278518a80c3301f26cfa",629690219.953778
"66a45b0aaf5f696d35f5cebb",631749088.888889
"0152ffa8757aaaf417e9f997",818995215.675555
"55b72f6c7163a9b0b3b0b262",581054718.909444
"c8346a875be8391145a2f9aa",523437317.684444
"11c86230e62bd2c9ba44131f",835211005.555556
"c4b97a459e2c6d13710fa273",465837611.15
"8bcebf3cdc54d4ec99ba0d88",405548723.572222
"ad159116d166e45b70329bd5",530006179.621111
"6f060a8ee8d6d15f46289759",592673931.833333
"ab5f089f9d2ac1bf52222ec5",517089375.374667
"f4fc2da675d6a2583054fc56",559960433.557333
"89eed91bf5148b5645408222",563312567.111111
"0761d0b7c6e319a75b06d420",543010627.444445
"ce84187750fa7aadd141b5fb",705800953.988889
"ad77298955813089bce818a2",622542971.111111
"3abe8f334f0f20f8006ca5d6",781742699.687111
"36445c32822146606f75dfdb",689627969.718333
"f9798cc6285c9fb3ed7cb668",622662968.740444
"59dd396f70b8458772307895",596130696.296667
"83e91710343450cb0812a6e4",716751138.777778
"1e7a931100be734988955242",871258883.356
"bedc5ab20edc896f814c3f06",844718933.333333
"f884247fa6414f384480bf38",605987456.555556
"f34a38cdec7eb598e55fa41e",665479747.929556
"106ad411e13ea21ad68e5f59",942583666.666667
"a87c585acf2a147e381005f5",497431051.583333
"ad755859e7b6afbc021fcf6d",587933218
"8015080cf97316a08453a9fb",861717049.73
"f56d8f5cfaca0691c6ffbe00",667344402.36
"8ad016d414e2d2be053d7612",674644171.111111
"8b91a957eca1985938860c28",687534541.457778
"20bce83e2b75fc535a148dc8",532153912.111111
"5724ecee1b12e888d538c1fe",598331413.192222
"1e90d068f3c86c6f691649ff",689287067.436
"0fd954262ee740999c31d407",493839301.616222
"a6d7b144058ebc326b9803bb",740769000.137778
"a81abab882910584371c7b66",574975485.137778
"9e41c4b41cbdc2553d80e362",670045786.666667
"b6fcc49ad3656cbd3f4c2ea6",775452095.111111
"9a296eb9b63ffbdf2a07cd0d",740034112.029445
"3fbc0746bd620a0baabbd859",537687777.569111
"3043d0b025fac4ed90b448e6",427133925.942111
"219555efc5b4291791143252",369198046.301333
"a00863c7c53b2c059ce22dfb",409774838.839667
"28b838c94d10823ceed62e0e",417639465.729555
"7e64ab35f5e336d5bd2e1b51",592071496.888889
"52f24ab479fad35c8bb5a8f6",526520934.426667
"0d1ef14606c58310cae371f2",489288336.381111
"a465a567a4f60ac534505bdd",877021007.684445
"8694b149f7c0deadf820f0e4",630399604.337111
"16d6b756f5ebcacf221918b8",641037133.555556
"7d132190218425df1857b8b8",795493026.666667
"7c7a3f51a58dfd1588d7c088",471795997.435333
"64d1c45a2968b0fbf0eeacaa",744562775.042222
"4fdc382b65441412fef509ad",841026863.888889
"04ece9352b3810031f3f9a90",621759300.555555
"8b5b351e07a26c25cf51e176",481514821.560556
"f923bfcb8cdb543c23bafd52",539317815.682444
"a15a12446d2e5993a0a6c423",604954362.286667
"ab3e1642655f7e705cb047a9",539317815.682444
"b62fc917b3e8ddd64bb81018",490125847.423333
"835842cdc8ea0a2206c2b46e",590234528.82
"02ce5bc5d5d286a4cc0928f6",814287815.437555
"d8e51f7b40bf1887ac007163",712570340.594444
"90f320e94aa429856e37bb35",580690160.306667
"967a7676754d6f9aa3e14473",500167783.814
"9251f3dafa0e747b6e78f295",778915004.754444
"17b5e8357e17b516d947ebe3",682945822.078333
"f943cfd29effc9c048b8e106",699805679.704444
"41719542347401b04dfbaa59",657535510.815
"bd6ad9a9ab28aaef9b4955c8",684660041.421111
"bbff88040e5b20e874cfad9a",671706562.755
"3d6a9a4f2336a46eb62e6a47",844532085.881111
"493367258be5d63dc8db97d1",844532085.881111
"67cf2149b4c214da77694088",807111306.960889
"8d2e85825e95f6941445cace",827661457.535111
"01afa737bcfa6b1ab530eb09",858451309.92
"25813f7204a2e796170c4836",539711162.597111
"3cb1773d90dc240c4ffed5c4",841124423.561778
"6c81a0b90366db9f514362b4",822875714.592889
"44c8131b88accb3b46b79ba5",555975655.816
"ff185be4fdbe3790c72d00cb",478901252.34
"851f50292e30b0a464c0804d",554618209.522222
"6fc2a4f29e3b896bce631ee0",474485710.663111
"cabc4fd04b60a66bdbe2cf9a",857939827.025778
"61e9c2375626a18bc9920c5d",524231691.872222
"396c8060d9767b4debf2a54c",694311187.777778
"92ba019bd942fa33ab742924",637000568.444445
"ff71037ec8e5a91aad6f0686",539384612.488556
"d162a90b37622c1dc6550690",441832420.146889
"e1490f0730f8fdc36993027c",528541731.388889
"5a066d6bb65d28c2094051f6",788304233.024444
"9c7bcf000cb37f48d9f15422",530138436.666667
"528a6345df87dd0db33bf822",566894740.038889
"579ee47bc31f5408314bca28",620447847.942222
"eb61a13df1c8d8d0efc4db3a",519664627.4
"b649d315ff3c97c4e8e9db73",438627272.831111
"d8dd26eb78ff22272358e302",661514271.333333
"6ae2221c504027acfb7368e8",476850431.475333
"3ce908c9b70f349158f7d04a",665883261.666667
"7cf74cbec871e465ec2f6a61",665883261.666667
"02e9b077d6cece81387fda35",873368208.396666
"865ed399cc344e0638e45128",882030882.222222
"d9ed55fb72efda67f5144330",888847339.988444
"9fdbab0b428f19e7e8dc35b0",870417241.265778
"c061b886b7136a1b00c8ea2d",811627545.315111
"fd0f6c0b5234ec1f6c7d1fd8",764257704.444445
"9df90c0644948ea5539939eb",619182520.222222
"547661e79bf0c62cb8de63d1",552721230.690222
"68963f5f3657cb64276e3beb",626285432.055556
"cab0a460167bb64c037cf25d",506203485.241667
"31977cd5d4c09eff149e74ea",814627685
"23264fdd1059460e079e5810",569462077.010556
"4769743185eaeb0e4158e0e0",590370499.485778
"780c809c52509bb4855a4efc",520216610.833556
"f64d4e029592761bee698958",433141579.552444
"be364e85b988ef8627ece74e",456266568.429111
"c73c38b652e9418f06f89b67",442828802.114667
"213032fd36fa1a6342570158",613290149.51
"d519a8de5fdd1a84ca1baac3",771224266.507778
"df91a494d5d244f20dab0eb0",442858950.327111
"9be92b361ffd3ea2c69be23b",543609750.950222
"cad16b2ea432d926d961109a",505189698.245556
"56b22bd973f94a4bfaaf6b33",546242487.391333
"84114798ccd01ae3dc97cb27",459250387.43
"fe2bf1f402addaf17a213030",778059077.177778
"e01c1b69abb6a4c1c69c77d7",800878227.894444
"24671f63cd061228ec0b5b9b",395610448.656444
"f54c16df774e70d49355cf4c",610848470.002222
"5537b994e85c2688fe555d5c",537559248.022667
"1e5919cbe4373aa261d672d7",514405610.747556
"cc125d0f70d6d0819d6d90ee",597880276.829111
"51f94ebbd6d2533862a1fdbf",702239768.286667
"fe409f9ea8d18c9d9ba4d02e",467721007.305556
"753b47e2a3b9fcdf9d7fd9fa",552116882.091111
"6bdb3153f267395eefbf588c",489251433.31
"9bde9f216ecb90814670e87f",725078912.285556
"7f5280804c59f56fba3d6201",443407671.946667
"ceaf16e097500022498950ff",570262204.190222
"aef06b27b0a080b5ee539b6b",476262748.100889
"abc668bf93ec7d1951c65cf6",467626938.194444
"56822f406646f93fb39d9e60",498661954.777778
"2690ba8b22a95cb837cb87b6",501306832.338889
"180172e4eee8ba756207b3a8",481808401.888889
"c11cd2e00942ffe56db5ae88",694778717.111111
"75a287d87aaf6ffe7b6db546",468122932.916667
"08f35bfbfe1bd663c40d9e54",504589708.867778
"c2bbdb2e5d0191071e6db37b",668346899.333333
"b129a508d1d98a1b6dd2f61f",572400902.319111
"335626f385c28e8370c207cb",468560706.090111
"898ed7299f0c7b8a99e4877b",551279865.502444
"a98022fc80dd6ff27de693f9",515959534.339222
"a59f1631e721d231eab4d146",759988379.36508
"98c9c866109bedd605ab7dbd",797493608.947556
"cc9743189c3671adbb1be49b",579249665.035555
"e22b8126863c9ca8fb04df9f",703108367.888889
"247715511199c5b680088b56",699613707.432
"6e51ca1a9c2bba9fa0cbe5db",698658249.355556
"ba8d6800443dcf95bf9c1037",590937398.666667
"5ec6e033b9dcb454c57050c3",768695836.012222
"156ecfd8ca6004281b191db7",1175370887.22222
"edc3879a1102740f2f96227a",796937669.080889
"c02ce25a3334860d3bad53e8",577845734.444445
"d041129f83f1f13fd7b35e4b",698404501.16
"6946fb4c877f35e9215ef4be",772865922.071111
"ff2897a56a0fd08996d19424",637917346.296667
"e1b64df8e809ba220c9722aa",720250305.970222
"c13263f9c8628bdef086106b",831371114.899333
"e2b8d1aba0c583984aab25bd",693898472.913
"3786baf40b31a20f3bf3aa80",579894786.45
"bcf12785c25f6e600eee8fc0",598339519.332
"f85d09bb2ea40bd4b68465da",739806676.222222
"1f40dff9a973064aa4737eea",677570760.158222
"79beab95c6857412ebbbdedd",743518108.444445
"5ed8cd2cf2c6dd5b5241d6ac",758940336.871111
"ca8dacc29a57d39640e3e59c",721619843.265334
"723655990d58df33d55009b5",812217942.447778
"79a675215fed2e293b27f43d",766937071.166667
"57999ba0ed9089739a1f4de1",841599034.379667
"00cea81b78d6007eb405d5b3",811835221.333333
"c00facb3e4cbb27c47a621db",949754092.359111
"d1481d9d2bc9d1a3811f2faa",870150016.244444
"26313750bd29b2c59a81b58e",858019058.155556
"2bbbe93b615c46483056bfe6",918651974.2
"0f8fa0a074b743c92f0fc56f",896168663.182222
"b925f9ef733930be26417458",862045591.977778
"0183b38955437e8d0128a013",864986350.666667
"1c9f65b631d2f2856bc97079",779305120.506667
"c11d82cd360eae99c04009b1",872148938.888889
"4a80ffd8e908a3291a32fb6d",927440624.888889
"1a0134583a5854d5aa9cdb9f",861133885.884444
"5f5346deedcb7cf5dcd1e9be",793176486.397778
"f17c8b14e56a76ea84a45fd6",896735122.348444
"b8ff548543842246ad439703",881470222.222222
"53462704cfc47d32492b4847",917476666.666667
"25f925538316d3cdda8218c4",909848255.442
"ffe653c61bf13df43fa22190",493848351.824889
"228d98c82021e2325263c7d2",506022441.634444
"f32a7d08d176bf9177dbcab1",618882336.151111
"f2c86c1edac4eec6c01ec11d",520222700.211222
"06e350e3c733e5a0afb613cb",564656537.65
"e2544529df4efb7e90afcd21",589449060.273333
"a639ec3b943cf90cb28bc1b3",597802844.382222
"a1320186028a726935bc1cc5",682975462.222222
"97337d2f347a50e0ef518516",535538281.062667
"8f619dd7fcf5e1a17af301c4",828211302.558444
"72569ddc5828fc702b2fc773",799301130.437778
"ec674ba8cd16c2264d270901",904723415.311111
"2b05f001ed1a84425a45d0ac",574608829.769778
"0a7758f69ddd8fb27a839661",609389480.427556
"e3ec7a8fba3e1ea07a135dfc",463109078.756889
"4163b665043ed27d7bf26c00",460669515.875556
"69f7b81b70ea61f304ccd36d",786146966.663333
"ff61104cbeb37f077c565fd1",470426006.867111
"883ee78c03efdb4bdc57796b",471108049.609778
"fafaa5dcf66d22bff322c72e",451581697.322556
"eaf0f2b00b6994a9ba8c5ed0",507302877.191667
"9b1590945c0c7f7b0704d287",696902392.273556
"766d34ea891f3af53f1391ba",633771735.777778
"b8680f925773229571014e61",430706727.369444
"2fcab31c752b699af5e8ce8b",836282012.222222
"96d14697ed6847ee757d113f",659600081.632
"ded79c11c30167a9d8accf77",466351914.451445
"ac50dfe70b599ae93ddee4fe",754190519.604444
"3fc7a0f9c30978f24d688fb7",689195079.016111
"083f05fe52ab15e8d481ad41",842842598.555555
"075be16d8d9ed6831d139b2e",658795213.241333
"ffce0b151f293cad0a6f770f",855846566.831111
"5997da918101ff14bddf20eb",581274412.222222
"e102f1d841d7cdb596d50624",387624019.956444
"a2c3da753f0116aa5842d4ec",848196608.855111
"43228eaa1230dc0f7f1473df",510657165.431111
"4349d6bfd5a518fcb231cb3f",740977915.777778
"c6c978051fdc655d21a370ab",705671364.026667
"f4cdf3ff86fe70fae3e59f4c",551355618.150222
"ac154aaafe98dae45bf9782e",565430177.169556
"01f6c99999c154461765f4c4",749262472.212444
"d7d30819fc6ad6e7e41453c1",842158546.864
"383b3198861942064a63184a",487230844.685333
"3a2f110334251e97abe3583f",391523084.338667
"9b9db425b698a4931173b5a4",599748315.955556
"3b51828a1e891f3a52a4653c",553721431.266667
"c94dc49efe0a350bb522a56a",651825622.013333
"39e4765ae5c8284e1f3f618b",608108358.575555
"04b28e63fbba92daf83865ba",831757757.987556
"b9643a26731cf2a9a243ef33",751692801
"19e03fc1a7ca4b0761eb9ef3",816034487.111111
"c0224f0cee5a388014db4f55",1050444136.32667
"c4074029fba935dafd82eba8",428323055.202222
"0a8d749a2336d8f66a4f19ef",449007950.167556
"e84da6ce78339d50a72cd87d",366178085.613333
"e9830411c3092327f4e66a99",568585981.340445
"17d51fdfe8fd16185bf5feb4",650645874.222222
"f07126d58455b20f547c4380",689173076.666667
"8fe7db56d501b9c11461f62b",562228269.551111
"1ae2058fbe26f384be45df4d",501560446.02
"e74a31e6edd4459d4e215c5a",586377160
"c91945dcab0bf200c3ef321e",574694618.575556
"933018604a8d5a9020aac221",660373200
"876ebdaa0bc953890e323843",622563752.709778
"4fd907c202de4f06cade3b3b",840696247.670667
"e40f616637f6187024b34086",916009888.888889
"f9038f7e24e0a29bd9f3e24d",846153622.222222
"b27fc4e7f6042d70a7651038",766319555.555555
"e68b18b57fbc5fd6cbb477e1",494269944.812222
"326a82671272d893ce699476",766859975.126667
"d2655e69f5dbd09ddb9268e7",730628221.111111
"440cd2efd45c019c7151902d",815973572.285555
"e5099db945e4f04aa3f0bfeb",583917852.398889
"3477d85a434f66df58fbc094",683385398.124444
"56991f74ed430ed942b2d6d6",613523810.939556
"7ac1b85bd87929705b7a86ca",701964542.607222
"0e1fbbe248919eb71e53ea75",529813496.222222
"75c16273d3a593752446c27b",660595663.753778
"7e74469fe0b030254756296d",802891077.016889
"35fca2d53ed17ea7637c528a",749075483.728555
"963cc728f3bc207a7ad74ec4",806987355.729889
"fa9dec2129f7218b4c4d4b35",780305784.793333
"1d0a6bf40e609fc74a319310",681874444.843333
"b9551c416341fb167049d4ce",807253026.177333
"89131a0af2db172538723b08",659738549.68
"3e66557e876a876c259c40a0",479012585.329778
"078144699729ee0c46f36123",869363497.606222
"fd15189b99da46b098a949e6",595648892.394667
"d69209d7a26bd306bde5a37d",876773743.396667
"89690c80b7adcb8a8afe531a",525187141.156667
"0e0d19168609ac1d75253edc",584907544.031111
"6cd0aca2bc40d83473a39885",635285713.124444
"6ea0d50e822913d0f444d89e",597878180.398556
"39579c195f288da8d77f5ce9",819536090.743111
"bc54f5dc4e9ce267ea592813",618921908
"1d43fd3f7fb4e24a0b7c9ec3",611093087.936
"2566d8588566312ffa4fde42",789582600
"8d27746cd9d2532fe9cfc408",514818249.025556
"95b822f76b4d3d6ceb0c5077",784521663.257778
"eba86391ca00fb217ed1f774",674296239.777778
"b9a0575867a59dc5dcbb9cce",534075054.444444
"0845e73ae95dbd4aec3f1f43",483597228.021111
"419a2f823e87ab67b1311bee",831350238.444444
"552217c633d2562cdcaa81bb",713538093.086222
"4fd7984773d2872e51574ffd",687689581.555555
"a87ed2154a2351cf26f0027d",725962434.108444
"a2522c9d3edb7e7a23a42b74",867663311.177778
"357e58ef96c53f39e267b80c",921559452.339222
"cf0ca58262feb1f8b0dc7b68",888150109.777778
"1cb79aba890b35f9d2a400f6",1176009358.47389
"d5c79ef12f43e2bc19e22fdc",772091675.083778
"776e1192349cb7cf1579056a",812653366.666667
"7de63633c7666484bd098e2b",607577142.121333
"ca1b1c17572f776fc1059691",485652562.942222
"53e94de217ec45ad576fd83b",686037686.530556
"ed5c3d2952d2575b1bb757ee",792855209.222222
"bdfa334bc331e3e547f7568f",842842598.555555
"9c6a01e3c7ef87d27185e9f3",937555764.131556
"05d9818d3f9f2a5c358d3911",844119893.747222
"f6c990e406b3756ee39b3b30",495328535.132
"19ace6cdfbd8bed6e99c86d9",474908164.811556
"6a04f8684e083eb6319b5272",489771918.517222
"179bf83034539c8a391e0310",643035022.222222
"a42081eac6834da0560ea4ef",730058310.274444
"784fa9e78f7cfeca4133e8ed",853748601.174445
"978edd828fc71300e6723e06",860768129.242667
"61d6969334fc63611c810e2b",855499497.904445
"4d592a67596afbca92d26bcb",773259999.444444
"50f8068603edac10c87411ec",503510884.933111
"9965f598c5b95b3cfaac50ad",731019554.496111
"66cf83769d16a4d659edba6d",741984654.001111
"9c2c2b01934d1d519e651786",616138822.038222
"2b4913f28d07628bf2d3ed92",932984262.471111
"9baf7967c49fa209de8dda95",652596524.933333
"7a0f887a9426270ff3c24e36",883989553.424
"c1034173dda31d20c4efbed1",656628595.943555
"c4a3d64de5e401a86395a919",486001220.670445
"c4cef41167a5e8354a61feb4",685324146.327222
"f52226b24ca3d5b04b7cfcde",859895573.065778
"36d5003f0b5ec7f80e89262d",849490658.644444
"641600a4cbb13b35dc7913e8",941618021.176445
"c31c4bd09d8cfba562ed2b41",816530738.177111
"0df96c81adcd6fbc2f7141c3",718525813.750667
"4499adb2aa3aee94d1f1a1b3",877613444.444445
"4ec06163d39f96baebe11bd3",534906081.848889
"692cc1c9949d35ae11412fd6",538046787.918333
"f1da5388b772159ec90c3210",884202811.778889
"e7ae63f81f8fad37bb9c1b32",687869309.092
"d39797a12d9a4aaf15ac11e6",629664155
"efc5412fb02ba9d8f604e493",711294489.888889
"bee2e008ee41f8a711fb8d29",630980120.421111
"80279a7533c44bbae477ea4b",626982289.235556
"edc43e57b2905405a13f8f3f",484275135.195
"751795587d1396e0daa25783",500683087.534444
"6d90801ea8cbc12f9e2131a3",497653059.683333
"71fe067a5ae994180f530686",497653059.683333
"2e99240e23b0542f1cc75026",489033351.773333
"fd6112c82d5808311b08e29f",497835176.994889
"0ac639a7c5ec115b3df8111b",609587029.705778
"af0cfebd54f32b9b92c5fdf3",497653059.683333
"b0015b31facc48a49f1313ef",484482291.162222
"2347f69ec1ce4a3fb6989eb7",516813414.401555
"209bf65e11bd7053d9658824",668845713.146222
"41877a677d1856bf609515fe",671267788.88
"cf60297d9d9bf1268f35ad95",802004026.184
"a33800eaaf178e01558ee926",685855380.025555
"69e663ffb4935aecb875854c",692993252.017222
"595415e95e075b70c39d5c5d",730730004.838889
"719679261d84d6b93035143d",815614065.553333
"9f149071cf61295815e3f875",803929400
"3d24d985b95a3e200a734bc2",901365129.542222
"bbe705b86c6ed4da775b68f0",472921689.852778
"e1d875468eea7b2eecbb49c7",633651022.222222
"0802b7e10706252dab8db909",699113707.432
"2f412384597554f3dab07985",820775207.654222
"da8b5c8a320821ab8ca00a80",764152803.280889
"0f10d20cff5664f9564bc88f",881692444.444445
"ab8699d3c685fa834d7ccb3f",812943933.333333
"85956152686438c48c52e018",806544814.2
"ed9c4f4e06183b15b877f077",595379624.222222
"12e32a758e15fbeefa255207",740116704.613333
"22cfdfbff44541dba9091753",878505103.888889
"314a1e163d0b77b0f384da29",479524064.779333
"23959a0f6e27c8c2b4a7f436",784996955.72
"6ab5a87a537d2ce326c867c1",583025220.727778
"d9ebae84cb53d29bbd8a466e",423196206.046
"9511afb73b656135daaceb43",912766750.835111
"9231ec89e58a3daf459c5b43",930959151.111111
"8d97cda83fc7353a86c9393a",949440703.632222
"3b380c563ed2505b7630feaa",921311178.248889
"6e5ca223128fa2de422b4009",456264092.332222
"ee30ab004ac5270daf59758e",648169321.759444
"d6fee4f680569a54f4267215",864512951.777778
"db3b84e5b3a9097392a57319",730609862.18
"cef379fa831f936cad745dbc",557052407.428889
"4db8d32011163bc4fe01d02e",485551851.508222
"f842221d74340270e757fd41",821665275.271555
"f6173e36f95ad05b8e94321b",856111303.029
"5960f14f2a81075fa66568f8",443418191.768444
"cdeba97450c735185e486eab",752006024.722222
"f9a802cbc802d49a087cf23e",950852500
"6a9ef848f22fecb9569098c2",756268649.792667
"f3986309e4fc4cde2b5feed9",906709059.559111
"6c3435048735371c36dd3892",738281137.708444
"f019dfbfa7fbbddec988fb25",850038083.103333
"4526cb4a2b8238dcc4e496e3",956255535.271111
"95561bd325f60967cb6653dc",738086339.888889
"9f3e09a3461bce2fee7e1c40",1180096327
"1034b1af0331daddad70f3a5",433944479.712
"3ee9cfee7b0acd482672ed47",752984863.776667
"adb51a572f3198367e3760ef",624904134.469222
"5c802e198dc0906016741026",443473159.162444
"671603ba1f755be5d7219a01",521314903.548
"001d77bfb387bdf0b53e9e83",673117431.829445
"fd9fda1abfcdd1066a177e14",560914383.817778
"e1e78f3432ea2dff6b69c6c0",502363524.485556
"378e6374da00b72bcd7920df",612956426.208889
"54ec4fd8f49c897c644ce83a",626123384
"a67ef3a182aa268bc4d9ea14",588913670.555556
"8100a4b0288d5d9d9dc86d2f",499381329.839444
"699ac8957d9b4eb7fcfbcc40",690344556.888889
"7b35a3e9f3e67fa1974f5c25",796175270.111111
"6e5383a7f9a68147c2788565",875604940.569333
"fca1c40a338288036b1eb25c",923862364.444445
"237da4784755f090c89f07be",582321913.511111
"21a7c5d6ea818dfb25077e13",734773061.152
"0cf7dd52e117832b4698b310",749432026.444445
"677c8056695a5a539dcfa3d0",597346129.652222
"e4b85269ca413066323f66e0",950340325.179222
"9019f1dd02ede61479b62406",545475443.726667
"958f3e102c6ecf5f6386a004",621428711.642667
"b05c741bc5013a7a6abd31d6",621428711.642667
"2c58f2cbd00035febac060e1",694116015.841111
"89d36acc5f617a6a97e02f23",521119681.961333
"2fba6801eb9a7bce7ed2c081",669211613.888889
"45ccde79aee811756030903d",774756281.79
"5bdb5174517b8faa23df9587",920965800
"36a11817b32bc24eda6ec8eb",524050342.978889
"f1319a9332946bd68db250c2",526000756.486667
"39f70d6b68b22668a0631f37",532044750.785222
"3958d0cb732f3d623764be54",484162773.568222
"f67028acda5ecaa4c8781ba6",612136581.666667
"76f50ce5f30cb96d48a69357",498458105.277111
"9e5efd4741a57b9af54e9265",685403720.777778
"8c45ac143f5cc43e9249c17b",604011571.666667
"2a66eb4d2a205bc4474c0afa",757269777
"85cf1ee98e1a85ff4619e27c",664296106.102778
"84c2ab0573d3cbffa0be90f4",633452729
"48976c41de22ddaea3f8c296",543148488.517778
"001c03f6103d35389825b62e",662496070.490222
"ceab390b6906d5cbe65fc402",560433632.711111
"79f989fd66108a2c38a9764e",741045533.555555
"cc385eff95aa00310eb22111",700162560.950222
"ed764bed1d05cb1e9a4e67f8",862888948.886222
"857c5dae475eadef41c25603",785910916.666667
"7148b0d9e2e1e92d41633230",774875502.346667
"7f3e02524981fc7e40eccfdc",426967695.560111
"ccc625df8f51248e3dc93214",460926209.209778
"b38776cf09ec8e90fceeec84",436044678.279778
"48ebc3d79e01061c926066ba",437392385.949111
"9580bf8358095abb15a10c36",391664857.373556
"d26d35e33a0cf88f735a9322",571296211.848333
"b4c2a0a1a63d35a9a08a6e15",658925501.311111
"1bf1913f806bd4b461233551",398989533.250222
"34d1394dbb483e55d1cc2da5",439940745.355555
"7bef2da7f3c160e94fe91ead",415658075.087778
"528014ff6b7cdbfc174f4fcb",548165985.191333
"bf1dae54bab00fcd3e8c9ce2",525441520.222222
"f270dfd9ef449a02b6d7ae2e",627759608.744444
"31d6f089626c4fd08536fac0",557179309.988889
"259f4f7fd5d851be70d63633",450166597.760889
"6b74ef5c8ab1df614bfba866",698175172.690778
"7ee7fba3a30e0e7c2ed3043c",735797553.555555
"b24bd44eefc3ccf053939dfd",630551970.155555
"0545fc14aece3f37864ced2d",706081323.842222
"e07eb36210e90ef0419fa0d0",879940904
"3991b04509fa61b36a8f7d2a",825460390.666667
"387af5fb4b4a7f5c3fdcce57",708077099.444445
"6852e8bbadc1a9f4fbcd695d",801605376.324556
"8c3373f9c0372b87ef021512",919128356.664
"6123a0dd128e45216f832e3d",727112784.410667
"0913364c688d7375d0f7af5d",442161858.860444
"8831ae77efac99a6c58ce05d",757470199.707222
"b6283a5714e0b977110318ea",499738784.018667
"d2d8f5356f77507f8839280c",757449197.253968
"f36bb15462fb29f80b127458",895103375.457778
"7abf9cd6b26e2e2bb6d91e5c",781020872.131556
"1a5f6f7e8b7af9d48644f1e0",635160421.960444
"8e2a5f8431996ae0db65d0be",672889586.408445
"29535d858fa3a11792697820",890262377.996667
"8e4df02eee6cab9bd1011987",657921009.137778
"5a4039f0ca12767138ae585f",474268832.896111
"d84248b3ce8ff6f5fa480a83",484994920.318222
"5838e86b74020a5bead56161",447210091.107
"02091877f01c926c350b013b",470898511.793778
"df298574e35dda90fb568023",426833217.693222
"d8b83253855448caa81f7780",487256049.988444
"1163ab2c0bc8c998e121b922",518165653.370556
"14f9ab54432e5f54a50be4a5",514777735.913778
"f4e0fa1172c1d4b70b6c4d73",497581614.994889
"4345863fe83682f6091d8a77",502216193.413333
"6c5bbbfa3a1515e5cdec9ae1",624644931.912555
"742da63af109164c21dd57af",533847254.030222
"fdc28a68bf8a5bc86288b4c7",675285882.413333
"0f4b077de4ba5f5db6fb0065",526683158.823556
"320ff6c0320674fd278f6fc7",551167682.248222
"6acf9cef08906fe569c38572",644985229.441778
"853febf898a1dba351d6f917",599486307.837778
"8ae41ff6a828f175a9f628b2",608408676.3
"56ae6108c1b53c649da2f6ba",562702805.312222
"aa990d4e5f1a0fc4f0bb29aa",563392821.777778
"cb8b826e929f4f8a8e3687bd",530672439.134667
"b85a7389bab2e651f05369da",632858575.753333
"1fe929afafa91bee53df4e86",559257897.777778
"02e89c055b7692dab024defc",617194480
"66bc6e56bcac9bfc4a7341d8",630831777.777778
"63cee15dc4a6808616a2c2e6",463336247.19
"9a889078a0225c013570609f",448141478.535556
"3548fa5ad26ba2ea999380a0",495923774.759556
"d9d8aeafa748f8f1ff2fca22",670639255.263111
"9e2c21d635fc25f7790cafa9",479474963.839111
"f99adfe85d32b0a66f4d483a",619912384.41
"eb64fd330053a41ce5be4a7e",551551437.685333
"ea8d704272b2cd066a7e7867",678530588.596444
"e7c92ef9784a92c8b7fca693",797313160.272889
"a9b83e18ae78d307d1b39b15",762185524.780667
"ab8d6823d905f1f0ccf4a75c",829359131.518222
"8447ca83d928dc34c2e7f9fa",492255518.411556
"5bd24b842a67601630036d0c",704732017.666667
"38d5b9319bc16bae99fe73b9",719658055.555556
"e1558509b120809eface5b87",776621421.983333
"4b8d7217da1b1f225f254914",593915395.470889
"09e0c3a1b90d46c361007323",563924263.457444
"d090a9e520ef74848bb060a6",836809111.913333
"07284e4caec09fbbb16adf2f",737142752.777778
"f8bb20be599b79cbe29f36cb",820200609.015556
"07dd30f04c5953f325df9aad",706861866.666667
"622872d345b4b0d9c1b9302f",713545125.185556
"fc9151dd6f8850502c747bab",650508427.185556
"0fdd03a2dfb18e323d96f468",837208273
"ad7cfe29b56c915dd016897c",632695013.546667
"f40a182d82c489f55c64ab7b",693548666.666667
"fb06aae0e711d628b16eb910",769632777.777778
"7dabee85f750266dce02399e",778009133.335556
"ebcab2f8506c64a461591d1c",618511804.746667
"340f96c7de105aec5b7a28b9",637058491.655556
"be1c6023731fb633c4f41f96",510949050.468
"d6b051fbaa13e3d92a798521",770708100.622222
"bd04c8b6b5e381cd5f881379",492212771.044445
"2ca47f5c36ea5d1cf00dbd2f",492992517.027778
"3f2c18ea5d8e9a25adca4c42",584513893.24
"5bd59dbebb0d6fa71efa4c66",826382435.555555
"bdac2f1c4b306a7742f60ab9",664440420
"a0e26a9d56cfb3b7228e5d75",599872572.342556
"933740e21e9b61721b2c6053",798440038.302667
"a3b9c1a3b81f17e6b22b6152",634117897.860445
"445e241d8bfaceb149609d6a",486763128.592778
"937f0b37f566f65a1871615d",663291526.408333
"9a76a405640f670c6355630a",596472439.497222
"7a0f351e8562fb7aafe6e714",510518515.031111
"4c5b79f3656501fce2e2178d",612785364.605445
"201053b106a0b89a0a47e2cc",592929622.646667
"724a5f9542f86cc43334d3e6",520255365.488889
"afaadd87a196e04b934e0b1a",534271466.091111
"a46cfad2458ac7ca4134818c",580109095.518667
"f640eb21bdbb9369acc4e863",467703817.201222
"8b3350aaa66b9fa1c682c15d",574481096.908889
"1340b0805cb34eb9a982190f",547316836.64
"055d5ab6b22d4d0ac325fe73",660402500
"faed63c1287896e97987c4c9",727645093.396666
"a094be8af52cf76977fa5083",807338436.73
"feb3384733ed8feeedf9ce8b",807338436.73
"eec4d59429b1d1bb75b4d686",560848895.361111
"3e9754a961d2cf348c9ff7af",620441871.555556
"8f8a92abd28c8990534e847d",743343769.894444
"256491790d0a2d5e1ebdc2e2",476270387.921111
"ede7995bc4e7e672fda4fa5a",850253977.698889
"9e8a11484838eed1f4673a32",650173429.615889
"8aad5795547ade3c804c0ef0",766179968.862778
"4ec4683fcf928d9fb33eb7b9",691831515.111111
"ee18825bcf4065d29287b54e",789688305.58
"485cd615660dda11586f797c",706989054.147222
"8b450ea6c21fe0b5157529a4",696390806.835111
"0d45e78397d4bc0d363be47e",611251084.189222
"bfa4cb65827c4ebb91478e53",865089176.046222
"deb2c93acfaf6994bb3c0608",693573218.888889
"571e1a8c252cd67ee0475974",722849843.265334
"04e337d3c692f3429d47aef4",719755556.444
"cd2913f013727119158b98c0",793810531.926667
"ba63594585c484bbd20ed3a1",666153783.333333
"beb7b99cf12926d8714d1c5d",662214450.129667
"0fbc9e52ccf1b7ea8136cbbe",752300225.111111
"f36031f3a3f77a3fcad337aa",759164032.534667
"7738f18d533d0f0379e3a06d",923765263.733333
"20c3cc21b44eb37d0b359c1a",866485017.333333
"78257e76c16db549022fbf2c",858268912.883555
"4baceaad0b0081bdaa37473c",889522377.996667
"6bbf67d88846e94a63014eee",859510634.293334
"edb259013ceb62ad9b23eee3",895386708.791111
"ecfe155a407ad2c2f74522e8",879286116.663333
"6906a20be4962df7725dda7c",916319548.042222
"5d86b884df3627d93f206952",830805115.562333
"cac3eb4606346268cea48e32",912692699.886444
"e7439820086f8d1cb13d7c9b",723754066.202667
"b940561f2d48444e139eaf71",511383350.222222
"4433060d0fa95ae1382f2de1",449972646.214444
"27dd503d4fbf4d5f5d850d4d",631140428.716778
"42a73bad238f2d3f5e376044",596353915.420555
"2b53b13cd912f353cf9c4757",587460948.469445
"4cb59b46927df31150830d5e",557859023.750111
"2f3d01cbf0ee0b985386418d",546754577.827778
"d12e6de49fcca906c3586994",514855718.888889
"8f541a839df1ae79d563427f",430818500.046
"ae5ff2b5eb4f9ac44fef666c",556124691.009556
"ca77a424800783bb9c5c0450",718860736.888889
"c0ec1e7ae2c6c3c2f2ae34b8",632450770.536667
"2372f7c0499de8aa2e5ffa06",600515056.666667
"46de3fbec5bc6c0e256e7751",529891894.294222
"4d8b338266822739bc9c8fc9",786560048.111111
"86d46a3fd9d7bbcac3319829",768899773.761778
"b13fce1462ed87e57ddec917",784484784.444445
"625caf4f4f56f3f6bfd3f786",454465415.675889
"2214e2c62cf8d2d14f11d47c",614935503.38
"cee8fedd5685633435d77a06",767752177.698889
"061386497cc2dede3ea70b1e",581677322.235556
"3ce50f34a7974ec17178a79f",592378360.344889
"855ce1721230ba103fc0ae84",466169802.927111
"ff3b85eb538fb9a7dd03f459",504892237.511556
"111bf82100a6fab0c9ded743",736089667.02
"8877941794810464749ba5d5",686704939.770667
"1122a042822658cb504dc147",736089667.02
"d7d924ec35768a3e6bd39b20",467501387.555556
"27cf45528b4266162f7c9029",534960602.086222
"916f946082d03023ffad6f2a",787705748.888889
"68181ef118970fdb1d83f030",863324504.441778
"2f0bbbbb466fae3fe5c4f614",490927262.412889
"17c8b228fa2591e3a234d55c",501980340.092
"e5d9afdaf318dbe749bf9950",544383060.985333
"ce2cce355f493a75ab59b242",557723944.599555
"b6825cfa2fde9b42fcf04c59",511608005.111111
"6fb3e33e16eb81331d389ad7",479474963.839111
"e29d9a401a246c00f5eb2413",769386446
"fdf103976a39cc12f5effaa2",769386446
"d1526bc5e5446680841a9cd7",836978190.414222
"a96cb9d988f5dc99bf5df4ea",836978190.414222
"760125efabf13246774a9f16",714362259.822222
"229607e2faf76efeeadcdfce",443471461.244
"f14b11d270282b317d9cbadc",670302224.138333
"8a41638edfc5183469b6c43f",465321427.045555
"ba249dc7eae0609f20ccf234",702542637.041111
"0dfc7d77d3dca86a221fe62b",871278938.888889
"ed7f61ea4c9095bd4aca258a",558911859.477778
"d2ce77db7cade7f2c6189002",499738784.018667
"9d18c354e8939c9f18598f22",418344070.180889
"b95689add02915dab555d9f7",844505384.888889
"1c35d9468cdc55670d48db84",760038379.36508
"caa4aecacff2beded2e76beb",566425938.734444
"017487de3455d9f642a7fadc",562780038.587556
"8ed9c13717d2bb274a81e460",857480024
"c2eeb1cf0549df1359ef4dcb",458112811.237778
"3a413637f3108ddf7bd53bcc",435486124.462889
"145a241c80430b1e4ddebcfe",579353102.36
"c954618c48b70cb00efb49fe",550985828.703111
"fda6cee77fbfbce6ec0eabdd",592156197.671556
"b92c9c464e23f8b987290769",520292532.222222
"d81b170177769c0121b8935a",675824226.285556
"7a832790d068e1e85182b5a5",479601837.261667
"462ced9cfb28550c160e5664",844251371.209778
"edd9a278b86b1c56e237a0f3",548908527.548889
"fe9b6a82fcc3266ddcb3e36b",758940336.871111
"fa74fbeb90bdaf8eb26f8329",745982998.222222
"a70b6661eda6ef616e19dded",485686291.162222
"cbcf4d76223673724b0f9811",527674551.341556
"ba16ae6ca55dc3c0d5480944",635017638.611111
"3c840c206546c20b3e53d4fa",625207492.208
"c61076b24927a46ef506322c",793904063.888889
"2e797c8302fb7ada13ef2d4c",766732324.444445
"3c9e3b97db788dcd10acf0e1",525238626.155556
"28db5acb7b224d44e3d7ce80",617370946.088889
"c7aad87d39537083a5620757",581639274.444445
"099721566fdd0a32546fedbd",650526950.777778
"bc67f29c8679adf31353bec6",663393148.833333
"eb40a304997a6e66c550b704",814718694.793333
"3882da646752a82db088c614",512920279.425778
"68c319925551b9484778bb65",612939854.135556
"711b570ff195fb77229deb35",773515060.888889
"e7a2e8e1c22a52f78ffd1b19",718196768.888889
"814d93fc94b4de6d3a860bcb",455161129.175556
"817da44fa842fe304b93c199",488565639.899778
"5cb29f5aaad14b6c33813580",534271466.091111
"8a1105028a1a1b83c5080abb",384301536.949889
"82b69c38d041325a4bb2fbce",424606561.654
"a57d01ed5a9641ad64f7f032",547316836.64
"90186e67d802be6d12eb3696",643658982.496
"f781bb1ed340e08b23258ceb",504512303.845111
"db05818b6de8d77c1c3fd053",394930448.656444
"f4ed8924f5d1a3e6374715aa",898550859.833333
"d792d1eec60822752c8d52f1",617705858.833333
"47a3c63f65a9794384c655dc",660402500
"ebacf31727972e81d0a0d904",533387999.544445
"a759e4c03e49c419c8f0cd2d",797855805.192
"0648a4bd7ca088f4b3834401",826952917.888889
"b25734bf3ca94e775f467e85",533885874.117333
"65a8795e7a5b88acd7a469c4",583142666.309333
"b799aa1dd2de813ccad401e8",724332826.293
"c01440b8ff0d80e7bbad715c",701688185.976667
"a20cd5193779526b43612ebe",622943992.039556
"0cddda1c211fcdce819d5f8f",802279037.052333
"69bcce6b58fc3702580d3234",701650385.048889
"ac7c0c806b57e4942d9ead3e",738779513.662222
"aa9e131fe4e7982a374bbb84",633516797.516
"290725d6b15062397597b954",665140539.135333
"5f0fa37b7c5cf77e0508abd2",892579706.034444
"c76f482d2a8f8db5eb79ae89",1087342597.11111
"f651cc17b051c962e4124795",781331384.539555
"250d84aac8add089061d3204",856392378.782778
"d3f9cf66c1c05f55325b894a",895386708.791111
"7198cf5aae5d0d5ba2e43b96",858268912.883555
"766c7906cf0493736436fdea",918576878.737778
"78f670c0d7a26c0323281ffa",785559139.546222
"ec0eb8d68807f52b681f138e",854553111.108444
"446138cfd3749c0b6715b0c3",734595225.078889
"64b4837e4550ce39f2f85342",788825858.626667
"1103c663f6b5ed0309a767b2",536874071.333333
"b9a573a3f2cedd87c7dc6477",586906878.582222
"de54862f5b7b8ff345c6b297",405453058.372556
"16b3311b337c0cb9312ddba1",547316836.64
"a1c2003dfcdce97d21f9cd15",660402500
"262688a95a32f10fa070a887",489651146.080444
"8e374b19fb87640c56243088",528069058.544
"4032d6a6a13399797a794ab7",619976969.944444
"99f1712af0fe96f67d11037b",493411066.473333
"bcc584e6a08822158e2a1454",574606010.888889
"ad14f4403926de76de2604c6",389872321.426
"01f855427cbe3eb51b38288f",710910566.111111
"4673ef4fa28aabb0fe61043b",423065176.786333
"f4cf541f02d99ea1851b9f12",477309185.777778
"bfe19954cd4680149c682587",594927096.076444
"fed8f3bf4a2d7a426901706c",749435002.533333
"480aa7fe286f4aa31f56d4b9",741212200.222222
"1e9850a50070dd51861a5e63",682881622.444444
"e26dcf5836f5bb53553cc413",691514421.333333
"c7ac975025713f368bdb0af8",741030865.740445
"73fd5bc0aee47d89a160f5d1",706338336.035555
"5bb9dac6e0e9409e89aa6cee",797271019.1
"9b15aa6c85804621f5c42566",858268912.883555
"199fe72cad28e4554e359ff1",889522377.996667
"b28ba88f3665a2f26c2f8e47",895386708.791111
"453ef603a66a34f17ae22227",865533432.886222
"d8f4955ed4fc363d6d9ea897",825003001.777778
"f2eca7e3226f625807f7d6be",1216397724.46711
"361ccd7f37ada9c07ffcf71c",850770967.288889
"e7d1ee027da436cbaa122f48",912973903.548
"554ec896fe4f9d8f2e8eabe0",863862048.026667
"ba79c72aa8bbb0517c899b59",779436343.888889
"69dd957e78fcdd4d8e874acb",641223441.492222
"df91a3c7f364df5e6831f2de",429734214.230222
"77866048ba7b69532d0a18cc",608873571.555555
"a792bde8819aebc5b2d73a6a",804371646.444445
"6293e4a72b5c84782bcdbf78",704304249.444444
"bcee01a5d6a36f48d99a5e4b",747030348.648889
"c58b56f1202d1cdffdda3021",598312138.222222
"ed3275b560f020baeb9ce3c0",555400921.642222
"2a872557ba401f4c95e0ad2e",760909388.058334
"6b8c1c7c855656b0e56f0bb6",844341440.410667
"d6297cc548b16bff11eea51a",837775094.111111
"dadce7c7a446a6a177821b73",705181335.555556
"f5d9d8082e7652e97973e0e4",872988639.000556
"2ef9126614eeef828f797e66",856481200.268
"c70439fc435337f1e8fd2f5e",903933055.311111
"79631cac54b1e71c1022da12",964879088.359111
"6fca3b70ba2c68d9e0d2540f",403305221.311556
"5b29d453bd368190e0e356c2",754332589.807111
"25995099875f0ee622ebc31d",784650937.338222
"34bd7be0761ab3d43da7a81c",625911814.041111
"b8e15d182ac0c74fba332b8b",589382814.200889
"901e3b835718ccae27c8831b",666323566
"e1c7a101e5d518583f9a2a7b",836902468.662222
"02f6ffcfcdd3dbba94dd7b33",956310620.045333
"2162e09e137eb5f4a1f32b16",569469996.55
"5eb815f9023e6eb97786233f",947520759.025778
"d2ab14487e0ecf640a785277",777422222.222222
"437167a9db41b677da7d5a7d",426638772.888333
"c3f889c41c1effea85bcc706",476866719.612111
"155da5ad9ad19d57a7632cd0",652889435.246333
"43d1fb0646562c3f1dd6fefa",639490317.656445
"8eb66c4b057dd4b07b5fbca5",697982369.111111
"f9718594fa52500c16e3cd71",576562113.737778
"d9c46d54ba6df0d21ed4ca49",634036635.193889
"d3f688e0deaff6648f2925b6",525717726.685333
"093a92c6846c924f88ba8750",893380274.888889
"9b1223cd8c9d7b348d6a5c94",941138000
"8209afd76e36d8b5c4f7a991",483477521.548889
"29fd909e7cef62de53430e1a",461935362.090222
"76df3d616d8bc1de789bd83b",526183620.882
"8aa5d44a72b2a6851d14ef86",626613043.555556
"eb4e1b72abce1d184dd4d5e4",637179799.908
"2ba24fd47c2ef8520bccf6eb",510550262.540778
"1c9e38cd216595b33e283134",827176029.28
"2fc150cf6ea4141106bb8ac4",418813236.240444
"8dd46fd8ff592358e4c3e7e5",439733624.122
"d5e001b2f1dad3962cfff9aa",641398824.111111
"6e73e42a0d2ef8d6e403112b",413333028.203889
"2537dfc786054c61eb3a80b5",560640680.735556
"19c77db46d23e0c07a06a8b2",605340536.732222
"e6424086fe1cf2a2931f4847",560640680.735556
"66526276a7e8da597683e8c9",692583663.884444
"cedd20027ebbf47baaa0dbff",692583663.884444
"ac7c323295addefb43c62acc",737924220.328889
"a8e74eb5eb523143cb291cea",731296406.460778
"ad393e9070779969b496fa72",743912634.532889
"64d9dff81c79a16579cef2f4",974793557.248
"ea91281d5eaf6b8f436d47f6",974793557.248
"06e59cc783be86bd145a56c6",801005147.377778
"7458171e4db497a4cc1365fb",926759144.444444
"12d73fb8f4ca87b19ca46231",737924220.328889
"5e935d4a03c6abc86ac5adfa",834421642.166667
"2754b4e12a7604efe8e03f5b",864586465.704444
"9ea7a0d65493cb5487ed2084",486485352.888889
"7845cf57552577b059dd13ae",508579291.697778
"6e710984bbf2662a9cc7bc4c",423065176.786333
"47720fb9e2586dced75db114",413473219.21
"cbd48f3342e63a84173a8dfd",389409266.759333
"cb83c138aefeadb184d2c7e0",442970506.692667
"397d4e490eb2db8a1b18051b",441725234.564667
"4f65732875c007d3c1102140",517848244.142222
"1f8ad363a0539a6f2455c3fc",451541853.647778
"9535ab027f9f2a9a8fdc21fd",440477809.348556
"248993a27da888a6e3ffefe4",443591849.724444
"cd07b4553b6d3863a9e444e8",601830421.333333
"f53fe605b0a2857cf3facf73",662496070.490222
"ae48e30b60ec254bf0dc89ac",690276804.532889
"2a0e902f3c07cc9696000177",548709982.555555
"d57535248bb34f65ae678a39",628693385.804444
"9949cbc958bbc0114404960a",653920655.333333
"841c57617a075690ce412083",596136499.881111
"9fc4385ea76cabf741d38789",473687741.871111
"0367da7dc5374f1957a1b7f6",729164149.412444
"7703f868650a8252e954e457",691577754.666667
"4cb9319ff5adaa62386b713b",767611238.680556
"dbb30f9d010677de2aee1b71",724059421.222222
"0b54c51a787fe58bdf677658",878963529.465
"5234aeb6d817b8ad876e50fe",626372978.825778
"77359d0d34ba4c9d825e46ed",455805266.307778
"b84795015be5077f942f5170",483017887.341111
"75f5290d61164d42b39d9d51",395610448.656444
"b46d50c84edaa7feba938671",760909388.058334
"be8c05b72ee7867fdcb05455",854382906.399111
"356712646865d98127b92a57",633868287.555555
"ab765acf8b87daf1673b3a97",528816704.711778
"3a2cacbd3b4f9a23514b1433",856438031.234444
"3c6d485d7b01ddd6147746c2",527501318.787333
"054cd21c3b12f165bd520313",641090891.044444
"e114160e3ffe6a703eb42440",554465994.811111
"a38b2d75349c56ce04f02a94",721946834.346111
"71fdd2b1214b9371ef149c1c",751872788.096889
"10970057efd092c98037498d",503898548.442222
"7543d0e85e6328ebc8283d75",513475398.375111
"db1cfd89dad114c11ab2d409",840802344.773333
"760f24a443eb01721c6ffea3",881909095.066667
"a1508f30ba87423e7393b4fd",871278938.888889
"5814dc311aa87b24e26aceb3",755752232.252222
"f26c2bb4d5787541e9c36463",983295444.444444
"cf07a5af6ee98d735bde14bd",682401855.111111
"8b716c3dca89b7caa7db1aad",587348753.902222
"df89e7dea6c313b0cc262249",461327422.231111
"3e2c1d2cba8755ffad9cff27",930196806.136889
"6771a8c70428fec0f21d51a1",776768888.888889
"d8171d498291341094daaa39",929887848.136889
"3d43dd23536f843c2c5bd268",897701700.48
"785dea91d94ab384bbd6ce3e",824426362.333333
"6c316d2bb84fff36bb01f14c",952020759.025778
"08ba99aa6a8ee752209de6ae",551872901.845111
"d177236e8c725d4405025916",830654275.093333
"9a6b537a7319b3446977919d",999277033.469333
"e2e7b03feffb21bad63eca2d",763083079.653333
"f2fa898e1bcccbdb92dd91e9",746985844.376556
"2c340ee014e39ad0fd1309d8",1086991358
"7ee83e5d70855ed21455b6d5",934505232.335555
"fdd4b5fcf9ebadf96545038c",740931532.407111
"512b4ad817c387bed877b7d1",941067811.111111
"3ba644c7be754c21e3cc48ee",722415681.316444
"cb38dc837baf3e0531c6c115",818967055.555555
"5e931fda1e62fe41ff0f2ba2",612963198
"0ce9a7d4b0682dbbca68e070",682072836.154666
"8d114cef336100a8d8c81ce1",848341174.944445
"ebc3a6574ebc530ef715ea7e",851420205.222222
"4c2b14bfeacd87b878cbcc92",666903566
"577b17cb350bd2a646725b6d",962333953.378667
"0dbe463995c605bcdffb133b",683916932.581778
"88f3f39ea06fb882c69bbd10",520304964.353333
"e54567ced41a40938b85485b",713048266.604445
"cb6d29f005078d4d4efc2d04",883774475.333778
"1d0919344e52b315441aeafb",691680404.634444
"62c39ad30e9a26d8cf3593b4",917967291.374444
"a02bf67aecbac445a12da958",927669063.333333
"06baade01a74972cc4a419ec",702736990.508889
"3943b64f9550a575f15d6d29",920125242.777778
"b62d64605362afc574ea5b0b",983252726.545778
"0ef45eb4356e2f0331ad2457",865933885.991111
"6700ad4d4d7f70def59a5d59",870337955.555556
"19ad2fa7e170c67870ee58f7",960139829.501111
"919c1e281329379c4d130416",947701363.779555
"8a451ef547efb90a8fcfa6c8",955382018.633333
"5c208e5c37aad07602f7cd7f",453268239.350111
"164fb89266e40a2530400599",525717726.685333
"5fc0f0c4fa019b6f1b2a016d",548566570.974222
"3b16ff50ec7fa717efbd62ab",656462668.151111
"30e6d4e1c53e9e81ff66df43",503898548.442222
"cdae3bf05372c13649a2adc8",513475398.375111
"170a69c11cf4f855ed015bed",757948305.311111
"e14b31f8a454e47c383cae94",426042157.661778
"14a8134a56af1b328321cad4",547434434.678333
"ea8cc21bf7d48979bcae1458",605772487.043889
"c287dbff188e95f833ab21f0",618171094.333333
"2cd0b2d7561919f0223608d5",423065176.786333
"1acc5749203f964fa8b2092a",368592114.119111
"9543c16bd5eea47111e6b266",483017887.341111
"d415dc486936995f8b3704e3",455805266.307778
"ab946dfa5b9d7214a3756978",824426362.333333
"803711fede531ad1621a6823",713048266.604445
"f83f29f28978d7dd76cf5942",666903566
"4bf284e6ba81bcaa21a437fd",702736990.508889
"d8ed50fbd5ed46d36b3d2dba",634288069.555555
"b40128f5e17574a5d3da9a32",830593762.717111
"506d4cc6613a07c313a12de4",586972354.844444
"558b7d06789a1c8e488c38d2",634302136.570778
"38410183814a757520143737",741055533.555555
"560a750cb6f8683ccac4563b",671842456.837778
"48740edcbe275bed3c82efed",759403373.432
"50b2bb276e598c9cfdb42b0b",699113707.432
"302adfed183564312f9e3087",740931532.407111
"063e53d45e5e7945f1f10fc2",746985844.376556
"6e2c39fbeb5392e6aee9b644",908065866.664
"8d6c523d4100ab0c83a31fed",849158536.546667
"6d6aaf30227f16b2be29e79c",871278938.888889
"e73e5e75cb18f52dd7239361",776768888.888889
"dd625806063f76dcf53582d5",962333953.378667
"a4b16572b8bb786561baa3c9",952020759.025778
"9446f801f30e8b2997fbd72a",935798613.333333
"941569c4352c3a2e32c908c3",881692444.444445
"8b4c54125d9165554e4123a3",851655870.682222
"d50f33fe5acdaf5caf1c6ac5",416351283.082222
"46ff039321805b51870c64f2",810773564.640889
"1ac6c220eb690db798a3d4d5",668934812.666667
"faf872c4bca132b52dec368c",694993180.194445
"d92232d77f7a124e7ff13ee9",848858952.722222
"f9a136d7944cb7768b598a88",517775143.583111
"e03610db09ed7315cfcd64c9",469209126.008889
"8c51f1b43f15b70d2a294918",486172631.616667
"21d141a84af5f0e2ade9b0b8",585287005.775111
"55c7cbf5e572d2342d0d7071",678151345.598667
"54c0e5e6d368ec51f6e75c1e",781704973.168222
"434ff40bff8fad0962ec07e4",714032852.679444
"0a199d5741b5a6213b39b793",669582086.992222
"9931470b50580f51e1a4fac7",668338284.321667
"89498fdf642e770ea75be7d8",701578122.222222
"aba39002de605f9ff34bd542",792445233.747555
"0c1c0ba7d75dc4090b7183f5",625491635.888889
"2ac425aa592565b44b25cdc3",883442641.111111
"c0cdcb5f860e3a974c401861",865752406.666667
"4ec741bc6ab20515070cf1ee",716156444.388889
"3d4c48167a8de8cb0e4956f6",721272105.222222
"f5741fdd9f509d3bb02e35bc",695689083.777778
"c1d0c0846ec652774ed5474b",771361839.275555
"ed2c02ddcf0e54789d9d2675",861497092.635111
"0e05eba6eed4e55e89dc5f14",848994347.533333
"b29e5a75740c8439aefc9321",820744833.325
"218445f989b2da5eff4029f4",888069555.555556
"0c7da0c2613129bc322b1da5",811089778.944
"a41210034abe19957b317d1b",857075228.888889
"0cb4217cde38e09571fa73ba",922444629.755556
"9df0663317db1cf4121a222d",693296321.174445
"62be98264dbfd418ba21cfac",830294589.08
"939ce1536f15c0e6bf203dd4",841815025.063333
"d9028df78f9b14a720dbaa8c",841815025.063333
"b05f4b5fae2f2faaddb377fb",583802266.388889
"65ac61968819927b8fd9b990",633415886.888889
"1e83b53963792d7445e19d27",867846176.279556
"72eb1af691a950fbb7e8d635",425687549.279333
"94fecb92077ffe3a72aedec4",534753396.55
"f660a48b0eb17e98dd77c0bc",462457556.954555
"27fe3fc3838695ce34c5d287",473545933.893333
"9ff4b1fc1970cd5c102cb755",1133178162.66667
"b54940561992090411749db3",528074850.870445
"d4990842f549d8139fa94c87",519139504.387778
"f6013cab49ef9188aaf87972",666142635.707556
"cc2e8713dd087d3b842d2f11",488355030.485889
"fb8aa6b6c5d2499d404f3f73",524384475.462222
"6a8b9fd89b745a52703715ab",419322679.724444
"4721d06c49413558bda1fb68",437421589.926
"0100b3a412accebf6a3aa4b1",531089828.463556
"215e8852679b9cb6c4029ce3",439429541.197333
"0afec1b2e7060b99dbe41a10",459586968.340445
"4ff17c9b88aeeff105b8301c",569532225.805778
"6eee8548b87c9349ce90ac2b",433116546.018667
"9b264d26a196a76951308cca",529250624.065556
"945fad7539481410e8bb60e5",475249412.771556
"f727924f0f35ec9fb58d0c31",501086732.795889
"c7876dc81e250503076f43f2",544737531
"e4f3e425e9f6e393999d7a08",536334029.569444
"cee1833e8964355b9aabbce2",714259895.086667
"9a1819c45b01c341647a2410",535487866.416889
"ce95aab452311a0cc27e0c7b",507420135.747111
"e6eff72b7c5b0fc2677af2ad",540258489.777778
"3b368c10d243f6bc9c027061",481790918.846667
"510c03bfb80d92d180803887",497231971.469556
"664934c8e209352d2c79c971",454096220.519778
"689ba3a92dd7c12f1965031c",563077469.458222
"93d4c413d2a1ac59f1b46830",556298967.965333
"08b09c586530266c14e611f9",562033067.208889
"7157dafd306fa99e4c2ad233",543673464.422222
"74e15493f395fdd312d50cc8",535143256.758222
"c34c94e7129f84267a5e4fd7",620037714.287778
"fc0572d7185e132770c3bad7",735889667.02
"5c1bd88edef0a4146c871fcc",667844628.222222
"a28a31f7d0e3fc6298606078",551272532.146889
"f388112376e68ccb2290074b",702574677.174667
"05d1c33ea8c89ded7391ea92",618077109.817778
"dfd84193c81ca8430fd27ad0",735889667.02
"8b89813a4ae5f9209f854be1",747884110.14
"d7b9566ffb28c753bea96f0e",616875085.777778
"8062b4109c12a95dd62bd43e",621058703.333333
"6d305d6f3e3c2a53515d5f6d",746107685.290667
"ff143fed55f12a0105f9f88d",614447592.222222
"0fd9a2a99c44c9e5565fc17b",611912768.903111
"7f85c59323701ee0e75abb92",764745130.945222
"19baa03dc4143a83920a7d2a",757299447.375111
"bc23ec33573f28442b36f60b",622496501.492889
"9957e5492f63fa295772246b",754350366.608333
"62e376b22a4cf0d84b7f6bff",745288882.198778
"0867853879129bfb46dae700",777904927.051667
"92c5129009b7e377fa004a93",777112832.64
"6b9d38e0b9a3e28e3e695be1",815477638.253333
"b6da2728ee41d035da57c822",872473262.655556
"adf5879151c7236f5e055e1f",828744587.348889
"bb31607d0bc3ee4a37fc912d",808023573.330667
"3ef8fee6a5cf42827d8bf562",868418302.568889
"e6016afcc032d20fc9d6f2be",857638444.928444
"f3962b552d34eb8bf38b4763",908454509.533333
"bce7369d51094d3a9d3495e6",908555547.098667
"55bfd350162592f2571e3a0d",897273017.213333
"3f226452520ee8f04e306bb9",846996310.121778
"b16fda9be5edaf4cbcf07122",815477638.253333
"e6f5ae869a5b7a30e8f0fd0d",811575950.622222
"ab0babf6941ef43c35acb951",849615044.142778
"3bed16373c8ae820187e3d5a",741477497.586667
"bc1335d419a1c0f6e6860470",912973903.548
"98575cb25b358dde32ad042a",878456576.395555
"fb50f2f13a30fccc3903577e",913928495.066667
"7a608479334951a3afdc655a",774110144.444445
"9cb40496518bb99a7a00a2ea",899412741.993333
"a69ded1c20e05bd6b3a90028",762451254.304
"71d422db0c0c638e448142bc",677068354.873778
"fad033a3c81708df7b6ee73d",747348301.333333
"99fae85157be04554b236007",458172179.342222
"dcd314dabc7d162cfc29c81d",675173612.788889
"1c65d5172e53b4c7f1c4d6a9",640626703.488889
"cb6d4db44c789fcfe8236b40",751792418.495111
"ee2c509989c7155bb472c5b0",669431361.692778
"73b60c9053ff8193c2dd2823",538364544.505556
"2a487cfffeb12837a5586a41",507459003.600444
"c9d285946ffc4c4b3ee95da8",821216650.499333
"6a21be8a7a429eacb1de8c1d",584392808.298667
"2a7fc28219bee48a2368e730",684553043.656889
"5b169f28ea1dc473ddf11580",441266199.282444
"58b3ab31de2f9fdb0da0dc8d",663185297.36
"2054c61f0162a18c6fa2291e",429326329.709445
"39940234a26e7264b464450b",563150951.888889
"550157aa4dae5fafc5d795b4",663699054.648334
"ca87bd8401c0c7bbc4b3f286",722418585.555556
"a8fdb6fb681aeae4d5c22f9a",904855660.581333
"998c864a446f06d114f42fa2",892468052.655556
"bc57535516748048e38d4a2d",871055406.310223
"ddd55d8001b809f304883ce4",464049598.831778
"b9fecb3e6a507ba17764c303",446199597.223556
"4bd30aa3e2b4aa077ae27490",631791019.333333
"d7ee2851bb69088f851970e9",570889320.315556
"40eb0c78da8b51b53548d914",909836096.712222
"1097d9a61690cc58a4b91e62",477971488.393556
"6aebff5b1fb3a438c2c7969f",512378677.213333
"af672710affcd7e44eee9ba3",536404683.641778
"fbe3b74f9e11c829d4dc69d3",913928495.066667
"6b7219005737d8660d134ace",914565368.218222
"042bd2cfb2d33467149ece1e",740638424.280445
"d5999beafbdc8acc8a6ad809",654424171.819667
"4ba65b1fb8d8ab0a914b0b8c",561100109.113333
"230864c9c9c5959f9f0d36ee",502112252.186
"8520fdd4f5fec0ba861ca9ac",410491207.336444
"447dd594fdadb1b12ab32e6c",491150089.83
"3d405df6e5dd012419f43ba6",882048506.86
"e120c33346ead011ab7789ce",608207465.555555
"505740f7746e0154932dbdc0",532014489.673889
"e9a427f23e80fa59d9d517c0",496378707.476
"97388d009acd9e5ad49e7c4f",519812067.165333
"a100f050c34e438070ff487a",499738784.018667
"96d14a1d29b7abc2cad573cd",579480568.097222
"f69e25355ce3887bb1078fef",550844560.048
"86276ef138e0babab9863276",617628343.01
"344f3bcc1acdba48c12f8441",649816450.596667
"f3dbdb2b69017cfa026ee18b",678278240.433333
"ba32f2964e8b68ff5555fc34",843579066.858667
"fb7154b2dfd2a48c13ef70cc",625248864.533333
"089dc5de66c6c4132734b9c0",735734724.693333
"5c2ba5028fd94a6b9859de70",533060443.988889
"e8544410d811163a13c6a326",525077169.655111
"74d8df07206df08e8f3dc232",757264530.587302
"6fb4126e3ff41b8052fd0657",614526310.199556
"ba35cce2e715bda1684c937b",854043912.888889
"d7997b9126bef50985bab347",457829649.678889
"da3aafeb2d0105f8e09c051f",563276542.953333
"5daf1136686fc538db40afad",507836352.115778
"88f632cc304cd769e2d4be27",452644153.571111
"c5dc941305b5fb59e66479ba",508885531.488
"ec422df56b811a0aa42d8bbc",530322337.736889
"bc8bd1feaa8fca4c52e130f6",441644592.935333
"60c116411ab3cca49f7f49f1",443053130.532
"75ae43992df8ef41eaf9d98a",466284357.861111
"87ee5c7c49ced4ec99f44d5f",514965656.694222
"918f56ffe325f21522cc60d3",553047366.590111
"dae09210f48e5bbe0d31c728",550112074.304444
"c1ae2af40e1ea9da6380b8ee",565366565.635
"e7b717278f7c95cbfceba80b",637032832.094222
"387f18b1f01b1aae536752e5",602562126.861333
"c036fb38fbd2d1b59ed5b7f7",652082162.36
"76c510c0ad11fa67f0e9a4de",662642441.021111
"ff46d9f7dd86b8bff7cc305c",551091326.513333
"23d95cbbc056b4456b94c97d",603506763.641778
"fc65a77fbdd07fb490ad870e",666514216.607222
"8f0a61533b6a01badf43b6ed",698197477.538222
"c26990b034ee83450a4517b1",840283664.444445
"53ffa19a09c447f3759f86f3",697393050.261111
"86d80d3757377df6f2b8a0b3",805022644.477556
"c757b3960436c23dfaed4f2d",770957986.478222
"fd1431e595693fac0406151d",636417192.356111
"42b6cf2a5225dc62342d3a20",662881391.377778
"6f8a0e8f1bce0243ea50213c",817569746.864
"02277f636716264116015dde",444513133.333333
"b72459ea34fa22d1fd012dc5",752829619.884
"cf4ebcab3fe4d12e1a20146a",883432322.091111
"ae2c10850b4a8ffca934cc72",865546861.544444
"0e22a41ec27869c8f83f9be9",775697233.748889
"22a43024821ad081e654c5be",812222877.777778
"2054c223fcd48a48f67d02fd",505835361.353333
"9af6ac77a9aa0c6da3cdaeb0",423065176.786333
"6601706d2133f96aecfcbfbb",547316836.64
"ce011b7462e9be36184a2984",502022065.537556
"f759f71e444c16a59187a067",715002832.666667
"84cfb0342a0bf2c6777de39d",570461254.770222
"760fd4c893a56a4586030772",471578158.651444
"fc174b19baedc11f78b647d2",759964781.315556
"aff9e510eba008f3ba5c1847",723267512.351111
"a5a4c0f268548993b61d65c6",667047050.808444
"6cfb8a07fc1100569413b33a",699613707.432
"94301e20cb91669986c4b34f",471089803.582222
"52c1ab7484e412ccbf5d57a5",632303133.505222
"2538cfce1c108ebfb1056c8d",740310705.247555
"d57541684e5c00bd9354cc35",681034158.212444
"123106a60208725514f3a343",660402500
"7f2a2959f5ae816761be658c",1163760111.11111
"fd5758238e7ec91e415779f7",711952397.968889
"e3197263bf47b3d37f027e11",743497552.888889
"8e5661e79f4fc282abac1f37",762863751.095556
"cdfc387f8246a1bb3110d724",739806676.222222
"c53f3bdfe8159bae98ab005d",859510634.293334
"200ea08f57fa23013d0e661a",872148938.888889
"603c736378e07570fb985ab0",829085806.366667
"cc019e30685c91634d2fd4f4",858268912.883555
"b0d394d6c9b8967250854c66",860630033.457778
"f7a79e1211fc72e06a3a82b6",882136888.888889
"8a1ea9d91b3d8a66c6341243",693936903.106667
"22903633f8c4d91158f65c58",581965035.544778
"bb67d95fc94532b1fbe80ba6",746727509.444444
"a8e696037f8747f562ec98fe",481585875.977333
"72e4fa00e8aab44cf210251f",770523109.638889
"d70948f87875325380885803",945047666.666667
"a0e53cdd1132bd19b8ba0c54",543256946.726
"882eb7115cd5b8b09fca0e47",598907710.161556
"529d6599d8a64c63566a11e9",525265119.396333
"e26eafffe4ca3c22b7f4a272",638411661.880889
"4e4abc111c07656e5bbdb0ee",564277986.311111
"46e7860100b0c09a6a475b9e",659169987.496111
"7bfbcfd0fb8f5b6d553c2d0d",665904053.211111
"5fedc401fc32ecc4d9ba7e89",673028099
"aee8b22ecf19495fc5894a08",665904053.211111
"313e17c442fa3040065b7489",615729078.666667
"26206185deb023a344eb2e99",801830534.111111
"4a9e2358d64df916e2cfa213",484226767.575333
"2f6515defc3b21d82e0ca4dc",460446828.383333
"a9b18720f68c7002dc71c3af",443966773.279111
"af911ba38d5376a8aa53fcef",510978746.587778
"025b094e1ea7248f4aba72f0",397536233.454222
"f81aa0f575dbbacdbdc681f9",500905144.158333
"848067a69d18a171e7fa34f2",464074311.872222
"e22ca3f1c8073e246079d57f",522702998.394667
"11444a88bb3b230b4feb5b58",616629794.751889
"7a9264f3a12de839a42c1783",542468720.973333
"6d825b439d8622ab90245049",553566346.888889
"d2d317f2990465269ef58c41",709332534.611111
"2860e4435c857cc8a661ec97",737117708.012222
"39c70622597e64c4821d0731",684815519.482778
"2d6f5bc20de99dd0bd4e34bc",767661254.725
"37ac1ae3a7e2a3319eafbb58",635928518.455556
"fe6fb32f623a9e3d5586a8d3",844341440.410667
"501531d637608f7098ba6242",737697913.128889
"69f59487924240bac2e75bd4",837775094.111111
"358e1287e24c3c4fb353315b",786698692.036667
"55e307c88e2a943acd64a9a5",592933498.097889
"19105db21495d546e6792a25",781331384.539555
"375419559910484b17782b47",879412171.108445
"c9d254244e315974cdf5d921",872988639.000556
"adeb9a6ac3d357bd96c019ea",796261177.811111
"b08e0cfc5bdf5bdf5068ebdd",855092888.888889
"8da2439f391c6db92b9260f5",842284750.575111
"d0751cb5e704e28e03514fb7",708573681.711111
"9051c6d14018b4894b560e2f",880506365.68
"54c3eff286c62f05ebe2ba57",477837343.511111
"975ee5aeee84593bbeb331b1",506603372.434667
"5102f4786cc032e24781c7ab",1148241521.22444
"cfcd97bfad6e013aeb57a2a8",715758393.248889
"f304bc9e9edfc24eeeb720d5",857824482.894667
"bd05a6f6ebf924adf92e5577",858143032.587555
"a7b459470ef58ef3bed7437b",471291618.696667
"37e009a57645b845b1673b8b",630565794.666667
"b70082fdca35092802f8745f",513730010.705333
"8a69b9d7461107db6d16d1a9",560010458.242222
"adf055978a7a8e9bbd88e741",396630440.844222
"6c02bbf7f6b087a1f0c8a47a",598523225.398889
"d91017d9c530e058ace2e017",643967094.995556
"89016540f8b3fb727d863bec",926434144.444444
"506b653545eebba4c8821588",1226644720.07556
"01fe5add1e7df4b15dd73bc9",649979419.733397
"4911d01ea0a4505d5db5bb2d",550764451.865556
"68bda8b092d5a53a35dfaf07",996195502.248667
"70bec150e1d8ac537cfd90e2",925747294.434667
"0e21abdf04b36e5f6a1fc337",921276922.222222
"f53efb47de2bca5912ad7517",812731756.689333
"82d6244acae149ed9ed88e8e",517072979.752333
"755a4fb96ff2b2276836f49b",664367171.724444
"f15ae83fbc4e4ee3f646b4c9",422243689.145111
"eac458ffc1da75fa1a4ab384",552265942.222222
"6f7bc7fd41ed908494d8e098",543430255.755556
"12d1678bc86ccdcc8ad756be",887426656.048889
"6e07d31b81f3fc9b9de8e1a8",969599816.595556
"6c618bfe55cac120a4f1e08b",727267941.410667
"22958cc4622a0050d1aead77",456023230.549111
"c7c3da1f12d872a3726736f5",471095186.408111
"ce30c2c7cda56a69005300d4",421474028.556444
"7a26e5936765b409b7b73cf2",865060017.510222
"8d5a73b1d27a66b3f72fa662",764703725.836111
"3b8302dabc47048245acc09f",685785375.174
"909182c92bbc39b00536ce6b",513827151.509556
"963da21c3c571d7bbc36f1b6",674834530.608889
"a73504d5982fef268f5ff589",797122747.777778
"50563038c05963223b459beb",821907789.191111
"b9a0058c58cabd619e226178",810822144.082222
"0037d98f6ac46a86e36def45",442721193.392222
"38117bca778373247df86e14",609517078.433333
"4eeb8b5347526d721092a7be",433570519.157
"0b6cd71df4dde546e665f865",433570519.157
"bd066d5d19d41c06b904d51c",436436852.490333
"f10e210fc04e3fb073568323",433570519.157
"9f504cc4e6b170155d38c687",433570519.157
"3e4c1e6435ea1a9c3150aed0",609517078.433333
"052c93502aa794e0574db9e9",433570519.157
"343f45e7d178eb780a9a9818",609517078.433333
"c0c4fa199f0ad751930cf78d",438282304.452111
"5d86154fc1769d4dccac1269",438032304.452111
"e1fb88779e55aef2b66f2c10",442721193.392222
"c26af6fdd00a85a17b823d92",433570519.157
"be3ee4457a26c6b6ad4237d7",405115390.238889
"9bdc79dd02cdf39f92e8c869",442721193.392222
"1d4bafec52ec7575161bcbe0",515923050.682667
"0f15a78ce3ff90b6894fe3c7",465262923.868889
"afa5698724bea14940667231",809321266.666667
"4d8e365b35a6b8ebe6d7a15f",564251496.763556
"6ff848f65f2507e58cfaa231",517806957.036556
"e13947242fe19bc3925919f8",491168616.978444
"c02caec41084656408c2696e",589858705.1
"d6fd079beb9f759fa4c6886f",519812067.165333
"d14f7f939468e641c43abfe4",518835556.374222
"8f6076f8ed13e87862d82255",550799139.688889
"8d5e662ba25a71727f1eac77",725546160.126667
"bd2f9648ee9ebc1fdbfa53b3",714666561.753333
"da8f986b6ee6f594780f4a91",725546160.126667
"af7131ea57639ce5aa1e102f",725546160.126667
"30e10a03626eeaf8bc2c380e",538667152.412222
"6caf180e36fe18078703db02",532040806.955555
"a40861d6573e4539ee3c23e5",729336782.209778
"d5f905cebe05262cfc44bb11",738832200.222222
"809800b56b7b29399986115f",691570543.333333
"6b2d7f88f15cbf7d998986da",671329790.171111
"a0ede3a514cede68b721d994",681859297.837778
"179d467dacdf674a66c7310c",651700025.611111
"97f9cfef1e35be84ceea2a46",842583637.333333
"b7e01962fda2102f1402a444",823572750.073778
"6665e5bc4774d04321d1ba9f",612088425.880667
"6c09a3ccddc797f77d63f1bc",757797863.920635
"97986583e1c988373765eab5",839946926.765333
"56807890f8587cd75893aec9",744405353.777778
"0f2fb3cf22613a339c88f7e4",706320164.5
"a967a4f0b1dd36d7264cb408",776499757.777778
"08ead1ac0b9b30c2a72db17f",870929272.222222
"1b989360ec91f5da55806bc4",884308888.888889
"b289cd856f9d15493d31ef6f",870823876.36
"88668347361a227b6dbba15e",886567950.004444
"ec3f1679451b9c0037f89386",792062675.552222
"9cd01a5cba1674559752f5c4",919718746.102222
"2bd96c7fe678945fcaf9662f",874753882.904444
"9f118569fb8b084f0615fa22",418059076.068778
"033521a46dae036839ad6c90",439160946.080444
"bc1ee1f8ffe1ac88f08e2459",612620807.483556
"c62886167530efe1f84086ba",430777441.236333
"d58f191c74d26bc1fb02cfe2",453121438.350111
"981b55d5c38361caaddaddad",616577254.959778
"ef26c0f1cd9e3203ad16558f",633177055.555555
"74cd885ec200a0c21fa9e03c",630702867.550444
"fcfa51e5eec6829b9f4f2c59",421445695.894889
"c3bbe8c09f5e58281dddd412",647485912.444444
"8f36d25584407d9e3c326e71",834522139.438444
"51f4aec91124a9a96f4c5372",716052490
"b7becde9261820feb7cd926e",621559540.444444
"65070c554133f2b4143fe051",769943036.323556
"c2a2ddb94f60de25378aecee",759789623.16
"5ec3abf721e13b0d55829bba",846422662.632889
"502aff943d74cd4cbb976dcc",773623222.222222
"11e6e5ee92c97e31d34db891",1082742249.02489
"b1589aa1f58f6dffa93a3a61",942489588.888889
"783ecf989538582ad008fd95",939919143.446667
"1770bd5b0a07a6aa785e0caa",565151157.555555
"53715a484e20d6152c76fdab",621502306.622222
"ef73428a38c201019267afb1",521468027.59
"932a93e3ee2093d7f806fef8",615561916.599556
"00e9afbd1d27062a7bd40a3c",922240782.222222
"a11a82cec7f8a243e2f90539",668934812.666667
"e4a70600296b0bde6c28fb19",694993180.194445
"0a1b1a3d68b04cdcb2d757cb",902634822.017778
"7c06a2f06cb4226f9043578c",846490599.885555
"5e113e1e878da12e312cf875",878755490.222222
"a72f5204153b7c92f52d871a",848858952.722222
"fc17f35d300be9680971f95b",560249378.838667
"13ab6a062601d40843de37b8",547920701.843111
"22abc78ce812c519511f8a4c",745063829.222222
"faee4c33e892029b79b63742",493109283.430445
"c8d39eef5a5422e0da4172cd",600850210.158333
"b13683c625c97c23333269eb",482442622.067333
"00e7c5894c739852052f566a",785976548.952222
"2703313a3e5a6fef2157928c",587151672.441778
"8dd453e986d05c6c1dd104d2",515881533.333333
"22b34331d7ca2ea642d29946",592066413.777778
"23187388f9d6e2bffb88b9ed",698921746.859333
"6b49a668de0edbe7f8110740",800398746.666667
"ef0e5b23069a9fe377b77ccf",762493439.333333
"c37348f8247ade33ac513855",725416473.357778
"1d19edc1e0d907e5ab0899e5",697682037.666667
"c73ee8d419b96c6e7c53f95d",692540176.664111
"6251cda3676ecbdb6555c526",519466585.128889
"d12d6ea066b67c3db9b2dfb5",830361255.746667
"8ba4e8e071e458a13efd179a",617268953.658778
"9b8d798a2c455a960ee74503",490878309.092778
"d663ca1a0d29b4cbc5cae9ce",569227128.832222
"dc3b8d97b11cc2af4cfbcc79",766058466.666667
"7d50144c4b2ead9b7b9f594c",799605198.276667
"ff9cb7bc0b972d4515ea3837",423811843.453
"267e46cb9eaec6c7009348b6",530081695
"1769a8ec5ec94aedc397b4ae",622221457.422222
"dadd9ddd29102f529caa3bbe",488306481.772444
"251903f4b947b337e0134415",661152500
"e1b753c283bb9c6d4e438bec",823882612.888889
"16fb51fd3d35db53eebbe5b8",875419681.777778
"8f543f9c31af1eb17ef1e353",706081323.842222
"20c3cb2d4fa486b23eb81bc2",684954959.429778
"6fb9e9ac6d44d3a286f317ae",622118549.888889
"15b57b0ad8794d64a2784ce6",690751088
"d9ce31250d4ae25c3b850124",700208506.024111
"f90efcbfcafe544674c02586",698939187.926667
"05a98feedbd3f422bf063112",723951653.108444
"ea359d571ad0c986f826d31e",871457559.055778
"b02f1997e6e6f97dc808b8cf",895169077.777778
"307acb7b4044cfa5680e4227",934752715.923556
"ddce386b0ad3199ca09aac93",802848709.657889
"9e28972500d8ca3fb3b76fd9",741030865.740445
"687b1dd576eb7d06a08c3439",830366599.764
"23b2b5b9f5bf3e1208f5f80d",928720444.444445
"dddaba511b6a18f49b41c1af",857568912.883555
"874e3e3ec6f67c160807628d",871962106.546667
"67ade5109553a9d784886a46",894786708.791111
"6879f05563a9f0748088cc65",889522377.996667
"dce05cf86b42124fc93d41da",918023545.404445
"1ea5db844a6d3a926480351b",672024240.6
"4e9acf6e9f80f65178766740",685785375.174
"a35450284f8dc27e0ed717f0",1151794088.88889
"069499abc4e393fe540777b4",414497839.316
"cd10d6e28fd7ce92518ea31a",922930657.536445
"3edc0e70e7cf6a21be2f0d53",428061050.699222
"2e2ff1e620063f416a387058",663185297.36
"1ffdc10c53bb83d3be84c327",773781750.471111
"3c95dcc4bc3788b4cd5602d5",630894423.256889
"aa592f388454d575e0006206",506955542.180555
"f7e5bf5b0f6157ed1f604d37",442420907.726889
"513c6ea5a3c2c560c409eaa8",1133667764.25167
"7cf15f80838e8edf4f9cdead",1155632644.44444
"49737c7682eff2513869b3f7",903828360.764445
"4e8cdb49a2bdf68ad8d12625",760220149.955
"86af11931b004aad3fd27b88",633618287.555555
"90921c9fce21986dd23bc645",830015097.08
"d79d71be963d418a4c9dec68",902634822.017778
"c27b2b735106bd5a77a15616",841227551.521778
"b6129a71f8e320aee8abd0c4",841227551.521778
"26922ebaf11e35a7a320d30b",878755490.222222
"23f859b889afe2639ad55a21",683492683.137222
"ddf47d32045769c0596826db",1216397724.46711
"1d0c635770f2e51aed4c8664",936823366.666667
"e6144e15d5cafcfe87c07c9a",558885615.123889
"a7c7923f9a4d004eab43413b",884986812.777778
"42b3b56289972176c20c4990",431265453.890889
"b63f49396431089dd646837f",626148886.874667
"e0b041a39e732783f98bde56",851766777.777778
"409eb9b8f2ba87ca299a7f6d",565669557.104111
"1a46c13974f3634ca6dcb51e",659338042.279778
"4b068c79664179605b145a15",623700097.373333
"afeba13fa3f81249549cd2eb",567762281.841667
"3a3ce11d981d0893ec732e22",633618287.555555
"ed68664efdb7377c33f4010d",689536087.16
"93de58cb0d8fbe74b0cbb556",780022112.091778
"faa204421a94ef95b79eddf6",841227551.521778
"acdb13c4c8e2a48b0bdabd91",944872662.222222
"5271cd1cb962066407490051",901146614.091111
"933251193ded6df07c83128a",955467383.998667
"524e00e537f841c13497cd52",482922846.666667
"a9d4f256527be98066c493fa",721272105.222222
"2207c1ed62f59d6eacb3c18d",580558988.902222
"97ea5dc81ba49ade4f8f580b",597208598.636889
"72488318dfb2181843f17c03",789402912.026445
"76698030899efea431dbb81f",442202242.896
"e84888d2f22e14a5016ac789",559186532.276889
"d9398ef84ae71419cb7cc82c",688649939.770667
"6d32649478d9d86d840969f6",518308612.217222
"81600c1e6b6e3ae770e40b28",886607398.155555
"68075b0ac8e779bf5e66dd3d",556107711.388889
"6d7ac64b8b9f27f61fb155ec",493599924.768889
"d3bf3146ec856cc26c607d70",857614493.145555
"d12298e0d398e9d21d2e2eed",814664458.641778
"97b69097fee8d8496a6b8c04",451884579.115333
"fa6e53a7107c0e33e3d505d1",827608589.08
"7279c610bda9354e1c840b0e",557864198.943555
"6f3070318ab65b867b2702f0",438775301.120111
"e08aabb998103a941d24d0a9",517483121.554444
"415e1faab81016a460db7a0b",431698877.083222
"8b871cc48b99bd4190877bd3",442721193.392222
"7240bbe28e950ed75637b504",546618103.312778
"831629494c6d15d5ff6a00a1",442721193.392222
"1cccddc33bd892b44d7e4b7a",693105042.187111
"f9cc6760b1112ce5197bf399",687997121.745778
"0901e845b6c56d4761377a09",570866000
"2a33fa5b25963f3dc928f668",668388708.737778
"83e9507b9ca2987a21d1b195",607795856.982222
"9381bdf491d48236e84590fa",621898069.661111
"c041a933261204155415c2d4",806583256.762222
"a1cd867286d6e82181e5d1bb",725546160.126667
"240d2474c81482baaf79b6fd",725546160.126667
"ddc1c85af165e47502447242",689086090.864667
"58f02c785ee9a506e899b967",677956333.33
"8b353ba6823f4f800635f0cb",703957731.706667
"68cda50b602acb4efeb275a7",744721652.663333
"96cb3c08c80815907de81e73",553682562.277778
"f54dbd8f0aa752f79c581e5c",851533278.888889
"52a438d024af0d5c38627ad0",627238108.311111
"1b5db6af0a1c0f7787064020",767611238.680556
"84a7286c91f1ca3ecacdaaa2",854782906.399111
"bc6d6249873222ac7f22b73d",848515884.855111
"12501015fb631d7c10ff08fb",536706303.675333
"85b633e09a41cf22a10f28c8",690519976.111111
"7acb92246dbaaec1cc7b423f",628938199.111111
"bfba8fe959dd2e44a4202943",675770452.777778
"5325f16558ed6d2689bcbb46",598824427.111111
"d4653d505cede3d24e258d4b",675770452.777778
"5146ecaa8b7ed507c4f30785",844850850.067778
"f5b9cbae30356fb3a1d005c6",849520475.435556
"205ffcec56fd884ab24c5600",765384902.831333
"ae7ce478fb66882a2c952012",725086743.456667
"efc9ae02fd6c3f18db866cac",695374380.444445
"2221052e00c236f31e6d5a06",527362021.675778
"54673ffd4971d04493a1b1c7",697770094.693333
"b0bbdcf0916b246ca95c4721",537658842.039333
"1ef15e2b882a0da85858269e",526442613.191555
"9881fb167319b34cc23da955",808968424.989333
"9d2a195e645a9e8556683b4b",634212575.388889
"14acd96163e6b3e17177f35b",570226442.105555
"b2c5af8615b8899deb16c896",541477931.553333
"4c40683e401dae89f6537ab0",534695324.334444
"dd007a202a0a3d56ebc4868c",582423147.975556
"6d9c89a406cf2e755d4172c5",491469243.547778
"7387e7e385063c180f05a7cb",563925223.037778
"9dfd5df5a2efca3fbf2c07c8",635230570.816
"2a9e75d221912230f98485cd",719002116.777778
"86ce27f9ca03821d13030f18",770155536.229333
"3dbf89c6e97182647bb44e69",746626964.272889
"eaa4893a313d85fcf38dbb6b",717664136.513333
"c57e1c323ddeaa7475e5189e",559231786.666667
"84856812b63dfd9630fa49e7",758772186.476667
"945202a450bea48fa7f2a95c",786622449.811556
"fd689e54d5c418dc9f2425e7",886930008.848444
"eb90d9e9eb53b44b07ef9613",902202870.557333
"79005399fa92d05558fd6f6f",838786802.397778
"5cde51bd6de3759821216d5c",890257825.604445
"230cb38e035b85a4353220e9",622865579.262222
"a22ed42197987a8534abf76f",511597523.805556
"43a2ceffa8ed90bc1a43255f",487489157.777778
"8f2fbced5d357bcd6b1c7de9",683568616.666667
"6e895a15d402ea7fcee98156",751953327.16
"b6a2406025f0e1fa09690c2a",487489157.777778
"f46d46ccc7fc415433e471e4",396861489.636778
"71710d25975271eb32c0c8f4",493317530.363111
"01b7bb1556b5c32df8f618cc",541043631.866667
"56e5afaecb2cac6293cde16d",484376215.370778
"70209b9024acb3e5baa769ff",837746380.111111
"efb0b413b3f661b23d674b3d",884986812.777778
"251db9c4b7398902b38b4a4e",849632587.777778
"e3e7ffecb903d2daccbf8a53",529444162.888889
"a92ed9a378272ff174ce2688",536190991.196778
"40a53a3f3d49f7905966295f",856485054.783445
"bcf2c303fc03897585831351",816586418.023556
"4b0ac2ce45d7ee385ca369a2",861044697.111111
"85c7e8ac008493b34e8e0176",651940149.685778
"0ff24418ecb6888dd8ec734f",1105168594.00444
"3164e0ecd246b8ed6cb6d054",936431497.333333
"5f52e316136696cdb56e65a5",544121718.995
"5ba4bb943139d7930cb91650",831520841.529778
"ba12ab0869d66e03df12b6d2",467041097.008889
"1a111211207627bb4c840442",648777743.555556
"9d2ec1ed9eac77d534ed514c",433957012.812556
"9030f17b47b3940c2e2c4093",433957012.812556
"3b224cf6107d815a2e78996c",823076123.396667
"ab0e770ac42dcc82b472c55f",467734146.091111
"75fd66abeaf040fa76eae2e7",706931438.508889
"c31d98f67673691ece007a65",440479774.364
"60d5f19c16554cc2d8e5940f",835089713.444444
"53fd196fd0c0558ed1219329",377078347.576667
"27b06d060ecf702fc88c7956",881049904
"dc014623ed69c32abce2d0f4",522526598.444444
"f1a8f09837660445961375c1",872167999.013333
"b98a462d9782988cb54ced54",920019452.339222
"6ae4843a827b36bf189a32ff",787993047.191111
"84e4f6c6b5dec0da7f7ca0fa",516561829.283889
"b8f2b9c2e63f0091b6038ea6",762785895.777778
"e54c7ea1f012656f7fafa49c",449345987.944444
"f25f5df33f25576f805a95b5",668422176.111111
"ce9474244dc2d40f357146c0",459586968.340445
"54bc553b5b8abad0ceed4d53",439429541.197333
"e75d4ce522cf587cd66adae4",544737531
"b1f0b12c28c9bd2d16b3545a",556298967.965333
"412e7b9e1de3df8c3dbcf198",529250624.065556
"f52ce56f20251f018d7864e0",562033067.208889
"6641ef09c0bf5f3180952b30",493653656.894667
"ada53307260fa34f3a6411f9",571866895.995556
"51f0f76e2a8cf50ef3650901",536334029.569444
"da482df3d0fc97f9f8582e22",513337140.491667
"55d47b5f3d0d2dd7c2bf4034",604986693.262222
"1a6714ac2350ad371d8280ae",496823801.63
"0006c9478f4e7edc53d84916",464625249.266667
"dfa7461510c6dbe5e119d106",454096220.519778
"5df95b44c73b249be0fc69e3",583748781.346667
"76bd7a0b87bfb6d2723766ec",494721552.292778
"8570a1d8156dbcc267d3b495",754350366.608333
"94116b7517a06255bf4320c2",742842285.826667
"8ba2d7afde20563e38892304",621058703.333333
"f86ab537a2f5d8c2b223574c",735889667.02
"9d0d2774fbcb6fcc66b865b8",667844628.222222
"9086e6e757243bdda003878d",746134582.666667
"5a3625846567d06dbe4cea0a",746107685.290667
"f51a78ac4b03665561552b0a",777112832.64
"561a262410ca91d69a58645f",821047950.666667
"08d90f931e7e0a6f43c9d0e0",680587110.290666
"f47c64c8ee69e744e654d4b9",897273017.213333
"fcc4c878af8bdbda6e1fc86d",846996310.121778
"8d9b143cd8eb71b05d32cd2f",815477638.253333
"ce6a3868227d78852fad9f62",908555547.098667
"d82f743ff414299f8c222db9",868418302.568889
"9b2c7e6cfb2d6c66e1ee8a6b",808023573.330667
"6e9009ad01cf466e8f8136e5",815477638.253333
"a4bf0c02f139c695845c9507",811575950.622222
"16cf0d7977ed97d6ae8d2cc5",878456576.395555
"d96855b0ec427f041e7a36c3",774110144.444445
"63613a9290bcd9e1bcf2786c",730500536
"32036c1eb131e6cc4f3bad3e",461475933.346111
"ad47e82c9efcfa36ddac0a95",498319506.461667
"d5af3041d95f5e89969c9868",451463121.207333
"f2387712fa17435f56d7b102",464783912.298778
"c1c8024bb6c3635ff655843b",460095370.898667
"11e4350271e9cbb37bcb75af",601063778.547778
"d012efd4a77c5aa5e8d6e508",679389279.856667
"6240b85a47c079cd0efb077b",596992012.222222
"85e332a999931ecd0e04475d",513886574.569444
"4ec02a406caf200b700f5c62",682638139.583333
"f3270f2ccbcccf3046346809",736465979.670222
"bfc5aa443994e3f3f78c6105",757150199.707222
"aa09cc29ab2f2cfc79e5bc7e",781023516.96
"6eec5b03718975e5137d5e92",726970382.608
"6974d82e41437d61c627b16e",844047702.444445
"ae3f7f428b49e6948ebe6fff",650653416.077778
"a9a710b78e776c16eec24be6",765182466.666667
"249cf6f96144f769030d1b4d",770924503.930889
"645f3c4490ce43ed68c7df10",747020176.222222
"3413f37549869d2172b76d6e",727694278.111111
"956600c9a4ed31e588f8c593",861024643.253333
"00ba709f184e70be13e5bf9b",723764955.551222
"275c8bfdd3fec33752493861",714337706.120111
"3206523e850b5b5fbce567a3",862626059.509445
"9c9ffb3401ab6ab90fcb555e",902795722.220889
"4962650cfa3decf487ccbd0c",801830534.111111
"a541b35c62878dc2c425235d",830805115.562333
"2112e589911b979db6e05a6c",877104367.529333
"c9cfeb97323bd6a0564e1903",605457784.111111
"30e1bd4619483b0e896b5229",660135833.333333
"48aa146a36aba8a0270a8a1d",895386708.791111
"678a80840673787b3aa64228",800583122.470222
"392abbc83cfacfe87c401e27",536428591.648889
"51744814dd3a7e60c0791041",780862339.702778
"c6faa5d2ac8e74c26fdaad4a",673896340.871111
"1f2c22839c470363ff41551f",855900024
"5438c2127072b47e3af428d8",890262377.996667
"32e182242a654ac03a8f3ea8",473024316.186111
"0a45eb817938241ca988c2e3",846117151.981556
"e74d815ad652f7046ba33295",625928931.9
"2887a0d34994d284759db20e",606809044.444444
"621c3051ef29e8da01e6bb2a",593292726.653334
"54de2275006e273686ae5fac",829331796.666667
"b0a0cc38f73c9d90bff6ad92",807539616.5
"f4df4ad4366bd794594c111f",1027982302.22222
"763206de4c26e3825b69f4c6",739835859.161778
"d5ddcb0a54416bdadb4bf57b",580426400.333333
"bf17eca5afccd9cd6299b9a4",720002718.467222
"02888257efaae858fdc7938e",659404276.721333
"1f8ecf6c089ce6168b3be52f",817478772.237778
"fd7a48744bf966e417f34a51",897588166.666667
"655d6eafd78be856479767e2",790061057.208889
"27472c6c6a801eb749b9719d",743343885.555556
"18fd9bee381e7a8c29a44c4b",725124237.488889
"da5d47596a755078a2261328",541206136.111111
"737c83218f0e486ef4feba40",523849160.174667
"2390c275fccc98eb4fa33af0",448666685.896778
"35616923c84423b44d1d1438",854800629.501111
"22fcf0650753e2b5a2fa3786",752943713.888889
"9d8e7178912841c2a1232ad2",552725198.888889
"36c2cae6de0add92f32d29f4",761313763.777778
"699b68daa574a0f169436ccc",466550651.689889
"c3bd0b8277a37832f56be54b",493920303.099555
"6b3411cb8c50c1498572e681",576546745.838889
"fad4ecc419fb64b3f77971ad",648725873.277778
"4034cd9a70d18fe0c883a0fa",585567339.726667
"8f9417de118ef8486538955f",880456116.963333
"33f4f9988387bfc237d114fa",494110870.518222
"40c9f947e826f89c6ff3f898",505372622.314667
"351701c5d1b821253e2c8c42",466318284.651667
"f6b405af32c398147475dc9b",594480810.241333
"45750daec6238508791d0d4c",574961178.995556
"eb85bf9ab77f59615960fbe0",603712738.888889
"0ab6e52af85ebf23432d7698",589619265.515556
"9b13a371ed4724d2e2966447",628134800.065556
"081bbc273db70f1d2cc84ed2",603497970.954445
"e113c48e4e1b53adaca275f2",617739951.279778
"4bb0666c55d174e0280482a0",635144468.888889
"ca516516b33dc09d712b3154",623514466.732222
"631e6aee6ec1f720f3c78775",531457007.36
"c7746198cb5871bd687c2538",788588773.993778
"58a5dacf2f664512c2b00ea2",771150742.250667
"6d8998442d831addafbc878f",852219730.844445
"7d4ffe0038b3ebc149d8f4cd",645702987.964444
"55ae7bc854658aa5fa49d368",610459866.666667
"042ff73057dce4d92d383cf7",463892604.951667
"807c04729620ec60ef18598d",461911292.333445
"5dead94ad2dd86dd41448994",537010508.888889
"bb90c874275456d5fe0de83d",490795736
"6ea5fbf037ba7e5c74d7ca39",568328180.277778
"86dd7931177df94a649a4d62",548921737.222222
"58ac250fa52a1ac7ce39f70f",493983543.452444
"2861f1a224b4c879b845779f",537490841.239111
"8d06af8e439c45e0e125de91",571401405.833333
"bb2dedf6198be0f3ce2c4ffb",564994668.888889
"57d8cac189a13c180f08cd2d",470340329.089333
"db575f8a4e10a29fe81b335e",671175790.171111
"e8c79fd41b001fb1da0d4fe1",699613707.432
"b81679b32ea288e9665dee49",881470222.222222
"841482deb90d19ecb1ec8a06",528103773.209778
"214df9371aa59f68e5740212",628068138.402111
"bc52abbda9027e10b879ed50",586876576.444444
"ce8ce41a36b610be164a25de",855346682.841111
"a67412a01feb64ca6e772858",787271840.888889
"d87896f889ddfe1ba210d74d",526505723.934
"556a39ca66e10ba3545f2234",559290266.266667
"50cb893af4ad0e21a69f05d5",542531436.075556
"3b5a5d6536a9fd24f02e8ba0",485288072.903333
"121cc20fd81d6322f56d5c53",560010458.242222
"b9c893f3c3ac4dce40d0ea19",563545663.853333
"47bf8d322af3c13e8868ed0a",542531436.075556
"a4325969a50a14c948446f9e",713870585.888889
"4583a6b01449530079415768",841822108.902222
"920e2bd03c9d34e36fc38ad5",841822108.902222
"0a59b506798fb96edd7681c7",809082845.888889
"e8d2cdda77c1d885e21c7bbc",922054700
"8abe99f2b71b13dfe7d71616",918023545.404445
"c07e98122103d1546d995f9b",894792169.755555
"29fdab43da21ed0d22c9c71d",457444788.256445
"f2ba7982bed03cac394ef87a",714054382.666667
"eac89e705cfd337a99417320",417133133.191778
"40713332e88c6d3a393c8b2a",515237721.839556
"a9aad230d22f7dede73acc8c",898607429.333333
"3b7fd4008e14e394dd09a0e9",951027555.555556
"098327587a877bd50df27551",458487760.572333
"0379b6a001e4018c34e944da",661882685.152444
"45f24dd99d362f49c0adb875",418042966.550778
"dce1dd028695bfc5a47aa6a1",458980825.487667
"cfeb702df06baadf29f12eda",388692639.735556
"9ff5828e084070628ef2ad96",475861853.074778
"6920e6d7fff656d66844949a",693818506.285111
"31ed69311bfbbe000f4483d4",573227641.222222
"d300473e3d2ced1177c9fbd3",505038374.679111
"2cb64650b876ccbc7337a0e4",535235208.996778
"3ab2ed6d140698cfa41f2e3f",461193936.698444
"9f8697b55cb665ebb054f9fd",599470333.755556
"7e844f8a24422ec3b833b4a8",473927819.975556
"55a615a3b3919798d54e885f",584797596.97
"fd26da8e62b5d1155962f0c5",507420135.747111
"ee9171c496fa78b1461acf88",855971384.444444
"d5182c47a954c964445f25d1",769182968.134889
"e064b4dd7b4e64a3e0016f0b",777904927.051667
"36753a5e31b0edb1eecb8bcc",714259895.086667
"c2ee475efec76c46efbf1b08",556252586.222222
"3baeb28cb33d048bcd6e42cf",494981393.976444
"6a6d990b9b1bea0f844d3065",438541881.068444
"e93dbc804920c0bf7bcf8cb3",462290616.076778
"b9ea1b9fc0e46ba0724cbc0c",441654081.608667
"95e98113e39820523e95adf4",443832771.060444
"942ed340950f02adf9749a36",490250628.454444
"8538a41c0e0fdcb3829364e8",563026119.523889
"804289a128775f7d1652cb43",557643463.586778
"3dec1da01706b06f5d6a9266",467957082.983333
"fe004acdfad6ac6b00911ef0",719000535.445333
"6c679d5b6a1c1b74bf483478",790598137.904444
"ba54b5ebc5d4f554bc56dec3",524000160.402222
"5b9469c3ff6b197bfe3513cd",705498366.777778
"2ca6ce8266afc6721d179335",817297404.843777
"94160aa4e5c54bb479b1d0db",534208326.839889
"eea6a2137473c3ba6708b576",391982444.756889
"9969f6f4bfb29e3a97c2fccc",519572298.366667
"68006626a3321fb0de032307",501133763.776111
"2149d04442f73cfc78f93bab",604986322.235556
"01cac7d033166094ab9f87b0",581413830.351111
"15515ecdd35e9f175842a738",723846087.888889
"86f1d6fc54152004e69027a0",700269429.333333
"0bcf7987c4b0ba485c44caf9",682577366.222222
"107fffd601a2bb7a3e4a69e8",667592853.717778
"5a44636153b1d4a74d58513a",593296260.392889
"5ae08e5999ca2ba0a1e2d8a7",629553804.764444
"369e9e64898ea16b7ffefb7c",702778824.185889
"192b505186d0bcadb46b7032",743199907.777778
"6dde6686bfdff12620f198d3",712690953.804445
"503a04e079773a04f2abe075",781228417.273111
"42b5ebbca90572b9cea79177",722165228.42
"0b6f2534f862a7ef551a116c",801421290.063333
"05e06a93e9f01dd3984a85ab",509574100
"c6706db3eb4f0bbb0510578a",758932697.333333
"2babb357d1d828c49bb89be0",792802586.753778
"3951171501fc51e2d830cc82",723433424.837333
"fb72b8e0457c0199e158e599",838675749.198222
"df865201353bc7b915b56ac6",647098769.979619
"8d1b3071f5396359c0b6cc62",858364827.779556
"c451b61851c8ae1e6222109e",889571424.443111
"e1c33552eeab60683f2f89d5",862273885.991111
"1d8d51cfdf78f1361710708c",717916786.174444
"bdc8e1a1e06d387f9c7b026b",717916786.174444
"2b36d797d32013a126e15709",433957012.812556
"13b3a55d79b79ea89a73d21a",438793798.107667
"e57ad52764215c3d54740ac5",433957012.812556
"19e11b2d60326895b5e6ba01",433957012.812556
"f6e1752b9f4a0a3c8573910a",438543798.107667
"062efee92601be294d7346a1",436948346.145889
"e2c3acee51cdd03b1f211278",458924441.968778
"9390ae5c166e1a976e53e16b",488521376.116555
"db3aeb3a96304f3c255e8a22",521219678.181111
"d353be29e7ed2c35b920f7c3",531182554.01
"893c1b081e383de73b9f2e16",763739905.766667
"8302e2afc48d6eda16784da6",727435671.254667
"f1e9676bc91a76740f4e9b0e",767965938.777778
"ce86066ad78dea43089d25c1",909207750.113333
"c89ac55660cee4608bff27d5",467972314.769444
"b183776d007d85bef0f6671a",649708857.777778
"e8872302ba40e4ea413689da",482662885.688889
"0afc6cbb60f34f1cf00fdfb0",818211905
"a811af7cf12afb1dd9b8eb86",560771546.018889
"7947f71467036449efb99972",926435141.594222
"2ead9549bab6f1386b7a2c77",766910480
"b54e8d557263624947f979cf",733886834.501556
"fabd2201750747891eb6af77",866369658.538444
"7c3f7b513bb20c918a51dec6",757682212.222222
"0dcc222d83e1bf05f2c2c090",868697127.524
"3ee3ee47bfa21462a1fd455d",603523335.554222
"1dc3b6ea53413ece15bea33b",873206606.177778
"f44362b932a8b70ad4b99a29",494535220.997778
"5372f93d988c3c917629f9f3",473554712.53
"5c25ccfc7ae77f1d85981a79",470039134.559333
"4df222356df121a41adadda7",459199672.125
"bf38bb7a2a7ea663cc8f3d57",473554712.53
"ad0025f5b240d00936c82f9b",622341379.505111
"2afa66b726ed0b1492b9e01b",752236287.277778
"a528312b77b7f84741c2bf29",632389675.132
"1cbeccacfa11843a256b2e2e",622571265.785333
"d11eadc78d95c96f50b41a10",821564547.222222
"c918e02b3e6d80125a2db1cc",411520521.621111
"b2af005e93b0242e0f62f298",461283083.291333
"ed9703ed896c6118a3458e78",440184839.818778
"8ed11c1d4e7aa1ccf0ea0508",367813609.798222
"9717b066e135a82feb422181",529444162.888889
"294985765f4d12e51a68a451",837746380.111111
"edbeef6a08dd17a941634d49",713151618.492444
"26cc292628ce4aa87cd287d6",783485098.261667
"47f7065118bcd4c3878e50fc",663457581.333333
"e369c63f83c44329ddad488d",650214116.555555
"383c0948aac71636973507f4",671364908.888889
"6bd1a412c01387af8810ce57",1044544469.78411
"4b92ca1cee4739104e620871",1214544719.356
"0123237414f757b9c3809f88",972558688.017778
"6e36550a6ff6fdb2711a88c1",1089857262.44444
"1b5de74aea685b506a952f4e",417147323.796111
"d85fafb4d5ec056e6db9a79b",448832540.032778
"cd097f6cd92275ec8ace1f20",898443267.444445
"ced1f52def08143f0b2b6849",611271522.121111
"89a03e25c43a555b47c53864",598032448.055555
"f8d64df401009704c152bcb6",464944317.426667
"2a5aedaaad2d908122f28f22",764619778.058334
"edd0b57b90629fb00d036e34",824275591.561556
"f8731413b0d976c03b7e05ca",746722515.416889
"01abe3cfc94be46c1153c82d",819836571.174445
"aa7f5d0d2fd5474cc67cc70e",761527289.015555
"4912c91afa6e4aff6ffdc6a8",902535152.222222
"9d805330fb0df9ae73003ceb",846162719.966223
"7daa9115f755a6c70411b9cc",841594820.777778
"f5896513d1cb044108d23785",1272155555.55556
"3ff2a2fd905d81f0422c54b2",539846396.645556
"02ed31afcba033953c79d95d",607577142.121333
"c2164829374d5e880c1a1f31",649952743.555556
"3f6eba5c365508ac192f2b82",487799908.372778
"3289958459cd87f24089cd14",503143554.451556
"ecc3362a649cf08afef96fc0",534082749.792778
"264e00a64cecb861d2c05b1d",679857161.382445
"d5b5bbf927f763a43190fabd",720912155.098667
"2691d7125e9046e597437f2b",835890555.555555
"7cf183ed411cf82df26640e9",494321140.137778
"f81107599bc083fec4a13ca3",530212039.777778
"3c2a535f1df831771b859a86",489278940.102222
"9e871ee8a61b183aa9051b72",702630468.898222
"e066ee04cd3a597dac8ced59",514158793.958889
"2f4ed160fe2a21722e6299f8",500981881.775556
"e0ae53aa3cc9e9ba7ce65f74",590958855.715556
"78d727d0e61a7c8b1cf6fb1a",894379857.888889
"b42f936db049a74c7d24b0ef",773535906.237778
"62e9330888566f1f826e1ee7",746485447.618889
"3fcc5ff04edf753621d6cbb6",799851453.666667
"d4ae25b207949fbf0df3b404",620285272.828889
"14bc234ffb3ff7f974afc8e7",505967215.458445
"64fbc9cac3f15c0f1a16f4d7",464074311.872222
"5fa1c8237da8fc7683bc10e0",519756131.804444
"7bf4beee26ba81ad0b884f9f",443519338.613333
"72a47f70aa99d42320e54787",524692948.423889
"07641db461323a5cfcda4f98",483238079.888889
"3af2a1ec9efa6884a8254d28",777609010.618889
"3adca5eeda4939a5ea11444b",842383246.338889
"37d39cb7d3849a784497ed0d",717892053.992222
"b9baaab70cb83475ac3bbab4",579102370.930445
"74e178e2398895d2288e6fcb",667963566
"ec15e2a131d9724b012d68ea",699613707.432
"ee042a4b4a0bf9a1dcdf1eab",688179610.936889
"35381d7a5b25317d7588ce77",698155141.790555
"18ac3368b1f6d8f7171b07b3",671175790.171111
"3dbb09358256bae5199e1318",614155547.781111
"4662aa1c44351dfe271e3a9d",759221434.209778
"034a30994bb2e0e446e35957",741212200.222222
"4cdbcefc434b48ba3d51a498",786032866.673333
"3d3317303679a6a5a381d0ea",939543713.333333
"68f4e3d4355bb71db0f35a65",596534999.231444
"b3c77f4a398b61d9c204f8a1",716371138.777778
"3865974fbc1b412f24c47eaf",785578933.333333
"84ab3ece52fe00ee50f057aa",787976515.842778
"dcdb8d97ae65daf55570c88c",852808815.524444
"7ea01fd99b389d08ca50c0a6",776768888.888889
"51df325f026f4cc5ed2e9a65",948120759.025778
"1f11cd977996d909ffacadef",918576878.737778
"5ae03c0e33dc7d3e0e0d54a5",750875342.107556
"da88bf5bc2a7310ff382be4c",956910620.045333
"035de58d60807ee2c272ce82",882136888.888889
"0cf82b1128ebb8d1087b640d",930550906.856889
"bd8b005383020611b8922147",582639106.345333
"f5c79a564600bcad99c74f03",428197606.620444
"b11672f22fafd555f940a8dc",466156211.713333
"2bc88a5c4bea2bd00fd8f13c",546257551.906667
"b2b99019a929584b4904b98d",622941086.592667
"678d0e011f710cefa49f6465",547534514.326111
"f7de22825945329521642f49",608241449.092778
"79b5a037bea858706838a62d",560883951.888889
"9f339d547d83b4ef956a3690",727927046.666667
"127e197a2f70e7ddb5dc92aa",503020863.616667
"65b8c48546af394a924decbc",542105654.722222
"cdc0c282ee62c51e3a20459a",757951859.169445
"ec824ecd0319e05d1ca6a9c7",655948123.368889
"95f27bf0d25bbcd0d1eb9cdb",801800593.100667
"ac0ee54bdc08632efc0d771d",625901325.711111
"904ad71e7d108930d69a7332",553669542.377778
"7f4e6f790de012946197e0df",672024240.6
"473cb30713e88ecf782651fd",665384486.481333
"59a309a6af425b2028a2ad69",917541320.177778
"8a1b0f59f86e33a7aa7c2c23",850620417.777778
"1e884932e57cfcab75ebbacd",1034171533.33333
"8e273f1dde4801825fb19742",794887721.063667
"1f9c0f9c3c6460a323171d72",913893400
"5dba98aa20e371c3947c19b9",874691985.311111
"51516e102f8d43a07037ed29",821054896.286222
"6eabd14e55ff090e8a93c727",665328882.968889
"e224f9ffc7bd70369a5e8b68",927053588.888889
"35cb50346289f0590dd24d83",908656949.444445
"2aecb598de8c74d9d5108d8c",724723686
"69c7e97037c747b93c33251b",904855660.581333
"b9b95c89c988f68429822e81",613175898.438889
"fa2c5c19c86087f207c379ab",583509557.338333
"9bcd34e7a974c977f65925f3",968019261.692444
"3611c89dc71078cd0aefd2cd",563150951.888889
"9ab273eca8cd5dd4b6339ca4",538321339.341333
"4347966ceb1770f758cb6e37",931139144.444444
"2a68f627f4dc8060484cdb18",912307848.422222
"55ff644abd72eaff17d533f0",1011502883.40133
"db563e5a1cd9eb1be832bf5f",923634937.777778
"a0e9310061ff0084d63dd242",762155723.693333
"7ff62b2f8a28d60f6c4237c6",942910689.118222
"c42c59e8a08e8657ab4201f1",439929620.307556
"de28370454624724128a0688",663457581.333333
"514aefd8a44ca048a8088c51",847644934.047111
"3d3a318662cbe218db0878e7",764619778.058334
"2714bcd5c0c503c3bee0e0b2",846162719.966223
"5461aeb15c7f826f0ce157e8",497479292.342222
"db352cbc2aa3066ea9b34184",760105546.92
"22b066e6dbd0f2562a0554f1",943406951.111111
"daf8d6d3f4ba21513341eb3e",942583666.666667
"523605d1fbb75b0c5acec5f7",506367807.205889
"c59c2a19b93ca666b7c389d4",816726532.777778
"61e57e5539c40e5ffeb77997",506367807.205889
"c1fc25faadb151c73ff254ec",615249549.921778
"63e73f1b8b385d89de1329c2",402090446.615556
"80ded3bf4f2973a5ceb1ffb7",421778564.310667
"e1f5f0e96e5865370423c142",715534678.292444
"3bc1d407f7e7c8e67f7dd27c",784650937.338222
"d87c489d3572187e3280965b",927625597.115555
"110d49e1d79a3534e146b300",867427241.111111
"7baf3723bac87b0b393ba52c",822103652.915556
"8e9e35321545774dc1f85776",632718939.843333
"e0d6155cb3cdac98f81d44e8",595839058.506667
"bcf775187c0f5ae1cc0e8ca6",627381917.791111
"a792122a1b292f482caf25d1",481490754.123333
"09fe153b0027697e58bd08b5",405700111.346444
"a7283f1587ffd80f4723475f",438948098.333778
"67a10f161cf7215302b6ca1b",437363120.435555
"f403b20cb52d4ad3f9469ee7",436921827.589556
"643e13f00dfe7787a19b1254",475861853.074778
"0eb7c68fb7ea1e58f3e76345",667498088.333333
"cabf47337c2cd619f12fe69f",704355585.210667
"55c5eeb4861e8cd71731274d",905341802.232444
"363c96b85cf07dacbb10b92e",473730235.572889
"49b59d19432dbeb8921e57b8",611811489.577778
"818ee3b0c3862d4aae6e7776",409437763.733889
"b15c662c56b19d3843737dd4",442625885.751556
"03243195c467c67e67a7823e",605153695.983111
"5db50c50b523f3d454e94dc9",598703710
"0798af235e9926b1e7e4642d",563105272.64
"83852e78afcc4127481adccc",507150326.666667
"7fe25ebd70b89f4602bee6a2",608120768.983333
"175590951b6f8c6b8b4af9ff",502201256.803111
"d4dd48521efc020762ea141e",482374616.032778
"a681d6e9ccc7bc60eeaf7e3c",807725590.523111
"e137b5003b8c8f18892ee9d3",609683306.411444
"90dfa0d7be06e7a1dc15770e",652717190.168889
"7fb856eba0ae98a40eac3efd",720814327.444445
"9f52855eab4ca5161f1fb492",794977654.401778
"494580f4974c33d7ce0cdb28",776653528.737778
"d972dc3dfccf2a48a6384e54",773732792.444445
"7cc8772ebde8902f55e14b44",668005924.722222
"deda3ad684384ed67711ae71",587203749.957556
"b288c52e4d0fab9f579122a0",772187705.725778
"0bc16b384acd3f8263e386de",876634007.001889
"b40d1d2b7c1db9cc57c65fce",888414212.226667
"c2580329ee6d7a03925725aa",849351825.744444
"7e73516d57a251061b3916e0",895501700.48
"7749f3bcfa8339444b0a8b7e",490789551.243111
"557e40fdc93c1824b0bed769",490789551.243111
"edbb5db63dbd0452c51047a0",496870354.408444
"383af3a5794a0ec3efe78b2f",524977795.196444
"90ae7af091c23957b88de5e9",480156907.211111
"b1d9704dd39c6cef28ae3d17",591172422.638222
"44916ca9b874075f55949f87",674981507.875556
"0515734883eea12cdacb7aab",486319618.536
"faf9f8aa50d936c1465e880c",784170252.841111
"f37c9693e058492ec3715de9",686946571.111111
"562c7846b05072561d96698d",786638823.944444
"4a629aaf60a113402834c042",829751632.853778
"ccc4e48073c3da10a2e2d08a",573784992.782222
"8532c64eaed74b64b4d4707c",608730892.222222
"528a96aa31409c32bc9f1f63",909785968.971111
"36fd9fc1f1d9b2e10c1c6463",433867481.442778
"91561030d87ff5bc0a497f1d",463095988.365333
"eb09010915ee68091d6675d4",584468194.965333
"56c41a58ed5b9864b68fc910",486194760.414
"bf6005f6f71da582a6fab8c7",555550981.933889
"86ee80cbe81724e6919bdb73",515628606.111111
"0caa7856aca178f826fe90c4",646924072.222222
"9e41f25cf2e77f3fbe903368",828211302.558444
"019f4a25794ef01294845b51",775864422.222222
"d6fc6059bba177ab56d85ec6",782675375.777778
"436089e2bf605d00849691e8",865815030.229333
"02a9c37b3d92a6da473c6fbc",560420006.485444
"bde81ef5ff9edabfc7e30d10",713109680.794667
"379fcab709c66fa146d3491f",539021939.184444
"28ac1562ebb5050f1492f576",644506363.528889
"e68f5a98070efada9b5538ee",453325743.137778
"80aef024b0ecebb01913504d",491743777.388889
"f45161bb79292e974dc88b5c",512877832.969778
"6de3c3d53d6aee18ccdee958",500832769.611111
"5f2f7596a284915ebdb81a35",472953276.362667
"291fc50c4ffe7935b01e5d9c",467703817.201222
"42ac33321bb1920fe2a78036",652100901
"c8e00b4dcfa2d05d6a7fde26",726368348.662778
"5c0e328a04f881674ae1046e",670312919.741778
"c28cb417dd28fe4d4d41d114",634818699.038667
"8e160f094a0425aca23f04ac",675983204.444444
"a8944be7383b5689b5039c87",792268945.894222
"cb7ed5960f325114bd3489c3",727092526.666667
"275d73c7dc0fda7cbecfea89",735483602.666667
"85c24df2d836cc8addd9b7b0",798952133.813333
"0fa87864632b7bbbd161f879",631749088.888889
"c7f422224808e043753683f8",865989148.985556
"c51d1eff1b6d29b4164df520",916319548.042222
"b50e8c13de383e64711193f5",556124790.118667
"1308dad458274c698b2fec72",556124790.118667
"6a1024c5da689de67bdfa274",604576127.511778
"6e426f60d25aa8a4c6f8c9e9",634834481.068889
"b80f3a46440daae51308d459",786156531.621111
"f59ed9b8ef1726f1a55a4dc3",516148565.055556
"368eddd8b6d39bcc7124a41e",453121438.350111
"391cfff759030283411dfe1a",633339997.131111
"4f140229175de685a0999773",494270909.555556
"cd365053914fcde97b7ee9a8",775613123.937333
"16a05fee8dfbe78d26664c3a",642229636.888889
"c462f0736fdefd319cee232e",728747776.26
"b419d977b283e33c0b3da86b",886066443.914667
"6eb27e2a66d08a8a60567272",861971739.533889
"7486ef139d41d91423317e0e",783393214.684444
"e663064dd77e3c63ab9222af",875664509.771556
"9a6849637f1b8332ab289e27",940729588.888889
"498de85ba30cb01e9c686081",469014814.319889
"3507f260c3c6e195fc444533",548755277.002222
"e538d52c9b2dc994491be3db",458972940.656444
"f016ba59a64f287099fc4af4",623491401
"380ae516dd46442f97acfe14",618818783.398889
"c97e4d7e08db3171290e939c",668998291.888889
"f7847aaf1491103fd931aa5b",796046192.969778
"08f6bf438980d55b35ce7537",798388461.707555
"a6a06973b5a4c990d5873b7c",804007309.171778
"6e26918c69487a735a639c1c",867366290.577778
"cfbc690c55e5c2bd8dd9d89d",724056782.666667
"56fe5c13f11813b82dfb04f8",793685308.976
"296f0158b5cc1541cfc8419e",816054139.972889
"6ed2970ed02a3e50ac984aa1",655241902.777778
"4c9f3af11fa91e729384580c",771012095.111111
"2ce779caef0637db97954912",784622330.063333
"d743892816160218a63dcd35",825782444.444444
"758efd6f99db309c67cefb12",502700998.152778
"a4146ec09d782b08e8198e11",856000869.392889
"f415c2bc1bc0fdca091285cf",938600288.848889
"39ef4fb2a43fa3bba15a0b16",834612156.992222
"874ee4f1b9c6dfd3d2358834",924866187.123556
"e9d514f90ebff0de1936d09c",774372238.5
"9f15c77d67021f349714806c",593949780.136444
"a600ed86cff36e636d204f39",623518239.553889
"58f55e9bf743e2e3ad43c274",564567296.666667
"af1aeb2ba89d29973f73511c",608636330.954444
"bee721e93b8d8e7cb37dc992",660002458.887222
"bd52dc8dc5398e5ca2952473",461006719.333333
"b71095bf5e80bcefafb12d52",525542806.197333
"a7f48fbdf807da68594e9ae0",441649845.964222
"50de04936770f874e1eb86c2",526320513.97
"2ea47ef8f02712c32613fbd1",450372606.285555
"27eaac0ebf8a5ee99d143218",754159946.777778
"ee594b6bb0751dab39055b3e",501638150.915
"eba0410242fa1e8dea90b194",785283286.962667
"a619d30d6f2e2aa3b9613c04",519812067.165333
"df58a4244134d3493f3c9f30",810617266.666667
"32dd96f4f07f67806146ec46",479093053.401
"a77ef77ffa731e8980d36b27",687787184.858
"a2a1665a693852185673f6c1",841290304
"8267eeb41ed1e68144301a3f",710940534.611111
"887ba6b287a8b3ccdd5691b5",633651022.222222
"1fc94e9dec93d52e0062e07e",562319606.915555
"ffd3d51ecc85abff64258e1c",779495136.614222
"3eb79541c2ce9413d2c54736",670708890.805
"fcefb2186b13c8bc39b17915",671639790.171111
"d4a43654382201db5d318dca",683738713.358889
"15fbd295328ad698d3c76aec",795261083.962222
"7f5e87fbb4952caa0cb658e2",821750780.987555
"9d348aa70957592dbc56ef32",739352200.222222
"2ac1105447a71f68a50105d1",777391122.555556
"d8ba9eb448ce35ed404e68e3",870474104.117889
"21d42e80f6f818eed990bfc7",837010782.462222
"81c890b0d7cf787a091d4081",867832155.46
"518858c561af5c13c8aef9f9",887708888.888889
"01cda25ee8545b9fe19717ed",908537472.327556
"2c34c1e1655e87ada03f411a",813211022.558334
"48f9e9a87e7fc0a678460e05",865996048.737778
"76ae7be5da1785c37736fdb8",881692444.444445
"3918fa99179953461fe07f2a",919408449.324
"305080502cba05a1c165560b",659717889.162778
"5c3aaf3f75d6d3ae9b55cee6",435746124.462889
"2ab263b5d1ba72fa562d64e6",741477497.586667
"6d13129db564ad15e69fd534",671639790.171111
"7de7a2a651273df62aa6a21c",841290304
"59f9cc9b23cdea5bd4cc3ae9",694929279.86
"d4436ad417941fde0aed2818",671639790.171111
"80ab8d9f157c25b40f102854",739352200.222222
"06ca01d3ff86406e896b6fa6",539046337.412222
"88f36882dae9a0487383b769",435746124.462889
"da474e23f34cb63de4ef28a4",739352200.222222
"04f968f1873a655fde8702f6",490026593.315556
"1dc1a51628b8eb1bba214498",422670663.480444
"e7cb4cf600b9d931eb295c71",591690947.672
"9052c644813d546987a72305",572834089.907778
"1e32a8825a7ea79c28e27a8d",566519426.584889
"82f34c2a6644c4cb0649c44b",721874999.346111
"95815bf7c79e4bff3f41b233",744524937.082111
"f64f642775ed2c9f45aff215",494666032.009111
"4cac81eebdeb45eb0e8aa5fe",450201959.012222
"c6da2874d2dfbb2ebab542bf",637389512.655556
"e7c08555cb8f5c7d0f32fdda",575700618.471111
"10b7c99bee9a4a21e1f32d50",594961898.055556
"f21625fb82740d6f4cf1c325",548759613.732
"1c3236613cf95c84c5791bdb",924235564.012222
"b11c3a4642f7eee2e443eb32",789149735.063333
"cd08976dc2d69110375f8541",407638735.698
"a44c7ace8ab50de7ed8e5a66",431740309.849556
"fa8f13da6d8be3bc1f05fcee",473092465.160222
"77bd7837b02bd8f2c290c9f8",501928334.405333
"11a79681fb0a3f6eedf11d1f",539710769.075555
"70c3b086af66b0c9db4b0b96",539710769.075555
"64ea18085495f759116f62c9",684591033.207778
"ebf4bda17341de806444ba83",682118289.111111
"54228579fd8812c3ea160341",857322363.777778
"dae0265a0f2f79d3dc010ac8",833938897.791111
"7340afa659775cc18d83aa4a",759972520
"5ba05f67a77cebe5cda31e74",763009507.626667
"33dfb510aae260ccefa4d349",883141137.365556
"82af190e32398942775056d5",833938897.791111
"a9b9263f6aafe8531f3dadca",880463953.777778
"9a38e7293e9ad7d8462eeaf7",913907236.881333
"5852773a80f7f1b929c7dabc",916219346.568889
"52fbef3effd854b0ad0f62b1",830361255.746667
"0016e35cfd881ee2e37b49b3",587151672.441778
"380759598c614cbe10ae4bfc",864805006.666667
"fb63e870ceb7ff355299f3da",525574353.686667
"285b8cb5e9c887794ed2fd1b",617280723.353333
"f003a46a1c8e04da0052d72f",473687368.325333
"a731b326a61043070c3c853b",588731729.884444
"d2644b46136fd95c0fc2353d",485892104.836
"8248697f70c21fa361840755",856271503.088889
"075b5c16441d9d67cf638386",460750033.297778
"6bb2ac0cf2369cd8fd85bc12",645868053.013333
"2c0b3d69fca6677ba9e95327",828588946.777778
"c73ffac843c155f24985e6f6",693889134.422222
"78b57a58368ab056c11bb0dc",791275071.73
"90b25b6b913c1bf0396c149a",492593375.227111
"fa29c89363ac9cb59667a43d",791275071.73
"eba756e88209c420d288c4be",714124287.137778
"e7081fb59ffa298320321633",790890508.222222
"db1c3ece26da7b342eb7c8a5",791275071.73
"f9ef8fcf24d28ce11e71d758",688291202.133333
"2f854c9df6212c39091bcf28",572713391.672444
"ccc66d77e5f68779b1c016db",632087037.323556
"47d288f8f9227013424d6976",420357203.207778
"3e891afdcb568befebd66fe4",526654632.452333
"2d1f036c96e92d9c557605cb",557460649.151111
"dd9d63c612aaddbd86676c34",730736814.717333
"13cf784fb3553f75acf25a4b",557460649.151111
"57dd353ac00d0e99abdb3733",899563521.642857
"ed0051ae106fd0df60a14586",902823634.113778
"0997324f14c5823413463546",1163978396.44444
"e2cdca1756b1635dd1ac2b2c",828555720.819556
"7700df9486a1684157527739",474990971.069778
"e790b21630ab963a65c53df0",551826948.039778
"2bbbd9878a1e7c55bdacb330",465945595.616667
"decb25b7fdc0eb259831cc71",792155275.192
"fdbc74fb5882051327b3caf8",660557844
"39dee9b1661292cdda6c4823",603022556.694444
"354e2de1e3a81a63e7fae4bf",640210487.304889
"f80b9e8c51cd71c5be281652",482120363.023889
"a96b19e82d9811d5de1ed0e6",458079803.507556
"5e5ca2753a908aa1b7fe80a2",557656025.736889
"495b6e61d1b887f8b4c1bcbf",477133783.434444
"ad8ac9edabcf2d4b06ba9fc1",722297377.777778
"359f6a66a407e30b40979d2c",698656809.858
"ad351bb6437583ec871b1739",771404116.396222
"262b1c8ce7db2b4aca2400a1",828386472.844445
"6808b10f5876ca36f569a4b8",857542717.288889
"54c74b36962edcc922573792",501555680.612
"e7fc4e6b1fdb38ffe68fb680",654685465.450444
"1c9325df5599379a73e18053",784502422.555556
"8c9bf9031bd378c1105e3f3e",755012332.509556
"be70989d473cd731f6d8e580",667308895.147
"46136f5f078dd31170c58e64",736075169.065333
"7055f85f7749c4646577a51a",444366297.049556
"861aa922b483f9bf7884dac5",410997647.988444
"45f18e0bb676d2495a227dfb",515831007.158889
"9cca7c1e9ff65766c8dd2e29",398245428.612889
"b2b7020e66872c8d83468cec",511049364.967778
"7634d7acd4197594271c84d5",397185120.75
"11ffdf367d817b582d590db7",622234155.965333
"103687e73b0528ec29725f1e",464464322.659444
"8b5369b126b75c497b1a7b73",616558580.408444
"b33c9b03cc12a253e4936cc3",702449830.442111
"ab177c5d60492f2ff087708a",537505876.726111
"05bbd028f30492fc0a9f35d0",630782084.468444
"2b9fd26383758104d567d474",608979092.075111
"4addcabbe23020d3d0d46ac6",608979092.075111
"d93ba0c32244c455e0f7baf4",616571531.357333
"92b772a38d5e38bb51a3f621",638309827.019111
"135ca1dc80ae4d9993ec46f5",611907002.852889
"ed5192bd8038c77ed2e46f0c",578691795.824889
"3a878d44356885ea61bd882b",613773392.468444
"c29c69bc6758d5976024e455",469596471.922556
"dc486a3d7e9e2e608ab2a7b0",613773392.468444
"1a34acf8e509659534a56b63",663131522.777778
"5716ed7d678cc2575397174d",515727026.375
"444c68a7a6cd0b794768d5af",580627148.226666
"8a724286cf661794084aa87a",921282330
"ff9c4796bc3ef18ae7bb724e",720814327.444445
"35984f749eeb84eaf938bb08",783908086.777778
"0998999f12dfdd50c597c6c1",873924690.666667
"58bc65fd2e0e4430fb353d83",776436727.108444
"fe483817d899e0044abc3787",723504414.243333
"183a8459fa248605b8b5bc1c",634602078.521111
"a1f0d61cef676fbf798b5473",720134949.717333
"d7d3cd587d291f389ba2e8d1",590650985.968222
"ff8e7294270343a00978dbc2",723965017.341111
"0996cb112fc3919564e87c37",760221271.475778
"f183e3651c485e0001e64880",816054139.972889
"e28474959994ea9c0c2eeac6",807531492.777778
"682c0a5f5f3130a61b5214d8",813157911.111111
"245663c600727f7c214063c9",647096963.922222
"dea79d1b25bb9c78d331e3e6",523326340.888889
"ba212b5f12959e34b4887315",653859914.312222
"dd4eb14b56cb00130955d021",919057941.108444
"4c94103d4366bcaaee4b550f",883996214.439444
"7bd9cefba3f5dab498ef926c",782619513.777778
"1d7a2572b466070f08c6e564",606244156.031111
"a38e7af984a471331b2d758c",864352399.969778
"b6775aefafa4dcc161eaf6d5",519335599.165
"8654295684292e74d0245238",503242416.466667
"f0ae62ce6eebc4d07415c48d",869622441.351111
"969219d7b193ac92e7a008ec",576178133.888889
"651d6af0968fc05584cb3d25",669056363.777778
"4f992c2a0526c0074bbcd875",522076706.156556
"9536c686b6ec514d92493f9b",583289589.612222
"5384587ecbf956275d86e60a",584580809.111111
"bab5690da7c42909464cb9a2",562297222.222222
"bc91072d808fe7b43e972f42",500588431.843333
"37cf2c5c1c6fb6e601d2f76e",399755794.690222
"4cdaece5d1dd4e089a99f47b",427069197.744444
"b37af80bba5adc197cb51649",474977895.777778
"552152b60bdc1ca16d2dbb71",644758360.869333
"32354bff9df0267a5e139156",700636968.859889
"fe4a6d7d7ed28b85c5816fa2",803870146.666667
"afbc7773755043a40a7f9d6f",453929421.766667
"daf2efda70c6f3cd9257d0dc",459912255.607333
"66fa7c9e82a2876216b14b1e",562432398
"e34517b1563d829104e230b4",457378516.357222
"222a35842b0bc09f48e1d0cf",498838865.835556
"c5a64fe5ed5901734d98a22b",524244402.136445
"05db9fc492801eac98f69c7e",460448584.296667
"6e4ce81e713a571601d861a2",515187242.915556
"79fe5105ed7a7861d3c0187c",535713387.407222
"70ea911907d320da1f7f9c41",477900910.933333
"e60024d6e0b5aa52e27a3b5a",507770110.690778
"bb63f086543cde77832bd4ed",507770110.690778
"b3c2187fa96006fecc6b8ba0",497420047.814889
"9499edd83df77bd6a90560c8",497420047.814889
"a947158782fe2832cea53040",500801310.301778
"2e1608b8c646a102e27df16b",532652637.661111
"77fbf1f0c35c1025ea4803e3",539019382.186778
"f9e6a759b069e04b0cbf0182",581185121.65
"1e158f436f2a4caedd1563a2",598703710
"67af004f80b08fae38f472eb",621280443.864889
"386ee01c3f7bd8bdb91181ad",717110857.933778
"36ffb5566bc35fbce9e42679",522991209.645555
"b58533a6850620b0960db713",505189698.245556
"41353584f956b9e316c6c67d",545256419.888889
"b1d1bc7ea83d5c584988b95c",530367970.236444
"6b1c0866e6f12f7fa8de94b2",553047398.444445
"fa4fd8380dd2620c672facc5",650830292
"44394e66504a4d77587ee105",716754472.825222
"d841d6a82425710e36460f64",693211499.162778
"33501f96ba3b02da073d586d",518773179.081667
"831693b6fb81df1359e45db7",612017892.106111
"7192b9d32e4ad55f6af9e241",624978359.843333
"4f99b97100d003ba3a2ecd46",587647748.05
"83d969bfc020aea27d2b829b",671306631.296555
"39be6f994f2cd3d68b51126c",613781049.937778
"712f16cf2506710d7f2a2e8d",595744692.412889
"7ba618fdb1fe8694eaecb64f",564994668.888889
"d8735967c942d1a7b0cff7c6",708852017.666667
"b4ef40e00d089a35d750888a",807725590.523111
"7d73a548c2a29ef2d9655e1d",506989745.486667
"63131b8d125073c7dfec72f2",896230838.490444
"a65655a4f42564ac48bdffa4",782647207.644
"033d3f8ff56907db4c453700",609683306.411444
"05e8878bcb68d03e3b656eb3",767275976.130667
"2ff0775d2c131d19804f2a2e",637395185.122222
"9957ccd807718945178bb847",884466177.775111
"7bcfd82ced5d6f1ae390d388",470340329.089333
"adcc03f332b427be46f118a5",807074451.454222
"b5dd038cf35169bfd0e62eb7",912384788.444444
"35b789e1d63f8f25980d21a1",838044115.795556
"c9a215f284e095850c809425",775077909.866667
"d26efb0e1213e19c378edfbd",709523897.777778
"9990217fa4eae1d1c4ed051a",615324263.289333
"2e9390c4423db604e1c7c4ec",641619682
"6faf9b6c30b176e36f2f1d32",556946181.192778
"5b83d91f4d6364d3e4be1428",643045791.243333
"0d9616f0ac8b0c2e9e0a97a3",557972393.906667
"9c9fd309cfb505b628f84fab",847328888.888889
"98b77fc0888335702d082f8b",660640036.799111
"051d68945b95562009d4029c",660640036.799111
"eb8021804e63016fd934c9b2",745873314.717333
"ed6c8c45bc8c1d160cf0d0eb",881745410.911111
"9fc8c3523883947769b2fe6c",844115463.396667
"3e9cdf767389ee551b5349a3",507150326.666667
"512effa47a1c7a5420bdcd6e",442300508.984444
"0768e70fbda0e09b88c1548a",486666152.599889
"acfa7a1cb136e4474b7efe32",781571966
"a343e6ec6eadb287711d3834",665131530.738111
"a698d80ede6cf6243fd9ed99",921709788.888889
"fa5c81237a94f2f78f05977d",791179777.777778
"999c8da7dbed7412dcbafb70",815902540
"c33613eff66948d1bb8ea3bc",725430822.989333
"a642351076b7706a733dc52f",741550835.092
"c69e08214cb1fbc09ced0971",454571403.192889
"48a20e676a060954308c9ecf",413562625.861111
"304ce5835e685778b1c2b6a1",675258219.382222
"c859144477dcaacbc1654a8c",666906633.595333
"98865eb2f40b8a30893cd351",609656865.1
"68dd15c8e9b71171348ea24b",912187496.133333
"3c660885ddd7e98ba5ea26a1",1264540088.88889
"c670315562766401f92913d0",521673244.777889
"777a8d05edda0a335d89e90d",658926985.607111
"81f5c32a2c2d3b32329a645b",472291518.448333
"40525fc425906c9485f1ddfc",452405687.945
"8b6efcdb553f6e936bd90f3e",554969291.944444
"94dc108f1d146641b221cb81",446813677.095778
"1034ee7a5160fecdb5e8c27c",599749335.333333
"48b34600046c903f0ae4e6d1",858049557.333333
"edca31377b4f7299f8b45187",920590500
"b1586cdf68f36926c3bf72a2",448764756.209333
"70b15c2a38c404e62ad05171",510124850.996
"ce18358366157fa869bf3833",474609096.496
"6883fb90099426e6f3922909",504521902.808889
"1b7151cf29b565b2f1caa559",480908410.143333
"f2ec3a3598c99bb8c38cd680",535017758.560333
"38026eb43ff9876cd5767ac3",447473686.534444
"9f68ff98e302ab06df4fc672",503813526.058667
"2d2ee255ed2144b9fa1fcc39",567259890.884444
"029224b78e8f358aa9c38e94",605402975.577667
"88da5851280dbe750968c565",517422376.400445
"1c67456195075a051513b28c",555826161.828667
"9741ff1b895a038c32205784",579861387.568889
"75fdbee42ec89d428143066c",551958933.317778
"9f27627b9e439fce085cb01c",584484753.902222
"a4a4a57cf20ad739291aafcb",712122108.266667
"84a074517742e09a7eb6f320",654227589.444444
"28fd0437736c1b17c7ea1f33",674020498.692222
"beadf1de0732143f0699895d",763740190.768
"b027f75411dce9c742c5d0f1",840442059.482666
"182077fd9c5142d503309490",639234934.555555
"b1df92683a593edc3f2b45ad",503788505.568889
"38cbcd7f88c1520fa083af9a",699339562.126667
"8ab5eda5b66a6c2becffad29",748434140.973333
"e68ceeb098f60054c19fda0e",728426555.555556
"e6ac4d158437142c15bbd4d9",833439474.444444
"a448d8246781ae78dae61619",756859738.333333
"4e878e99ad2fc34400381c3d",697095203.328333
"beaa09cb49a98e8025fd7e8a",521700861.453444
"3df855d8893dbc62eabd95c6",813778337
"cbfc3ca911ca23517da8c2d0",738690665.555555
"a020e479dc5db78794a5fa77",825166756
"6247fb0e5261d4225f6c9f1e",703462874.444444
"93822a34ec8dcf104e7f49c4",790958162.996667
"17d311554f40ae8b40234c31",729895744.637778
"762e044ce9371d7b8c7acb6f",761946745.174444
"2fad468e1c248f40ee3586ad",853463309.444444
"fc25df25f4151a16cf0c90f8",710457476.73
"39c1613acc0ba4fe622c1f31",777875970.063333
"2c15a0733cdb932ba8f2225f",714418125.666667
"1db68ed64501f35c51d74c5c",775715442.222222
"1d968cecf268a7f14def1af7",872212135.555555
"77c886207faa6965238b152c",389872321.426
"86242b25bcb2dd775d25191a",512026041.787778
"a8b457cf82926e25cd862af1",767661254.725
"fec1212eae4e6369d5555d8c",672728533.783889
"8f59ec48e38092ab01c23e33",878963529.465
"490b89e972abd7e64b5ba6c2",717534472.825222
"f8f217756d32f31faa784c2f",844849773.744
"1c2ec62e8ebba12c6146a04c",707105643.214445
"2afa1699af46ad8124f76e4e",718043559.007778
"8c1695c9a31de0f956e4ccdc",588883086.336
"d88bba495701ae7a44eecc64",826891772.056445
"00571815d5a7f208eb3e7737",871295305.667222
"d626a635ee75c23aee2fb327",912418955.555556
"7e3937cfe43dc906983fd321",854071255.555555
"ddd8906ea4a22b782c7888bd",725289601.140222
"258abe0fc321f6b24d37ad86",484482291.162222
"f637a4885488bbd499199148",719355225.952222
"97f5e6ee143998e0b3fc97c0",585787005.775111
"be4b96920e3aa5c57baa13b3",484275135.195
"6e7f3a0cb6246f13656fc95c",888006240.346666
"0cdcd8cd52bd1967dab88a5f",588947000.06
"83da19e7fbbca11083090574",418212811.517555
"f0cb484eb3f6e04b5b1806ab",642406309.351111
"fbf8b0f1159e89428778c847",502081965.666667
"7c316b981173919b6cae5516",668917250.323111
"d6496a3215daad9089fcd5c6",830294589.08
"e104567c1cc70000692f502c",687763281.067778
"c4476befe0002dcd0c315993",583569264.155556
"3008e821640b33a8d70beec9",509480068.367778
"9eaaf577807d86ab64fb14ae",356387360.183111
"9db120a76af04028d2f0ce68",395981138.532222
"81e1f8b1c0e3b15f2ebfd84a",474676527.974444
"9943a2530009f62cab6b466f",528247447.781667
"a8052c48a500926214eb2e1e",607863975.577667
"3335313b9060ff29782906b6",613312672.213333
"cb93bf58a01eb262cb003061",730353087.64
"0e04f84529d92f2832ef986f",462302146.888889
"807d7f5155bd299afbb6491f",810351670.333333
"76558d67def95bc708039f05",851420205.222222
"bb19983466b1a1184ee7ea1c",708327017.666667
"34067d9b2b4e45be1e5cfa32",541560954.443111
"1c4fab7d9cf798617fa90a19",457127099.476444
"b4d610e0ecfe007c133a5ea4",534320622.779889
"ffbedc0873b99654d10188a3",479151929.565556
"ac413fd87de33153899a1d04",497653059.683333
"83349bba5fbddbfa2db5078a",608905354.666667
"0a759932f763df64a463ac18",584726235.555555
"fd9ebf37acdbb0e4bffd2fb3",504849293.824444
"f725f6ebcc3fdeed22bee385",510991523.333333
"ceee9fd6e692196b960443d8",504849293.824444
"bc10eea54e4a1767881a2391",556084522.666667
"4ed5718470ffa3e5b5f40bae",509620013.38
"debd031585e9527fe00f116d",719256004.237111
"23b5f2af5d39edd25db6a522",696467280.382222
"f51000446ab65417942e535d",627566503.896889
"e6ed64435c659f236cf213a8",676727178.010222
"b160d30961ddd3dac16184b8",682549498.423222
"0cad79296edb4b18582dd77c",865772941.515556
"7bbf8e16cc32dec423afa6b3",671757850.618889
"acf98212eb702c79f16bb058",732756529.966222
"1747dd033c2c2769974a06af",797475805.192
"d54e80ee72354c70cb84323a",797475805.192
"de901d3433ade456e9edcd79",797475805.192
"3fea10126c0c651f02de7167",797475805.192
"f823f6d95b4340e8e4dd0d57",797475805.192
"ff6fa86afbf9da2aa8eb7991",797475805.192
"a966f298e8d4d3d580a72d99",797475805.192
"5b0918cab84af6fa6c464037",745982998.222222
"bb1ece5366ebb2ef9d52708d",416528764.613444
"fa926bec03068764c8545d41",473064436.542778
"3bb987adb4ff573ef09b8c12",463273001.168111
"d7fb188814d4c118ccd83989",390349842.165556
"ba511b37b4bda08d191c68da",439777253.793
"3c2f62f464aa5c48c470bff2",725258694.272889
"3256c6c6f30aea9cc79b7283",822269302.551111
"9844c3773f7a50c71f218e99",871823800
"23229e392dbd8fd9d80637da",890692547.564444
"e0f47a028df2dbe9129cde7d",971587420
"a12f0f00148e564ef78838c5",1161673888.88889
"d3ace27450b980262ba9bf76",1192693304.44444
"0668a4a4521c783a2d817413",764752266.080666
"768f69f0241fe339b6f52fa2",717213626.666667
"e78ef4d2b165a8e8781c258d",547889641.87
"631ecfa47fe167bfaaa967e5",385520336.124111
"954e3065b1e8b31a68f6d4be",470502424.304889
"e81c5c1b820636f691e5c5cc",756978668.528
"b4c779732e827ab2fec8e8eb",926245148.423778
"b58208759ce1402501f68906",632732847.222222
"59805e5f4080246ac1d92b34",634037421.666667
"a3fd38336516b98117e328b7",830513502.050667
"c0bf06891690188e17ceeb8a",553916105.893333
"efc8ccaeb09a5e1bb0bfe011",789510917.777778
"8e604d41e0cfe9c93ad536d8",864906655.552889
"f770b66579bf2b55a714c43a",741133939.786667
"4e01f07ee4b1241360de460e",836238387.097333
"dba1be42bef913f35a95735b",746840567.135111
"d839ca90c5df85e5cab54ea1",631555579.937334
"ffaca67ff9f0d7cbd5bbd295",909678085.828444
"6f17875bd3ecf00566dd5c1b",668098022
"10d01825744060a7b777ee4e",590386782.950222
"185b333862e7420f25622efa",583336523.444444
"7f7141f5e1a7964ac6dc688e",837252890
"adae78b82caeb073d84f02ee",772008691.333333
"4c0f9275581b5572635613a1",459485741.675445
"9d6810aa1035e91b72de6a26",516870027.79
"069798704327652a899a189d",528389723.625333
"2f34de2546f13e8a9dee1edf",659218034.217778
"8147da5e5f53a163443e8506",630763126.246222
"6834b61ee23cf04daf4fb83e",887708888.888889
"59cbc0e7dc6e6922feffab8f",794539715.611111
"7cfe5c3f5cb1bf095eb2c503",629395019.224
"d916219daa90cd2d99edc609",628564160
"e78ad3483c5aa5a7a4310720",601675151.171222
"d048fdc255a5a7f474d48c0a",854516239.732444
"b76a3fe6a49dcae6e6bf5815",691257763.775444
"75fa60dfb737ad50073848f2",826036880.96
"83c1d0e2b8826844416abd9b",563362634.615555
"8c02948b66db263420c20d3d",862712240.555556
"33ab442cf58cfaa33eefb6dd",430326572.102
"d379dc03d78685ad14c647c0",486485638.356555
"5e36efb290bb265d81706bd4",654656529.666667
"db534a5f57e92d29b9e150cf",798603071.601111
"5354a816a7da90e205448832",424066519.982667
"f0862f57dd6be5e7659c65ba",548654162.520333
"7d58eba13f418d890ef563da",656628595.943555
"c2fc3f04c3870e14b89d5fbb",785429171.524444
"15537000b6806ee84d4615bf",859895573.065778
"e82508e88e3f62fc8e67dc16",730328868.486222
"86ee57ce617b2be312a9efd6",862489010.533333
"6bcc29a0afc735bcf3621595",877934858.521778
"d79e2addf7c11180be222103",872252551.048889
"adeadac88e573824f08efa21",835246366.248889
"922c37e46fe9e75e73fc1f35",547687305.125555
"5d09f2d1cc5fec761ac4372d",677237119.444445
"8c5aa3c826f325a9a6c6f524",677237119.444445
"fd0c010fa0c4b84dc75ede86",877786570.666667
"c23150d0aaaf932579561998",822173390.666667
"163405cd6248bc3e832dc93a",701294343.888889
"eed12d0c3e65e9989fc4f4bd",611704257.908889
"e6fd53315e92a55c6b67405f",475246213.020889
"7a3ec914a15b47726567af96",529664111.071111
"7f02f056d5eb4aff92b44659",521272004.038222
"2d5d9119602c228b333402a4",546919974.526445
"43fefda5a3b0781578d9f2d3",656458686.525556
"513211d9f07fd6645711ae31",422877330.147111
"c3e1e0d2618556de7df13403",469082190.627556
"b4a4d705930d9afe896dff17",505528752.486667
"e44b023e39910ed29f4dde2d",495529465.343333
"4e78d095988a92642a1bd18c",458218970.905111
"92507b623f039b4ef5be8870",733007921.571
"e216fba4bffe753a527ecd4c",601046549.548889
"24a4199c17f9c56f0b3ed12f",644164710.861667
"6bbf09c3bbc3e3a000cd2afb",650809850
"b3d45812baa819caa1400255",715211621.74
"2688e4cd1fd441d1da455504",613755475.555556
"5dc1fd6ec7ec8c8af71e3b6b",779390533.782667
"f7b7e298ca8fb75e11e92999",540872869.962222
"05b71daf88eff5ae8cf5789d",623810487.222222
"e8a7ddb4e5d43d156692326c",880288195.555555
"632820af2a0477aea5ccfa1e",737870500.24
"43a3fbb8218e73b956ca50fe",783682290.349333
"398c195aa41ace34a16b0d7b",692695805.555555
"ef3887783a12f591198d6c27",531612288.760556
"e6653cc1c94306d4e56ba216",582993536.533333
"166c21ff83e97c6e74169d92",835081911.111111
"d0fccd2708fc7def00c72317",848196095.555556
"d66bd7e4bc7b51d23af57de2",853782380.111111
"8b47b76193159a21c3580a3f",786241670
"448d159391c38e4ffcc405b4",535351089.111111
"9ce7fb3190866e6a02e01e26",491696442.231111
"c25f892c01420855f61c3dd9",505914024.636
"2d5ccb12ebb6fc7d4ba462b0",720748228.42
"9eb4041ed9e159ec0d890de6",490650605.827556
"c342f6492f90ccf623e8e8cf",591601238.144445
"c3a78d9bb10165d9be188394",700504254.514222
"1978d8fc2031af21e98a4e9e",628784456.842667
"d6d581e852a025b61cffd6cc",777904927.051667
"ea28f68a1d1d81d29b88531d",726898186.666667
"a3cc0422a37512ae124013d8",764138628.270556
"073a3ae443f3333f0f526f7e",736112199.662222
"57238dca767ebf3a842c5f10",891741170.222222
"113887ac25fbff9d30fe8d35",548840927.428889
"fed1a50c562ffd7f30451adf",593474232.615556
"b1e9075645f4b374c7301346",765957247.725333
"6517c1efabdea4c1f93078b7",564860182.991111
"b966fa606a3b50d3ac7249f6",893459233.333333
"e0ad3e9588636f454e9e484d",772891612.330667
"d7ad46cde8eca723de6510d7",758940336.871111
"447f51e37fda773ab748814b",612697356.422222
"a6b992c9bf4eb32ab3d1df4e",413473219.21
"3a9c7ec02f3e7e419669fee2",423065176.786333
"c908280d0461c3585af94d53",840802344.773333
"b3616a055e722e3720cca48c",608544167.733333
"45a8f6d942533794501d775d",656462668.151111
"b6da1db3aa02debd11e26edc",628693385.804444
"6d12669907d7d80d0b458a93",751603152.547778
"5122b2e9638d3438434fc56b",927669063.333333
"6367a127b452cfa27043f74f",848341174.944445
"fb3d29813052141c015669c2",470802412.4
"5fb76f2095eb1a5cacc2524d",520386387.201444
"95632ec6578a204881694dc2",546797509.491667
"846b75324c0f3cbb027387c3",679332307.082222
"940dd8311f2b49d4ec212fde",797961667.555555
"bd0261ab68cf56950ccdced9",575156821.881111
"f79f0c23b5cb96b5d022582c",607902139.277222
"795cd68f9a5ef45902712524",569578706.869111
"d908973d90db91f772890c9e",480009875.748778
"d670be6c848b1e92abbf415d",514478055.192
"87b940bd3dae37b9fdac5d4f",536122547.193333
"8a7ddcd0c452e7993bc5087b",475218575.204444
"8925e22f8511be30d50545cd",735171294.551111
"1342c307971094041c9c240b",794355374.77
"385488342bff3d3587250c84",895266626.888889
"f8e25b7d7e93c45df1b3a4c5",914626214.708889
"fa4f331f05b1488990a69ec8",913907236.881333
"a71d187784b309d65cea0b14",885192239.214445
"0f44b84024412099f27439a7",574423626.216667
"0ea1a5d32324d270cde1993a",547197564.065556
"b13cdf9314a34852e8db4221",538319207.764
"75e0815e2ba7269a10d9786f",510546694.345556
"f42b6680baf774d27fdf1e48",569452391.109444
"5cde1a59393643d7ed4e909b",688276212.367111
"8736dfe0f1c6e2181b0ee31e",843941282.025778
"5859ec20de4a5036292ee947",873368586.712
"1eee0ff52c53f04307cc3216",538207118.324445
"b455979bc938acd34a580eac",597129783.178889
"6921133528bd6fa3675ce8de",829825050.619555
"3d266736d0307404a5804073",559028293.346667
"f4f6e48b618064ced466c302",454142677.676889
"dcf606270a4612aafc5f9f29",581511961.912
"5e455623c380290e0a8e4e48",443519338.613333
"ac3c9d9357fbe72959817602",667963566
"f48fb9d9c42b0ebee72cfcaa",399516109.212
"dc99f2871bc05ea7e8a97d72",594867560.956667
"b5cfd5eba0b6297cefd6d3d5",900637602.017778
"0dd30227247f145bae82f96c",877858270.222222
"9f347bf53e4ca4d264a45241",633868287.555555
"81406ce289219cdab015549d",840802344.773333
"a085fab6d9b9d8c24472cfb0",923414063.333333
"1fce0e993a57a3e3873b8d7c",918576878.737778
"af67d51867f382dcd9cf34b0",846852099.013333
"432f082ac51bb0d39ce45b0c",956910620.045333
"b6281efabdbff697d70925e6",821121250.740556
"9215d29512b14aab6178da01",937267811.111111
"6218a5d7267f02c576e5bf16",594230904.648333
"d66cca2c8e08c89af26e7622",671175790.171111
"ad3b4ae81c322a9f91381bea",631531912.971667
"3a40bebb521445fcd32cf033",903186459.333333
"c1ca38f941200a9d666aaedc",684367265.915111
"a1da74ec074df16a1e8690b9",925653747.164444
"502154647e351af240615b98",756433251.222222
"b57cd3eb0290984f061e1053",533387999.544445
"4db632fdebc000c9e64a589b",593133234.079556
"e380184391898aaa2d3dc540",757046708.417778
"dca45f1c1a79ea5ebe639920",844040644.765556
"961de1cc8601447b03682e1d",654429775.013334
"60a4f09c268e61fbbe423ff1",497420047.814889
"c3191b6b40191009ae9f4b7f",903762802.232444
"478ac408d2a5c603aa23cbd5",832261709.867222
"ecdb747ee4a3ebf958252309",620285272.828889
"6c36e346957e336a33a7708d",620993182
"09b18e3f3cabb7d5469a8d51",745418143.905555
"f1a5856ba56e7b12cbb9459b",442268909.562667
"c378ef33f40f8be9263e517b",587408543.593333
"b45911f1875da543199e97b6",880902022.222222
"678c70903bcb6c90e3578d6f",919134186.026667
"be22ce55ba31cbf7cd285e5b",606550688.66
"2dc58e6aab9399e9677265a6",948729972.791111
"dae55582e86b1f514a4ec3bc",897118642.220889
"c119f62348e418d9ada13362",930029628.090667
"33510511ff07dc7354cca7e8",677350251.111111
"16b79a8af9d6376c73c2478e",779788435.884444
"714f90489426e80933ef31b3",728138331.063333
"6c8e1cda487c9841c8d297d4",749340293.333333
"6d9c4bf994147d8892d27f27",942918283.156445
"1b300634b71b898299c54671",904007764.444445
"181caecd269e115cb5cfd75e",483328477.552222
"059516a91f938d2e8fbcca0b",769839693.555555
"c42ce8f9f62f7a315e028e3b",616339133.347778
"bc23e25cc246ced4731ce5f5",830297415.555556
"de44f54fd6b1b62f30956f5c",679208051.069445
"2ef897a38b95d7b769856e78",605786288.484444
"2280b5f7c47c3b36924b84a9",506047811.92
"16ef7eaf29eab571e229e537",891126784.03
"48b1f800656bcae6a9e70802",637974740.055556
"b4aa025f8813a3f0b132b7e0",470158710.045
"3c6092e8458ee81aed0db0a3",633216124.222222
"d919dc64995903c9120eb61a",915683677.777778
"ef53741b01120666a08db213",766283129.382222
"c3dc5ad23dc8cfce0671adde",810235739.051111
"a270fe47ba30ef0056ec6c4c",399960866.583556
"f550bc7ab5992a6fb48eb60a",1001385227.80044
"28f980b3c741866e0db5b761",658268865.388889
"c2ebd39857dbbacb99e6cc96",810896537.152
"bb9fa21902daecf876c0467f",947379739.671111
"fea142787b18327108ee8929",643270578.333333
"a1647603f732f97a99f5ec6e",1091455875.84578
"775f25d8144580541bf2746b",740524353.709333
"527a8fb085995119f846a5d1",874369703.354
"8b69bb9fd7f0f19a248f5cf3",493162455.738
"3b14b48188fdbb0917414039",473295060.556111
"02259637b8ef1311c69d3d90",906797097.777778
"50eeed30ba674cb079689afb",484465373.239444
"5fc3634e1fcc96b9215a6cd9",1005736773.79644
"23cc24e23a1d74159ff78464",808520288.746667
"44551251fe345b31ed71aa5b",525238626.155556
"82ad984f02ccda30bd60da8c",995604452.848889
"5734cd4805f5c055d36ec645",699084434.547778
"fc7ecefb27bbb5c3e25e899f",415703653.509222
"5ecbd5b92092264f4e9101bd",594569782.775555
"83a8d9df3a535fd273b27c15",1051811799
"d76fadda8063e44483aa024e",889793334.056667
"a15bf12a6b8749ac8f9de19c",423237821.872222
"a3f32d81f4cd99dc85a16bcb",579360082.973333
"4029115038a899d98dc93d3a",1232639898.712
"2326bb628b4a571921eb7345",706982165.333333
"471d6fb8037049e1e4d120a7",890741594.467111
"b73945103f07da807f7a30dc",1161673888.88889
"d6f4479f9226e52c93d70eca",649275738.333333
"420b03095062d9571144a276",784515205.444445
"ac0185c8f724ddd40bc0d235",534661708.333333
"228280554ba149e60f81d639",792666900.555555
"8a44e15417d8e520a99454b2",446977895.52
"8978ec4c5b2f02fbc1f57820",856392378.782778
"2ab88dcecdb565b6412f5bfa",474084948.823445
"1dd6f560c804c4548561cae6",1031281852.44133
"90e94b7e392f84e01a5f1551",826267266.912889
"84aa7d1c2590f37f0fd6dca1",555597610.047778
"0821fde7debf7cc445434024",472345172.978222
"b9973b07c84b99dd1018050d",469042500.027778
"169013bdcc2ef214e0163ccb",734152375.967778
"3c8eaefb3f5dd8d4c9f5386c",709332534.611111
"42d91ed3f3615247f57ebecc",839632444.717333
"a7f1397df30d6521c216e331",924885179.15
"f6c6ee12e338b1f9730b6e2c",426786942.634667
"8f4687b666256e136148c3d0",935173168.672445
"925f83e20a153a1e094bc606",942810572.845778
"cd270a11dd8257648d1f0444",883988326.666667
"ab11db71265771ed4d9de64b",466711375.357778
"ec199e33b7557dd669fe1aa4",395610269.71
"b47fe4670c6b065a9e1db429",435002684.418333
"918947d51e52e0caf692f22f",435313741.056667
"070543b03770991d65cc337f",884209950.448889
"f45dfcffe189327cb0d303f2",794592838.505
"d2e7484c81358d4c79f040b7",764046210.017778
"73ff3a6b0cf4f7ffb244507b",792268945.894222
"b0cdf05097df437354564bc8",413990399.651555
"33ea5de5e8f5c639a213414d",897357636.453333
"c94056bc09a4bea0e853cc41",610784208.055555
"6d5a91ae44cad7849dc4e969",852775752.777778
"b52e0738dec9d2f119c75a9c",630533880
"0e35349077490a01f25e2ddb",843610916.111111
"9a5fdeb5f389590eb46e7aac",1199301443.33333
"337c81be4cb14d494ca69db4",923431482.555556
"ff28f1a1ea72e21acb157f08",1108703114.95333
"e83ef75473fefbf8d7e52302",423216133.627667
"6d3e508ff42615eb78862723",665140539.135333
"3b7ddf527979726fb8aa1683",470347015.766445
"7b08cade91e2be20656ee856",495025661.456667
"59cb7abb39785d5263a156c3",896039280.384444
"bc48ec7245297b4cb85dca1c",802279037.052333
"0f366a36001c0766521b9dce",757987255.177778
"6ea022e53741adac484c1798",935604641.898667
"aebd6304298f84e7d440c379",979162030.520445
"c5b333e454ed6e93ad32d96d",735202434.444445
"bcd31d201096351079cf7ce4",574060021.333333
"46cf5b18fd7bac0d3332d70a",769204104
"1dcff645d389e7b687a498f2",751732084.777778
"cadbfbea1d03e6538af648e5",478405130.595
"9dc0c6ef8389978be58daa59",1080646241.11111
"fdc00f6ebd155e84a387878c",467551006.861111
"99c1b39476ee8e2ebfff6ffc",716286697
"8930f231a5b9d8db14e9c656",780612010.123333
"2dee15f1b082bb986f8d9513",730403635.111111
"346c734ce163296a07526a35",819660743.42
"6079fb3769f843e99b47988a",631975518.658667
"f5802200af1d28eb48466c1d",528695897.567365
"1f8068ab65469ba56a1f0c4a",528695897.567365
"1ee45a731b6f0242b6d2936d",631975518.658667
"56b7a6da82134b135fb7de2d",742808994.513778
"340c4d762f830197fdaf0977",816398893.531889
"1bdc0d441e63089737ac4c27",607408623.575778
"b3d82ceeac64b64142286375",550893747.365444
"947421747f33db213e6b1326",580933585.555556
"bfdbb7aef98d4855d459ac94",727405713.333333
"80e88d50c151d5534a57f61c",744197103.885
"d0f6e19e92c03b40a5aae3fa",960173843.639445
"6e2a3e49dd6434ed01eb5e71",612104187.878222
"89e2d612654b3c792311faf7",759007869.477778
"29425249fed4a74ada083dc5",447956412.764333
"fe0182e1795e2b87eef4bf41",663039548.675778
"dc9cd30b760a1280e0318512",758546710.355555
"d22313a06e43b8ab8f6672fa",409073722.733333
"f91cc2e5edcbb704c293084a",943276282.222222
"dae776f643e809387148900f",942801386.312889
"e55634fce84f78466095e730",591431416.166667
"a507a938532411f06c57ed8f",868352598.197222
"30f3b383f2d5e4709c9304b1",1054235145.37778
"aaa43db51d1ddea564d1bd2e",525569341.06
"b3e76a0a1fcacd0218c17908",408994684.924667
"e548ef7a5650696c0e968cf3",969781101.692444
"939afc1f6250d528b0be8e3a",773339922.123333
"405baee61afa4b08dc25e586",886455328.106667
"0c4781c598c06d538c5fcdf7",599562929.176
"fc321e2d9b4e954e80805be2",790617237.904444
"dce18d258c352b7edc60c304",626310436.822222
"7b0a2bd964c04d01387d78de",672628799.318222
"43fd6b5cb01d05c9b1db0e65",768732930.495111
"cf0152b0a5e886e8291ef4a8",667657214.333333
"d05030b0eb8931161855450b",655044941.111111
"281ea3a3fab48c028721ee1d",616032183.333333
"4fcba82455866a6931590dec",913751209.066667
"ecc5e3781d5e004ceef8cf76",533764020.464444
"409cb370961c60bacbdf7416",400290810.787778
"54445913b2dc2d6ba35abc66",525247936.166667
"51a8c190ffb673d4fc27f4e1",776137404.166667
"80e7c6b194b3229e3e2b9aae",663792946.352445
"bbfc9b05caa647bd95b3c88f",563712998.299889
"128cb9247755abf5f2801431",500436016.173778
"ac180e846fda5cd7f1123f6d",872841839.722222
"1e7173670334937dc61243a1",901982809.317778
"c2555955d5175b31e5f783ac",677248083.971555
"d87bbd60fdb8b84a9fe23ba7",499475666.871111
"825012911321d636425cd0bb",899461394.444444
"54561e6ed5570577ea97eeeb",869678891.275555
"3a2a2df4f07902b04b809125",806841105.818666
"ea7e3ba584cc5ee45ff8ba7b",806183093.452667
"25093735f186b70beb018317",876725987.198889
"7fe1adc0a5873cbba4b021d1",1144559981.15644
"461749398bbd48d69b444d7b",426905566.513333
"eb8f668912b70fd554c8c723",663674328.043889
"e2f00293305c464b361b6178",626384683.309444
"02a0a38b45e1b196165b0098",491612658.410444
"0e6dc789744b678028e74d56",574362191.697778
"58954e79191c62ceb1ead100",913411555.555555
"23aa0804aabdc61650b8562a",831694204.777778
"ef64565957b5278185b2429e",484499958.347111
"253725ec3d7939088faf71b7",529494403.187111
"a9683df184aa8b4ad5d0cc5a",711492399.150778
"3c38153bc36b364b92548965",605003879.444445
"286cdf6dfcd95ee9edf73a93",495960069.607667
"df93a6e36d9f19e252fa9de3",552025497.144444
"586fde402c82c1eb5a74d634",420953124.625444
"5fd3b0299c0d52e48195fbdc",402052809.791333
"06d33fff99a62c330ef2d585",472074354.372667
"df98fd10dd8ae59956994521",500700845.559445
"361715cb422c5fcd9125d5e6",438631991.631111
"af68665ae8711d009e8810ff",599879022.555555
"63f3295df28c02953241e2a0",610803255.279333
"62d338c26b44153bb075b234",810492284.440444
"41a269c661f20e443a7a25f6",829634250.070556
"c5a8695b7aeba06e46266959",627778806.880889
"17e5796a30da5eaf310d02b4",566591230.304444
"69acab4a6f82ae943850b9ae",572131766.666667
"5fc3ffb33090bf75a81aad8b",622830285.666667
"02d89daa77bb313328fe0c4e",581847053.888889
"6ad1fb94accb91bbc30449c4",412026911.961778
"a1cd215fa99b8776818d0b0b",430003494.811222
"0553a3aa7d961ada6dfcd52d",574377001.176667
"c6ecbe7b57db2db74b0d788f",710500624.481
"a4b23fbdbc7bbd45c5ebf80e",967279184.933333
"3bb15c6313ee70bf4d88f4e0",644288192.542222
"e05c52c9c8fcb792ace06b61",563544359.041222
"5fc77edb0e5bec0ed8e72a60",886543983.72
"85e15a0a63ffe482c68ec474",928507369.902223
"859025f2f41efa521a74a00c",463154279.69
"1672a21e6b2d8d0525df1759",402649837.008667
"7d4097722aad95158c51d24a",564945265.442667
"174fa597347f2b1d3e9016e3",640552790.198889
"3f081fb77ad08f8370569bf9",546095093.176445
"74cea4c9dc0e00dbbcff8b1d",1109058757.21767
"4f5de1bc90694fedd216ef40",1339047088.88889
"8fa4be9ac1ef719dda1f96bf",460953084.529444
"3db3b80a902c10004cd3a3d5",1187601943.11111
"bf02fad806fde4e3575e75c7",716059736.462889
"edd2afd07fa1305fc3126078",454632796.239444
"bd5d2030639ef16370cca032",742158794.074445
"87e74ed42a2c8c97f7bdd239",905010709.361
"d1c6037d0750bcfe47d425a5",492155625.342778
"763c9a528d0f99f34e5b0031",455734237.931111
"8b674605311d296990ec72e7",439940880.253333
"d7cc3d199e538258fcc83f75",425148671.271444
"ec6ffe86e9ece6fc03556ea5",483065291.568889
"9762ecd72557ad6728274e1d",596462569.845556
"49a2d111903c77053d44573f",466548394.442556
"d06ab7503c6deaf9cd405f66",1193835533.69244
"23e7dd821ec2601ee2c6e353",982638912.399111
"81519727c7ad9f60d2c5f224",889798087.696889
"a4a5b6a844c14b4eca92dc49",960123177.750222
"7e647c5e0a7d95ce87cfc8fd",956370396.311111
"7a1bca1ed03e7cd0e277fb95",400114214.923
"03eb8da7205428e61bfb2845",424042483.159778
"82780776619be0eade3d72ef",405128855.099111
"4c03afca943c3f2484b8db6f",406998193.071889
"85d731901b48348f57932240",629169351.111111
"739de8928aab4ec77a1ecb0b",609241462.681111
"7f45d3809b08bb32a45139f8",520039446.520444
"cd14f8aa1613d754221c4735",662228501.651667
"537a9a2dd0ace0d0131722a1",705383811.210222
"2d4a781f969a4fa2a4f04a7a",811572355.555555
"e3676f99542f27c9037fca29",848799186.055555
"bb33aa4f1a7732fc8ef19039",425883961.89
"9f11661702873852a3d65ed6",369911828.410555
"d7f22a4e6daa572583e02640",384519367.875111
"f6ce37c42fad91fce47758aa",406452897.269889
"f57cab248d2d832725d78135",439798798.304889
"9d73758bf7569cab4837e49c",673717550.317778
"322bad590ae06fb48f80c533",446220309.630556
"5a7b67d4c79ecd83b7ab66e9",885103401.777778
"8dfd846e6df9a040ae1188b7",467350323.063667
"44a587fc89d6b6489157ff49",1070351927.24933
"f9ce5b7edb104d4e8407a344",760047498.237778
"73786d11f1fa714aaa9f1f90",829888506.666667
"cc72295ef156cb2d60d6b10f",1090604078.13689
"c9851396352bfeb05fbd7580",1236040368.35911
"b3561144c745ae3d329dfe1e",455892743.808889
"7ccaf332cf87e07b38b340d9",911356235.413333
"d63fe229354bef8b02b4a934",754242989.635667
"2e0a8235637e98dfea862909",865041347.189778
"0a1b14f320e330b405b27a6b",1011946542.06489
"db41266d7b500a6daead96cc",455348294.410667
"364b8b8759e3c408c4005021",503390234.136667
"73bcd7efb7a25587bb1c31ff",755606878.15
"17060f24d81fe2661c7628c9",836195200.96
"98318f22c00ab335d8aa23c0",660058763.939555
"c926feb307c493aea729001d",378731797.641111
"58d92e8a26589e37b7123716",544276141.516444
"54d11dce9374378326f7ac62",536667506.824445
"8e79eebcff019c3362a76a26",609687072.151111
"02cb957c3db9ded3691a9004",566782863.473333
"561689dc0f267cc5011ede3a",819018859.883333
"1533da89d388196f19e2c5a3",836715801.73
"069ddc5d1f3c855e6498ac50",477927276.323333
"d3aee2a35856634eb710efa9",596017491.997778
"4bad966abb5e8c4121ec69fc",697383664.444445
"f059e39d22124eb9e7e8e20c",885923252.888889
"3360f48c1ec30dd1c3175101",472092601.580111
"2218c6bddc994984cdc6e567",396705344.364444
"c2a9b4b389ae6f20140e21eb",752667752.888889
"d135cfa351ed6abe4ec2033b",738668598.19
"668e5bdda1f4011578534f54",1166422615.55556
"d2aa3386ae240d7387424e07",535674639.204889
"e4f2ec7e2f4389c1efa52c0f",479730105.106667
"d4f90a6b73b1e179d3f8eb70",452094811.072222
"5738bc8873b341bf92ece0db",485001287.797556
"2906d21b1d96a1ec43bab50b",646257135.582222
"4e1bfbbd8689a95fc97fabdd",554894347.281111
"78410b0193dc989de2d24da3",693019538.124444
"fd7f194d9929a6f28ea57cf4",512099131.775
"5e7ac1ffc0886c27471d1a54",526578158.804444
"879d9e3b4ef9063de41ddaed",504514354.666667
"4bf620c6c6d4c916bea70e81",733844020
"573bf87f57db6e037aeb94b1",793669793.511111
"3ff7b739ce65f0b3066806ba",775811479.333333
"a456f85bbae3f189ff424e8f",511764110.888889
"6683685692e955a8ff172c89",779096620.412778
"82e1ae440b386c7da3a580be",865598686.18
"efd178c4aaf3fc9d05b8dbdb",468041140.564889
"55ea155410b001104518e992",453579008.564889
"32a10e550bf7095627d17da3",503841699.914222
"823124264778e5ed64d8664d",639237452.666667
"fb01d990afd25ef96ed048da",862748719.555555
"df22426db407f4c660681c7f",771519336.336111
"44fab96fa2ea501e0b94548d",910233241.435556
"871204bd1b3505acfa632954",802561777.777778
"3d63320260d150d134fe8648",760734989.777778
"b8b9b90d5721a9ed5e72b328",478598634.591333
"926d12cfe05643554837664c",505870089.32
"cfba6db03f0e38d1aa0802a7",537746596.209334
"97b12012ece8a740944aa547",633151176.578222
"8de317591cefdbc375a41483",609728522.94
"46d34fc9a8edcc199a537b30",787507152.892222
"262e3b4091dfa6b71af020ea",800337489.225111
"396761edaa353e0828949bbb",447689636.818667
"8c18d3417886c150136a03ba",401364899.328444
"f053d3918234bad409410755",593108241.6
"8f5444b81998e52ad76b3ddc",678530262.087778
"0daf89cf494e0f40a94d3e5c",706261303.288556
"dd8c289ec872be3fe3352313",717369679.308889
"f02f6c5b97b8e3cc5d5a74dd",685871891.913555
"5f39cf56c4e1bd43f61ecde4",660524552.651111
"5e187b07578d582ff3d8e189",797001561
"bd018b302f732baecd085ff0",909181738.473333
"674cccf4c7772d6091166aae",869574263.78
"38e84c560b0455548ce186e4",643312229.044444
"d14173913bf5ed21e3ab50fb",501897266.726667
"cb8844cf2070d8697bcccf27",458398896.592222
"6b44648a905e7f4c0de6c855",441066068.048889
"148aedc984c7f6831c7f9601",464537429.121667
"ff9d1cf7bd90c5e47a0bba3f",440775527.612778
"9353136b0c791bec58f93ad2",451985714.515
"de2137c70bacfd5087bc5c68",630050162.203333
"12bf6b9badebc2902cc11c62",418934426.482667
"c0706c78d5d98202dc24e46b",787875332.888889
"4394a27b21889bf78927ddf8",414855080.792
"0ebbe9d3831727f90d677ed0",913905877.735111
"caec584b5b6998684bbc6a70",685212076.555555
"0c302f1c924f8efe0b6bb58e",817655894.852222
"e056ada7a37336bbe878f38b",747362665.115556
"905cea21c0ce1cae97fe86ab",1003504080.09822
"e286b12e5aa7929334322842",649919578.888889
"6cd4e68300a8bafb9d22700d",825424116.666667
"39124b1ec419566a371af8d4",891382511.111111
"6110b5bf07cf38c437c7ca8a",1253225993.33333
"6f8a22e4dd21f44bc6d383af",1213587000
"71eebcb108c4828b8bd5b84a",614110947.513111
"5d61946d53efdd9bd0af140b",719597477.804444
"c0620585c12f3d9f1298696f",512809077.798222
"d27283e3c941f8fc256c3f4f",597084991.08
"2acc857ede19953734600dcd",520683508.544889
"32474481a0f8af34a4edfec9",497722637.777778
"6720db016112cd2a4a5e0358",592422914.501333
"959d0cba47f650933b9a5168",929898884.302222
"32d2c5f1707b00c93407a19a",428125279.697778
"0ffdec8eb5272d9fe4775251",446869150.687111
"c77d7a08d5b9abd4d3082fb5",442128479.880333
"a3021c7c465dfdd38cda9f9c",759281682.159111
"aa24974831a0c608635bbcea",612684531.555555
"eeca3f5c399785a1cf15b1c6",607877336.221111
"0b51fb3a65a86d7799f27264",374604295.836111
"1af16b7f14dc04f05edf71ea",556522280.047778
"e0d7e4dffa0f3dbc40c7da53",704419609.06
"cfeb42023e2737491b3e4283",795074207.18
"dd4e23681e00fa1cb9a679a1",459555482.159111
"153c89081fd85dcc66a02421",672831738.558667
"f25b2ce0d988bf5490fd780a",479365334.259889
"8700c9b62ff5a5c3394b0bd8",586735699.582222
"a53b105919c7b46c0cc1b003",610174949
"1c835128915211131bc561ab",566488218.592
"a0c6e0c6fe41e32b3bcb2b26",683896383.888889
"4eff2f2297ce85a0a3964d2c",746001583.066
"57062f248424c47282d3da30",611584841.111111
"99e860bbf3033ee4654d393b",664451585.909445
"db8912c5c5e5e49431b2c85c",686580228.191111
"3151daf55106dd159f27a8b6",561459575.875556
"3e8a4318d93b1fed4c48f48d",1160904016.04444
"4c8ca73cb51a58933de61f0b",748220180.716222
"925754da6fea9c9cdc06e18e",556854881.577778
"05119815bd72ced29391ba87",687446152.444444
"aae7cca10bd7f041c8e02d23",809513763.09
"4890edc33a555cbbac71795c",645720286.096889
"902fbbf9f5037be8759775a7",783610418.534667
"d013a0e910b1fe2e3913af7a",461866177.297778
"9c38b9798313a3091d13b340",895019736.281445
"f04d3ee8b175c8f2f30f4f39",1101762000
"f0f883c45e8470e74280e8ca",1014582422.77778
"af820361d5f20198bacf839c",597741047.111111
"01636da0aa2bc223af023a13",589557563.908889
"cdef6e87c007bcd9b4efa9fa",1011237293.25467
"1d45332e2f04df18cdac590c",527183161.711111
"db3dae76fed5fdbed29862fe",722011858.902667
"f36a379e0149d4800e793001",642647966.666667
"30d2ac3ecb8150e4d4339d1a",912443768.129778
"7f78955c480d050f2c8ae3c9",700929230.317778
"cb1dcee1f4ede0877be1ad15",752724852.969778
"a32d2c51f2bd5f23bb519d12",968201102.834445
"bcac2a4cacf13a91805557c1",503948160.494778
"a21afcc258e50a538dfd43ed",395212684.305444
"7202b83b651382e2630359c3",419524394.668111
"77d6855eb6a30d268e49eb1a",463179226.368778
"204ddf6ba4822d55ba80f713",409825088.366444
"e0587d29cb717f725e991ef3",804918033.695556
"c606665f3a3f70ef61fa5cf0",898112419.139111
"44412a9e16b2824c4a520a72",539022549.631555
"313abf19d78b719cce4b3188",652405755.795556
"99ad7b36c3c916393e951507",612277777.547111
"c34c2aabac06323fa180b24b",443552894.156
"37f39916813a58b844e17833",721332363.333333
"6ab7f97fb9880e48fab16a1a",528620936.953333
"0e6c74a0056ee94b10bfa86a",697297136.888889
"7fdbc3fed9c9607e6d01e958",599298366.555555
"01018b9796a105be650ec802",766288747.12
"16ede6f8833a93677d05a131",468739712.174
"0a53b0b7c365879a6d2cce39",751122709.394667
"a293de027279019418c070b5",485667824.495556
"973ab56a202e039f5ef37353",470201114.746889
"3e18c851788fa8724ca8b7cb",465438038.239444
"0a4b0a004c894654663bdcdb",748863853.501444
"55d4b530b881abfce2d03e56",784899051.112444
"405bc08707001684d19f6edd",664828826.863444
"dffa1057472b06bfc0fa7a66",1080045343.27889
"d061615fcc6355d79665f9a6",682133857.300444
"6cd96d73fc58b1502bc6ead8",889696764.666667
"db78a3ce9c6f6a7f4ecc6853",663134301.804444
"1498ce1c1bbe2e89b84a4a45",829525092.285555
"3035d7ea4b71d204b588dccf",638157757.777778
"2b8e9560dd58d880dbe77c61",733137853.333333
"e8948741a987cbb3759b7a44",731588738.184889
"20718780218eac9668776956",801122388.888889
"c0a9e3f5c57cfbb4aa9b2357",883094132.901111
"5e9e9339fe1c3a06470cf7c6",752738360.782556
"f852e0f3fb8563ea6918164f",1217395205.79556
"e38b4072ff8b856487864f31",972738338.954222
"8cfa1121fc87d9483ec63611",1044054074.22222
"1a805101f78cbb783e6f919d",511829550.386444
"98502628de3c4fd3905000a7",598620177.687111
"ff7ebaf86962fd0ab6ff41f3",608931430.274444
"69442123283ab024a911506e",924402778.762222
"ce6e91b53465250effacca98",891723373.92
"5d42f42059617a5ca7ff3a32",679430072.272889
"01edceb6c5afc2af1e129e86",475664632.765445
"fdad0c86eb89fe93633c8571",364472252.277778
"831725656d9df81b63c0ae38",644275574.495556
"d1f8eacef9bb4d300d086837",1069090998.58189
"3b6d88f864f6c1759f957c73",1223194145.33333
"5a38f908d8d75c5810280e12",420414000.558222
"c7c835349181bd3f0d964eca",894634368.888889
"edd4d560363f7575aee42d39",955569268.285555
"8f3924eb214f5194d21499b2",822927460.342222
"466c542d7825d36d18a86486",594476597.444444
"0b71d334a6db66cf6f1a8eb1",797173697.235556
"7a91cfb02df63e4396b15aeb",544108897.102889
"6140125d2a94efe499a6941d",462415889.913889
"080df3efe1fe81f97e74c4c9",429825656.187778
"e148c2b109eecef0175b3c5d",558370340.484445
"40aaf6665b489033ba0e55b5",1188229113.33333
"05498e49d0b875ae6aaddd83",551220732.225111
"397d0f6319465fd7fea6f710",929155659.108
"7e6d8c4742b38854d819696b",879845331.723333
"9a8d13d56d677379ebf9a347",1066293608.88889
"06bbc353bf62fda3b3786fd0",590861411.153333
"09fd7896d5445f422892b196",656102304
"57c63e412f3fceedd3a7e698",581886966.533333
"32cb6246cd94f962f780a1fa",466763013.111333
"b0f9bfd521802b0d2586300b",779933152.242667
"2a99204f0a53c4a4d0a2393f",742569506.535555
"7651626df0e2e3119b801466",739850914.967778
"59e48259a076518d929f5db8",425100453.986333
"e7b721ed96269bb195906bae",400514400.382778
"61c3c304eb8a06b5a483efd9",870317489.327111
"3c26b2954be250bfe239db68",395848079.364556
"0df87025a6351b435958ce95",875641646.136889
"df82719238ea0e102c282c09",740043940.422889
"57c74f7b9bc5e33cc823439f",728691799.337777
"4195a9d13c0a526d7cc959f8",561290158.937778
"0d00fdc440d7612434a6b91f",525113410.79
"0c91369119a06c40623afbb4",574282704.965333
"5a6b30b4d33e068d421bc2a1",649632593.915555
"f4beded3c5ed9fd6cd5177c0",643442080
"95e561c7292d64305a2cf4f9",814983227.066
"67138978493b84ff42daad45",516609428.611333
"7da10de45c866c7d066d2586",472044579.934556
"3c3cc027fb179e91a46f11f4",517461373.107333
"df3ada98307fc85428022d00",516609428.611333
"e029c89d59f2caf4af4bd908",584995111.7
"105d05ab3d5334b976e448e5",547986104.791111
"253fe7aef58ea97fefef922a",723772429.578333
"43e11f10650837933261fa7e",597722213.333333
"b111b17ae1fc17e3491b7a5b",699736921.486222
"63e1ff737ea11ec607ecee08",826470024
"ae703276c49b6a6a9c39770f",892459873.777778
"799bc0f95ef9a23fc16bb1d4",1195715377.22222
"bb9fe73a8742dec9b2e79135",1216313887.55556
"a9b3d963a14c2c7435f30fbf",1108678670.50889
"7a48bc2c3f4aad08dc7fd5a8",460970989.836889
"7621f476bc8040270958de6e",628705402.098444
"c49644baf8dc51d3f76d7e7c",652380306.666667
"8c107da7487ed0cd409f4daa",481365425.908889
"1bc8874a13914055c2759a35",562467522.191111
"fcfd6f08490be39064aae41c",437760570.107111
"23178c72b063ecbaaa04b37a",562937559.537778
"10bf1c2d1124f6d8f8b9497b",651704671.978667
"c29b30cc5db2ffc273e4cb14",648744276.388889
"f7d11c2601959921f536f804",698200027
"acbb07a2c7a0e39c0102b3a1",709134155.618889
"844e127aa7802cdf75db074c",498092939.213778
"e2d88f49873bbcc5476f4ff5",630718258.666667
"42aa1e6f6b8220a63fe165b2",800032480.444445
"ab1c43d6fc4f08e315e322d7",751919974.65
"9299c976b1afe4d2c0bf351e",720511675.666667
"cd62ad28163c8df131a8f2fb",635581120.555555
"e5e06913ec3c851340d7c91a",587675485.44
"d9b46a34e48e04b5a3e026cc",446830100.718111
"782a6028457ec55d4fd5189e",616283049.097111
"11a905e4e01e7d15d35cbb82",517672779.853778
"3b3e423e248b23090a2897ee",621969799.772889
"5915093d458d4b6589e86f59",530449782.333333
"3d162a854aa05447e2cae0c0",918967038.111111
"662a3e343a7e207ecc09d6b7",664856566
"289db1292d4ee40a1ed6e518",824320566.666667
"d43d2bda7b6e4d5177c0d032",733104389.971111
"b57ebf09cc691bcf009ef115",1014147141.24
"21f5bac85d5eec57acf501ef",888145090.202222
"2fa288389b3031d595973793",631648875.711111
"c900d19cade1443983274ac4",1017581395.92711
"67bd5b20df7f2a9cf4e04358",580517711.791111
"e111bda6d24089dac82907ad",468330090.597222
"7910ac9782a1a315f68799c4",638593714.666667
"ee786b818284cb382c755e9d",719900496.577778
"f9b0a27bd3619ae88ffe5455",547277427.808222
"ad1c32cf75ffbcfc842e3959",503884767.422222
"5648633b1f92de1ddaa7e7ab",599182576.868889
"1ba481abe0d3890c42884d97",580517711.791111
"ce60e2ce2a420052e67564d2",481765425.908889
"87e1b1170c163689d60bcd09",615638356.436667
"bb4c7900162be66534d17541",857932505.126667
"68340674853f0ea101e32b46",527971039.945
"d10f89691119d4a4a2c1e650",972087895.708
"d414907e75a1c105ad2b74d1",413417616.737
"c9b6d3bce20b7f528fff8123",455986512.485778
"be1695a7b8d3dc68c9887abc",590617507.511111
"debd60afab03fd1552719270",665850625.07
"de060e07dfb0a5494c5550a3",552277447.828
"3d6815fb68ce959cb95e225e",589585530.131111
"d93f6d8fe212ee3c0f7cca95",637099012.568889
"1ac702e7c265717b34419fe7",637527152.204445
"a157596804522e03efabce48",581719584.791111
"069c529aaef7d7e0774c4a66",604212442.329111
"0669fb98aed75d79f8decb7f",615905949.235556
"7057326ac489bcc17d580883",634437363.777778
"e3d6fe5d97bf4fe851aee9d3",563368432.879444
"f80b20e0649dcf1c16003255",631408984.533333
"364256d0881131148655e006",709189344.044444
"0f9c26956bfe983c8c7fc227",1220694838.91156
"9756b47e9dd47f99dbb23115",499905536.471111
"27d413eab7b562b984c5a682",767179789.733333
"ad17072ff24e0fc0e61963b4",615578163.333333
"473a59415b6214218a15e363",759914866.666667
"ef72df5586ad0cbe59e36e07",764517381.333333
"9129b78a741bf5e24df5379d",573531766.666667
"964734d3430de94d22c927cc",500232682.848889
"530b25326f39c347a35a8caa",510636386.482222
"482f57e65a3f4c6792775a05",461852901.700889
"738e86beb569a7bf51fbe199",396252481.325222
"c5788cd5507c577b7b585ffa",384545134.459333
"be164f9025f346390b986668",440584315.617222
"ea2efa1a857332559120b823",550689190.902222
"f3dd24a17ea51b7a2b0f037e",670168162.840667
"7aa8d04246d3e84e5ac470bc",753347906.944444
"6361330195fa7cdc6d5c603b",881600206.934222
"6820ee22d6fafc9c030cb286",1254026555.63111
"472601b5b5719855ae3528af",900130574.618778
"3ce2c7f1ee7569e1b916cddc",501429427.320556
"afb03f7cea99023ecea7610a",477244002.575333
"404364fe956884368e2f8300",735248488.888889
"c658639b590415bc6ea44119",528681974.316444
"42f1a529f5ff3a6371dccea5",712258264.444445
"e2e4641b20d81a90033a536a",462250289.761778
"253b34c2c5ce15cbd8b5826d",752479990.911222
"86ff8f274b698e7757ced1af",878424953.333333
"c4aef1d92cf264c548ef1f2f",392064264.289778
"e8603da6012c2116a70176b7",832328267.528889
"52b52aced4853a3e3d7fa058",489112197.364445
"7d9a9c3b4442efdb53c24448",576217021.195556
"a7bacd6f783756c9e7cdc068",460996584.269778
"68a00651ead62911f850cacd",426089340.412444
"1e7e26077db3bca2821a9b45",488069318.791555
"8aa21f48a83be25f924f85c7",595021920.222222
"48107a1dd2a3b027637f250a",605003879.444445
"6bbb24fd1b9df3df4e939fc3",526058061.187111
"aa45f8fda8801c3b4923f4b6",831694204.777778
"ce164af02f76ab3a68b0f980",670581570.713444
"c32249c7c0819b1a29fd611b",611263372.422222
"f8d4ec209ad5fa5ba4a68e56",657093374.488889
"cc03087e0f18d59c521b6ce2",711492399.150778
"fa631a714774fc22ca15ec10",752085246.381111
"c310efec13e312442f7e1a01",795246491.166667
"534466a857d28dcc598e3a49",1012386282.01
"4a81bdc14b5bcc4c84f5ce4b",415838857.030444
"79ac12d8436c07b620190b9c",466872989.573
"f69962045e9aea6b8200888c",499535653.473889
"9752758072e096fce6f7f4cf",540005957.090556
"56fc1855dc6375dee0506133",720683686.666667
"2fc19f73fb877ed8b88a5250",581606134.097778
"63a25d279fc5a9e8fc1dfae3",496840271.257778
"71978c139faf2a251db6ff5e",418640457.788889
"f4dc67569fd340be3dc592d5",494918214.707111
"0b829c23806ff01a0c84e9a9",576398554.132222
"a23ff4d1b2e24f537a75242e",608085737.567778
"3a103803cf9cf0451582d89f",402748274.436222
"eff8b3fe996b6d7db10b0263",622003539.123333
"9d53330b44c300e396cdb402",683913737.032222
"301b5da33d32c0632b16e8a8",769142442.507778
"357e653c4bea02df1b08c62a",884267859.629333
"9af17837ac2bbe7c8ba16e0f",525602976.904333
"246576e24f66d495fe0d509b",629238575.14
"cb70f4993947b640317a07b9",624341507.555555
"949292b23ece12b655122038",427971923.069667
"4bdff22689954e5b1e575d30",690783764.222222
"7c69d43fe2488db51e6c8da3",450211309.066667
"6f543782174a964402b64de4",715310235.051556
"a59e7f0e0596ea6633781335",728437884.888889
"767ae7de1818d645a33749e2",803402561.133778
"e667133c29f90c8fbf30ede7",425557524.610778
"3fcacd1cf9770a2724a5fb01",665777306.8
"601193433c99337fe806b158",662744248
"42c282041583e6e2090b50f2",819972767.36
"3bc80c56871193dd782696d3",497310183.235222
"bee9de3e2817bdd591c02897",640257534.936
"0f761aab549e7f6bc025ab0f",814983227.066
"3b9971f91bbe4b8dcc704ba0",927497944.444444
"8f428b58a5189effe993ca4b",431633450.744111
"0af466463f2cf50d61315da4",699553829.444445
"1a486877c62f2aced41a2ca0",857812957.047111
"c9fdc3f80534b32f1a75f530",728968785.576667
"97419310c7e696dc8ca61f7e",933570706.995555
"49d9cb2bcc98d69222b03165",867968593.612334
"99fa9611d644cf325e20e603",955292900
"976d317efade1dd77ef3687c",433369737.070778
"b9bd63208716e4e0f2dedceb",487529735.045333
"834263730047f308d71d4d8c",746828934.205556
"d6bf8bfc752bf4580e99794f",662241329.791111
"58bc2b0acdb0702732894fa9",513110087.147333
"c3b8b774037044a2524913a6",620720070.191778
"eb339d562b72b3bf51073cc1",633741804.965333
"c8244d916b0110b1acbd38ac",767749211.384
"65bb6acd9be0f8d95fbc722f",769946047.606222
"5644b84ee2edcf7267b2189c",715206338.111111
"22eb737351bd0958d3e60efe",741737666.333333
"0e2a5d040f6361adb9927388",652051217.681778
"be9f5ade682aa1fced79b068",711294396.499555
"8445e5cf42307960535a3b11",689467700.295556
"1b002164d34a71bd06e0445b",751181955.720889
"c80f897787541816ad63bc17",685956066.666667
"673c72783eb4f9a02c511b83",1072270716.84444
"3b29177e99201cf4eaae612a",845182737.1
"91c5967cc1acb3f108d6e0f1",438796702.043333
"334b5b9fc68a18387ae59ebf",414614910.378889
"c9d096d4353b8eb843e793d1",663124416.111111
"92cade7b5347d1c00a48a1fc",864891010.124444
"1d4bbb5b756033b4be28643a",882417784.704889
"e1eb183eb261b6de96e20a56",991554622.936445
"7ea8da3b1481993b14bed9d4",550823030.109778
"78bb43910ad6ed105610d9dd",636302547.055
"32c1f617f2b1f537ef703712",829659513.880889
"a7e6d3c76bb5507e00ccb501",612538212
"6c75d7867807d942c975079f",775348633.888889
"e9182661e36239f091259232",379515088.063333
"c926ee21c2bd9da7da193514",552422335.986667
"27bcae7ffb9f79b8f59fe1c3",561586242.891556
"6cda1a7622d5577c0056ba40",722263048.942222
"67c945ee31cf1fa0a874e4a6",528510740.52
"5a8638c17d14ec4f6d447b8c",485341459.462667
"82bef17c2a4db1f6dc6eaf01",676104488.888889
"09dcdf0b8b37c1d537b9fcf8",593273425.640667
"2cc9f2411f98d0fd41511211",505398305.172889
"aa1eaa63043c5c29ab6a1323",602964635.555555
"35b03ab66c19ba2049ddb9a4",579490820.568889
"90470cdcdd2b813b39f28ab3",513642416.622222
"ba187eee3858263fa664812a",447171059.272111
"c06a1d212fed896b6ee4e1c5",579745039.555555
"8a8c8f5aa68c4e530d62776d",624623623.986667
"662a221bbbd961c285069c49",888018366.008
"ee796b35e39c7beb6aee2b49",813496066.507778
"53de17a986d62a44d7897200",605913085.822222
"68925fb9f8f0c84fa0ffa9fb",774133832.278889
"6a6d4f8251ff961609019ddf",383447059.738889
"3477646f548971044f8f0494",444309037.376667
"c82434222f4129168fa82e5b",519049581.777778
"4c00508300f40d74c79f2596",520685307.544444
"27bebaf73dff207d7f6829e2",598477629.942222
"d0ba7b90f6ba3392a165b46a",945581740.932445
"61974f593c799e5d5090c067",429579207.032222
"c08b016afc6a07105d7703a2",686876398.887778
"011c2017b63235bf0ed3f241",454745765.644667
"7f73a8e83d41ea252ad61197",447488677.169889
"0c25a552c34e114a1780739a",417470102.753556
"21e96ca8dbe2f12b55723335",541818817.817778
"30f6404e8034dbd513aa8a30",492390190.337222
"f2fce80439462bb9231d7fba",561901487.551111
"40d5384e2e8f8fef2032928a",578598074.942222
"95f17e64d2222c904a7d42cc",598753501.222222
"59374f70d5e7da97e3b8b35f",940674460.168889
"ba30cf03fbfb0e36e5d415bf",1104896622.33333
"c2424b4861f2ef50f8876c0c",681759985.333333
"e7def7d0999433ad6d3ea412",1009195626.588
"7f1a4e79fa92196101baa7eb",831820948.888889
"37e0fe114a3c7406daa57443",699500471.492222
"897c0578bdc8d59843bcbe38",467361301.762
"7e554b821e6955ab259a25f3",523018762.364889
"23b0d67dc2a0ae6e5ebc9eee",513103805.798222
"d43f045d046fbc8f5ecf465e",508529241.291333
"498d632cf0868a8e641cecb2",492673126.324444
"6b9bba3c6afa1f999a9429bd",474908285.639778
"12db154d9d29cafa574ad387",418020489.852556
"61779f1bec05260cf10a0d2b",508529241.291333
"986defbe9082519824ebc882",674681764.287111
"f72992cff50931d2e19b3ccd",574640388.454445
"0e2d6e5882fd3b4eeb9ef286",600466934.311111
"9702737c9e4ecb12d0f9ea5c",574241680.798889
"c36cf907ee28017eb1b40674",521531962.959444
"a7ad9c8b5bae531abf68f8d0",577705035.277778
"6f3dd53b0935c9593a301bdc",559496764.800555
"11f8f836e5626605ee4b41c6",1119166000
"16fe92ffdb7e1aeefcde80f4",733129296.666667
"c1eace64bd2c9f6bea289c4b",734125928.666667
"fc2ac43013ba8ab17da28041",635735378.666667
"5e6b54654c98c2517c2e31d7",807322100
"f0e8b39d2e4644dade9d8954",802346325.050667
"22796587bee45b8f64ee6e44",636487673.138889
"dc8c76f5b3977f90839918b0",773575650.879111
"27663c0e271e26dfdbf4d289",603484842.888889
"2fc96ec5fb2c8dec0a5b09ab",831376388.888889
"49d42ab711abd95fb5947c0d",771115891.396667
"b8984fe54819f5fcc43860fd",540269888.171111
"8d3f4ec0c37443eb3f953584",898806150.678889
"001dbdd202e9908ee42713a8",789955015.207556
"fc5f41aad1b4bdcbd8298037",635196602.471111
"34926bd7f9880e277e75a447",725923544.444445
"00eb120ba4410ed8efa24a8e",541413777.272222
"eb0c6a8231b38b2a1e1f789a",604113830.166667
"0f059b39ca45bbbcb996fa45",623974374.853333
"06a5364639452a9d663a2dbc",529833919.687778
"cd19dcd4aff76caaa1cffe54",448969747.011667
"7272c3521b7083038ff0a690",763492312.034889
"a480b654e1b8b7134091e613",1349564144.44444
"ba24834c9fb0e87c4ea7d1a0",746747529.222222
"ac46e3eb688cb1cb17da2545",984224849.872445
"3053732169b2260529f90133",481551114.300667
"ab0c047373b5d1810fe42bd9",523709267.621111
"698383c101fb784f8e1b1ee6",448672523.995556
"1b09c89b546d0058cb09c1a9",798878685.988333
"64edef308b6a9805f0846cbc",921004216.335556
"995a5799d9a1a7e4dfe4fe34",1331076533.33333
"d4f1fcd4c20dec55e977720a",1164968000
"21264b5a73fd27b85a4e2654",593161171.124444
"d464858ed94a1a74948f479a",707065895.881111
"dc420bf2dd1759b7f281cfa6",1055586793.35911
"0a268e25a5f3a0bfd8898a40",383481884.270556
"a3460f00d48816ef66e3acc3",497011375.070333
"9559637fc2bdf96defd2438d",928477095.184
"421db6a58670e53f563eb9ad",630917376.466667
"7b6322fd5810990820167a23",605219437.563778
"17fbebdfe6bc0618ecdd247c",855320533.379111
"00f2621035b1969d53f03fca",878113034.213111
"e97c998a6a0709605432ccb1",428616413.262222
"39e306be57a992bcc75e089a",397179449.997778
"55d0225b44a81e82eea3efcf",915147168.444445
"c7c5ee499c712082931032a4",1255996165
"f15f48d4cf4f85a3cd68dfa3",499667209.709444
"01db5867a69f8ea7849d69e8",853243623.922778
"7c29fc3861c9f074e3a89449",747662446.248889
"5ae2fec22f535ec2490174c5",379334908.953667
"a6731fb85da65ce14468341e",424371108.903556
"4e327acca2e033c3fb305c5d",582208913.546222
"37b8e8a194e4f2fed7ddcd96",423396381.033778
"a8dc954142c54e570bccdca5",494910638.512444
"b427d767b071c3e5ac2a078c",442052479.166778
"a9407f510e67bdb27ad59b46",720829103.690667
"ba7120c89c8de0e57e30646d",550820227.086667
"4f5bc448658287ffb3d49b75",850525204.500889
"758d9f47824eb74d1b486024",922229075.555555
"84fb7e582456d7409f27cd2a",816719726.401778
"0a6ade3bea1768aab76680ed",921573637.777778
"f6e74a4b1e026352e5759b2e",820473831.019444
"639b98d0798b5670e7bb2569",849457156.368889
"32ecec7d5c47d02969368779",548806391.662889
"cac82fdc4d960947bbc590c8",426082089.554333
"c2b880a6bc90cdef9dac52ca",602527773.555556
"dd8eff6162c32ecbc6972509",535521470.523334
"6e2f79cf68ac0ba2b1a6b0c4",1014888201.75111
"a904fab9fa4f41a11f673fd9",862027411.275556
"bf11c5dfcb321e020601e9ba",1155419000
"488cdcddd0938ad0205ab8f0",1263426611.11111
"b92929668e884453d3a0d633",503159121.926667
"09eeb116cb0944a28742d282",628236588.666667
"c16e9d9444f85bdfade710a0",614685449.333333
"c15cecbbe717e72f09a84271",619983152.744889
"0bbd23df46a4ea4e4734b680",607026551.819111
"de28e62bd01870dfceb5d78b",509135232.563333
"92c4faf0ba1fbac44db6d1c8",530118726
"91892eac5e9565b12b2a99f7",514365322.830667
"ba72421716765ef6aad9b4cd",892896921.333333
"a99df3a2cd4f2346c6e903dc",435556280.008444
"59a3b1a44c35ed4936cf7843",557046951.44
"cd74b689350ef612ddf1b96a",521243360.147333
"5664cfe452394ff9376bcc8b",426109322.857556
"d4c6dda51fa949743a46e835",593482832.618889
"b7f47484bbd8113c62cc8c1f",452528250.848222
"d4dfddb6564c9f46b26e7aab",460926373.349889
"aab240140aa4b6602234d88e",599980293.085444
"29671ce02e285f69afeb3fc2",787662678.184222
"5cd742ea274b4a8832114080",716759552.694444
"c876ed979c9127674000b740",608194614.771111
"45269f56121b796d0392e2da",1147266881.22222
"e981d4fb3a33f372ac26901d",1149988996.66667
"2f13a428281ffc425f2c2e38",509622900.622889
"407e4196114b64578beac143",591652130.555556
"342027b17940a0cc5cdbf8d9",902679363.782222
"dad2bbb0fe138e426000a33e",627699712.024333
"e77da26aa7ecdab5505fab60",744856258.396667
"8fddeb4ca696706f6cbe573b",763792260.248
"fe368a7d2e09fe88b1b972e4",458002809.883444
"6fcea2c6b9e39576e10581ea",650048122.444445
"91d35b9421c4982b54dd520a",655219625.388333
"eecc82010ce9803ebea6dc75",532834555.613778
"b957548768ef014088a61b5a",495679492.379444
"5790e4cf8102dba35e184ca1",737148000
"cbab68c32d78424452249d9d",790355929.011111
"4e0b293ec3d5eda7d9fcf8b6",649877497.411111
"1f8742e662666147955c9872",598126928.206667
"aad38b9f22ccf36b0fba4e7c",624239242.013333
"44e9224b9735235fc7271672",448366302.032444
"b61e9e4f3a2e894932b58ed6",624326608.340111
"2b36d2ed79caaccd687f2ab0",677118217.049
"7bdd64032a4f011bd4fe7df6",523282193.035556
"0890a0d20f33b9af2bfe488b",456068912.269778
"ea7c9e327eab66ca286f6726",528376254.555556
"98510008e150296ca9d27d0f",674226543.796445
"41abd8a2cbca609cf868f227",795806322.777778
"83196bef0e5dc6c981bc57a9",635847215.500556
"20289e986c1959f0c83a6a4b",635096629.404
"fb39ca089d05381b3a7ba847",492316862.218444
"d2da963bf6c2f6fe724be23c",918234918.136889
"670f7dfbe2eba87e55176257",809814082.265778
"469b33a6f153ec334b6123d7",452095079.390556
"c38ce4f3763795c61efee6f3",541501450.291111
"8553a05c2b30be81c64a6295",960473660
"d8b3a1d0cffc913ebd05b931",948473764.666667
"f0fb8232343d235741a20586",1022410042.22222
"887d749eeaaae288b2818b86",686938131.277778
"126f4d890004b8035a7de091",794184590.501333
"7d157359b413e107f5f9cfd6",639058319.174667
"65010e340fa495d060e32f7d",508743063.207778
"8164023f628f550f322aad61",559622156.128889
"8c2423c14aefa13d255fa77b",543963199.398889
"e9772a54bc6638c723dcebdc",568282670.277778
"171149ef76fe0a2074c5bf69",618418167.084445
"96448fa0eb077563a2d168ca",523474660.012
"3bf1bea2a835d7fd11e47ce8",413592623.760778
"2f4b0b1b81c792f43f4ccd5c",416651833.520333
"086540702ba0876c0c05c5d5",942000294.267556
"57d17db2cc5ce1aa889f1f50",800830043.226667
"3b6cedd9966332f0722208cf",444309722.484444
"351a3e1b62cd51d46913a8eb",873095111.111111
"33b702ced6de5f7ab8b29e7a",492230304.769667
"e0e6852c6d6393d6d3719131",1097644520
"bf5e687721e030639ec81416",599879022.555555
"314479aa7b73ef6ef44e1c89",729848561.985333
"822896f609e7761b58e7f6e7",520039446.520444
"5b6f21752f3744ec6e529d74",705383811.210222
"5d91dd63b6aef851e0c78389",609241462.681111
"0a369278a1ef6f5e9d79e2e3",590014192.08
"7523e95fc2afaf31bcf30979",945622104.444444
"cb9de5719b978a78c71db699",811572355.555555
"af8c90983a23ee15c72b8e22",979212209.005222
"e35d8f589e6b1909f5e4132b",932757159.955778
"ecaa5e38ff6cddc14942eb7a",1020461862.22222
"d2eeec3fb1ee4d686758534e",873247788.949333
"e97d03ef9638c8e1d270ed2a",395573762.593778
"cbd78f55af1db4d89b53b496",389745060.901333
"1b2fa2ee5927660313569617",849582079.555555
"f7f00e13da4910d724aba4f6",482003512.808333
"9a6b77dc2c414f0baa11effc",416278454.440333
"bd4d0b8799fa5999c5d2ee3c",866698529.322222
"bd6b68abb113370c35786557",1084407833.33333
"4da8ef54252a92d9cc62c174",725136776.666667
"38d6c2a9beac610279bc110f",536877413.175667
"32e6518755191bef743b28f6",1157319437.77778
"4fd8d01a5c3abb90ad70cbe6",643601626
"5d9f8f380a6434096a0cd906",460885475.307778
"724c854b1a991f060701d005",531954214.053778
"1bd78ecec17b584e827dd0f9",452883744.920889
"7e6f68184d84e09cc9ebc09f",512624299.070222
"c0174ef555bfdd648acf4346",504111901.963556
"6463505a740324c7aa869d79",786230784.881111
"f239b7fe0de40d208c01c45d",587209284.841111
"bd98add659faedc1820f96a0",509598929.295556
"ad662354d28a9b2d65f537f7",647207949.633333
"8e8852450fd5556f748c98cf",621459970.530667
"8fd5b95f5808b4676043de35",655130653.262778
"73a23c9d154fec88d396d2a8",747677394.068
"374ca1a16b8eba42b35374ac",664573534.382222
"ff058f978e97c389e7a31f6b",671514127.555556
"9d7f2c004fd359136a662c9c",620851427.777778
"2cc0129b386acf9cdfa4eeb3",565769252.04
"c139bf6b72a93a73155e1f5b",513712765.777778
"0c017cf9740cb67d530267d0",601067991.222222
"44ff213b9cfb3604b7e4b66f",575765437.732222
"a09c957598e6cde56cdba03c",589957696
"c846d5698bb295697186555d",767928879.507778
"a84cafc064a35cc0ad698009",754078824.444445
"ecda0d714f52da919223a520",752029489.666445
"b9398d6bec5cc44fa39b8bdc",608080318.262222
"79d230806fbfe96368b83dbf",910725167.222222
"a28b1d82d3f7dbf8746d5742",890324172.444444
"a6555836840c7dd496ba9094",749033044.444445
"83ce7c2d2823f888f2e06ea8",800717765.777778
"631f4c509de8dd64f1c400db",848254052.506667
"2afd31619c21dc537e4797ca",807922435.507333
"0be57099d9c3ad8a16984861",843767318.666667
"ff29f12bbd7ac4b860909966",827019321.274222
"d955edf16ddb9d3f59501a9f",896136764.444445
"96298da2f44ca873f345867b",547747241.111111
"e6396355c1249c6290906b78",718758588.117778
"39f9f736d802b166ed688224",815804362.666667
"38a0fcb41f0dbe8b0ef7af8f",744865819.097778
"79b955adf84fb2c52381921a",725082761.050667
"e335b8464a61ea0781f7928d",864245207.982666
"71a929d79a6cccbce6ac5d79",652318100.522222
"41454361857cf70c44e1f5ac",649176877.111111
"a16ca6293e2ee2969f3334c5",883592122.606
"4083248d3d2f2bbf9589b971",836698686.8
"de630da5e1c9e27bfd94efcb",855008444.444445
"f2a4f5010f3da37e27505ece",538778245.833333
"53647abd1d1b10c9226eac73",505871098.616
"e51873d6421addab3b539dd4",519747804.070444
"be8fbefb8e06fe169237d4bd",465341658.143667
"257c889187ad5de900a430c9",609382322.351111
"3198c4acc62c1a2276bf15de",692426517.82
"b22350d505b87dffaae3a5e2",811605953.771556
"49ad389014995f0187edf726",636137550.253333
"025d96090a8e5bd6f786e9b6",459321399.054667
"4a7156189e1f06b0fe87a7fc",434670379.948222
"e91425bd357561183b935d27",434587046.614889
"c9d996f458794961d9957c1d",432440816.875333
"084de965e32a2a65bd3aff5f",432440816.875333
"880bd21afee7038459b5847e",702129664
"2dba091723891d8907905a74",750711881.407111
"a39f9fd2f143b8ce1f7e1277",434320816.875333
"37050aba3553f3869d59f809",734736275.555555
"35a39cf33d16f8f5ff75fd6c",461592994.920445
"7c463a59e7d2f2b4bbd07e12",434202872.430889
"035d955df5a765531d1d0d07",568383213.750222
"be706475abdfd64aabfe45fb",432820213.281556
"bf41b26c090dbf0a19252e43",719859399
"21aa860fd839233ed8b82653",661479012.125333
"b870c8bd8f95426a7e1f9c88",431435098.492222
"c5a5676bdb1698f8c38cdcd5",526060902.482778
"3487768de3a13b7ee3df0254",822738375.057778
"dda7a886135a1fd8106d04b8",813418322.222222
"ee102e9d0791ee82ee4da2e8",513996491.271111
"1d4891dc27e0050efcc6c403",576288736.252889
"dc1fa8fcd0ffb8872d434dbf",599692407.543778
"2a5f727304ad67d1cd269361",716947742.881111
"2b10af4fcbef695b327b7d0b",885279101.544445
"516881e914708f6ea6062ad1",822735468.561111
"5a428139d5ce6bbd9505945c",736994454.542667
"38dbf1b9c5963e9c3d008340",850884508.944445
"02c6e8c7f36a2c68851600c6",640422646.197333
"d2684e676cae87d75dea5ea0",592975294.304222
"027947dd01dc991ffefc5082",524756848.341556
"0af13e27cfe9b8f237a9949c",572344003.555556
"32421841f7eeda76160d7959",479828332.137778
"96ad0e75433cc18f20ed83f5",735027630.693333
"b387b5eebf501a620f352504",755855272.222222
"8ed95f9bf057114664ea441c",456471254.233111
"114318a8e5822ece53ad897c",545092171.379556
"3bdd7be0b5e18d266189d991",578758887.338333
"0d2c4bbd8a4dbeb6337b5c14",542747267.236111
"a98637742a212e332cb5d1f0",546065686.541111
"acbec9114912932b9cbaf0a3",495491520.146889
"fd81506b0a00fab1ff680b64",488069318.791555
"49e531941384af389b0aff59",493904031.616111
"8f221efe392ba42b519e5f57",711492399.150778
"1f33395df1e4f6a185c507cb",529494403.187111
"fa823373d2e7fc9443ebb6ff",749786375.084445
"0a6966f19bc2c303886ca82c",605003879.444445
"15d9a0353ad54798ef95e0d3",821178262.320889
"0d95d756b838d3a319277424",501533010.762778
"d644b23e4bce0e6e50ab9356",802177969.975556
"6dbc77ad8c5c1e39f72cd2f6",777271740.263333
"2fb5206d246ee7ab22fb8143",831694204.777778
"f1582fc47e7b8c0eb0cc9949",716171833.582222
"8d7dd9de4e919fec5916862e",979332194.512445
"0b67da6d74bb3998c80893f4",504961484.593333
"736d25efc9e570379d32c089",931538859.475555
"4615a8a7af9d7cefc7fe4c4a",954665415.025778
"8b753628bd37b9759dad06ea",449502568.388889
"5c7c83526b72ced12a08e573",492871547.626667
"9baa578a930a94f761119fdb",385531348.888889
"8fe1a07cbe9b8f3498cf74b0",373257523.590333
"67a7cfe6e95aa5200c064717",643515178.948
"b7e3b0c90c0d3bfe5befec54",559038285.153333
"e6a547b2c0d126c9b6800515",934956836.689333
"b08f88ef973c9d1c3a86695d",797660209.555555
"5933c18b8cb17cc6e4ae91cf",817484626.453333
"64a24372d58a2cf535c3aac0",860328602.266667
"e6f9288cdadc5851d29fabff",943563662.606222
"71ba2f992908a5f91f832406",657285378.904
"3af4b54bb5ee5fcff80f1e53",411145673.266222
"40d3f1f00de86e74e0304bd1",530011429.445556
"3b758c26283c2f11251bfb89",930035070.271556
"70cb6337c8c3f5225fa80026",790102070.033111
"0dd510aaba8036e8fd9d667a",896574954.555556
"ef6ac2a5102d7be910a3e4c8",457329261.011111
"24c32572ca6161a603a7d0d0",415989272.339889
"c7be09a810b9e54d2dfba4b2",530492198.045778
"01a5a230e8a808d844e64397",910050980.474667
"5ade8e9c79288d511ce1fd79",657211718.428889
"7cf50019422bc9569a985736",899415903.522222
"d4716e228067a7bb0f30aa30",659561219.317778
"cb79e02041eddcfa9225346a",850773371.068
"b059afb753452ba358fb432e",1240423555.55556
"fd9f78fb2d2f4d01e462bcea",828180971.015556
"6337f924f515625e7fa638a4",725047885.066667
"3adcc2c662c8c7c9db5f0982",647665319.190555
"6b7aff233052b9bcb6b9448a",1201322311.11111
"cc51811e23409f4d77995768",546605449.749445
"e3cd7b6dc0495d5109086407",708602886.698333
"e63f468e1d9f86530d47ba4c",468977288.428778
"8bad8a7faae115ac9007b13a",696304955.555555
"d563312854016e9115d034aa",1052919896
"57c7684f8cd8d78909711b53",481972400.460889
"76b8190137ba3daa55db33a6",564371874.914778
"2bcc6a15181273b2fad05e3b",634642105.960222
"b998aeafe2cc93bbd96dd9fd",452775001.130444
"eb77734d12df7528af57c674",450746772.241556
"e8df85384a1f51c31015ba08",604394792.444445
"b0a03d567e287bf4cbd7bec3",485172468.444444
"dc8bc7cb687a3a42b7e7d5fb",780234175.555555
"147de03212e554abbf3fc3b7",541642967.663333
"c09b8c236316b87a92a620b2",598964410.648889
"f5006b435fc92111d55c0603",505097325.465222
"ed70b749e030cc8715c0eba5",783041025.080889
"2a9bbd878f3f45745d76f059",699916871.222222
"503f33d11f75b6b5102ba4ad",407965249.354222
"41479709513815cf5fc1eac9",600338311.895556
"0181972aeb6bf451012a47c6",744150958
"0b35c4a3f20cc0eb751acbac",454719913.926889
"e5de98822287c2caf8b209da",566435383.683889
"f3d82ce1c6fac06e4997f7ba",487360744.288889
"8e17d7d78e7acffdcb04d982",552852210.768889
"f1e7a0c7804083963b5b6de6",519889911.466667
"918dbe66979d16b147bd3322",814853060.618889
"35dedbaace193598c9c438a7",385406827.038889
"e67fa931031bed13c711ad00",474785775.141667
"eb2bbf82cb615e3227305b55",536316035.717778
"e8d83f7dcb876d5d05ae3e98",525559958.111111
"2be93bf5132bb788bf045c28",478322697.261667
"ac2b1b560e8bc4fa1deb6f87",784316725.795555
"674ea6932fa9e6b7581479dc",575091612.291
"4893b21db2d6aa4417e1cd1d",870271611.252
"2dbef742d0c59d21ad7392e3",878947072.757778
"fc16776abc877decb82a5954",843791931.111111
"6f84d405f419590075610c5e",511891422.037778
"52cec2691ff635031fce9507",452031678.169667
"830b1a2d33f7754b9acfdd82",525858677.098667
"fa908c8dd43fcbe9f721c0d5",888406505.020445
"90c3b93badfe7231410e95bf",822287712.333333
"60a495b86d6eff1e345ecb06",488513801.133333
"0468cf58f40372acb9d5fefa",826296356.666667
"c523380518164e1e317cf1b8",763680079.470222
"142cf530f13cbccc3cc9d0a6",757443384.336889
"e0432ecc0c1fb2b00b5435af",464064000.908889
"3af3a702988bfa0599727982",692690315.888889
"99fad8a7877c57c0af05b318",528328812.666667
"b57250de388b7172a39dae8f",729398374.678889
"42fa0158217c9cb820f2a06b",676486088.333333
"8fd452d3f5f1dbb3b65f5274",783123576
"27881ecd655786b093349ab0",766404819.322222
"38029a1aa22c0a5beb065edb",778045965.913778
"6750be41e08a725705256b0c",975246106.111111
"90bf218565cd67ed83240033",1071698885.41333
"c6a089a9bb326c22e3f3aaa7",796171675.367778
"ede08c77d6090e0900654eff",918398327.088889
"2f7784465c1c69c8f786a0a9",941881226.113333
"5943151d9a76010179f6c297",453001818.280889
"82a3742862a06803242b703d",557119869.777778
"b815204eed4398e600b366ad",807540549.574222
"11c4dba68fb47eb9c49df169",480712279.130445
"4ae7dd50c6b743bd47340f20",728718779.812
"d81a040e22d541a74122f3c3",435774274.213111
"34c84d0a410920c303ba69f8",440756300.326778
"6b0828221f9cdf5cf39e7c15",405323330.481222
"c50d5b4e75f165eeeb2eba97",545232247.911111
"572488a9a75f64434dca5dc5",511799426.546222
"0e67ae9abf1e2b2f66a91a28",568946766.666667
"cb00154afcad81df60ee58f6",660456049.444444
"75801c34fb510d824a7d8366",401420772.799556
"98f2d7810641693c44096ada",625377333.888889
"1fb4c88bbf995f77f2f29b7e",657744239.574667
"0abc98f7ea1e477c6fe3425c",746870189.666667
"b3401023d3097815687d1160",780897416.666667
"f1ef14babbc4123c5157eb9e",663216566
"ecf47573fe1ff641f6914d0a",931340542.222222
"0ddd21dcfe89f72e2246ed79",604940251.335
"402f18888d480f5af146daab",513039370.134445
"61b3bd442f6fc8838e2f45af",476551113.945778
"c4eccc400db2dc9627c9879f",570431979.791111
"ab38b4fae64ab90a55b5a403",573047623.513333
"7f4cdc01f9086bcee46d1d6c",740270111.888889
"1be9d865ac8d01f0378bc148",1253802666.66667
"f2f43244cda8e2f5219f3db8",557993209.245
"89ca905d858c7731313c82e1",594951182.888889
"5bbd0476c27c53e2bcaf9462",634866006.472222
"7e177acdec9c0fe684d8fe44",720032864.5
"b764bb8ae8ba0d736bf54f5a",476006565.450667
"75f6d6beb64d846d965fa9ef",802719594.301333
"b5293710d0cd75f95de001f6",397282385.446111
"8b8ec04a78d3826b2c8a5754",583154953.02
"e35579e8b9b24dcccf93abba",465778936.826667
"db5e320f51680100f1ec06f9",376973683.02
"59be3c447844f31267366cbe",462311857.848889
"0f3b424c398a8e8b53162c37",785720281.862222
"57f4a3f6fe2e41ad97116002",611972470.444445
"1c6038b67a40f0749a72e6cd",598760486.811111
"e5da0e3919341762d5beed25",643886656.777778
"40efc0dc313284d3b57492f9",634211759.908889
"601da8fc375ba0b3df3b38bc",1081070070.04144
"61a12496ac1e6f39c5ac5d3b",1107679605.77778
"8635edb61b1dda6f4742cac7",937003722.222222
"ce12b48120daa5704a4c81e2",416064237.951667
"acf4d60dad7953065b59ced3",861757175.881111
"56e3e7d822e13838ab9f85b0",717513650.230666
"7ea2c18341f69f21b523906c",802674505.046222
"dd2396a42097b2e8bce52a72",845499213.744
"41f99600339a7afc8e386e6e",755997892.73
"b2d160f54ce5f98f46818e4d",918931529.125333
"00dd36caffef00fcde85b235",978911259.624667
"471bd64a0576aa67f494eb98",1063100818.13689
"79e307acac5f42f2696b0436",1014999889
"e65a4eec62e2a5bbfaad5565",716037944.888889
"4845ca0d30483b36bfa55061",725618497.777778
"6784e116d96e03911e2a07f7",531480414.614667
"4184fd9a546823ff1fea0b74",566749575.172445
"616a5485bc7721ecfcc21c70",416094774.782667
"6ff3186df9d15b65dae5bd17",415810596.757333
"886706f32695891af743f986",774480990.192
"daeb02020f23715e663b4a38",612303003.458889
"93fa1c8ebb75b77dea76ab99",705383811.210222
"ab25a6737b3ee0c4e9cf4ae6",583203824.972
"c5641447732d3d1269965ffb",934218436.237778
"86b290218a62d0c51b099a08",878113034.213111
"d7b82133acf54bd3eac338c1",927454768.444444
"10fbecd8de540f1fe4c57b7d",400097191.355
"137baf1609138c6ca2715c7c",389945801.455556
"f5534949a53bef05de31b07e",443637906.175222
"466d4240af2cfd09a31cf3ff",509762172.131111
"7478693f3e7e8963e95be8bb",405684748.326
"6e537e91af0de67558bc1ee2",634720843.106111
"f5b0b51ed49be034c290efd2",660925705.791111
"a4885ce6808ffdb878c41f97",561558857.932222
"a14506a4800c27223fc34728",790706138.044444
"e8e97b7919856f9cbb9ad02f",791771845.463555
"e16685dae2bd3b0a4803ec9a",781472693.431111
"044b8431b186eb022cf6fc24",578579034.973333
"60de8c37c9eb96efc432451e",695652942.133333
"59b88e154c07bb7c0ddb4e8f",741618435.288889
"71590ac868415f3a185dc15c",823155515.555556
"6388b4cfd09e2b1219268cb2",596897217.628889
"f865cd15368fefd8c9d6aabf",769290078.952222
"ffd916080b1019827491de0b",812056022.222222
"6b8ce573bc2ee68ace26a67f",608341462.681111
"7ce704ef5752dd496a61d857",705383811.210222
"6b1a1afa055c15908a855e9e",677154355.727778
"2a9338f62c99dbad25aec5d3",756380088.735778
"c2282da3ece2dca6e8a3bca5",780315184.888889
"5e6324cfe41c3676c7d0a5da",817982162.921334
"f1a4afc2e543ce4260f1d781",887570493.235556
"5d17daf3e98cf433267d978f",1272562055.55556
"d5f41dd3258aa346367d7725",430369767.488333
"da35c757f211ecaab20aeb3d",576684474.660111
"8d9cd237c737f6e62092a08e",890772679.157334
"9dd98816533e4ca8516a5474",909024640.886222
"27d14f352b2983177e836e3c",809256474.348889
"3dd4fa53bc59e5852f9fee98",912214111.111111
"3ca74495aa9adbd533ccfb96",795491646.436667
"dc93d8ca60d60a118f61390b",537391363.606222
"dd7b4c374bbbcc60bb090fe8",523148524.857778
"f925a05397ca6163230f7ad1",544859692.5
"66a59937c54eff29ab14b474",674658083.231556
"077db8e0877b924d1b57ab1e",602653626.418778
"aebc3c6079c1a80f8b2f1c7d",692969842.396667
"ae41a566826a10d5a6768d36",860309633.080889
"489fca3e6dc044412d00cca1",686822650.986667
"fc2f58cc289d29fffe8a5fe0",605434758.871111
"59519bb6d5d299ee0b767224",650497478.635555
"19921a97a52bed6c6b8f4135",728865394.915555
"ae08b7f31e69fd930ef4c832",761216345.555556
"1b67fbd144a4a3ef40bd9824",526064129.317778
"9e142165bbde850d4379a49d",672772578.438889
"d3e971e2e224a20530ee295c",701862687.977778
"a672cd6c8c284e14913222d8",694467233.670222
"93086ab3e32aa9599708382a",923947353.529778
"63773145b1a896df26504b0d",415483059.702667
"17707d66753c1eb0aca28926",421421790.905445
"6a2d4d9a257fdfb2ead837a1",410602524.452667
"f9158cf51f5e9f644349a774",432250935.421111
"c09c39339b5bbd48f349a430",748845023.580222
"d470d84f5d8299c52fa24499",466696518.477
"9d028997ff036c154c3fda0b",899390528.438222
"40ce7321869b706210eda9da",547787735.762889
"3fc826461ec4648e4f7877da",562105999.813778
"0e7dbec40eab1b3e5c6bc665",847135690.406667
"81b3256980dd7d7f49030c78",1223385711.11111
"fed2e1459e9ccc06943a05d1",1152449508.48978
"c535169307e21e5df7ec88e6",509538984.634555
"d78d84e4e42f145e02e423c9",526118466.199444
"3e523ee3a6c2d89436539792",526118466.199444
"5f2df52db15d2e0ebd327a36",501959454
"1c1ff56435675288e78c4735",472246837.039445
"ec4226205a38a45d97f35828",673913512.496
"3214488a8fa9cf8b3dae877a",734637890.544444
"4a4fe76c58f5735ce6b018aa",857425034.697778
"ff3696c808d4835d6c7cc9e3",653883473.921556
"1aee9081ac4a04490eb3f0e9",631282746.651111
"8dd954e7312e6e6a07d6d4db",605328820.748889
"daa52a91f1fee77f75550246",643522757.502667
"a4ad34eb244e48afe23a780d",531666079.266667
"0b4b741487c001323f508d5d",526118466.199444
"cb383b7a746ed55b21a8b245",563144047.777778
"4b092d4d5885cc224f6775e9",541652854.811111
"ba12305002d24055c159ed34",435774274.213111
"bd74d43d99a240ef4190ecfd",477069278.701111
"4957e0b129c5caf47b026c58",582805314.143778
"eb270972f0f69f1671a0a740",611694936.439556
"d51d3ef396efd4760c979de4",480567902.768889
"ac65d147ee69785195ef7da1",988109973.378667
"53ab42a93b6deb152951f82f",783862718.444445
"5826567e12ee3192785e36f3",845050848.888889
"ab64918f2b2b4646e87297c2",963170678.070222
"88b0d688281db2ef0a782921",735760515.962667
"dcceb6a2073faf9f89f3431d",837273311.111111
"73bf75d5762e3dd30fca7b3a",891864060.587778
"a45ba5d63cd1971de19c25db",945180947.555555
"8467eedcf9a48fee0d72d95f",814050472.962778
"6184f12f3a903658f3319290",586482678.847111
"92ab018394a5398b832d0b97",640815289.592889
"e8e215437d023387c4a55515",633563940.391111
"7b8a6949d55b5bb27c3c6839",1087559605.57778
"33f1a7739cb556a78af083de",762809923.224
"39c6bd862f908b7e8088f0dd",641964693.621111
"ae556ff5f318b73d3b29142d",570462327.740444
"e2fed68e0b614e65c05200b7",709816904.368889
"c62a4288a4a0336b1436132e",698529391
"f23b32fa4894b6d59f73c151",741382652.581556
"4ac4fbcacef08524ccbf3623",436158322.388222
"5b5bb8156b98eb51a58e73bd",400660304.189111
"53fbed4f9680917f0615ae7e",496944603.822222
"730b528617c2841eea5addaf",598942927.111111
"13d08f7e14471fcf517c204a",481838139.280555
"da273cee807e254fc9aabb9d",726621496.832
"b8f7bd85b61951ce83d7f57b",1315932142.22222
"4954ce465ba712543bdf34fb",442069108.694
"b7483c951d2c19de665f07b6",500759939.33
"913cdfdd62e35472522d0a6a",631142624.600555
"be28b90a71e2922437f25110",594353195.342778
"b71857f1cc385219f114035c",458865550.513333
"a72041a40ca87928c695b2f8",625285052.662778
"65a626faaed9d9e3b172415d",631142624.600555
"229bcf400e309619268dda31",622229402.378333
"367bc4fef78a9800f8616d02",622229402.378333
"dc0ac888f1e87924e3994b4e",617370109.045
"6996e88c10a94d9ee7d05357",444660419.99
"cb8fbae1b4141461127c97da",887453334.982
"d2de34876a7a6914c2dc479e",956662110.522667
"c666974c4303d43b87714c62",595598855.555555
"e8491a7994738d098a7aede1",1088629564.04533
"9a6440e5318b2de28b180a2a",1109706568.55556
"9ebe11eba1a88fcb24fcd141",454819203.062444
"78b0f0bd0494fba0293eb0c3",655338748.666667
"047b0ded64dcae203a3015eb",683262830.931111
"7b95396ef4d0e97de8fb4986",831253111.111111
"08f1c136d5a456c0215ebea4",825054731.618445
"0880b703bf2064f59f2bf20f",1003748879.47611
"cfc069bd55e152e40b3a1391",793827720.086667
"0a00771ee714a2f3f96c31a3",588082835.555556
"06acca3d0ef4685dc055ffa5",374146714.799556
"f802b026db4bf9d68cf00b16",381235241.392556
"4aebacb9ecd0a117307c7841",918037769.859555
"81ccb7e0255eee6274f5d930",1115306428.55556
"cd17bb739ac79f80d6f651a8",1085175215.55556
"917829a0aba571cbe794838d",488230677.257778
"5b83b73ec31031582aabc527",426482278.227333
"5e18ac352e3f3119f5f9197a",981568726.666667
"b7eb15346797508f47ae094f",801302879.776445
"5ac98c971b9293bc6a8a6aae",895252103.527778
"e196b7cdeab1468d5d4e07c5",904810255.555556
"0ea201bfd515584bbf72f902",876961222.222222
"d2e6ab3b3106f36f2c3fc119",377755762.271778
"59db28ba77489750903261d5",955940832.714445
"b348c76e55613f53c8bbc94b",950849557.529778
"a1e38854d6725e9c48c128b1",385792498.510556
"b86c526fed01211fdbb62815",884958897.845778
"1d2b83d973547da8c168f743",545681368.368889
"0fe3dbfdf25d4b013b842b51",604025458.604333
"71a20a4daea6d31de942b2ce",913765587.902222
"35352b370a31d01748616b01",998766445.893333
"27942219389ecffbce2e1d9e",929706124.234667
"62fbacd4e172983a2a998daf",756682025.063333
"00c1165df93a4cfe679f54e2",720181042.013333
"207f669778ed0db0e619ed40",542079811.666667
"5ca0586ab7d20dce5e9ca8a0",806313672.244889
"cc27435df779f16e6a62b0c2",813532903.635333
"7a94d3d31471ae313659aeae",830396419
"efebd19fc5a2ab30f2ccedcf",544915433.394444
"8037e40c0c8b20ab6e0d4b78",403494859.357111
"5ae3359bfe2a704de00e8801",607206054.962889
"a5587c93c012375dee920f71",709285875.078889
"ee7f7d547af56773a4b0afaa",780290542.958222
"9ed988dd6739eb7ad7aa5a06",778347358.055556
"26c08d7331ae19e1934a22da",859455759.045333
"767024c66d3a88bb18407b6d",803471527.131111
"6afa85ee6594d1c8296f04b2",608930481.351111
"551ca6ad1ecfc7ac21f8ef0d",746330678.888889
"1f79204a8f62c29b0a1b29d5",406566042.352667
"3dc0fa238745fbc31ba88853",383915259.689778
"4bc3f597867c6844e9b47fc9",395861826.527667
"53973c17ea7e89fbee5e6cf4",380026235.932889
"05397b2087e5cf381809f169",448013596.236222
"584990ea9718bb5598495061",388954121.159444
"2e7c6a89d2cf2d835839f5f1",556640538.873778
"5c02d79c59fb636ca4cbe86e",560852356.977778
"114436e00c03b44096823522",897392115.600889
"60caee98c3cc8526d16d7f44",510373994.830889
"8207612808b5947f2802d2a6",783581626.666667
"31a73382ae20331521bf2e6f",664828826.863444
"c58947cd4f238cfdc0007bf7",1288717922.22222
"a7ee02ad2a4fa122799a2dfa",960009823.439889
"c77a63e92b9f727034913d8f",576217989.811111
"56c6bf831d3c6737e3844969",478987674.016222
"73ec6f4da3c277958cd2c228",1080525343.27889
"7dcd1916c0485e0b80f9eeb4",1117582528.25022
"cafa94c4a56c23ec73ee9071",907256572.965778
"d5ccfaaaa739b2bb2b3d46f7",610806415.652778
"e6d2e862f58445084b2980bb",1249542421.77778
"62f96ed5c1e5f28117949a23",432000187.654778
"20d8980a4fa8e094b7a5f00c",433226854.321444
"0172678cb0737e21a317eda4",460006565.593778
"6254ee88812e303bdedb8767",1241762659.44444
"a812ed43db71868625b351bb",923120011.218778
"2bd1c70db60a44d4400847ca",1041341789.38578
"b057dd8a9c2082d1a78cba88",426540742.358333
"2fb149a70fa14ac05582ae69",504836793.016111
"47e282cb12ae01243d713178",447546716.979444
"ae47cf27964393fd56a52d7e",673384702.27
"21642991a20d6b0d17dea2bb",701113675.100556
"43b10ad2660d7552ab6c3b10",666102323.547778
"64e5093d6bae57e8b4298123",889236249.260445
"9d8d3e6fb432174770c74e71",795643607.500556
"9f2498c12d7b41c213bec0ff",425575733.822222
"6461c0a03ad3ecf2f8112759",741958476
"09b15382686c42fd89b24285",950638062.662222
"da846b08fe2205d2e2a3dc71",479568377.866667
"2a89ac6511416d0920f1b9a2",867333354.2
"3e9083411c44213130b2ece8",588972696.394667
"0f0df5694eb388d843e1f17c",451359431.322889
"ee6a288e644183bb191a6526",469141923.930556
"8f570610ef199a3ecc49a0a5",682410647.777778
"3115e2391cc3a078b5e6066f",719114483.333333
"c7e45098251c687efe670815",491989196.581445
"8a3b7f5a8da339fe19e8f138",622653769.124445
"2f801cf48edb712627196b2c",568657609.817778
"a147a8c29757c5d0c592d347",548333568.653889
"86b0aa633bb16582bab5640f",583691504.928889
"c9620e3e2dce92bf95c57c6d",701426560.788889
"b746e4a5c9d04cf4dbf887da",592542549.616889
"915842a8a03914c08a6607c3",509475435.275556
"e9e6e054c1d09a22b7efa20a",660347921.436667
"4b6fb9b705d80ff350bd620e",524749930.816
"9a51784f33b0cdfce8312163",673537405.418889
"176c9a90fcbceb91569fa3e2",882487809.333333
"c97e70a767a3661c4869bf86",754699549.111111
"a6bdb6221b88a24c9f8381b0",577468050.870555
"0a1e6a95a0f9598150c121ce",845040178.561333
"37d12acc69d0e3e92420e62d",806968142.456667
"d433ad6c3cdbd707e6839082",858135845.333333
"36bec92975612d091a3c78b1",810479737.748222
"3eb97ecf8069775b9104af85",792984008.456667
"9aeed339b2d916cc89f38bc3",671472102.017778
"f404deec9ec16a8460397815",573083063.777778
"8a0114372706f30bf6867a2e",815701697.550667
"681e772045fbee930fcc9ff3",897172207.555555
"0816f29a68aa35abd5978e7c",778970756.278222
"670fe8f7b8ebe006885b2777",767648818.277778
"d36dd340e5875df6cba999ad",621219425.702222
"8ae869c5033c248f881ac313",882341722.222222
"294b04da3eaabadd55da9c20",868298754.468444
"17b360d57782208f5afdfe4b",800441161.111111
"88ed5ebb575d026f8d440c60",490971142.482556
"e611a37562f88ebe07bb28d3",453685819.459556
"e685650979374c571dea2ec1",444267929.935444
"10d47d2c73f0ccbc97979bcd",605599488.607222
"fe96a7d758a874b1f0c42145",442583151.080222
"a7634531887e969c9c5469d8",394117716.935667
"42f38b1b2dc077c88a746c1e",510673994.830889
"25e832098d9e6e7c2f9afe2c",781808081.444445
"b7dc47c641b46ca99fb83a0e",960966830.678889
"0391d158ab104c5cdba31872",831873835.310111
"a3c4d0ba7b85b9a6370e131a",1132623146.13689
"27721beb237824844adbc289",1034974030.44889
"6e807e25b64bf0de81f51c12",1279782266.66667
"d2637d64e4022075c8f539e1",877403664.974444
"faedbe92e3296977872a4aeb",1230933000
"5bbc190cdc5ff3296801ac0a",479237417.108445
"9b0abbbbfe0bc85686304ad6",507471925.835
"f8263893418eb0752dae48f3",506251668.718667
"1e73d6064abab2cccdb6610c",496472964.339556
"c0155096575af5fc8db843cf",428066590.339111
"9c7f7b0ebe440f60d3bd478e",506377846.178667
"25187d9f4cfe89a525ef2493",502718323.038667
"85815a09bde2a30e296f65bf",509432918.558667
"fd45b984efcdb0b434033fd9",564613811.013667
"5dac2d2027b6c81c1b7ee3a4",504467508.344
"7df538c0c831520e6d36e39f",480556467.618667
"14b81320fc31c7a513242171",503150175.010667
"8026e480ba395cfe1e09cec6",494581108.599
"80bbc51dd90d131d091521a0",505559835.273333
"ae6ac510d3e46a50ef24896e",498260197.768444
"06b90d41ad3ce1d0d389fea9",613776877.777778
"8d911c1a195567dae3cad99e",470122925.804444
"2876aa9ef0b44e43084393fa",531903176.927111
"76556774906f9e12b319c232",529530009.568222
"9662cce3c4b92d1c99849899",773331638.313333
"de3d078e5d524d8a7b65841c",558217953.863445
"547c8638128424b89d602f50",807587141.56
"c8a3dc3654c53cf66953de0e",633893642.191778
"21c8b93e50ac884e63514f10",917488478.746667
"49a0715897795017ee0de843",498174054.335555
"5d646ababb10f51c141e0d8a",782924229.555556
"da598f8a82b1ad1b02961cd1",846174769.299556
"84d8f7109615519f2ab0a48c",735796134.549778
"0d027b81f8391d73fe0046aa",811154870.666667
"079bc331430e94ee76f8097e",741213989.276667
"61055e6eb1910507640ce6b4",735937783.313778
"3f6effb8881ea683838437be",767861635.206666
"92c8d6ee8496b91821d7ba3e",750663053.237778
"78a08f21f7d7c51ff4d5b8ac",826425143.584889
"f7ee7282cb9edc77740f392b",750525865.888889
"694b0a500f1619c4ac4c85fb",828654443.060444
"13d43933e04c3c7a9e5071cd",929886111.111111
"5abb555cb9d65db8e6c28201",471436668.289778
"ee8103b958673c589b9cb27b",897922686.24
"5b3a467a3b0feb8ed81be1b7",935436584.16
"e570a5157e02d440a78ca008",710952593.333333
"70298b5e8fbd66aee975ff14",717744489.888889
"2b552d7b1a1488dfd618b120",508989400.126111
"f4ea9c80fe71a1bd0b692475",668953976.255556
"e6a9d5c9a82ba73e76817a81",809598555.555556
"9b58b5c993540ec3ab1e4a0c",454895780.226444
"00858277a3cf4f31b8e3f738",650670690.319111
"d937ac866f671e4a0c090879",545261515.666667
"7d02b3479cb2d89d55bd4fe7",583131159.686667
"bf79649b531e876c5f03883b",604610383.002222
"66a2ec5aac8969b2be538c1c",583131159.686667
"7637c251618135e082a9e2b8",628751227.774444
"e8c9070ca596f88bc2e0868a",592195087.606667
"64adcb2941e9553ee394caee",551519336.872778
"0bc8475715e42b752649b4e6",443865497.686333
"956ad3b1dcbe8f236efe2d2b",585658085.624
"dc81900a751b64dedcb4ac39",503292733.855556
"02e52d3895522d9be85c4544",464014960.693889
"49d6752dd196e7dd583baf44",476537757.319556
"8364aa431b2e267e41efabc2",523545455.388889
"1b59d33f9000d2e1aad46239",408928802.776667
"74a791baebeffcb7e7b917d0",716456959.655556
"0a3911a1a9284f2ff81689e6",481896605.309334
"6276bb8ceb13d174b8e405f0",476902003.776444
"d573d2caf8c67aa32bbe592b",422259343.974555
"57cafce17dc4de3bf8a9ba90",992669375.884444
"1dc9e5c684c831b204d21585",704214420.797778
"48df432642971a97d3d4bd45",590364136.237556
"4902ccbe8456d3f0a29e5059",610044332.677556
"3a810dc80d3a63f8cf106717",729698798.944445
"c9859204696f3440cdb541c3",837715465.953778
"349fa9cfa15d8f8bdcbe863a",912961294.426667
"d0bdb51c8020a37fe8344650",894601921.724445
"7b037e6e5d110999e51b79c9",890493281.239555
"f677c51266f5ada9e23f20eb",436774140.713778
"1b85d69a0f8ce1d6ac4d4475",505578352.197333
"4570a3ca0571c70657b4a1c6",527062887.965778
"de32ca7785b71dbcc76a50a1",727832738.651111
"4e3cce6b581e74879c2dbc4f",539416197.911111
"09c4d4b5d1c0118d877d5734",620629126.111111
"b9809baae395914981a9296f",985852272.777778
"fa56058283c975be76d7c990",726129624.711111
"7b32938ebf0b1b167a3d2d20",611057163.541333
"bb38c1c17612ce593e5ae7bd",409670281.017778
"bf0485c2e267d06b9b1d90c6",741264244.444445
"0357d0ee6e0646113ea543cf",629357428.718889
"ddf5182c482fca7d881fcba4",804732721.699556
"47e6a61fd652a3dd37556ddf",762309030.444445
"a9054883a22542257c7e778f",437092629.879778
"d7c70d831e88d552da09ff29",1082063655
"d4d138bbc80a0b29ed28a4d6",518446542.455556
"dc9119767bf4f21fcccdcc69",778823875.325555
"e8caed8cd754b0e3d43e6954",696344063.366667
"033307467830cb865a785e3e",647167065.63
"5498b3e3ca091bb81be87166",586953858.217333
"bcaded180edb36336c2f5b96",864368598.417778
"ee4377ff95580b93e80ae08c",873191610.740667
"c25e1e289cac1bbbee489122",785054856.555555
"7e41d90a838048eda035fb27",682586884.711111
"f418efb887a15127cf2563b1",608779617.777778
"93b27fa67eae8cdfcb846772",605539762.222222
"6a42271a0b03bf9a856d1acf",733376698.530667
"2af9e271765438a47fa7e7a9",399992834.442222
"11429e0923f804d7dc5d27b6",972833493.335778
"c218434cb0b05ebcef935e5b",591964702.744444
"a98e4f4db7afb8a6c9f69400",705807531.666889
"3c35c8993bb937164ae4a880",892113411.742222
"c23a1372c81ba03e6dabb0df",620419902.621111
"cb332695a296899d1c798426",878834393.346667
"2ace3da2fc4e0c022f7a8755",870380132.578222
"14f1bf9aa68aee1ac094097c",968287097.777778
"649a2784beb9b821d36179af",470873130.621111
"6bbb8f89bae38eff88c89c46",486249941.972778
"1905b860a8d463c3048b4e46",524975771.02
"3ec50faceb434f716d73613c",1246898333.33333
"99543a17b33ab955d03adfef",1113814722.54222
"edbafba81b92efa9b1400987",1055616967.268
"9b3846c7abf642e0a6220e7a",458781159.483333
"691c35e98d0d5780aa82aa06",622542111.138222
"395fbdeb9f0c0586a2b20edc",527127635.569111
"4803a3aedb6c20eb194469c1",508913754.802778
"bf95acc88b60a3d531fbd42e",491368723.342222
"b936e36ecacd7cbc3498cee4",449598483.608444
"293c8a0a4a358fe7554a4ae1",475998759.242222
"5a72e2a62121158efe59069d",460816864.669667
"605276b332b5e5984b83ea8d",559073093.016889
"d3de7e975a9215d04567e467",561124092.871111
"44b623f7fca1a306560172ac",625440640.222222
"9a6a8802cbf3549870c55031",508676594.908222
"f43c684b789900c58c8b5fd4",561124092.871111
"dd7ec9d7dfad5364dd303f49",618973666.666667
"506f2b1ff3e4e7e43a5596f2",582222428.988444
"090d371309090bf83b6fe0f1",756010743.327778
"886be9a1881866ab1f300533",728858314.101111
"ef34f331871e8ca6573981e1",674743966.397778
"53bbf1d3345eabc2a8b7f5ff",719760112.715556
"5bb87c8d49ba8ae67a659b52",795693535.555556
"21dd47ac3c4e1d6bd0ed2485",626310436.822222
"f59686ef2740247394547078",866783083.591111
"8fac177c5a8b4faa21b33138",502872805.427556
"b2bc172a3ab25b8caef50189",804090760.333333
"a10055de743532d7b7bd29a0",738278723.333333
"c344e3be381326a1b6cb5989",783876207.752778
"3fa4ef366575bc72ca5a0582",797160662.441778
"e9205b722e624eba0fd36145",964388851.999111
"e75699a7693c678786ced75c",553540723.826667
"23208132621583ce4a46de77",860925643.333333
"558d9e4b57fbe6c7e0a09a95",881808422.222222
"1a6ecf722b2eed8cdc19ba20",716412224.388444
"11734add51785f1ddb999c5e",577145943.333333
"82c9ce0d018c1d620b7a6689",629391059.902
"80d95b058cb11ec829b5ec96",550571061.248889
"cd89201cfe3fa19a4eb14bf1",626310436.822222
"d0a5f33f0689445e22db6626",504384996.829444
"c7c99ae9259b34bf9b8ba799",492788448.000445
"73806685dec82cf637f19384",512894112.240444
"83007c444fa52b34482ed55e",477547765.983333
"e08561df5747246d74136dc4",444109847.002667
"5b0219cdbb8ed527aec91659",906525832
"119805b72aeb50f05d3a5bd9",1078799345.55556
"fd20cc372715855081e24eae",958150786.944445
"e4a021b625f4ffbed391c6e7",810894928.888889
"902d4fc2c44ae5ca2703426e",833978383.333333
"71aacbd62d72d3eb29a744dc",809759467.225111
"7290697f96d8e2101089984a",637617762.153333
"314153750510e92ddcecf33c",874920683.197222
"9d576cf721ad30ab1a4fd554",466482352.169667
"50160783a9a0503df5a38dee",737731520.222222
"0f4abd70b68453d3500eebb5",411723048.372889
"42cde300d741cb134a529031",459491593.32
"1e9cb258a0b7e08244d7fcb1",649121129.468778
"febc9a1b054671445d756cec",791865667.616889
"39351adf139f820864dfe8f4",854493354.678667
"b4fac45659e67d4e91fe65ff",435774274.213111
"fbe555f6bd0edc1bc950d9ea",876812664.313333
"67308f6bb80d2a203e306104",416527658.231111
"799cb909791d43a1eb305eaf",549258528.041778
"4354c1b6b27a87c451ddaf36",526613411.842222
"0b937a3ea4864896b744108e",394130331.775556
"b96d8b77fb5ba71ebce2fb26",620466268.680333
"f4b1645da3f4286e39f2fe4a",826322246.111111
"a2d1de4211aff373009809ec",520046002.076
"50b619ba3e0b2a4c6512bc97",616283049.097111
"3d57abd322b0077efa1091df",753831916.636667
"652793275729ff3b69e86072",560032646.698111
"1e2270f9f49aaf3be01dab49",1181486150.24
"99970db787f55a4d1963942e",402906331.068444
"801d821fd6ab7ee01b62a800",552747622.722222
"2abd46909a251b8ebbd37133",537173949.615556
"20a783884d6bcf1aa5697772",464448601.022222
"2fc38ab2689eb24f63e32efc",720057346.522222
"1f592cc4ed728909040f953d",487434737.034667
"d1dca15e36fcc5ec14dfd870",487434737.034667
"54f7aab6b91b48272a81fb47",491679828.014889
"b6d84e7d569d8d0f0d0c9066",703732756.886222
"54d10cb2a44179fd4d726f1b",569585405.718222
"341c307eedfce3f735f4a63f",649062095.333333
"1e057cf20757627d1b006141",495827563.014222
"798bf22408ef6814759da1f5",673405995.555556
"9ef3691cdc2bcece41b47e78",894175809.777778
"fd5793113661540ee34b8cb8",715772422.285556
"9c4ce4e9f12764544cc8bded",654070880.555555
"542b5322e59a3273e10dcda9",805875809.114
"af578bfec5d84cc2f4ffb8bd",739603139.444445
"a310528e34207b5dd813df8f",824497246.111111
"ecf5c9bd618e3976ceb5697f",1177092663.33333
"d342a1ae299065045a957767",1322873751.11111
"f5dcdfdcc8f414cb7a38309f",679890544.017778
"4090c1b86074c8e769cc72fd",523675076.226667
"7ef2d4777310765d0c8121af",745020850.189667
"39222ab30001b3cf45b7de65",670149225.821667
"91a73bedc30e0c2acd95d6eb",726764746.864
"d1e6d6900eebd9ace65d6c36",654138541.924444
"592c9c45c07388359f663219",581500822.063333
"738111512f5e5052927468d9",596405423.555556
"0db51d4771623f5fc1026d74",508727477.909333
"82c9556e19072558cbe3a7ff",498900448.898667
"c1e51ab95336a51885b4c672",535411069.966667
"0eda675541a035b1f620ccc8",775718245.555555
"cf379b41b70374ac4cf82dc4",725339134.095555
"d90c961aa01e51d63e50a2de",697325949.236222
"990379c9f9f210206c6f1916",920581405.831111
"f8189811dc639d760937df95",537012867.289778
"3d1deb639d94b292552a123c",458221776.119556
"43041a793a13a4171f22e492",629723183.555555
"052d00805b2602cac76fed4d",677994170.638222
"c76207e622cf8a208910707a",529993951.454921
"ebe33bde2abbecd6d1fb0cfc",531562391.039111
"2e23ee2beaf5293f57a5c504",423994280.306889
"abbd422c412c2d57f5df62ba",411095058.661667
"648217f4d8b5e0e65dea066c",690956749.596889
"52e7657a539be5f36f48bed8",897447951.666667
"3a276f0df8c12422e14107c5",920147408.736
"dc537b5973d2b94acf6f23df",933197492.935111
"0a41279a5ea9b92bf8cb79c0",937108906.136889
"80ed77aff62d4c57ede6ba94",783748057.777778
"1fbc660f780245bd72015f07",584849376.322778
"df1f513009808ebd46ec0847",615791071.111111
"58708fd9e83147daf1a80c48",421486337.554889
"52b699f9900d81ae85ddc7d6",446830100.718111
"98c5b154ec80083bf6f51835",812056022.222222
"588400f7829874f9de919e39",517672779.853778
"46a2a88ef09b2aab932ea02a",593562286.457778
"31474c62a8f39e250fb2882b",881339407.888889
"b40873d316de1c295f2a97ec",515301376.016
"bf4b8b23cd87377169684e98",539048620.629333
"a34b3b037805f2ec489a95fc",536774261.287778
"963985c57392ed0423d74caf",587699127.116111
"a93a37e4cc75c069e14ffa00",737729623.333333
"071f284d07719a3517c55567",641956688.444444
"5d030db414b00948ec10d18f",424829336.096778
"6e57de8c4ec2e42832cd4b09",695038881.77
"d9ee40ccf461ce3e9ebb815c",683646553.444444
"ee13d186a24af238d06e0c2b",781184863.239556
"f27397321c007765244e56e3",864438549.788889
"959397711c3f452486ae591c",978870830
"a41222195e5c7d7987dc3c7e",451952825.85
"ad14cc63c36789bfc1bac0ef",388197481.354445
"79ea72e7b03cfd4fdb5219b3",559911232.864889
"cf68e05962a41395844e9c80",664303187.111111
"4a20d03d09fb9d0ee5565ec9",440754017.778889
"734c9446d0674b8d6545bfef",725650141.111111
"d9706de7190ae64c83e65769",654298414.685778
"b778282fc4b9c43055629e44",735760515.962667
"a4d4d6480b56d6198c0120d4",758372917.463556
"7557a9bc12cf0f2901c00264",875851987.008
"41376f69b086937257387f1d",756704153.555555
"2910f3631d1db77e4b61f8b5",523425609.542444
"3a8a506c99ede47ae2257e87",696923519.332222
"25d89911e830697217d460f5",621655761.237778
"365a227184022e99f1d2a816",789524246.962444
"c6e34cb4e79a729a5df4183a",738298824.111111
"c5c3f06bbf812593d1b95a40",881998586.111111
"acd6ad0081960c0f17b144dc",716755450.52
"344a104d2210954497a5a388",773030464.444445
"c0109086d0f49aac6c3f3f18",714786016.537889
"c42c99f5da3248e7bcc73fa7",1000572555.55556
"8e1e9ae57400052cbbaed9dc",1183452944.44444
"8cdd55d191f206b0841e56eb",606665501.330889
"c1e0b47866cf4a0120e4b3d6",575145281.217778
"45a033d121ca5afef24161ba",565082859.382222
"bc834280fb45fb308d957640",541360957.464445
"9ddc14c8e7fe7ffb078e0019",921285040.619111
"7d66238672def6f73c25247a",668766627.618889
"2c12cbaa1f14553c1d41b958",398409456.871667
"196969a98960a68088266261",446830100.718111
"a5a3cab55661982b7d30bc78",629279960.444444
"6464d5cc161ac659dd963897",442674223.182222
"e9f44786cf982100af0984e4",793958510.040667
"6302e608d8f37e63f4e5cc27",425912556.648333
"ab614a5008d68aebe34aa201",711477291.187556
"06bfbccfb3ec0b1f65f4b351",888358566.666667
"f7f46ac9158f0a1edd01709e",820864613.704889
"6e233ae6294318baaeebb59b",840150849.511111
"bf6e713a689f574b532edd4c",882970351.319222
"a7e97bdf2d4f2f62f9889c3b",622972901.184444
"784822ba0060eac9358cce22",447590452.175111
"13c51ea93d19df6c273a1502",494536017.23
"176e00102fb65cba56279287",464771349.771111
"52e5904902e4d75ad87afde7",596368933.862667
"728ce22c8db9bd0abe3f20a8",844658730
"e8bf121ec117e383c843bc51",1059463622.22222
"878ff8ef3c862929bbb19ebc",754702042.222222
"ed80ba018de35d5d76d50db4",1042713842.74744
"9267fcc93ae3b6df8c12d9fb",559134791.118444
"babe27dc477f5e1b7e438422",693904295.597778
"a4173461aa676e09227559fc",443324431.133333
"f0b2a0602bb5a83f0827ac75",821773586.191556
"2da346c00d6fc39268f12b82",677749614.201667
"9ec5fbf8767dd0d2744a79b4",645422295.579556
"c85e9bd6e20ee2a883d0a7d9",424438728.329778
"191cb509fd44e580ee32486f",704952568.706667
"053d37bf1d988505b5e91809",616503656.666667
"4d3a66e028dc8f3e9ad9e9cf",721074534
"c75b265c0eb946ce77e32ce7",785819237.204667
"d233eb8af3ef7e325f6c8f9f",420849407.253667
"7f7f5313341b3ca499968716",611139528
"4fa51848638f4437a3e31682",885759440.568444
"9090236db3ef719edf72a330",934062336.528333
"4dacc190eae91b059dacbb00",1201758888.88889
"ccd2f6ec8e9841f1068b7c76",689967456.636444
"a354cdbaff42acd1a0b5d82d",780682551.510667
"da8d3092ed0e085a83a7d67a",736986139.444445
"1181e18553eafcf5edf6fa05",717029867.695222
"5b146f1914acf2ae78360fec",660736926.333333
"a0fa0aca2f6c2ae65a98ccbc",713254489.888889
"038bb35043651579f443c481",821401822.539111
"430c46358b85ad4a741c7187",470951440.976
"4becfb041b0439429f2cffb4",488256136.373111
"feb87029d5a2e8125e165bef",407204575.753667
"61ffbbc24b30698ab8f735c0",438485596.692667
"0e3067f71dfb9dc2e03bba59",468031004.035333
"b8ec643c66478da376153333",424772007.034333
"c8bccdccc9186136a332e995",913992101.343111
"0f4765c8929a87746217e957",1076028194.22222
"68c145df0ef91fb4d14d001b",439358308.26
"e5b92a0c67c506ca6e92315a",632791804.965333
"a482103965890c922a66eedf",583888565.086222
"1d917f9f5a3cd44cc4dc8d2e",631916431.415556
"4cc968db25c2cf03991c0041",592559244.5
"91ba0c5b21b52734d1e244f0",653160924.820222
"d6a8f4abcb02142c6dd15b30",550711010.681111
"0587e7e1f03af8ea6c46290e",661831765.533333
"61e1e0c49f3aafee6ec9179d",785729074.717333
"797da4e993a993ef80277108",744420510.777778
"b8acc8e72f2c498fede3fefb",751181955.720889
"ef2ae24039bf2cff1caa4340",486747612.747667
"cfb8d15c6b0c0e6ee4b92109",781772242.222222
"05aecff6fd8d866c6c157a9a",829901029.684445
"b2e37eb7cde5cf4290649ad3",1097935531.69956
"b7ecbd35179a7658f3c11b41",1106336230
"699095150a7f3f32c40454fe",1313192722.22222
"989a4fc1590097414d7c3fa3",408175276.492556
"b6853999c45e21646a0d1b20",437092629.879778
"6ddb6863958ded0d72fcc6a9",468054601.310778
"f6fc3807b54d8c69459c4f64",524477429.755555
"6528ca87df8bb477f4b6b8c7",427549402.289778
"7bba885503ea7716ffea503c",470480011.413556
"846e6f1ba1c94966314345d8",695413238.335
"04e6a79dd3e4d8d17c8b5387",949443241.550222
"4d60db10157fd0b5eab9a23f",726896130.237
"0d7d434afcc5e93050e0b86d",1083995144.20489
"bb9ffa04d913d06846d082a7",958153944.631111
"80abc4c356813c1e4ead1e1e",484436624.387667
"df8979b26c9971dd7c3500d8",711829926.293333
"6ea18874ea84b5b4840f9b85",599274712.295556
"aa75ed5781e6e8584143daa4",775027671.444445
"c8c8d083c9b9600059a8b8d1",514574391.827778
"5c8f3b7ccb4340263c255d00",544948275.744444
"79b943894c4dd68bfd8cde7f",652830818.873333
"64f36d32a3a64853227fa69b",1132918648.66667
"d7080c3742cd9d72e9d0ae48",521833603.822778
"8333d32b98625a2742cfabd6",857079960.328889
"bddcc7fb72bb973f84b864dd",816864195.914667
"5a80dd0f68dc2cf9fb1b0c03",432434319.913222
"5d82060575bdb7be33e63ecb",835603146.012222
"de416f239b27327e0f78b862",874645949.082667
"816f93a2e035e4fcf61ee4c9",848895836.666667
"aca1776ef24acabe172d573f",796668559.555556
"af32aa018cdfd081a81bbc80",536991920.022444
"7d133cde943d189c9abbb6e4",512467171.71
"80035ad5b3b4a948469800bb",785821971.558444
"95bdebef7fdc2ac0e9541c51",818248533.333333
"d038e5695b32bdc6fff1f72d",652477349.016111
"2979f2d91d649a8c14f5453c",635915891.150889
"a0be286778d94153d3b22ccb",728921377.777778
"57e8ea351ecd1ff0825b1324",736429970.482666
"c84f96cf4570158c3832c3f3",787556088.196889
"93ab279de0b7b414ce758153",747944902.197333
"2018131ad3f6e5aa8f4be704",931864595.804444
"eb055771816b45213df3ff3b",433038303.467889
"8e3700ec731701361d7bb7c9",411774944.400889
"422e994aaca85628ff759004",529736428.533333
"569e2cad5c18a5f393f80a8d",728645070.111111
"7b4ca3a8d09968e48c185260",824393562.584
"12785f791e04b3a49547fbc6",858289437.777778
"02ea72128a99862e9537718e",832283940.637333
"fd77ee8ca0551b5b614b40e1",776868267.210222
"ffbf6a54fb00029ba24dd3ad",514683719.176444
"a295b12b773127f15e83e174",436332172.512444
"90f0cf22cf9c8fcc290e495d",443110136.590444
"220d466e3737f1f2a8ed06ae",424928565.809
"235c56f4afd6d87f1b3e199b",432369685.882222
"eb0f3b14782c9a484408c606",859885088.833333
"4188712d431ba996cd59fbe5",450978164.366667
"3dfd7e954d6f7f40af60bc9d",423156307.536
"00e80be4feb1e8593b7713fe",544666069.275556
"eabdd1bad2bc4351ba4a2635",832052580.085556
"850342685ececa472945f7ed",787733911.044445
"ecc4d05489c5ffc8164d5469",380618717.731556
"2406d47133763272a965ef51",421963276.464
"b9430e8c145c2a0d7efab2a4",740421479.577778
"4f8dfb8de411b8a05c55dbbb",670172954.730445
"574b6bef16abb21fd67db401",618800523.333333
"e7ef0d61e27de15f10b0d643",829203584.263333
"647ec3f486cedf045cdd3b68",593215220.693333
"69d83d8492db7ade6c37c3de",542060333.633222
"6c07175274fba6a0dc467cbe",659128667.210555
"a5a71962df1b8bc45bf5547e",732162876.770222
"ff61abc1e7843e20b1bf8656",453035008
"540c4d7a79864885d73cca95",541542720
"17d0f69ae2c4f1aaa1aca9c7",598129844.887222
"80de6a9303eedbfd1c69601f",750087915.748889
"7cf573f273b14a6cfafa3ec8",542582050.64
"eb9ab213defc2de5d878653f",615470808.628889
"69f7ab8608b5328f106b42e5",849681559.656111
"9daaca90887e5144c35daeff",461966201.170333
"2bd08c0964ef4a95295db843",817233899.439333
"34f0542a538cee9f3624d897",457590378.788889
"847a7fbd4425fd2fbc4b3edf",1299813000
"22428154baf95870f1d83fdc",931350007.985778
"18e89f083fdbce3da0a82a4a",1045490122.29778
"63674e7ddf6f2b4d7c6d5c1b",442753586.04
"0e97f66cf4208c1a57d1fb17",431805181.55
"a90f7cd68b662c87d9fc2d5e",721890313.205556
"2086639384041f3a9b519140",770538400.444445
"d38353aaffa4af168518c6c5",625327189.084445
"d994f3919c3c8fe0ebd538ad",1106901465.88889
"ea9d6dc517c77ff8bffd596b",1049238086.58133
"ff83788b9f8db0297f6c0148",924049229.72
"9d9564415e52518c2817f66f",605520927.736
"9362189c5d784741c9b0f8e7",1054958424.66667
"ffb510bd3f847f4ede255fbb",454532150.044445
"7d3e4ead63a869bae978027e",895995418.211111
"5dc404d1c214abd2d45b2a0a",959037918.54
"64335f6d4c1a7514377be77d",637507216.111111
"b81801f02a73feb1db7f5e83",793282097.27
"b5d6fe84ee7c6a703891112d",1239382789.20889
"af0502ae1fe341c2ce1b5325",588394333.555555
"ec43b2789c9cc266a8e0d1f6",542597048
"7ff8b0b5ab4fd12f3be399ce",766826377.948
"d5c8073e3ceefbfbb547eee3",868272895.890778
"66379c5752189c150954b4f0",460169904.123111
"6a3f9046cfdbf4eefca3ca69",584854605.513111
"b549a72c938d767ed504bd83",807317128.055555
"f48e503ebd3908838c1f2ae6",563623346.447111
"e58ba64bfa5280630bfcfa97",720933113.385555
"07edd16680605925192efcf1",674867020
"70b821bc1c7dd846a8be343c",410752318.288889
"d84d7edc4a4896c4a8722328",507834487.777778
"6d592a69209ef3356e656c44",492128355.724444
"ca9b2ef10b512905af6be620",752135037.777778
"bbf16146922556095f53b5ea",838173272.16
"86e80098f5a3e7dbd635838d",701789458.314889
"dad46c20f9f7d834e522fdd1",916439734.705556
"e2dcb036931bf4b2aa030036",1086030222.22222
"aa7a25411bc0f9f93dcc40df",400674016.552444
"e192181121fe58a8bf94aecf",523228627.304444
"5aa715bbe2b178ad0c9e4b08",831427316.944445
"43b5b5a9a1615eba48ab8b66",396565462.083222
"dc91e3fe1b190fd8cf2584c9",599025033.222222
"1014341bbcd2fd5775631f78",519421158.804
"7f2e9d302a6ed1770db9f7cf",660512160.196778
"73f4074e5e09e52e0e03598f",756297559.176222
"0460eacc73398bb95f0518e2",1060754707.47022
"5a44be6fad8878eb2c394ca9",795258617.777778
"936cdcce007bce08a72112b7",584893249.19
"8334a4cc7db8ed5c0071fe95",505758126.76
"e3e9d1d073b129c697c1e9e9",758731863.888889
"dd9a60c3d502ca3cc98d9b73",744197792.222222
"949184accb5878f82fd5c10f",503022714.419778
"bbc675f7edfa0425c78c15ea",679939018.298667
"7436750d73f2e56b4f29e98f",753480314.634444
"cf81103f31f74edfe0453de8",623832461.509333
"620e467297aed5c47e22735a",413622412.324445
"41037a3f8625082544979179",578925083.291111
"6a2db40e5f210a31b2f7119e",453246274.151111
"0083ef74db679d22463a1afe",564852059.948889
"b19be1ad7f60717a943ff0f7",487838190.606
"0906b6a88fb1eb0d7bfb6bb5",436793200.852556
"f82adf71d17c261b41a5231a",481022323.244444
"bdda694c42c52ba4803d482f",483889928.022222
"80f633154b6f94b8fa24f213",575687520.533333
"f69aa18a64d8b8494fd9fe3f",425920355.868222
"3146f3ec9b237fa0944cec7b",547721302.994222
"5db3d671b5aa03dc33f258dc",415806701.607333
"d5239537894ce7f2a9cb5a49",584687849.817
"bc28e66374356a4fcf9b62d7",458500700.905556
"3697e556be961a16a621f3e5",450286809.814111
"bb6f66493fbafa76d70b0a34",721165822.222222
"e78a4111d943044a9a32ed80",736346417.333333
"044e2daf937c0d8373f2e914",767323233.333333
"77668d4325802de9d63609a9",747434139.777778
"a85ba83751915d8d5d1a0e09",743996612.164
"429460d5f5c5381e945cf449",883400007.248
"a53dc5c58f7384729ba37a21",642651152.024889
"a4dba76865fbd14aa19c0286",778940819.176111
"7573c18a79e5e3ee0610d7cc",877325561.107778
"f13f72c1cb469db92b25c2fb",1144073868.17911
"45dd7eee4488e88d71d46783",1122130661.66667
"dd4fd04b9fd80818bd543f9d",613901481.147111
"500a3c5953f89b431184fead",614114578.333333
"d2e737461b916ba78030c76f",603987217.733333
"e1e69b5a90431b8a44265487",564934326.772222
"49cc8164d94a2afe8b750af4",479646895.699
"e9b054016b281140d2566d88",838005285.311111
"32161228e9c502d2c21beaa3",478139807.653333
"9017accdd4fe3229fc45280b",431848389.01
"17fed4a312a9b773f64861d3",440354669.814667
"8632f5681d04d9c934675409",922836602.562667
"8356123e4d10a479a12e98bb",588321301.444445
"70463649ffbda5fdf3c10ec8",753842963.479111
"1414ec3cdd3f6ab772fc7584",615596666.436
"937708417ef2642b7d05abad",801234812.081667
"afbe90d764c1821cdb26e38a",462161097.126445
"14331a3db021936067b15890",602538923.333333
"793efc460dd25b67c644e92f",704341832.680889
"0a9e4dd0eec86037a36fe769",799798218.217778
"e5168779de76d99010e37c7c",818895852.050667
"016dd08801ad1a1e7f6e695b",1204360233.33333
"ce509ce153f452ff8a997538",881909049.902111
"66d8ce8e6aad18a4963275fc",702969278.888889
"8398e3b96d1311c7264f6603",892173803.333333
"e9081115ab418ef1031326c3",563419421.097778
"5c8240a1ebf6138f81dac715",808813453.555555
"18cb1adb2078fef29a613a96",745641702.222222
"4167fdc804227ed43224a32c",1205879333.33333
"b5d0ae257748ea92c47d8fc2",497270403.753555
"1d17f0ff708e6f0b93a990ec",772488428.886222
"764f506bb2aa1ac4de918a71",833240191.555556
"7a861f1e3af4dbbf55b2c301",505060266.343778
"1562a23a312478d7a05a33dd",466864325.849778
"0a040fd24e23a77f0c58495c",760171442.272889
"7f0f5931fe148f6187ebf512",521680968.333333
"9fcdcb2be94744d00e734a3a",847709817.635555
"f181f74e96a93820a23bc0a0",572597034.666667
"5193b43c32a2bfb3aac6b2af",857812957.047111
"6cc7718e834ba47a429d6874",562330575.743111
"b8d06f4ce0d6e71ba0fddc26",688076379.511111
"30a30e4ab286fd822c68ab5a",504423413.294889
"f99bdff027d28ceca0caacd1",774727110.636444
"f46f5e911c6c595efb5b7ab5",476824883.137778
"a7f0c831d82505044f370b1a",465978884.946889
"17069e9f4ba45c93738b109a",492861223.058889
"dd5c910c2a3d63b8fa92096f",445454664.662445
"a33329c9ed11ee8b87aad6b4",418793195.313778
"925b457b5df270a68b84753b",448213394.808333
"d206aafc71e8aec2afc3f8ee",452345972.348111
"f8232717e74332384075dde8",436131487.583
"f60d9f0751a14efe41be383b",507885650.570778
"13adc7946bd4e6e3e4416e52",467983260
"230cdc90e6c825d391d5025d",509990373.944444
"e98cb170e4383546988c6829",429525939.768889
"5bc46671989de2534553ae49",514401358.030889
"3b98c8e46cf8477a1968244f",459361795.180889
"f9f5fa4ad495197a5c9b492c",454346718.871111
"0bd42f8ee9d36dae4cf35886",439549902.038889
"567ca46ac91cc53e3b479547",421744477.432111
"f0ebddf2bd5aac661e4945ce",748299184.528889
"eee841bc785b1824b6419a73",540667155.555555
"004776514ad269b380581066",487016628.13
"bd3edc7854cffd6b6debfb98",602236858.232222
"0b42bbe66e438fa81a2ff77a",747978504.285555
"a33bfa6cf99e26bd9c49f8d8",583688338.898222
"8b45db8a4f2c0f772c8d44cf",458293745.439889
"262b5b0bb408d7cf53073832",584621905.302222
"5844c83fecdf7e09b188c2f0",521939904.222222
"9cc3c05f0e81b8f6454b80ea",497758005.925
"07c46b493733d74c4f384b79",504637718.166667
"932ce2fe93b8e1ec0e7bbc8f",470123053.333333
"559fabe06aaee537322d0af8",460291083.731111
"f4da2c8dd901cca9cdd51025",533901250.888889
"84eb4861db0816bc8722f379",583688338.898222
"d0dc69570223bce949a4c17e",648866545.555555
"abc2ff9d0e7848169fca170f",479941589.856444
"3e3880088f0df7c447e27840",438816780.915556
"3580dcbd0a6d7d6d3546dad6",460808761.672
"f123231ff18912a3dfd7cae7",522387026.835556
"78a7eac41dd672cd1863e3b4",914715540.882
"97def72de478566ad58020a3",661708199.902222
"e3e2e3080cc309d34014e8fd",544121252.044
"71be583d473084bc0608d066",696613155.447333
"ac6a4c672dfbe20f5bafbd89",585125561.120445
"f4fc081a112f5ee1b3a09e70",522082290.096889
"d8add8f5e0aa562a63c894d7",452755004.493555
"88ab887e18e38d0b8315286e",623604108.124444
"07c8af84608e6c9206ad6961",572445442.026667
"2b352d996677e67156391e25",613586024.764444
"ced624c6debaa01c732e9f60",769852965.017556
"ef92f63b46f27ccd2151a21c",707024935.313778
"f4022026c279a9b77a894ee2",584946894.453778
"e2e2218086e6ef5377c01b68",640067766.228
"4af83eb7718f5823ae69fe47",581200098.755556
"ee98e745afca6de4550fe570",584796672.231556
"bd1fda425d792fb0de7b4499",547890815.935333
"86b2d3ad1dacb372734f810e",438816780.915556
"98abd5139cc3ea136faf7c8c",553213485.416667
"4582ec985de48290c5f1f5e1",568013768.666667
"312a6b2a57dc6947f95213a5",539991682.231111
"86a47522586da2884181f128",694110495.780667
"b41edc115f6b439caf392941",473712744.577111
"fac682b61b813044a3e3ad01",604290449.881111
"63f4e57fb2cc22659e80d6fc",440939845.903889
"4310c7a552b20afd46f930d9",551898811.425556
"4f18341de355d2cf57a03983",470058519.223778
"a418dbb6d04e505c133c6c1c",804951791.174444
"afce1d7c5576dc49c80bdabf",747233321.488889
"5ec12159380f4d1a85e8b0ef",494100236.333333
"78d10967c36cbf346bd58f63",733734871.939555
"f995364cc33c431b3c93db45",567705393.282222
"99b31d0b5d5ab75a2653b1a1",477711669.497333
"42d42ad031a2c62be9b5cdca",585125561.120445
"73d09646de4e0ab46feaceba",443281576.443111
"bef4759bfc25c7d44a8112af",533590967.555556
"c038742e427830aef3ac1c17",447840774.745111
"e96a7f5424558193663ef6f4",557024927.222222
"1af243eb63d893b1251f44dd",707024935.313778
"a083fd17c5e7c9d33540b922",454305528.191556
"549024cda1c093c9f8bc2ea3",519096697.750222
"164cf5fb9a759f2e4be67b6e",557547599.986667
"65ff6cef76efb4c83ac0611e",540365196.771111
"784b1db005d39c2f57666efb",504875978.918889
"a2f06081983f748fcd74652d",541332497.444444
"66e4f010db2febff23b4a4f5",617370109.045
"9702cf3039b86f97c003e20c",733954641.283333
"48de5d43e88caea594ccd27c",644679795.555556
"6732c28a236aa1ccc0cb2c86",708873934.017778
"8a1d1f70adbdeb233ed3ec3a",691542366.037778
"c775d4f60fea55d5511da4d4",700469280.904445
"1f4109e1a4b47a9b11c2c019",589944317.266444
"31ef69bed8e54b5e1fb245aa",674614927.725333
"882907ccf178b23a02ce262e",608900915.792222
"2868ac4225657a13f6149e6e",737658007.209444
"cf6f0a3cc030024f4e9ad06d",704064115.955667
"0a1cdd0d5c3c8b973ab1a98c",798119580.607667
"0d099b1e1a314dfd9aee5293",628052879.344778
"898d1eb301c92ab6603e0b81",671322835.052444
"9fdf7d85fc65849cda3afda7",724302593.455
"f5ee97750fd4e04eafa9d1d7",700352708.844444
"ef9cf29f71434be184a4ebd9",628016827.111889
"e4559824c3390efd6282960a",624248548.691778
"f8dc73052c66ab334cb7be14",753208564.809111
"2e992370de3eed4ec1271589",766033736.066445
"e2bbe9221780d01a265e2ef4",794577714.328889
"b65a2a140ad5fc6e3e26b6e3",667841887.939222
"3dea0748459a295fcbd2f0b6",517816504.989444
"7a1cb1f751cd36bdb6412ba2",732235002.878889
"1381c0399ebbf19db3a11820",667841887.939222
"479b2c9c12602551bbd0212a",572215194.045555
"d463fae95232d30e0f78f93f",656181036.831222
"d0df2748d371d98d76408d66",613973169.349778
"9551dc6098b721dd495e5c57",799202915.790222
"fa736ec3f2f066cba4328908",594438818.888889
"37fc4ce5dfff7faba6bebf8c",790801555.72
"f336d60e41c8bfee91d58728",624299941.274444
"65e1a61d984712e76829c821",793500047.287778
"65eaf65f8dccb8e49a93b753",746312885.555555
"36eb8139a5ca1b8459eb52c1",701194540.993222
"c357cc3d2f4b45ca3e1250d2",627070190.402222
"4b75f2b374e8674e8b55eceb",880910049.054222
"9c20784acde0823e9479be2f",698149982.222222
"0f2aa0d9fdcfe894caa8fddc",870717245.888889
"23374ef76774d4f95f022473",895080722.222222
"4224e69acf9fb071d4cab498",855547198.791111
"a41d05f2ae3e022c16088bd0",908582631.446667
"9b30c679d7da9169580773a1",865554355.533333
"2795cdb2f4d568a782dcfc3f",863440456.666667
"5399af7ea98c97b5906efe1d",837654397.584
"5e93ed2a9b36625c4450b5bd",806712777.768889
"d04d42ff91707e3957b4a29c",761938342.034444
"f32ea78bc5ea15d700d3c118",886738394.793
"8ce2d6e505ad1da079f34a8d",850698377.777778
"014799b9ef7d5244fb6640ff",929494509.137778
"f50a72cfa82f3742189b7fc0",899955357.1
"8876b38f90f5571639b7d879",886399722.946667
"239a2dd25f604c730136c720",882780387.333333
"db297b6ab332cbbba338e7a0",760468187.966667
"5aaed76349fc95f6c12ced7b",875350276.130667
"10c94f25ce3f7532bf4f3152",773924772.444445
"d0ac1f63c75987c92038bd30",805962444.435556
"db5ea791b33be91840a6d045",863060759.531556
"8627562772d9d63bac507fcd",795028474.124445
"b1ecdceb6ac00b6b047c241b",813222600
"f499c1513abf0b05aa1f460e",857072654.222222
"0d8b0ca08838d1dac052d51c",854613388.888889
"c54a573c9aef013dfa2abeff",849484496
"f02865ea64b156bf4cf4cfa4",831615375.501111
"087b564ba475edbea431d4e4",841208804.109444
"2d3236cf646f19a25932676a",857229581.333333
"68b547621c25c7418cfdf5dc",746891586.666667
"097a1a08a389439cc2c760f8",391469834.528889
"e9c905ff64c7e2f8c21b0a9c",378579125.553333
"464039bbcabc650d659f6683",492754974.010222
"93c24fa31fa780d28ecbc318",459159528.377778
"a73206cd21136b209f25c7cc",416717807.013333
"852a11f12646f0a1121824c2",462750239.421111
"61953f4c9bac7cac5ddda5d9",1102643661.15644
"5a5377f2d087b7bb183783bb",654732982.777778
"0a85c354c48921e0ca202d15",1118570948.93422
"12f9d50fad58e4e40a187d98",854139909.79
"45ac018012e7dd91d41a5876",477282839.053667
"28f905e91295a47d106a3214",1154922841.82311
"395e3718423aeac3d40494a7",528836495.139778
"1fd7e9b1e717578f751c21c7",619323558.395555
"e8bdc4a088a6b99a538a6f0a",470100688.985333
"45b894a8b028be29ed137f1e",950458670.557778
"f5c866d489889ab2f124799c",854073156.106413
"3d0de71d822da8a999bb6222",636582489.444445
"ecd0b4bfd66fe04c278dd4ae",607206054.962889
"9a61bfe6ba2b8364a92e5a97",940109886.592
"e8b8d0c4cb87efc13344bcd2",959696974.180444
"1f39ea319382fb0e41ead713",1013677144.57333
"d61700c4ecc128290bc42d3f",389634895.932
"d87cbdc4896e0e0160999520",387636879.389667
"d1281c9f037ea5c4fa683b84",386781314.551111
"310e768d2e8836432f8b3e97",462168610.543667
"c5498cdddd7856e99d21f52b",478649476.577555
"d3169d4a467cb7eac41849ff",648454143.685778
"2eeb4b0d7afa57b63778b69f",1247140722.29778
"7b3621124731bcd2e543562c",770334779.622444
"5703b4ab6e77d88f751bc6e7",682858390.859778
"2c567face144ca714454abf2",908492907.992
"7169b5a3b9a796162de685cf",981157542.825778
"fd19e1b2e61f5efde879f6dd",869916784.779667
"55f0e95dc857256aec65ec1a",888735663.111111
"ab03c034e2a420f395ca094a",457378122.270555
"ee3c0c7fe3fe73ad0449870c",1297734243.44667
"e59afca092e0ddaf60c9419c",755707865.582222
"99e48a46a1a599471d3260e0",434130553.669444
"419398139a3aa2ca2be3f941",549736935.777778
"54c33befb89cc873771c3be6",1169404641.83822
"cb29bd3ae3d5da88c99d3db5",687603442.571111
"24258361a4ba8f772a83ba7c",776856387.396667
"539c12d2fe8cbf950b75a0fd",474127328.672222
"7b81996f3abd287b50adf8da",884541722.222222
"0d9e73c14529fa3f1ec8a56f",557113370.844445
"dd178fd542fc716e32b4136a",521792668.742667
"9aad22f3d25e46538e1558fb",574847163.628889
"93df4118ec3536b312822d90",847850048.386889
"7c6319c04025c4ed6aa3f051",557113370.844445
"98e04fd660ca1276d1510a72",556912780.844889
"4a8eaccbde5a4a6747818d29",664373457.444444
"9f6ae3eaafbdfd8d5c0e64c8",889803028.111111
"5929c81cfde8ae068a8b822c",789775936.939556
"b94ea2b8b847a47140d04008",802459125.063333
"ac1b644a8d2ec042ca91f89c",689461165.644444
"8df9256029f526ca313202b7",641746466.186667
"e029511780468f4cfbd10d3e",544479958.216
"0878fd8b66aeb22f6af2d7af",448275198.387778
"76258b7b7e8778cd60d3435a",610174022.547778
"d64a2ad3297e2fad8ce66197",417790444.865111
"8af6bb75c85a2789156b3696",495155407.425333
"40db880aba8951909e6e4ef6",750626166.018889
"c9e20cadac540faa59d9aa3f",422909279.787778
"7d5459e48101349c75d43aec",671393168.222222
"fb0664d59b6333ae1861f343",910760584.888889
"bc6b57600fa9edfe13fb3118",879791771.111111
"d309cdb5688ff7bdbb682d17",671032713.564444
"d17ba799e68d7775f2104b3a",521011792.131111
"2baa6afba131b74487c94d74",671983320.888889
"0b7c8732558fc04f4fc51ec1",627402553.304889
"0d8cda2859d9903f6202af54",466990578.083889
"0f2913c5aa681a2bd45a5484",864166018.128444
"de6010c57fe78d975be38c2b",696699391.84
"54b474bc7cb126bfe8e6c144",817707861.414667
"b1dea7d384760535b770311a",648440654.574667
"9e90e02c8ed3ad137e4c3abc",459859353.263333
"b59711a5971a3b482db4d9f7",832283940.637333
"2c37a1280b18e095b43e19f5",791942994.636444
"fcd7c10d81aff25d9233214d",454690087.772889
"c3b8bbc492a7d7bdd63da22f",852507683.887556
"42aaf6521fdf1dc9bc50f88e",426048018.773222
"3c268e9119b8027f78f91954",645456422.317778
"c8d5a0e9614dcf96a500206f",497199985.363778
"6c778557da9b5d99f90b1238",820762195.042222
"4514844d15690b7331fdb6cb",850352582.248
"d8e981acf77bb46a9dbd3109",774621849.208889
"b940ba03ea60d4cdc5d2d429",768693777.771778
"4fab4e66ead1948498d2a4dd",467745356.635333
"a5620899d410af623a3ff4a9",930231517.149778
"f45e3be8500d7bd91cc8855a",432267990.868222
"4b82eef445edeae7a55fd019",589154225
"29881785ae39aec014c4982c",677111718.245555
"0d9f91cbcc9339146bf75bba",494754336.209333
"b839e76df5d73e7d53691707",732062879.331111
"7ac96f16bdc50ee7619f3548",904753197.585556
"a102a0a268840439c2c8f4c6",458533118.814444
"e1132006785632e4ec5deb02",554141875.444445
"a041ed3fc0b60fc4ce3cf847",662961630.446667
"84b758716f47bb0f4e4a2bed",465219574.745
"84394774ab45e0c8b733bed2",444390248.755444
"2c1c91f2bb4d9dae38a44360",409789252.240778
"8ba9304ea7b8d2b071bb0699",666669161.607111
"9a76cc7c650230c670e703e7",684770470.242222
"9b0833992397c6e50b54715f",722454154.63
"6f192e6a537c1509521e1e8a",734550646.264
"d1668e2d35a939ed126a3f8e",807158478.911556
"a17807447696896bb61ef8ab",612990515.555555
"d043d368d2584ae95ad3672c",908057906.666667
"7f2e3f2eb5abf86b56897250",781935061.333333
"fdb1cffa6b7346fde667d72c",486940265.723778
"58a3a9f44bc7846ae26413e5",589511165.379111
"af230af0c73a5f2b72787c1b",885863068.897778
"3cd5562115870363ed5d7558",711122420.985444
"cb9d8fe7c18dba6827836403",653195410.642222
"742fd57dd463c1b5cb79f63e",573227943.721556
"0d30768d188b6bb53d599ea1",829063418.666667
"c455b8a15dbfff94c2909f37",529556862.777778
"8541eec88f0dd8229b4fb041",494606220.404444
"54aad3aa4a166d2d50df48cb",889580422.222222
"eb9a59d4e85a3f124e866f47",786973103.992667
"d65946f9c27e417e6bc60057",468869421.157778
"dfbb0ed74ed85bd186f40ccc",451122600.307222
"84b05da6a859ff5384f37ee7",544209191.000889
"e2da7c1bb33be76b86b9a07a",643476212.253889
"456243bb3fab3e74df21b5a0",633197053.220667
"a947c2ea296f1da3d10b0a06",495130212.851
"3929df6d73b3ba01bc018476",529388406.188333
"ce44699aeddaeb77f23c9b9c",960358717.959111
"3cd3537b5f9475657060cae8",951879462.222222
"4520ceed2e5fe3458850a805",924113128.888889
"00dea98fbfbfeae74c513bb6",856018855.552889
"16da41b1128c039ff8f83919",761374566.858667
"111d509185303ed970d710c7",875423516.566667
"83ad1ce7ef6d70842ec986f2",506407453.217556
"74f8ffe35e8d3bc9be725d7a",469116800.379333
"f5e7ab7c2edf566fa22501b9",859617455.111111
"2e1f3fb2323fa16150f8bc88",585716598.51
"f8bf37a8f81a310e299385a5",597362898.171111
"7b71229680a50bc26677a427",772773613.751333
"1f7daef9ba898c4d8ac1c81b",591839819.630222
"415b68c7a5cfb073676c443b",473789590.299222
"856559e93205dd1561d8ada3",743961333.97
"6d534e4baa1740d7839664eb",566214595.444444
"9ea78159ad117bd9c0b04291",569413073.894556
"38faca2d6e338d328428f986",471419718.108
"fcc6c3c10bb52776accaf06f",770745223.531111
"9120f0e5a6f505a2553bfd58",870554891.846667
"583a8d8c5d7fa63125f62155",753991846.806667
"3d04304c8644c81114c36f98",618179402.222222
"21fcb5c7e497f0580b820379",735667350.206667
"6542b39cc8d2d13dc828772d",699651893.333333
"091f6342ad934f4e7f84045d",933776649.004445
"fe8305e287f6a8e7899c9459",562162679.366667
"d4492ffc4aaa4ca9c4dd2357",750332172.202222
"319b9accf9980ef2ef81099b",737863627.777778
"fa84c07cc90e2a2058b57c9e",504114702.799889
"c4749eb8f59cca469236df01",494302692.296444
"b8a5928cf1f7e704e9933bed",779299678.333333
"c2ffdd10fe424afa1b09f31d",530695464.934444
"f221dd5d745def063eeb7258",730075185.951555
"319ba1ec06c9b6ca6990f4c1",953202608.635556
"29e7796eabea247af4e8a0f7",553476830.175555
"ddbca69ad74877086c4110e6",792111680.705556
"c858f0f3f5594e7bb0f3b6a4",901897171.111111
"88ae3f4a8ef76675c66e925f",851704166.666667
"27e0810a702796d97878c34c",745918292
"7450139ad1b39b2a380472fa",895948755.552889
"35ae7661d8191507cf9e7cdf",645783393.06673
"93b8ea95ca1c1ff3881d91d2",525904091.577778
"8e4709859d50a75dd08b03e5",557835318.692889
"7026113e0cd7b2d17f8a3459",574988187.367555
"9af956dd8d83bc715592b97a",499980755.606444
"df10ecb67d79e645f77a90a6",787560200.444444
"14feeb619f409386e6eaeda5",521221824.515444
"1a6b9a6d92ec5e905ac97cce",631872842.111111
"057585ba19d6144408d4e2da",531605431.609111
"72699647b590d11ed9b2f2e8",419096084.099333
"cbc99d6202cd3a31e1c14a16",543239274.087778
"ce1d63bc4411a615b816a76c",833547590.358222
"04f0fd25e2456759753bd2bc",616367421.466667
"8c0154eb5be437746213aec8",905010709.361
"e23017438478050a655f6d67",622228746.562667
"8f0b6d6dd914911c7e90d302",940491421.692444
"4b38595746dcb78fbb459781",538353600.488889
"95aebb36dc0b4ea86db49492",940044222.222222
"f900f7a9c5e2ea51689e8992",951723974.222222
"3fa0d9e247f28968a5bf8476",431008149.844444
"1240f50cf2d8ef1d8713e671",414538145.522111
"14a55e5887af840860b41ddf",398927427.667
"3ffefb3f453c54585fa6ef22",829567417.264444
"c3b357d17afd631df02dc39a",868917608.106667
"a15aced0fffc97e219f99545",415530946.313778
"cf707785919dbb92cfc7b5f6",924928120.637777
"70ebbf6a402f0f707b893979",601873721.358889
"aefb3cb6ad2de9ffa90b9534",562198408.34
"b2809471a0164e3d41b8fa60",1044312497.86933
"6d11001f164d81734a82ec1d",431580966.977111
"ad71acd782a4fce4d9af04be",537124600.414444
"ca86f53a857c23b15eef428a",713508993.565444
"580452a616b4f5170eb628d0",730955430.524444
"7dc609a3c7a3ab1f9a3146e6",648002792.618889
"e8fc9a1fd4b39f946b914398",532599927.744
"0d3bc6532812ea618d154bdc",1139812882.22222
"1ee436f045a0662037f9d2cf",778772010.32
"8697b1d337145af0ef8e4619",1227092388.88889
"9a08127164a0bb61cefb3680",405695729.276333
"e08e1f260e5c3231c49e5a96",405001413.414111
"b96502e30fecdfae7796f1d6",528510740.52
"a0b178016cd26a1d2072e7fc",442617329.600111
"5e3d7da3cfe55ad1fe609579",625789609.624444
"30f77637dd52e728efaddd6d",811706972.753111
"2202c5c9a16b771d1e242c18",927099556.78
"3dc8277f29d0a2406fa25ce1",763150713.373333
"a0f86ac00934b57d85b44dde",773555433.118667
"9168a08b1fac4c5448626ff0",707775697.028333
"cec8daf847f52cb2845a9f58",901684282.222222
"ab7559b75b340275587e50b7",1232492054.46711
"a392f7f9ace844d712ab2b4a",834575418.888889
"dd21c6799a32ce6ef27f5281",535081813.904222
"275ec6bd936600c7eceac599",945284136.017333
"978195f1745ab7e3d69e1f50",981170948.888889
"0e3f82238c54e85ca4229977",752096981.549333
"bc168cfefe964762cdf8755b",814954360.929334
"d22d5776b6305308c9e774d7",683765905.555556
"94d3fe901550dd4ba77ffbaf",843316205.222222
"63717ed97f95e32b2ca321f3",826377205.021778
"a7df0496d6ce217fadfad10d",911741998.426666
"51a696388218fc2e412f8806",669834775.893333
"a918c218ff761315988c6335",880802383.235444
"d3609eabe59175fcb4441ac2",905303588.888889
"8af2e264b801b3e155e52be8",1016532681.88878
"76e4ebad138d50c690f0aec1",399709484.777778
"9a9553eb431458a3e30fc672",594926390.777778
"117f37774a78d65f9e68f906",481211573.423333
"0c8b133effcdbcd49d52add5",835334920.395556
"5e8b2528c1c0a5c12a476919",784919403.88
"38d6842c2807d54f386bdb5c",884811210.154667
"55f747145222c070fdd50175",780550654.069333
"ca7d715827b39c417e5b75ad",763083423.288889
"b219848e66fb065d4d2441bc",848762597.777778
"a04d3f4eb8810a346fd29ab5",899006255.345778
"0b06da0ceff947975cf8951e",943345354.015555
"3f35c44229ba13940d8a705d",931064403.892222
"8bdebb8914fbcaad625b1764",384666968.617778
"f4635193372f669612744011",1136463277.77778
"611a369172eb6e3e2e4bdbfb",1128896135.10133
"6689af92cae5d7c9c3e2f215",1092173000
"e382002b0685aabb01891743",617762596.848889
"edbb6dd10f8c9e7596368225",625912517.777778
"89b0592a715c9e135967f947",552495421.186111
"a67c6f6400a176e0a07d6772",822073820
"5c6e6dae74e39d33621c7119",820395821.777778
"0e1c100d8e57de8296363d6f",473829233.627778
"e2e639b53456889ab5350ba0",520242151.217778
"93acd9176ff299221e0d2152",782533619.444445
"cb482d76b3b4904c595f2dc1",563142740.916889
"a0e15809e0a284fde27b16ee",779039923.111111
"9a958690c3947f5a8f05cc80",863157043.555556
"889bd77c8271961a6e4925ea",596073042.55
"dc082fe46a714afd43b9dc19",626906770.898889
"99f8eedcdc31cc0ff6fda7a6",475876961.341333
"dfa744f733abef97d82dbb32",762328897.111111
"d50b80d68eb3b928e4bb4317",492528519.222222
"a58acad50184e66794d8d704",803563779.762222
"52871480f7bdf5ac3d785630",737321832.214222
"8b083d7ac086f52fd2942a82",684275874.131111
"301ce25214ddb4b5144373ef",896770228.888889
"6d76a22793aa9b571da64572",867349666.665333
"d7c48db0385bdbf7ecb7088f",1207272636.68933
"874e2c6f3e9f90db80d243d0",460264628.163556
"249667af8d0835c9830e2b37",445031887.147333
"75d3c9e0da9a24f4849f2078",456278210.488667
"9e45b127ea0303f973bac9d1",440116357.771111
"daa0be53e7a1d7ff76f32955",821124588.422222
"bf7463534babd284da6ca671",377082394.755778
"0283890ab76b10547b27e634",604497803.327667
"5fd213a5236154ae5206c372",1321490444.44444
"317e95fad7d399673719537e",847374811.044445
"fb14ddcaa459b49a3b30eb3a",858000615.922222
"4cb5e4aa83c476a5b71d77ce",866717250.975556
"f54d358d26af89636906f686",1101945450.02267
"f002603a6990ec405d82cc47",1169404641.83822
"e3b7dc4e8990f3cd436bf738",610814490.5
"97c799300453ab511bd06361",958477072.780667
"3c1ee7e502c6bfb20873b47c",569932571.111111
"cf7741583fc5315ba70b70f1",851240199.509778
"36a0a1f0432c954604825b6e",579656376
"9836bf9b64f27104c7863b79",635963039.192
"68a3f9ac977f56cd39a6a1b9",1225471808.88889
"b676ed2d0af6807cc2b28ac8",1152759098.848
"430112bf4fa9324f0149a879",548170755.446445
"fa00e05d83ee890a38c3a686",693155734.289445
"7d503f126b5863fa0626d4bb",583883377.74
"ec03a01c961659f2cfd9c973",728465884.550667
"6a112af84d5a81f3d16dfc32",1175990666.66667
"4c5d3dd8802acb9ee22ab912",708232838.744889
"d029158b36963961fdcc3974",793147051.291778
"c2071e85fbffa3d2c2168319",747804364.925778
"60a04215bee81d26f20cf0c3",684154576.533333
"6d4a961e099de1939adc6496",799239113.148889
"2383b8bc2cd3d307caba34ba",512344581.472889
"d9357452fcd193b6c5284bc8",1249429333.33333
"863f8f2aeda01a9fea1cb3e0",923197212.786667
"d1a6132098a4bd640321c7d3",496320459.131555
"6edd2530070918074c8e7d07",834421779.222222
"1cfe7df5431f3dc6a9289551",1150466888.88889
"c617d1f15d294f0b0aea8ed8",646760821.007111
"bbdd78a7ed332e679c8e526b",435969565.222556
"45969f25857aa7263927b400",933504519.246667
"cdacddfdb6ce41a3eb752496",490104573.717333
"3f87d08afecc4aba03587848",1352877111.11111
"f21d2c0802e3858d493c1984",1078184956.96089
"660f3f9ed9a72d8875a9efcd",818309101.333333
"04e29dbe2175919265c82463",892399724.115555
"e4082fa99f92fc7a89092fff",927791806
"05402dd344c77623fa053ffa",901572195
"c5f7f0323f554a7419f78359",701562340.852
"501193fb57014ffbd7bf218f",610833842.675333
"0922cc27581d9058e55a2239",451023766.303667
"4dcaaac494053749f30875fa",1151285111.11111
"506763d35b04358fb0e967ff",909260385.493333
"8c40078231bf7af2f3a06457",461697934.136667
"53e14e867f8b02c6043ae02a",515099028.354222
"2364014bfd851a68a824d1da",1105959323.33333
"f788ac4a8b2a6dc11c458c90",725546431.251444
"093c849ad2bea8292c4d15f9",1118785388.88889
"71a8b68f38fccf71a229df76",478332237.235444
"ebacfa0a8e569ab603cccd11",437633116.418333
"c963faee3ac527dfab08f61c",715240845.333333
"ce3deac5963eeb96826c14f1",616057146.067667
"5607cef08511dbbf3288a5bd",595939677.704889
"8a9e6d0839f9fabad2fc3214",743706668.560889
"ff03a8cc833d067d439b9903",728853439.355555
"d3e119e8fa4d96abaa8c43c2",841538841.358667
"25b893f6073bd66258a9cf03",876268233.285556
"0d70ceba3aea278cb4a2082a",779154824.935556
"07f9017eb4b8c169eb9de536",1204210427.80044
"7cad62cfb4fc3ad9acb09f1f",569303603.603111
"41d174db6f695472063ceef3",618784676.791111
"4ecf579a5d5e70d3b4314ef7",1041945006.66667
"41df29e27c0bbb52aa8ffe49",631193201.698667
"cd77cb445eb0f72df89b9fb7",649556471.202222
"65766c8572b629744f00b45c",636632739.128889
"946eb4523f76bb23d0348309",702061650.740444
"453202a234f5b370ae9e586f",538981560.588889
"4e1b5798dcbed1842f260b17",665925816.933333
"f1cb3c0b97ae1c6819fb86e0",1059392259.13822
"24a89527a6744456750baf54",568690778.152556
"a281d59b685eda4978e0c84c",841772802.222222
"6cc9d912370da36c38ac2cbc",957605463.496111
"10563c278e7ce8eb2066d398",705424053.444445
"a1b0b8d18cd78b7cd555dd55",886156839.102889
"3cf9282136fad24af0f7ebb1",767720953.542778
"077659c14c3cebbe192f8247",912903577.567778
"c372834e8e7a4279f861aa4c",469045422.279778
"29daf0d5008fa9e3f0f30132",452681547.387778
"08e1ad8d1f0be0287a395ef6",521811556.209111
"19c07fc2b01a0edec4784e64",668106999.575555
"c2b5216a8050ea0fe4008f59",760198832.457778
"29cc054742b256e6fbc6da1c",779051253.305778
"755a3e09dba04bb6ba6c9851",675457976.942
"c98157c582392cb895071f28",783431806.987556
"84f47e531a916b7f7dc1f1b3",771529344.003333
"231688922448e4d64622120e",600006532.666667
"9c7c68df14c238ce0b497dd2",1201025000
"d5e29042106130114cf3694c",463563680.850222
"08d4fa42a34c74c94db5080b",863102154.170794
"e89fbcbd4d3414e30c30fc29",665013471.933111
"22af7bb676cb4c9ffe014506",465280975.585445
"b20d6ca58e91ae70b6e0a1a5",1289339666.66667
"5c372bd1e01f3243256e27ca",460159094.293111
"1242d7e61857ba8ad285b6f4",1270454111.11111
"196ac46f656726bcb8087ba9",947368133.333333
"ae513b65e06b69e1ff2ad8ec",475680410.668222
"bb26b45df6a70b6414958912",475281744.001556
"9425283b41165156aacfd43b",496199635.852778
"689b510fa99bda54284cfe7e",692414433.437556
"c57d333e383039db0fcd2620",809821202.277555
"86e98ed0bd2565b661b81ef4",970904022.888889
"0e694269bbff1e45395190d6",1176894252.22222
"6511180e3128e083bbbb6940",1033106302.22222
"59b271bf9e2d29ed35352f5e",475680410.668222
"a4c324b1353d2f7ea3ae9727",475680410.668222
"193ff8d291a9f163a4f3301b",546629806.367778
"8ee4a7cef562d388b8444c29",473637164.001556
"53bdf5c3cd800459acca551c",613190328.670556
"35ef99962cd5984ca87bd326",570644862.948
"dc33d5ffcd2aa2b7d56d2ad3",642078763.512556
"05c47739fa4c4f00285a2c48",1164624955.55556
"a51d415712d8d6c8add7009b",1002300646.37111
"71493c81121558b8ba18c1c8",475281744.001556
"853a14b680761098d4bf6136",667076872.541333
"c9d5c08973c493f3acdef892",458512689.793778
"7dcbeb0aef2e2cac0d73315a",396498643.795556
"ae5a4da0000f79f12142e2a7",763712153.306889
"1f6050fd5261a2d21d5a178e",438559038.050889
"e3f39c6e4a41fbdc4bc30e0f",599908841.555556
"9d157878dbb41c14b52a956f",414546098.018778
"e1fdbdecc84b991f582a2e00",638946567.237778
"3a26efe201689493724ba464",528786773.954444
"6670cde3fbc11c263c6c3163",661947635.137778
"780ae52ac9eae675f6fdb312",500537840.338222
"24f22d76b86498d5c3563288",698044973.407778
"fda25a0b6b9f62f92e3ea6b8",1023538181.93333
"678ba0c80536dd27e385b31f",425404667.615
"ba0d0663943a118228fd12bf",472260600.696667
"81ba4b47e9222c15c4102992",470480011.413556
"d9ec26c1c3e1811e38f070b2",419689394.668111
"aa850af0c6203104e6ed02fa",492279856.523889
"c697ec00214cad882d5e9812",537742903.359889
"4b193d78ea6e3740bf37b36a",478684453.074
"08c61259a756e617d976e8b8",948523398.063333
"c1c1dc8df6996a94ef3c7d33",502744657.885
"3fdfa23ac43d1df0503ccf1e",811833061.447333
"bd4526ea5b404df442892788",445646011.211111
"1062419f9cf94418ba88b6b8",545810449.749445
"1102f91444b8e1abb636f1bc",734054520
"b96b4bf38bdbd61d4dd0bde5",879452961.265778
"45ee2db87e9ca0a1a9faf050",640060693.777778
"556cb23459a9007127b3ad46",879227466.234444
"a613b18945052b4576595c4c",721118030
"fce385656705a8f4389cbb6a",779650654.069333
"bdac560af3e155db33d13d57",724397720.815556
"fedc2418db2353b7c97a260d",951349186.608
"4565bcc95c54bf0c8d376eb0",853291864.444445
"5fc559104e0ba1112ce00f5d",847455106.136889
"74fdeb4c56b29662f13aa8ca",937414982.697778
"fbaf74ce4c2c6e88950d3fdb",729868738.184889
"5de0f045039122af0052c544",865778719.217778
"e18337bbdfb106a3f1739960",700255816.888889
"e1b9ae3e0ce3da16f18e1079",835632311.111111
"a57435d71ccc5f032baee302",649629087.304444
"fc5e8e45dd0a338ab5835428",738670230.296333
"918bec54bd7587daafff66e9",830548373.777778
"86137b9624049333f7e0315a",832850956.111111
"0fca6767d8f442da1f8bc6d2",572648272.360889
"3ea5478270517f299b20bd06",617847511.111111
"dfff73eccd591bb26453eec5",623371275.730333
"e2dad5c148ecc797018439b3",917779896.666667
"b5a62d480bc544f891fd8521",875374525.266667
"cb09a84a1d7b929607d01ee5",705707767.010444
"af067a8546e1177eefe24916",654699066.936889
"d6f9abcb58befa3d05373a72",817819025.112222
"ec2f16aabd36fd9ee2203276",1279325866.66667
"dcafab7adc7b763bb934496b",714181768.897333
"ede43dcb1715b959ba34a37d",678354264.952222
"40dd67aeb6e9979211c9345d",771092443.273333
"31f630c44db4be5360a57640",843554213.744
"ee8651631861c1b94283a953",933132466.222222
"b7d245742eef110adc91b5fa",863756813.900556
"ffc49242bb0edf3e22076501",883720159.902222
"5c5963c17bafef1a1bfd5e03",801434812.081667
"6c589b7e6a3cfad34e98bd87",906550974.564444
"71ab3644da08b8cb0a0b34b3",934548054.080444
"aa668782ae5d0c16e57193fe",1171539755.55556
"46673c69814a0b3f25818dee",1356031333.33333
"b2a417a8d2440f9124fd2ee8",814109888.886222
"3e0ccd899ad73579898fe73c",1005005951.11111
"e6f2c7d7317fd433e26878e4",1223511678.66667
"2d91b3a8c62b890fd246183c",1286262431.11111
"fa653848d69ce620a41a73ac",922154613.213333
"3b6c94e3e3684eac73b3e7f6",941622892.78
"a6a07d35b3834bc6f81beb6d",709778113.333333
"a39617b7adfeb6ae7d5ee5f0",1186231026.66667
"95e5e774dac6f0159e8afc0d",576776037.108889
"995362e3fea8e54538ac135c",469488178.920445
"42525c57e13abbfafe9bb395",1252876887.22222
"1ae6fd60628e7d186a5e0174",534444768.661111
"082293a465231208059c5d53",549786161
"732615f6d1526ec9bd519eda",461281259.958889
"99e9c4f8fd7fb7929da10a20",451634330.212667
"1a75e436fc23e7f48e639b9c",481791150.089333
"54cdeb67ca9ea56205e4e533",1115978727.11111
"c412ab869616d6576cbb8309",569411415.288889
"b17840ce59c9d9619b46534d",655813797.578889
"a14f071d8e5c338d9ebed23c",388889881.272222
"84d8504f0e860b0760c3592d",715202376.666667
"a3d03a25f84f4d50d2a308b0",446830100.718111
"bcdcce01d86d648c4502d42f",520899114.875778
"33379968a83c8a90c23e77dc",494999050.712778
"ecc36a3a4610829ee3f88993",474781302.668222
"f4eca80958b7a22922b0efa1",474781302.668222
"3b4ce006ef95420847da20b9",474382636.001556
"4fb644a95cc04f7bc6cda786",472738056.001556
"f8fad48343ee5134dbae918f",472738056.001556
"6e8e08e09da8dc598b8a8b2b",474781302.668222
"56ff1f7e81fda0c8491c354d",474781302.668222
"444f102b4d54503044154ff5",474382636.001556
"e0eae2174807cc7ada38c726",548375187.179778
"afde90f91b01b0282bb94335",512277914.806222
"1d35c364daa0f021ef263c60",435969565.222556
"8c47395a28f8177923d7b75b",505789046.010444
"98c98982020ba42198aeb45d",742468574.494222
"ff424474d2d10a2c2a1c1892",490470852.962333
"971a322e9087b67650689ea0",1078184956.96089
"45a7517c4d29f5bc7787dedf",680738243.2
"74a51274abc8358d628ecfe4",709009698.744889
"11dc32d92ac579720303c019",716242106.910556
"4c25d939eb3ec218403dc4ce",689107582.289445
"55597a7b8637f24198415ed8",970904022.888889
"eb7173223a27076d16b87f33",610833842.675333
"709d17b62bc95253601f243c",793147051.291778
"fdcf0e439ae8b2ff5730680d",901572195
"2524e62e917e8a1aec5c9c26",631726535.032
"ba601c13d20602c988d57246",660107666.933111
"397a7d1cfb809e34797f2bb4",729517542.362556
"b54d3ce25f3f03cf3fa0127f",516427598.275889
"d51bcf03d649839ca803c357",442652201.534333
"e9fac47a0f02f27abc96d568",1168291622.22222
"a52bd93aa6b0d965914f1101",831646223.666667
"16601a92574531c1fd57a359",640153515.068111
"0e64230b70f4a227b444115e",895007724.115555
"ba2118c330e19baf4f3ecf94",866717250.975556
"055e29f236bb61603d4ce9eb",886156839.102889
"7c5c0f2d9a0e355069fe1c64",836322174.692
"e781547cf6f8cb4ec0742b5c",761794286.876111
"8caab74ced535ec5e75acdfd",613682662.003889
"9d64345229b60ad1853d94ce",570911529.614667
"d128186867f91603af4fa481",689142152.452444
"f8fb6d1b0dafc28920393dab",728510108.688889
"33b92225cef255b0e4b4edf9",570303231.839778
"7eb78d4dea434674a230caa6",699052373.444445
"833bd3c8ef9d4da2f304a94a",783779491.602222
"331f0957d55d7f03df7fdc4b",1268691444.44444
"cee124f4b9031f59c4fbef47",1164110333.33333
"8a9663cb622a55f2a1a8e3b4",1201025000
"25d4a0ec9301ba5d53deb780",647318821.007111
"38d4b1837c595b6d9a23e994",1151285111.11111
"a21923caba05da05449d60f6",811865101.333333
"63cff4b5ebb2b6528ad34cd6",844499811.044445
"948c392520e1cb3a030ce86c",1105959323.33333
"b2e7fd7bcd93309664cd225e",1002433979.70444
"9d6be7123f2c6e610971374e",1247666666.66667
"3676e34e4824101f3fd9aa2c",909260385.493333
"f849ad486e84a82190675b89",692161766.770889
"2fb8b2990751692b8ef1ab6e",696697674.185333
"5155f70c7f8978e487e71479",933504519.246667
"4f076c220dad47bd9bf248a6",810695868.944222
"480041bbef3a540df2a36ea2",1014842893.33333
"4ca66e564ed478d06c471357",746262698.259111
"454e4126257189bcce9b681b",1261139326.66667
"10ce9c7a0a58aad19778e5f2",1218168000
"dfe8e2542755d41d920e28b8",538985632.703556
"5115b0da9c95559dcee9e58d",887973188.94
"8a0053376ffdc75d0bdde77a",877185189.002222
"5688288ee38f1a69894ac77a",801874318.18
"1fe514ada76363511cc79105",869719760.511
"885a312d9a5bfa8a8db5279a",530817182.076
"c716d4dfb5a3c2e1120bd84f",597222451
"689aafdc12fd1610c2393a6c",707164208.039667
"c0c4ecc8d3aefc53c4c06a38",759066122.385111
"30091c32a5046d563597bbf4",457073181.617444
"2e58c9b6fbe9c57c83bc0aed",939826675.439111
"3f7c5d8304fc650bf97247ee",841570637.585
"56334a9db3ccc24faf138edf",715301315.618889
"6d0680692396c07afc1a260c",637524882.888889
"9e07dd563b6ff4572f5d9031",764053381.407333
"1278c9fd86258bcb435e7127",747569634.095556
"acf0f98cd8f8c8ce06f30ab9",1187793483.44667
"5e3785bd517f4faa2bcf43d6",990560184.625778
"cfc61dd41ee5f5dcb76bacfc",584393712.111111
"2f171883b97d9c02b90f93a9",432948993.515556
"46aa67b5e0abe39dae442d76",432948993.515556
"50cb49d65d04a5d166f96e3c",465050879.870889
"06c1673c4a7444e7aa80abb7",472017644.482889
"53881f29c7a6bef0ab537466",583410763.265
"2b028932adc74c961170a4ce",453312049.267778
"f3a1bbe01d265470a2d7332a",542253040.138889
"b42d5b5b38686929eadd56d9",461624222.597333
"bafc63f23f097c24d36c76fd",548079510.936667
"f164514211012e3a1686b148",526812468.680556
"82b90288bffe8c1c0b5a1259",582490495.015556
"2fe64bad1bc8a43fedfe0700",463323814.396667
"da5b958667b31f4f9a1d84a9",715019680.588889
"b3bc9a04a3ebc1b911326735",798013435.496889
"9ff3acb07666d53f00d1f1db",688120643.823556
"13a44ce5066ce00846b59ae3",800198401.111111
"bb45c98dbab56e5abe20ac0d",712976171.111111
"f88bade1cb7ee0fa643f31ad",654514157.816667
"e9ab6916a79b4d5182d33bf5",758961434.116778
"144162ecfcba71bf09048dae",483217360.560444
"19466034c2ce19c24a179fe6",549033210.618889
"3787f6da3e961c0e10d30e6d",960371825.488889
"908330b0d2651093c0bb6719",593614878.784889
"66b7baef9c6c3c7ad24636e1",774954359.005556
"69cb0f3d422c2c78373c2e0c",1022991841.03556
"1e866483995b30ec7f79d9e8",643551618.367222
"866f2a55f42cf30c4105631b",652488618.367222
"fede7e1a7a6f23338af6f40e",1037875099.54889
"7447156f2967391975d335f0",556589382.841111
"08451af5a81fd6a63c4012cd",575909866.334889
"f63608198bfcc858abe1ab0a",677527186.622222
"e9a0dff7ae48bd3fa2ecfcfc",696046562.624445
"cc97f62e2fb9d3e31ef1c00f",760682974.444445
"ed40f198ace8a4405cce7a1a",1080086044.44444
"bf17b59bf2ac2d06894bd786",924014058.987111
"e118b149654cca1c0b3a58a2",1151556817.63556
"7f9bdd2157f6c3d488c77ddf",889030777.284
"9350225547486ad75c0b5ab3",1098259088.13378
"d1166776fca47427c77fa8e1",874264547.013333
"f719b387fac4f688b57dc646",1245942011.11111
"6ce8991a39ec7b9883f85000",1251532177.77778
"353743db4334fee80ac08d0b",974065113.777778
"372a3934e8179422b5cf5729",1061276166.66667
"81516aa72c98ded9223db098",1238828244.44444
"9e80db4c35139bbb18775644",1111831931.11111
"12ed2c22a923c840ef616a3c",1048552209.81556
"7bc57b136bcec053cbd073f3",987894566.666667
"77a06084509952c6cfe8f501",541610356.128889
"73578b4214e2eca83b1e70ac",803460717.502222
"527e571030a7d8fbbf1a41c4",753289581.636667
"961baf163a07179bceba67a2",850543215
"76b41682fa6953a3b20d3f27",807926692.532222
"cceb25e83ecf22252aa92d2e",798302584.012222
"210ff5d4404ee8578a5ecf9f",687639879.111111
"398274b1c46fd88151420c6e",497102690.477
"5b328b80dd844db2e946302b",413997683.646
"4195fdfe50e42e9981fa2f4f",465943356.460556
"2d4031f171f965d7dbce0ef6",663074521.729445
"fc1b713d5605b0030421d5a2",856061635.970333
"cf6092df1f22a7c4b8ff9d50",637355311.726667
"8dbdd7c8971a514eb7cb4d3f",780602844.527222
"c197faa8bdbd51c075a6d3bc",661426470
"1985a2a5c3b2b0c7eca22afe",855170315.109333
"92a1a8b617b6d2c3669167a6",725233003.967778
"2a330fdcebb247d6a6fdea23",758544429.189444
"c3dd975d0aed59a65a784e47",778576083.495111
"608a2339d558a6cea9478756",693316136.777778
"c0ccf6d535d1316e37e1024e",865533432.886222
"229a7640d41a8b8d6d2f8f83",934347953.582222
"e3950ce025371da2b4ad9db6",908864598.843111
"a7e41393473834db30f2c1da",763339000
"7dcd1597e11f83093cbfd7a5",905797923.377778
"71235a69058912dec1d355a0",769956897.227778
"349602317da0e456d88fe24f",893793322.222222
"ddccad3e5a4eaf791ce3a7c9",650670899.714445
"776d7d1326576f07762ab3c7",811572355.555555
"1b88c06bb3c1bc2bb39d1b86",791909856.666667
"1c5c4f4c731545aa3388c554",567821162.203333
"aaa67089a753d255215c15be",563243553.653889
"d6d5717a4b7e2edaef162b6a",635636892.777778
"0ba20e953e8e76add161cd6c",420068617.353333
"13c39860029403ea94b5439a",1230395761.35111
"d5436eeef04e1a8e51a38912",368671367.681778
"21f00ad1214253dd5bb97817",961388054.252445
"5a3119efc021fd0f102ab958",467379488.586667
"331c515e7f0dbb4460810999",668411765.533333
"9e360588b18cb15aec3b6609",641874428.871111
"a7cc7d2ceedf4d69664dc734",487283855.872
"4e78cffaea2008f3919ba0ae",425485086.942
"452e0518f7164287e47e6354",674340148.176667
"74286242739391c4eaecefbe",551778720.219889
"df06b65985649c7107b794a4",606201244.555555
"b6a21387674a509514fa5518",912063072.248
"6752fcf8f1af18d61124e32c",765042273.555555
"a7e40088cf53acfc65f4b3f5",1210554833.33333
"61b9307a25be3119effbd0d2",435524056.633333
"3061729865dd2d68858600b1",614527657.507333
"ad38d5660b6f1eef23b76039",449381794.568222
"1d493f3954b15e84c41afc82",469120382.226222
"57744cb947a923584fc6bcc4",477318264.923111
"16f60cac352cc0d668d226d0",484752514.220889
"accf7bdeeff29ec7a209c509",417406121.264222
"a694b9ab05641a6325764e63",572324057.137778
"bdeddd3f84cb0ffdd1fc27bd",476774182.767222
"de9ab30042562789601833f6",467367795.236778
"1a95522f43288e32addff2ba",504252921.936667
"3cc722d5c764ac261611c2b0",460616325.852778
"aba85a8a7ea2def1fdd18587",481719100.008667
"b272c1025cf5c1e1df47042c",630755426.944444
"5c449356b8b2d7e0928cce59",769984960.983111
"a56d3b5bc13c9849cf676750",816005526.091556
"942c934c0d41ab822d60c795",492406054.394889
"b0fe09d086490092f1690fc2",564138327.777778
"7abc8a11d3d6c905de3f567e",509841156.259444
"16716773b2a43df0332622bb",502729627.571111
"98fdd3fc6c9447d0f05eb1c0",793287150.641778
"a59f39373ee368259b441de6",491504762.666667
"cb778195c5d61a7c4185424c",766861961.209778
"c0277899d5f185cc78fc4a79",661098899.242222
"44effc9574c74ea4ad98ede4",741144127.222
"e2d00e4fd93a02ea81895355",778435834.275556
"ab405cd390c0681c3c67836e",584358441.004889
"86db204f7ef6e0e0e6687246",700250571.351111
"97b791fd94b2339ba115a75a",659117463.333333
"3897d9b5fe3a0cfaed7c18a6",620305238.069111
"ce206b82f2de3793156baadd",755560205.122222
"2c924b9d45667f7168bae6ee",646082261.111111
"358eb586d9649d20dca9bfcd",759912428.267555
"71b1fe15c5bffb750c99f648",708067074.055
"eca500b92ff96f10ccd45e54",667477484.444444
"7b63445c5e1ce95bd12c31ee",765684305.72
"97d64459dfb368b1f6067ab2",763216491.593778
"1b09874d5a3e4c9e0d544198",815077751.111111
"54fb79bb019bfd10e5481ec9",802750417.466667
"b3b63d292523ce0a925b871c",742134873.234222
"09759befd8899fc1e359935f",749904586.234444
"62e0110b1c8dda16cc7da89c",754002782.444444
"d98ba43504fb49a4f0bd9c05",704186956.333333
"48815b454dfb64fe60e2cde4",499706467.242556
"40a65310ce666e80a9611d4c",750870005
"a8c5674b5d110d99a1e097af",913103668.644444
"ee9e7dcede0ffc20442b4407",779464747.484444
"9e858250fcb7320b65bed9c7",851883934.444445
"bc76b078832a3a81b6d637f8",845432506.220555
"b06d3ee14ccf3d46fe2431fb",793456531.517333
"87332a7e03cb851342667b98",913813222.222222
"faa37a79a1d72e4b8b0c80a6",897943807.777778
"0821109831351eb2501e362b",899113822.222222
"8d01d6561223272181235c69",756208993.673222
"a0f1c94cd34fcba92f59a59a",733496180.319334
"f6a5c88d1bca87c1e89d8084",912807444.444445
"55118881731616058c929b1a",847422712.888889
"bed1fbafde11c156b655e04f",751134558.644444
"819d2a7c3330480b7217577d",838543132.582222
"e1967b56ab8ecd035bf39534",743138981.517333
"08d0615cff29645ee70e20e9",832880273.646667
"2e8af16a155fe18c8c6730a2",880319120.248889
"882e8e77fa1a71288f6b61cf",911750027.889778
"7930bb0822caea5f6451bfa6",924181013.104444
"993a18ae04d78d374f854262",894600712.346667
"e5527bb25c85988e00da339d",900224513.478889
"07bd45129563bd2fd974deeb",431386928.371667
"83727953ecffc17bed632d94",476791773.116667
"2e2d3f42f4f8369733b3bcb9",733660593.573778
"3b23a71bf40e800a66bdeab2",482096480.582667
"894f346e0ad39c57fc0f369f",912481507.190222
"d1fcd31555048d043cf084be",550178234.452667
"8d48f73816b248d1166a09db",698192528.737778
"32d5a20c542a8194a6aae965",615596666.436
"53870de54350a8cd7c13f014",751102255.717333
"31cdb68dc6476128c4bb2f5c",1006930746.76489
"4be6d93d8ae1375156444f05",528387603.62
"33a7f6aebc3e2d480d287199",716755450.52
"e1e188d3f9940f9dad98488c",739031544.111111
"76167f6ca3d2c404104b77fd",830913251.906667
"9297c340db8a74e10dbba148",660512160.196778
"0e001ee8f27e1a2fffaa0225",1080447565.50111
"ae3868ac8c44128b8a955829",715310235.051556
"bcbd20cfc50e2f032b174b56",396565462.083222
"253560c855216bd9eb102595",599298366.555555
"c9c769e7ccc99016f61269d0",577131567.231111
"7c07ba1982289ca3abcbece3",623114756.745556
"c5c024d11b3ebb2cd088bf6a",869639448.032889
"f0a8fb06fcdf8997bcdcb03d",736617462.333333
"806f9ab2a016e774689ce2b9",389754428.345333
"4491bda913188aad3c66ef20",760536758.366667
"0c37c0d27631960f9e0fda1d",758348128.688889
"b50b45bda0905a116f238c1d",621665761.237778
"f0f8e755058d48542b9cc4e3",950654665.803555
"b3005057f48c1794b7974f4f",693799572.665556
"e1e5b0bd721a67318a3848ed",422390637.266555
"d96155b72c02bfa04f7ea98f",467965809.747778
"3825ce5030d951ef0fc2f7c5",439170530.482222
"99587dcb4237fe90acb15b5e",447889746.097667
"452ae373210337b8008ea2a3",1178032944.44444
"09ae7df5577582ce7e7b0aa7",1014751311.66667
"b98967876009fab4290736f1",785729074.717333
"24a4a43ae4c687bda1066227",945399908.216889
"c509f2036a11b7132c633d2a",791767895.022222
"bda914dbacd42b2b7c6c5179",686430086.903889
"5a681060eeb2fc8f1b3261da",618165529.237778
"016bb199b12846ccb0b03191",844582195
"ba94676bc0385678ce3780a3",576308991.470445
"b2183e5bca67574df7d5985b",399038395.685
"baae43ea29f7e419bbecf998",653827850
"ff1a7adf260e637bf316812f",395854917.066667
"8e56b5dbc4cf628ac12e5bef",977640383.467556
"c8941b8d7626f7b33628158f",1218828767.55556
"d504ed869ece1b1d6e724452",391312744.071111
"1acb5576ccae1f0534f614df",575107998.111111
"ff228869121d053ca7bbe431",907769104.933333
"ee4dea05e93581750d613c59",552256119.370667
"5d507cdfb7c233cf96dc6a83",764069832.661333
"faae4324336f1211ce4c7809",658616534.658889
"9a8e471c8f4488c3799483ba",434978853.329222
"d040e15e50d655f4d19bff54",414189325.43
"efc7e89ddf3de559154d8e0c",935433875.128889
"e91598736dbb7319952f0dfc",681387421.568
"4046ebeeb7ab85affcfe337c",889707254.760889
"d12059af22bc7d6ff170430f",1124828698.82311
"99d39d72083d7485e8944a3e",473255223.566667
"b9ab2dcd8d1855e4bdd540c4",1013479611.58133
"97106114a8d353ffebbd07b7",948738252.961778
"d5c950db90c92be5fe753189",754528829.935111
"119833a13f3f7df22d2b270a",508996914.868889
"b2078743e33e1acc49c2d2ca",745093621.029445
"fb9371f86ca6f4e62ae374c3",444726914.232889
"6a39a747417143f0cd24f3bd",920982712.219555
"7bc0c9e2760e4b1488522768",1009075383.02267
"3898683e5d24bab9eea24d30",768122990.4
"be0e466ca7d6942282c8626d",799803051.273889
"2d65980024ded46854c25260",1095070257.248
"87aa28825a5b8ffbac5f2e2f",637333914.912889
"918b0d900ead8267aab4cdf7",587499825.888889
"0c85506b301862fb58b467cb",467649422.267667
"4bd031478b15017efd41b2bf",958664795.940555
"48bee96c1f65b8e283d67483",537154719.4
"7618cb8d215425c931f47886",532936899.413333
"a7a219e7cd18f3c4b83649e0",432078516.895556
"9d3f5b59b9735da05588b3d5",471178001.623111
"6ac5f5f52cfeed2f0ac9d018",709638065.301111
"d885902c923752eab7b619e5",459865985.185556
"b183e2562cc4816244ce0e1e",709477116.499555
"88622b66e6c47cc62c3824c1",658519032.57
"01230eede2a4a74ec4ee5105",651872422.462222
"060451a9e3e0416ff41d253d",762309030.444445
"3ca0e7723afebbf53e390297",813954763.528889
"e2ecbfaacf11ed16fd71abcd",539022549.631555
"1f0d83013ea5e4c3f4beb583",833150555.897778
"450c4eff7e37a271fc24ce3b",581134231.752889
"a70d331be751cdc3bd0aab29",422830538.255778
"41ac76d4fa450fe0c377a0e5",417892345.123778
"2ef8a530db816223dcf474a1",447119668.908667
"d09c1af87ddad4ad11b82626",477757443.244222
"35b1cd8020e7efbb9ba5adde",1045325562.22222
"6714f846f2fa3527641ad96c",770068112.955778
"4cd5338bcf246ebf263baa35",464615864.822222
"0878a639ab8e6b6e69a3df41",825525227.777778
"f4c118396d781c140d8c9b08",442103198.751667
"27151512d4b592014137ac1f",887201953.333333
"8e5123f5ef1da66571ccb600",1231616232.24489
"c491a13a87fa1ef595b35826",744776554.004444
"52d6c4bcb442eebdab338116",982555495.732444
"e23d93ade25e73614d7bcd77",1249707388.96444
"43059ceabe98412315566838",741628157.777778
"93b7fc7c4f07a7f117e687a4",553693530.844444
"09caddf25db3ac8e1a98565b",748258513.333333
"e3034ebf243b024cbef83cc9",755720589.377778
"63cc884a9c5c888de176461a",511135724.367444
"069fb1f8d0f06ac2fee87314",487843142.699111
"059aaea3859c4b9662ab4df8",436386770.358889
"148b157ece514d99be0a7f93",471220465.374222
"9c4f397c093dde7de5d485cb",742802773.174444
"e28d8dac5c1c75d295a9eb3f",436386770.358889
"a804849802cc0820d25f955b",436386770.358889
"fc43df7f26644fa464ecb090",461319347.052222
"608b26adceba64d9ebc5486d",436386770.358889
"be8bbf40db0dde8ed4cf338c",436386770.358889
"d255f73d4066fe559065266f",483999459.748889
"c552cfa8e6b8c8be2c963ae8",445804605.346889
"5ee020d4adc767b3b16fffdb",463047444.396889
"2a01945c2ce528c02b391c61",474439250.441556
"dd7ee555ce0b2d58dbd8a9ea",470422289.58
"a732aefa7ea4715325e9e80e",535538128.071333
"c6faa40acaccc1603c29df96",461319347.052222
"fd8caba10cd4d1df27605358",430187757.854445
"788c49c17df556bce0abf6ce",803488060
"2d0d803cdbeaec6e2626eebb",526021256.555556
"0872074f7bd512dbd4609c85",518627787.259333
"3f97341f90b11e6a7a7f7c2c",501138620.648889
"2bfa301ea435f929e6c0d1ba",499986533.333333
"1d029020622a600aad4c2991",821301528.333333
"8a100bd7f5da66664a2680e8",464465790.416889
"1441a28c376a20c90d72cfac",502968740.560778
"495eeef459e80680720a0ec8",522759912.337222
"df81d07cc6e8fb0a01c0f404",561266966.542222
"e23ae41983b9f112f05bb703",651752677.271111
"a2ba273b099221390bee92a9",458172474.107778
"63dfd58a5c43cc7c0a468209",475784051.525333
"27aa789e29e52ef8d78b9bf5",767203433.828444
"fbd613ac06b6bf20d76822db",591630356.388889
"2a805135d8030b614d9df9aa",591590976.44
"22c9b57a67cbef0920d09174",478379365.797778
"fb76da6072bea5801e407990",461322836.878889
"9050b1061469970ce28742a7",528114980.154666
"96f5db1dd0f36d1087172fcf",596345813.777778
"38cccc333e2c38bd608e1880",777200832.666667
"efede59a47d17737f90f4bcb",846579459.888889
"bca5301e6460eb859b7ef34a",485486587.874667
"a23a13e43f3e08ab82c6ef82",470110647.147556
"8437a42a8e7ebca46eb088cd",478606667.465556
"6e3cbc252c449fd4b758b97b",469104725.044
"6cc6b0672aaccb8909f3a751",533366062.019556
"c60c2efec3c12959d86fe3c8",524896135.172444
"d0e45d520227ef8a1f53ba28",652568666.382222
"e45293f1e6ceb2fe79f6e0d5",690556977.396667
"4202dc3f8255586e1ccfff46",577894387.541333
"1d04d5450762d664fcfab674",732798738.952222
"a3f969063f78dbd95e6ee795",613384922.321778
"2e3fc1d628f6727880d3d4e6",481464976.814444
"22ea31eadbd3a54216443137",462090255.890667
"6490a1eff73727bf62458b0c",623426947.005778
"49721aafec7123f6ff4d8010",755943037.285556
"bce608b4629b6c8512ea2fde",714244010.964445
"a7ba3ccc4831ae7e539f0cfa",456477692.034222
"959b2293af0ee4f7c9fea7c0",650233161.111111
"bbbf74a3abf9cd8718384a65",530412500.629889
"680a71ef7ec15bd919c06320",630393054.546667
"0bcdef6d56052acd2afad93d",527074174.986222
"1bb885a07f57936b919629b9",528362318.556445
"8a222af682e2d7796643ccf7",600992205.241333
"3370a48ec22302456c41ded9",501014168.471111
"46fb04e7578da5741f6da4b8",469553107.193333
"e9da7f2549d914aab6a30e10",495207438.702222
"10d0506d84d778da572ec635",545367185.943111
"966e8fc9af08e76f8b276245",477160037.371111
"0da2a849e0f83b17b006e50b",433813350.251111
"f7101a05db93cbefd6a3b31f",467886242.262222
"b74fd7f7db38ec233c6ad71f",496962642.481556
"0d63e52a47fa884e36f10810",606467163
"77fa49bcb52539888d481ab1",607225948.162778
"6f412fbb33519fdd31e741c4",439392356.284667
"6615da422a3864d415b28fe9",479173686.552889
"f258fdece395f0c4f4da6a96",497740389.268889
"c54c645c340f59dd5f47bea4",483004445.387555
"bdd287e9de82903f210878d6",632430128.666667
"e110abe74ba0ad062c9b575f",610474210.826667
"47e5ea8cb7f5ab6703803690",583012728.902222
"e71c6f7437c633e2d9da643e",584914558.608889
"783161faf2e3501c38c0aaaa",486254814.736889
"5fc3de15eb0cd87be5ed2e6f",471246495.354666
"4066155e224520530ce985eb",554196416.903111
"7745863791b5cc6d49f84c8b",497637489.933222
"aa7551be1b8d6278d38fbb00",637031873.333333
"d654c9bbda61c4c0ee1ae2cc",457829091.552222
"d224080523a2bf2e81698d15",503020893.024444
"5f8d0a2ab1f9136de446528a",684738952.050667
"405fec98d5a3c8981173311c",481690954.018445
"2a9e77fd00aaaf773d130914",461124155.101111
"279b76adc4bc9f8dd86759b1",595293206.049111
"f815ec1a63e980717c9c3290",524025725.444444
"a8fc825e34bd9bd56ec5331f",556954852.644445
"248ed6abe6e528dedde951a3",457530844.071111
"2bce6544d58b6970192a1838",441096286.389111
"352a76b301243d22d1b31f79",471220661.399333
"bb9991da696d6e1f13a32d0f",505887672.222222
"8e88e6cc55ca769e472aadfe",541689644.994444
"339ca7bc687766f517ab3274",462634467.455111
"93375efb2e74f4913d21d94f",501016818.748889
"17d7e6d321bb7394546e6b7b",508417517.436667
"0f601f5ee798174ea9d52caf",496831018.148889
"8ec8cac469f2448654312aaf",754679074.722222
"affb62139f02e524692ebc5b",595214872.149889
"c01199a4b2fbf0f6cbdf2a65",759026331.136111
"4d1f49443787c874ba19f968",719913588.069333
"035c61042b7dbc7ef888d1a7",848514543.288889
"0fc7d98f75bc1c0b782a328e",760474620.31
"b1924a5697dfe829b5b8ad76",593443396.391111
"d0100c18dba3c334327b29e1",692255078.541333
"add1a20e8bba47aad2edec69",754340804.444444
"fe8a78de9ba7b59a112e0046",608119961.470889
"b319d049a3a8e4a095940106",715243850.961333
"303dc73dc1130de9aa2f70f3",658086707.448889
"e471b2ef30c388893119a010",713128337.436889
"9309d812688d0d2bdd33d830",801909574.444445
"fdb192e57e3e48f70a492b87",741038787.777778
"c514c9a35632e5a9c0476a31",705139201.474889
"3bee8a9981a1e9e13a05cafd",685963587.777778
"9c942287410db3d0739e182e",590077490.445
"f59b9c03bcd4e0e06d23fb47",607107261.126667
"4c11f4ebc622483532c24a06",689601906.122445
"1f53612f7029a21e2e9f74e1",791584875.123333
"1f4b6eaf52fb940e666c1c93",795182540.116444
"dc65f0bafddf39c6c4b2c9f2",600916785.672889
"344823ba2777540ffa2a8fbc",629593342.144889
"8cef9b18f20e9c5a32e7ccc9",754723203.556889
"413d6e4fb772beff60f73e2b",726968671.462667
"15d3ae51558bfeef80b9e97b",667819882.333333
"b81c26f2ea6b66c8315d1146",803998615.940556
"c3786f81345d39fd8b353da3",683946296.444444
"6c568d2287dcf12b2aacd388",671687809.575555
"e6482f3b6184515453d16bf2",749463457.777778
"32c7b848ef60432d98f415c5",678439231.111111
"1689c3e3982382e27a4ae074",819102174.879111
"3d0cc51b7a2392f3be3b1666",706163833.333333
"1dbec7879e793ba9685741b4",746010955.585556
"82ff2a63a863c089ea90bb5d",790634257.582222
"3d9856c3ee0a4b5a833c69ab",651028197.377111
"6f293451319bae38c71b8266",720514791.956667
"dfc817b569fd71d2dd47e980",796770342.525111
"c34d46d83e76f54d53cadcb2",714006982.857778
"e08ed8c82d05dc3cad8cd2c1",699873350.762222
"e21f2a8d9c641e45d442686a",805746564.539778
"f1793973b462cdbffb1ad648",749973947.317778
"b15bcd6248958d98867ea585",782129935.012222
"e640424f3b7d1db403c36ba0",664972932.169778
"658c0b009a09339a3f312145",771747441
"f01fa45466e2730f935a4128",697365863.260445
"b4d69c7bc93efb3790eb1422",783648535.600889
"c2242a77d30c0abbed667ce4",764933541.137778
"39542105a7c46ded0cc373a7",841268154.444445
"13f42390057bd294cd787822",721649112.777778
"183d99d88d1e7d995180918c",718155191.111111
"60dd7dc49139e7816dd8b143",601882760.015
"6d2ec752890a2f1c4094044d",755127134.293
"0e776964ba3733f3ac18a7a0",693207077.777778
"92369f73435d1ac3fa95f185",707355863.128556
"8db285eda04ca37b86dc9724",775130051.024889
"a7b14faa46e7b73ee4e95ee6",802371678.703333
"010e676743f6afc01fd0838b",688918543.019111
"987199d3a23c08ca887b301d",734593964.571111
"4fd8643e1c43ce9a0c18a19e",755555782.206667
"4d0985935e1432b3916d45be",675222417.050667
"4623317e8c9044e314ccc4e8",694789383.427556
"ef8430c4d15e5887b8103bc3",686060424.607222
"cd6ecb0f77acd93cc1c9038e",723776281.869334
"b0962bfdb6a2c79a0ca84e48",641774924.210889
"7bf592c5c34bfe6a5df3dd40",770591350
"9337becb0628955b47e45b98",691865980.162778
"9ed0bcdb62b2223d716d40d3",745385185.777778
"4255eae670033d9c9e9a6e3c",785876580.482667
"c5346c37454ac2b13b92240e",738855477.777778
"94fd4bb5f41087921ca12b58",610726719.69
"ded674ba9c7b76cda404bac6",689817636.888889
"ce25e9fd3bce9b75050aef5d",799147243.777778
"4e7d3cbe3c62123fa7e2d969",710910747.845
"dcf5b42ecb23800a458562e9",743930635.369778
"0d53bfcecf0397ca27e5f78c",740703538.048444
"f4ecb15ef992a677e8b4fee7",585662306.615556
"46eeb8f186f86f7859274d4d",720151434.444444
"b5a7d4288dc7a7868678b9e4",718581162.386667
"34f99327fe595ba6e32d89a1",602560953.352333
"9a53016fdce3d3b5c2baf3fa",681665846.491889
"26be10d0ce8b763e9b457e76",692701932.444445
"2e111ff939191cc6df2c59bd",766112327.111111
"ddcce0b9776593e3ef3ce21b",707566545.333333
"937c0b6350beb0f51e53ff8c",594519108.15
"f50941445773dd62e87e0416",713128337.436889
"93a1aefcc4ccafe4866bfc76",661052962.505555
"70c0a72b31dbc1b97c102c13",703951807.681889
"8aa9e1e89993aa49c5c3eced",611084052.141111
"2a5ecebe40fc09b45d6ee5fc",625546816.834778
"5f798656baebb094a3c83793",881914249.682222
"596b6f435f76058493a16cd6",924810304.355556
"1c510a71734e955f75187106",847799918.886222
"07de14db9dcc2d4f9eac0dd2",893475666.666667
"29503210dfd57bfef8f16802",867703663.831111
"89575a90c7b9b960c8f4e052",844740216.864
"bb5a6045d18e19613325dffd",875491351.544444
"f984d34c8f27e3cdb7c2a44a",875424936
"90822d4e3a369948cdc4d998",770119338.444445
"5b9a21a42d5f50ed4b10581c",864234460.875555
"1be01d052c6a65c5ed286bf4",878252747.013333
"b73d317e1e8ddc3d5d0743ef",866977051.331111
"bcd302e3b5342ecd8cc056bd",912324697.777778
"eb8956f0c4a885619bf1ff79",826904303.029444
"d5b950c5510c19ccb926e7c8",898550666.666667
"1e37ea0918a00bcfaded3453",766710164.194444
"1d55f4694f3e000ee3ce47b3",801721325.032889
"cdc3e114698984145df842c7",889124258.86
"9c611e246a612ac6906abe8e",829190357.333333
"c0c820463dfec602a6118ed6",820120805.064445
"6302d4fff078a118c3211794",758593968.340889
"c98807fc596bb2f505b4da9b",951031444.444444
"cdde8657b5a215915a04126d",930671972.788445
"3b2fa7905fd8fcb3e11ebcf2",815516138.397778
"59764968800501c68631aea3",823647718.666667
"9eab02171cb5f15963670172",855157064.746667
"61f84e5a07f37865c31d4a07",918269880.682222
"1494f223c9d3ffba26e42738",775969988.697111
"ba137cbd10757ad20e5991c4",835096066.420667
"d2fb81a477ef3690cb11c93f",941045743.891111
"ec4f7794cb756b995d5d207f",879848070.678889
"ea4add08aa912717cd42f9f7",856629722.219556
"f11d7627e2f18c9a75595501",849309697.224444
"8095589d5e1a55a76281e13b",923478693.955556
"f5add08cb615eb18b3153bf2",911371444.444444
"1894346a27970572aa703cd2",814509108.509778
"805a491334f865f06ff42329",851750768.497778
"062d5544f5c96db90fa3a526",837559064.555111
"332201e2583141f3a02dcca4",805212548.444445
"4baf1bfced8e85013eca94b9",820120805.064445
"8bc002e1f02beb4d83a6f6ae",792400194.222222
"adebafcf3eb0d34ae31718ef",855804562.346667
"60b5b0aa0c1319557cd0cc85",901402476
"3393fece8a6ed311ad865e66",778772408
"df4a1968046eed5326119599",891933397.562222
"b044b9a587b2c6ca00447177",812280298.666667
"005ab848b35907e42aa0f4f2",949962106.148889
"140a0002732574ecc516e9a8",867808132.444445
"bd850d1ccfc4b21a72f3ec44",850337296.864889
"c6dc8c201ce38ff2ea49cd68",909952235.104444
"572ae40f693551547e13a196",905448887.688889
"b39d1b2637dd8e307c8ba13f",902440612
"2ad02d6d56b95ff3382b53b6",901963437.7
"5201393754f4a5f2a476ef0e",931128965.178667
"72a66bc6d15390eb05a5c688",585441600
"1f1f3e47f3593e4b2824e628",709425220.888889
"bb7e14611ea6b5e4abb5b89c",660559829.161556
"b82f8abc8001cd6731c4ef45",619635288.666667
"6228854021e72af611d2e59a",625481836.633111
"6d21e1de9c880bfbb17350cd",844651029.177778
"7cfa0c98191ef9b7c45f0520",442702624.274778
"a739d80c3fb6b166a2c2182b",456763247.453333
"36f85981124e858c157f83df",538033167.706667
"3d6d51ca99f2747d6b92dd19",592573826.964445
"092b7b5bafe25bf485de37a4",806671655.19
"f2e0163fa07f89820739dfcf",924253004.444445
"ba47346e7a53412e78363ac4",825388675.530667
"f86e80b2a831572b85b04e55",749279744.444444
"199a6f7df516a685f086dfa2",448196029.734667
"81f6d6790aca5e9270c3d1a1",496268195.261111
"74f099ca0d949c8042569d51",441076292.693333
"4df3717406f9852284576caa",484159379.194222
"5246f7d8023a4c178af6d10c",552163521.111111
"69d9908e13bf7c8ac4c30531",551816985.923778
"e336d9d892441c7ad886a98d",491139677.466667
"f82e1c70884ee1285e1bc491",502384520.596555
"0ffbcf7d58378c85b4103c7a",470258381.008445
"3679e1844a35c0c87fffefeb",487923403.007778
"955a15a734e56eb287555307",502816945.987667
"722f262a44b2bb6fc05ec35a",483665787.563333
"48c346042d9cb826a3714466",440761976.693333
"bc4b7bbf5df92f476b6be103",509900990.088889
"667685f89a61aa2ad5c9ac7d",415272133.082333
"8be5fca8f4339712c6f3e29e",597050725.905889
"09a5fd22f920267b464e2a00",741543926.659555
"f6d2d31af94a6a73912dd9f5",848606409.088889
"0e9a5ea81f6d91038d8711d9",606334018.845889
"8b2d8edfa6788ddc0c7b3eba",746297431.111111
"2f48a73bfcc91272161afd39",659887475.666667
"a78417c74b8c99279912e427",729585984.110889
"4d69f7c7e0e837879abbdf78",548664313.744889
"926a7b18e48cdbf6ac3b396b",633325500.224444
"a06733f7b3ba964c20ae2698",746531196.333333
"02d598a32d864c289e3ba6b0",754360736.315778
"3977cf1326ff502251f78f66",710932615.436889
"c3cdfd0733404ec885eb3edd",701804062.805778
"a28bb09e30bca82627e595c2",633839828.253778
"0a2f8c8ca6094e6626d4e8b1",717200915.555555
"ac9baabfd96d58e376149a7e",768565277.775111
"700a052900adbfa149dd5b6c",885248405.555556
"4b30968cdae59b4ef3298f19",859889785.582222
"c673d94552bc3e451672939f",832223330.210778
"75392e8381e1c891377fcb29",795909076.967222
"a55d7074220aa6a750297c08",806841578.475556
"81eea19e7c12d65d21e23648",822638849.68
"69df7bc1d82d9723c70eca70",803127965.856111
"815cfcc4d26738f74cbb67ae",690870853.333333
"5ea150753f8d07c71af45cd9",864960228.102222
"f851b02d18e74610a900bf14",875661987.008
"76b9af8036e38d5d30ac4c7a",1117993168.93422
"4ec5ab39cae4afc3b0e69438",801564017.777778
"c74020c85c9fcb2a2cb3ac74",561896583.413333
"6d6ad5e3ebaba1c11dec0f16",847872137.552889
"acbe4eb98668ff4967a8cb86",766978921.152
"16a40e3dbfbb9c703e04028e",574451277.343333
"ee5fa0932e098cba28d950b1",755764959.408889
"5f9fa56b99677a489a9966bf",659595073.606
"4045e30cced205e8c5b2373c",513792471.590555
"eb2c7a973d4d6ce8e6ae87a0",965172105.360222
"99c69eeb96e1016a7e53b33f",725209897.006666
"aa7f56d05ed29183b825d61d",458509369.503444
"4630a9af58fb79c0008e5fa1",591985067.777778
"ac003932eba3a174c5b998ee",458239797.428889
"56a7470ed14454665aaef75a",941622892.78
"a4e4f56336e07304cb946b1c",879227466.234444
"00ce045307538da1b0bb7972",661947635.137778
"cad720be1395e2ab5869807c",456777826.15
"344be03236aed65e74b14a2f",475030174.883778
"58a86bf535b4c16b50dfca06",436774140.713778
"d52c3915fd7d2ef8c92a22fe",472903594.890444
"8a4b7e86a90a296e10a49ea3",464953780.050222
"e1717a317481b0765a7a6a0d",522382206.253111
"97fc10f5ce4a6fd7357381a6",475030174.883778
"428f4bc76d4cd315ba8f89e9",436911380.302222
"4d882ac2b82569f74aa08824",434397220.336111
"948ba87dfd7993460c967cb4",474631508.217111
"1bee6a5aed5417181a3db77f",495793426.963889
"63cdd73026431f5566fe246e",471645922.279778
"013e2a07f94a99323b64d370",1021362654.59911
"ff56b24cf15289dc6d14800f",699871622.222222
"7bdb94165857bcd37206cf18",490971142.482556
"1d1e29d9601aa0eddb4d6c2c",594476597.444444
"a8c9489973c54b93737dfe20",655027591.486889
"254892c6b84c59ff5ac4f354",550621010.681111
"c6e9772058edb2268434d7cf",744783448.255556
"916a413537580440c4ac6028",616231418.148889
"bab8e472424cd57faab87ff2",564694097.137
"eae5eecfa2fe828afbc94b0a",647952132.222222
"da26059a2cf36e02b8702320",561404020.662667
"e18fecb7e40bbcaf26c863cb",729498643.333333
"a55906464634558b94d9298e",569886889.263667
"3032ae39e739fe46e9e198e5",643335825.582222
"663e062b85f16c2419f8456b",559905989.462222
"aad0e527c4bf6283f76b5bed",662241329.791111
"32fbc0f1934f7325a404a2eb",966392911.777778
"07d1137c1f0aaecbbad32f7b",702941631.984444
"3058b792e3f6781e438a2e9b",706971218.698333
"33d6b1bbab4524c3aa03756c",514976753.814
"c75d43b8089321e359e14264",683765905.555556
"29ea1796aede16cab8a50497",440604112.842222
"bed21c41b31a3bf2095aa273",619153221.033333
"ec232a7ee3aeac713516614b",706666650.740444
"bb7c68c2652c7e124d88631c",569303603.603111
"697b6c6f7666391fc689cfb9",668885510.373334
"d912e45dda1a3a628fdf50d6",674450332.908889
"96fa88a07329d3988b6b41b3",692462279.543111
"66019487c37339e9354ca999",539166005.033333
"fd2dcbcb8a31e97f31d22a53",878234856.666667
"1a309175498997e1b8f0aae7",1174396918.88889
"e83119808dd08ca090f5ed85",593992577.833333
"1a26960e24de046588ca7837",619760070.191778
"379c4fce87557848548b0944",451219044.308667
"b2d7355eb2aa975900776275",673849937.946222
"3b05e06aa0bc40b9db16416e",461232996.740556
"4a5405b1e181f5b10fec35a6",716783484.777778
"aff22625564f00844ea2610b",657887765.533333
"b40addfc0da42b0e530503f0",685772076.555555
"9200d647b6ce9aea67ff8ac7",695292624.195333
"3057660e38fb757dbc8bd898",770609344.003333
"799be2171dae4763df530e4d",629357428.718889
"819265a930d32a97533d132d",1057546562.66667
"9ba689b29d0696fb7ebc44d5",1016117126.33322
"0f7e28b6efb9d550ba28a1e0",771012714.272889
"57551742fefae23bb32571f4",625708772.626889
"9569a50febeb4163e28c192c",812172313.388666
"1d03efada56f8a70bdae6aea",714019349.871222
"bfa56d6230b858591743473e",739587666.333333
"ca54914a1cf1028b9c8b681f",556656389.250445
"54304b6117b797791d266cc0",666291372.488889
"166ae8e3d0704209d6715240",683150109.237778
"b56659e70367566a4ddb81b2",842226205.222222
"2641f220611056a1f5616dae",925638508.528889
"08a82bb9fbe4b7abb50cece1",654152045.570667
"b40a9888ec0379fbf85516a3",1175575752.94933
"d35462df6c686296a3c7bb23",759059532.248889
"db244703ce223e6acacbe85d",766098777.947556
"a90df94f959030227fa015b0",486480946.081
"d97d462ac4f5d9cbbf04e9ca",797173697.235556
"7fe6ac57e87b8126ac4f8530",889882511.111111
"69c28dce8eeaa86605143419",1135496611.11111
"2bd6682ad8343b69fae1a59e",802227166.144
"2e6fb29cbc1ccc3d97c92c72",740530911.111111
"9eabba4531191127ee91621b",880521363.888889
"d0c411218ffa7c3ebc10783e",652337884.348444
"0c61a011d7fe0227be2b3575",675991834.719778
"2c47c3ef9e139d8c4513a090",662039548.675778
"f6503aab62a68ca16eba3fec",1061042824.62578
"e7dc05756684b070b36d681f",775411942.952222
"17484950b143d0395907ae6d",748035600.872222
"3d997123b33373024bd2cbe1",739840943.568889
"ddba305c2a3ad29db24a0658",1096392198.36622
"b65efc402cfddc0aed4e1d76",800356392.624667
"4a7ecb05c9886bc35f6b9160",696722622.220889
"b4e14604b888c994b64f94ba",758186381.996444
"ab37764e5f4e00097eac947a",958828497.345556
"764da64c41700da5ee80b8c7",770272544.717333
"8a84a073b855e37a12327357",723756382.275555
"5a6878f8a47f1fa2fc1d600d",1103732555.55556
"505f3d545ce83d0c848f828d",1323470500
"6687a2299f38c15598d11eef",1073976272.4
"533134592237b2748915eed8",845182737.1
"daae80933675e767b50bdd17",1106032896.66667
"945f85a061dc4e95e779e27e",1049496600.18556
"62dc69d80cd6ea9fb7fe52db",657715821.555555
"153436858070f7e724f0cbc1",1006143666.66667
"7f9875a5336a32d73df2402c",877403664.974444
"ac11141115d391be44e6426c",598204380.444444
"f8243b7b679dfe8303180d73",1255151548.88889
"1376106ebc19c929df27bb62",686709400
"f591597c9a1ddd9852eb3cfd",1023884876.82133
"a748841236a7a7fb33138845",459890136.186
"6ef43ab43841696400d91859",621426756.992222
"601310d800d88f0d387235e4",907419535.435556
"db81ec58863dcc5d12839883",574144319.166667
"68d35dadc6d0dea61bf4b513",490552751.107333
"ba9be0b67571b1e9242664e1",666507639.826667
"1690af2e30b05da545f1576f",1256976442.22222
"fc72ebf9381496067101da61",422546263.972222
"3a2e95f5eddda4df84b2e2b3",586584927.644444
"a660d5809085b4823e287a5e",440413863.622333
"799301c01a3e7fc2af5a14a9",869883097.436667
"824cad597aae34d7d59ac939",562608296.74
"23cfc154896b93bce4356ae6",464865958.557778
"a9b96d2a23ed155043085e87",1020529273.32
"f5d529ff6a35fa78ab14de21",550004238.561667
"9b337cb1451a8fb078dc9a07",793447467.846667
"cd1fc7362660bce494b5117a",462686457.121556
"26454cbe44a07cd0df12ca07",862776709.111111
"cc5563550bebb29c83ae3054",1050240090.17111
"109bb36f29b223a81dbfa340",958615688.704445
"31081c78ce92e1d8dbb315b9",638972834.512222
"502aca1a1097438b32eb362e",1069038807.77778
"4c90ce573f1d61d11294d05c",1060655287.36133
"87f1e9ca16a7ea48de04fa73",1112993368.58133
"224f6e839dcbd91491f3f1ac",431833713.323333
"8ee7d2e0692e49bf9d308b4b",836253841.358667
"a3ff6a1fe37a1bb736b1100d",691055485.785778
"97d49e61c1ef55451e52c8e7",730753442.022222
"b6514cdb1e2cf37e3ff8090e",1294501888.88889
