"property_id","price"
"d56159653f5d2abc5ed5acd7",642324736
"45550aa81c0151f1fd9fd8fe",781287360
"735deef3382aa15930482f3e",651254400
"0dd49fa8bb7be52b851c6dc9",901180288
"7d3220a91e78f8bc2924d1cd",778309504
"d3054072b2175deec2c1f8dc",592063040
"b7574b06d593fca4eac59815",575962176
"79e822115c5c1a4531366001",489431072
"d3ed5316a463d38c1bd321d0",912740608
"2f1880c9b8f7ac2715e1236d",888378752
"dcca1c7f109175760ff531c6",754371136
"dfc4f3facf91bbd93ee0fa4d",558678272
"30e134a6cbe61d7954d0f56b",601220096
"385fee7bd9ad7722d45dd034",375389376
"87199c236bf22903d1aafdd0",407738080
"19e19ad0cd6b5e84d8aa970e",548759104
"907f968e78d748fde69dd44f",675037376
"be094e5db0f784e3aa013aae",478359648
"7ab96f83915bc84f8c03c1bd",665567104
"07f4aa9b9ff5b0b05d31e6c0",779870720
"e9be8cd37abed8ab510ba1f5",746016896
"5f6ad58df27b562db077b5ce",751075840
"ee96d947484aaace40f9b77f",761464896
"15c4aef8401208054697b81e",919033216
"22d6cb11333f2839b8112b89",946984704
"288c09c33907dadbae495c11",1020182912
"f71d2bca0c5fe2720a1544c4",493894336
"451744cf3ce55a98db8a3562",549910016
"fba9ae05a6a8a9e0c6268a9f",523357312
"1338e58f7dcebf5a1ea59388",505262528
"a817e8da0ada143ac87277ee",499485248
"46d8bb3e9a0ca584d3c7a317",659185216
"b2506aa9463aebf01e1e00ca",535528544
"7ec025b9b6e6f33bf65af41b",517108192
"2ff531e27672ecd2362eed55",695207360
"9b3cf0d1b91b9c6a2a887647",560871872
"7db5291ce4602d9b2b266872",508715360
"65d5918e826c33bb950fc008",569555648
"395c34e4b8f52cbdb0522459",629688768
"855f4b67d2bd6d18fd03d8e7",637360960
"9ff06409b37e5b5dece4604a",589700224
"0508cd7bd2c77ebb6fea1e56",535532160
"b45fff2e718e54772d46a3fd",712009984
"cf4d2297b73dbc357d21e31b",553848192
"0ada7044c5b29925abc90879",652380352
"6305f02255274ab5fb6bd39c",646135744
"d9a94194ae1350512beff3e6",706156544
"e3896296cb80d50d9ad3f903",693029696
"6514f355887c64136edb5595",884961856
"f03400cc18e12903b3ffbe5a",818394304
"4e134600155a64783b3f8c3e",755168256
"d63ebc63c82fbf66d8b6ffd3",751603968
"1bd64811bd59706844230198",683276288
"a83921284639eedd4a511cb6",749027200
"a2f3f7a1cd573e2a33f52e2d",823955072
"47344a66471fa51f61c64652",782812224
"78fd849c9429091347d7e5c9",747385088
"c3daf2abea55af99c9579319",721896000
"52864916eb1984abca41ec66",878078336
"c62494a9d7aede44f2f84023",805847488
"a2b576643f7a032371587e5e",1002152704
"e53bc68f0e97ccead24f3e56",560865216
"fd82c710aad91bc90af490fe",568259584
"d436abc2ee37ba3dd561e940",705137472
"216a598114a403676011cb51",616481728
"ea230d5eccd2b687888173bb",705833792
"18bd0dd7580f2a7cb19a90b9",284140512
"b143c8ca6d334f6a73c3f2a0",389134144
"ab388cb4fa511968783bafee",557318848
"6a4f08cd04d558a56af732d9",395590144
"7216c895aa047c4f405c4941",601924096
"a493488dcd906dc74cf8a604",669448192
"7844b0b2bc65dced90a355c6",597587200
"c1976383069b6b82ab29d092",445011904
"e5cfd99e2308b7b73581dbdc",585499008
"c18c2ea88f4ac53970b53d2c",552501312
"842c9f0e4edf1e5a672ce15e",752736384
"7dd1e46dcbddc6bf5ef694de",460627232
"6cc4f32b39180bd1ec7e117b",785054336
"79e643789a85dc4ffad49a25",788287360
"b3402a9173d289d6db78e09d",812867840
"a446507813234e358db8b573",509009728
"c8ef57ddfb35061d1876f94e",667281536
"360be0df2c003005e3db080e",975404416
"9ab245a4c91877cb7a8661ce",1071953344
"a57a34c7486e7a40e8deb316",745699456
"ceba7d0f56f6cb03538962fb",707132160
"d5475993f9db58c3e4baf7a3",810478144
"d37a1dda09e30da13ff5bfc3",700535296
"68a8b8d077a8232723bf37e9",753989760
"e1eea7716ca6490b7640717a",745760960
"4ae6d75b10848d259ecba576",699291520
"17afbce5c0b56732abbea936",813881600
"84a2673eccd3cf3bd7fd3eb0",878078336
"f2f4e6cbafe527b155707f01",904804352
"de2e3a592cda5b76c9573c5c",851246016
"fac651cf404a58f24dc7d286",1358038656
"e6f312a0877af26b69855a3d",1268802432
"333a643c623a9bc75f3a40f2",920860288
"64593641e470908ef23b46cb",855236608
"ce9f2f0071be658ae75ca6f9",1013690176
"9ab385e399a4673732b6a799",788085504
"3429c774b736cefc051e2c55",617810880
"a51ad0372758b2bbfe73f8fd",548174016
"8c801a266256e3fbabe7e3d2",729394304
"ca2f81b8fb6fda20aefb0ccb",627107392
"3c1b1f86087f9b99380e387c",759055616
"b0cad5d612954b8cab18101c",912517504
"7eb991f4c69215377e4dac8f",749984000
"0d130b8bea4321300396fa34",977570432
"8dfa059401e1dca80ae65ae1",803186368
"3e3f264cd0ac7a65ed2349a2",877003136
"112dce80bf512f3f24391d23",461922464
"ff25ded6333278149f8fb68f",808114816
"d555b82c192794e87e9d536f",843082560
"a787382d96ef9fce8f27bc70",839752896
"8c3aa295f7bcfd9a43eb2037",954922112
"13ac95652fb3cf6c43dafc66",514470624
"42fc6a80b882c32f6264ac10",464411904
"1e9c53e09220d689a0210ab9",379585920
"3348706086aa3db5c92259c3",464058112
"66d402a9b7d05f29282ddb00",572078144
"cf88be51d6f31c10e5868ff7",517680288
"30b3f38716be209a894b0942",471221952
"0a5908a92d0ba3e36f54b1f3",538955264
"dd206b6ea2d7f6555109ea39",637955392
"c641febd8bc2ece3e4d2d8b6",564600064
"c11fdc02a288af0572a2bca1",864545216
"35dc60a65969b264ab283d6d",542645696
"d9cb0f637cd4feaaaf8a21c0",676362880
"7e8dfae9a5f1faf8afa706f7",539970176
"a280fe7610c254b935c9dcfc",549337728
"85524880fdc4e4daf90e96fd",612620416
"f361109d06f6609c16724b39",569555648
"3f6b2f0c0876c21755369cb6",646135744
"de26819064a290ce78d8fcc1",604900608
"91be1260a84ab7fa3521c495",813392960
"18c8dc4549d38c918af2972e",877372288
"782b0fb8641849c2c34291e6",649915456
"54933f8b33a4fd6f031ed5be",711934976
"953176c9a901b4f61c030432",738974272
"357e2add3d68167a4f3ce15e",808520640
"90332d50e91925eb9b614bef",838998272
"11723d1d472bf1a3fdd8b72c",866785344
"01f8b6799e2910f7769db175",777747776
"a0d5001f7dd42d7f0c91d2a9",579041216
"d4439c35bcb88e1490916c67",591791808
"4a73dad0ff8a5262e8b07c4b",863840256
"3dd8085a65f24b497ea59557",853363008
"39ef085809bc80e32e7b6af6",895038272
"b98ee16e8fd7d1c75a9da13c",922743488
"16deb26bf740fa61e258f545",759606592
"732a3bd457d7798e1fd892f6",702025024
"1376058cb128a1c7729cd2e9",825726528
"cac7e7c3e13af91bdc7107e8",869967488
"9f3dfa6e1422f6aeac527c61",662850624
"4dd3d1288ccb66ee4fb9c097",979196096
"15fb97d6a43731d61e95d004",720889408
"dac29573163315edf99e0e7a",679189120
"b93f2864087d41c3c92d43c3",782067392
"cd4656aed92f5c0a0b6b7c0c",774141248
"556210496090b42ac10cf1b8",1002152704
"762979729fb21e56a32ed14e",1002152704
"ea935b76abe664d5e2c4736f",569555648
"40e9ef1e7c6749b7a8d04ea9",604109760
"058265732a484ac8d5497f5c",525951936
"6f52ea8340cdd283f9a79720",669314240
"cafe7c1ee67458e05c84d5fb",646135744
"3f45ed2f08a2b03b738fbb5e",586467008
"f203b18854b75c4564d7a17d",733171968
"d5333f639d11bc3ab073ed72",522180064
"c14f644116669a160446a945",553218496
"de585856ff546e00a5a4672e",498859264
"7a80663cae7c191b5d025fa0",549649280
"71f80198e68fbba902650b1a",566400512
"f3523e0626df8cea803ead0f",500631168
"619abd5f978b1573761be86d",524224000
"17a2323b855e93533a9f09f2",615592704
"38e8630f2c05ea38e2257c21",596106816
"1e3798d739f85ee0e5a314ca",747981248
"46d0544f411bbfb6b452858c",604796416
"605e7a71eecb13b23ffca0c1",566314048
"7515b37b7ae7c62f3dafbe7d",613368512
"28be121ada9c9303be802474",644031488
"331d54f8a1bd3dabce73d6d9",609190336
"22d167639ccaace593dffa31",618193856
"36cd68fc3ffab79fcaa340ab",639414592
"db924733e88c361cdfab874a",678051712
"64eea2e9a13a8edfe8ac7027",773629888
"97fe6eeed892111bfa20255b",770100288
"b54e6757829ac95e2076d954",788164160
"dd59b8122458557041903207",523286464
"b35c58fc1c05a77433025318",741335808
"c41964afa164d8b75f8dbe92",779715648
"96b3ea80cce599b68f96f86e",762097344
"a4bc87ad4f1ad97c0a63d843",777840256
"16e62269e6aa2ea052d05f71",687841984
"518b37b51f824fa0fb5075d3",751024000
"e083d83369cbc93fb94842a1",764445888
"57deff02895d5286eda10d89",710250560
"7ed35835fbe694bc237abe38",768991680
"b48efa9ddf36e85164354f26",658433664
"5910c9b29a1025bada93a5e1",791486272
"10a650e8cb5425c97f08f68a",742598912
"9e0feca2ec3043ae6f840631",716426112
"35ce37bbecac6b164fa21e6c",600676224
"c4955010d066e013812a85ea",742544128
"d5a83c31bec18d1c3eb9af7d",689898368
"70217bd08583854329722821",607601920
"28e748e7aa0a447731e06706",726272448
"27929c0a3e0fd2d6d2969e03",725795328
"5c5ea0d8bae75e0a5c88414f",746644608
"2233f50cf7b04791cf1ddeaa",689311616
"bf430621f17dcaf17fb91ac7",726119552
"d8dc9de06461e0220bc55906",585600000
"d988975f8c4e6ee8fd8dc1e1",775141184
"bab884e0f99df269805e83a4",792793792
"8fa9b20af1508af7a01e2267",740569536
"b6f195d44ddbe10b78b97191",598444160
"2ab0eeac4a228d5769fb4365",517946048
"347a4deda03bfdde6d1c163d",497789632
"17230f18b30b94606fea047d",474396064
"eab4ae491bbbe7b8ab107229",662983232
"07c753474a847bf2bccd55b7",733255616
"b7ce05400f0261743073e072",627703296
"4a33d213841d2af537aa967a",679538880
"04eb0b590ce7483c615b043b",813128384
"a01a51af09a3dc387a18b58c",586618624
"270b930a9e22d5016ffa4019",881044416
"5ed1320fe84a518e267ff537",809736896
"f04b574dc221473cfd616e22",593846848
"6f7e390aa6135019dc5a828f",589399040
"776d4a19fb3852fe6dcd3ddb",478926432
"b7f164b79658952248866c34",560170560
"aafeff5826516e363471e439",482985856
"eba6a2b80a17a846ae560ece",417954944
"90e62f8656ae504bf6175e0d",482639552
"dc4331d09a1e36baaa6bde53",609001856
"372d67ccb9d251e290891f0a",389744576
"a7801c67a0ddd71c50ba38d3",617665920
"e4d6b81f169cab8ea0244d75",466387680
"cd5c6655243a4be0912bc92a",745699456
"f7a7281a19733251134364fc",852885376
"a716ec25a219961fbe90f367",904804352
"8bd45966c16d4eafb49ee2a2",845604928
"baabbdaa5e8f69fc90d303c1",1010705472
"8bed46960db1b2a7954ffbcb",1023550400
"dbc123f9502159d660f375ca",957335552
"a4683facc81ccda10e9ae388",1013690176
"3a576586fa1aac85c2ffb75b",971011264
"b1fb98d0ba25b21c6647d423",1034922816
"97fa4be3ed93c37c048f507c",423851040
"cf184cc576effe39c0f857b8",469236448
"784f67fcb2d009d352740ed1",458462432
"f4d6ce332121f814aa663fca",529029472
"c87ae84ef029febca1e633e8",593759872
"e876c6fd9c161861fb92ad5a",881214656
"9047c4764f2c6b1a10b87e99",914352128
"234c94e9a248ae57bb5a0771",529521824
"a49c2976ca4f24f3a6b622e3",538611776
"ffc171cf73514bed077339a6",480969024
"fba83f5feea2522888377066",389269568
"1a593800d5785ecc36c25ead",748930304
"ab157c9601861dc387a91b82",779064768
"f87f8003f15b0fbc12609514",543179328
"f44d035ea2b15b2c69d4da50",825481792
"fc815b59cce7934f816f0502",755429056
"32915b77ca68000ba9eed6d8",526831040
"cb083fa7ff634f424a351840",618601344
"4f3c7b9bc78f882f858b3d3a",434169600
"53d33316e237830ad463a26b",630226560
"f5d852e25d51377686c43bc8",629929728
"64731b6eaf4fd2bb6c155013",760566464
"dad7e45e4706ab2564ef9cf1",502607136
"255914e9b13ad94efa6ed365",716972736
"5a8950a64b4aea4ac13dad45",880329088
"70f51b4abf26651111305b1b",808637312
"8919ca18fff7571002e440ec",858495232
"f776a4e0c8c82b3d29756b34",1002152704
"7ea4af39a7e577ffbd600f0d",711671936
"45fc0d46c7a4df7ff6976fce",926477888
"7cdcecc706fc7c79cce45b20",724814080
"3503f56e09e639be4762ff2d",762474752
"f70ac0d227db6f5333aa821e",688018944
"20db610da64f80afc1621b12",320896352
"c80ef212c870e2f20ed2234a",665936960
"7dc68d5cac1b7fcdab35586e",488925248
"a478fb93a131fee4119bb9f9",877598208
"7749b2b534213ec7b536372b",584630080
"43e59f5312e304fc21c1e052",829776960
"82a7920524816f3db7f5a4ca",727462912
"1a7e331d9ff88ae5efafa8ea",723534080
"a57350d4c79a415137281cb7",532546176
"f3a6132006d54d0e22a17e84",842476928
"14caab87a129f51b2b70508e",645204224
"ba2423d79744d763aa3744f8",769620544
"1caac10c1121a795a172889b",1033398976
"40768729f2697b87ed6519d1",625688512
"843234d3c6c20bb60a17fbee",783247296
"cd2e4dff930a1c7a1a569992",469267840
"5a6eab133b7e95155f6a9012",779017344
"5bba6c40aeb129c433d2c58e",595767296
"ad3c644b506498127c7beef1",610145408
"a379656c49f4cb1cfc5b3f03",560588416
"998c1a6ace613d8a7468ba5c",755168256
"dd610d7ece83bb02dcd7a22f",522443392
"539467d04a2b3e78c592b11b",499074976
"e40fe4ac43cabe82c03dda59",542857088
"5561eab714583013b422e7d4",597587200
"d9110b2b5b1c02766da9e24e",733957312
"c72cf05b93b9c290c063b08b",826487680
"d71cc157c0c43935989009f5",730074304
"4199eaa19ddf8ac436bb2ba3",812867840
"d23d12bd86def2657038a481",857902272
"ca438e13d8aa6285858da0aa",878078336
"a173eb804f4bcf6bfe889417",904804352
"9b3677d498c2ccf69c756ec7",1002152704
"f8c787390e4c6d2e99fc7c3d",475718336
"a188aa896d1b4520ccd6b65f",530784096
"9fa39c9eb4b10a20dda6c3c2",522762016
"7bc9022fa1eadbd9ab39acd9",620915392
"46f0731f62232b32eb733dc3",693943680
"b6767d1e329ff5e28c42f632",588578496
"abde4b06769fcb1d5577fa7f",548174016
"1496d159d31717ce254f67a7",560427584
"1470749d0d2551a93827e441",721537408
"3ac517f74dbf8cdc8feadfe8",556371584
"fc6616c62030a53d2aa46b12",782454528
"8497f34947cb4c0ff18a0eaa",567588800
"3b2936127f5a4684a1d3de22",614643840
"dab58562904cd13a93d913e1",610370496
"69d1e47b6bdc57512f1838a5",735884352
"23c7f9a0534a4ae6a24e38a6",822830592
"640e9fe41fb79ecba89d8951",1094173056
"31f6a25d56f3bb36386d07ae",844637824
"bfb30ae71cdca27f5a5494c6",793281792
"baacf0dbd690644d74f3a929",611615040
"cdcb874d2e62220d12230632",830827840
"1421bdbd9cf7572b799b732c",855938496
"ee9e5adab1455d38edfcaa6e",878356480
"1fae43a9450fae02919962b9",613796096
"5f9ee280509afd55d24f39b7",739499968
"82902f2082dd405ab538ff58",550687552
"eae52c81f779a61f57cb5b58",781149760
"4ec0aee1b202642d2739068b",667416640
"f4c6c3210a3c2eb935c6d5bb",845819776
"14a14706d405569501327924",492905472
"146a5a4f3d111dc7b955ce42",854240064
"99bdce7cdea643b0442976f5",788877568
"733c7cdfd50db77066a67140",516673440
"de328410e22767c66d919423",719939776
"d0116b53467b3081664fb268",765887360
"dc722ea5c4d62773f9fb6bbc",616535552
"e84605e3aadd50b064c8eac3",893675712
"31a3719e57ab1425e7267fad",598250752
"34993717af3f861b9735df6e",755409024
"543822711986a454cfd764e3",740915776
"5bbc4ff9cc3ddacb39469e27",884445760
"d7ced905983af0800c19b7fe",797156672
"02d5bac2567ee9e19041ad42",871774144
"f4897a8a0a911a2acfb8e8c7",904804352
"4ba19ab08d1fe7f72d0dd37a",680079808
"b7c07f8afe037d55bddb8e41",534408704
"40b20b5a3a986802d64f7675",580563200
"01fb5931cb55f5308382818e",840280064
"7cd0c7174b957df1f004fc88",688328320
"ca13bacbf6dc8d1b09fe4c67",725857600
"0ed0dc77661be57aab63bc83",502713792
"d03558acc19951a882bd568b",591369216
"b8cca0d70fb46f3a31473e98",830623872
"f665a58fa8eda69547c1a159",859276736
"8aa5ae4637ba83e672cd3ab9",730710080
"a6da1996f66e545041d920d6",742856832
"b828609eff041a68fa243a12",715078336
"3f39a260b81dd7de1dff2b31",618619968
"40fd167916ff071afdc44792",794960512
"6ca31945172976c3a11732c6",783304768
"1437d1f1601d26a3dca7594f",680351296
"ebab054e5f256bf4e382002a",1002152704
"0838d0df248d723da4e25ea9",676619008
"7a134e45b9ebe710c6c6efe6",796010304
"6e9c7f27d6b89c5f9696fae6",557318848
"bd12c705950c46e679c34bf6",1023550400
"fa2c1092f17ce021964f8953",867281536
"e3202b635974f7a3367c0ff9",812867840
"49bdf0f970af03d83a57dcff",797156672
"91af29fa680d8033188ffc39",612327424
"cb626b981c0997d254388e76",499074976
"155a8e4186d1626fdda4d0ee",686467712
"d337476c2cfa780518523a6b",578934464
"7c3ea8523ece273991a190da",589687680
"674c02227165e1c7189c54e4",871751808
"17056748001fd65cb961b384",755868096
"f56bca5bebfc765162c8cae0",929570112
"5f4b0ec9c7452b888b33c3e8",504455808
"13dbc077e552640736267a49",503903520
"cb645955c851790e83e696a7",733890048
"649cca8c83352caf7442f20a",708080640
"fc8836e71725949c5f3fa7f7",950299968
"4f431d80287051ca323f2c08",611015936
"42defcc69fa22e4c858f3c24",862283712
"291a2f9022933c9d81311e81",784294400
"d48a061a2040d851937413aa",877672064
"55d2ad80322427ee3426dceb",779597184
"8c41bfacbc1a6ab831b26fa8",793387072
"c7214222fefdd8d2ad7f8f8f",898651584
"b3d9a095c9c73004643c9e78",868836800
"d49aeae19e13909e75dda2b6",804344256
"dd10dcc52d2549df85f2a8ec",617309248
"6732b448d2e4f32679f235ad",1010296512
"f08a5c2992cfee4c0910f68c",841793856
"e3a62f080c25f404ca995e06",976968128
"7634d584c3042533942e2dc0",835304640
"ae58dee872922a9c678dbfcc",900480192
"5ec01e911785dbd5b49b166c",546280192
"9bc12d9c9ad95064412c3413",887172480
"7acdaa0cee1ee62e15f4490b",693100480
"d76d5b14d0acc5295b8057e2",700330112
"32f3364ac1fabdd13db1cfe5",422390784
"8cab957b322f1aba06bae4ad",642879232
"e3dc8b417819e9afe3fc7d0d",548383040
"c71fbecd8f7310c201adbf40",519929760
"54c9bffcdc46819f67e4b3d1",776716416
"4d94a2295f612b96264a0db8",756807680
"874f4a836cb74be301e068cd",840128768
"a18925f908acda4171bfbe36",940518144
"a587c7419568288d68c46feb",698800896
"19994da77ce4f2db3efe6660",568657984
"9c4dece6127f1f3f3bc1e0f7",525515808
"09c28a830f8093802384071c",615667712
"5766f7cfab59c920081e3046",525515808
"964b7d9de17c1ce396fb83fd",503955072
"44f77a86369d6607753adc09",651496256
"7f25471be85adf0baeb8ebbc",518384768
"6859481703fb0cb34c1e564d",582252928
"7ba0c14dce0cb09ef5735d9f",533485888
"62cd6a29e98a5b7a5ad38050",583291328
"9c6d7e6260e4fe83d43706d4",552270528
"5dbcb55dbba823dc31b041f6",877003136
"85abc5c0353c5b678f087824",654822912
"56dd1bc39664f8e9f316851b",945758656
"b23341faa7307d9d6009c6d8",619005696
"2af941adae2e8dfd66542055",553047104
"268f887f25d416dcd3c0c9c2",781946752
"9ddc7272fe43f07035d3da63",1011653312
"4002635ca8b087877ad22d5b",940363776
"b515b1caa608ff42574e5a06",687810112
"710542343cece039a279dbee",736690880
"187a143dbd6d4bd81d6d9c32",561872768
"26db92c003c8e67d92d88aaf",920142848
"641ac8f4f60ae2b9cf6add93",879656704
"784714647351cb6745c867b1",731331904
"5fcf1e2ab4edf13ec844decf",711671936
"2575d932e98c421bbb38b267",750096384
"af9d2f5f62bf74a7fa9c74f4",734336256
"4db8d529af9f718e6d81a85d",499074976
"9a3368605e5f563e29182f3b",559160128
"5ff696d8369101b6dc60e2ed",504818912
"95ade3ab8dc04237acd6441a",428341696
"607ed21e896eb5ffb50d5ead",508077504
"40d9a852bbed67a6036c6d8b",594010240
"97badba651a94721af5df3f0",730074304
"b2f089146c30929c4836f0fb",603978944
"936307e2f478c3ff7b9652e3",669915776
"b6d5cb459999de084965e993",805220928
"aeb66f808982c6308d891f55",535068480
"cf8418c60f4e54dfa09b1e6e",650520768
"1dcf71e8fbfef2c6534576df",753989760
"c78b16f05ef58855da0d4f2f",407021984
"19ecf1fc86396ada203c2a19",1168836864
"985fc7ab5aabf1831ce3d298",820352512
"8aaeae6bcfcee5ad928ce28d",881696128
"1a93cae134c79a43b13ce656",812867840
"ffad647e8ee35eaea6378fb6",785114752
"c21a3eaa136ef8a912ce7b74",754818560
"fabe0f299a4e4bc6f51d54b9",737277248
"5af99278b1091dca9b0b0332",708080640
"3f0c845deec1c24472a35efd",1161695744
"c10f25fd39dd36287a6cde73",950299968
"f37d31c512866b575780c4b7",1013690176
"5d34f871e5a5cb3a655a0b13",611015936
"95bb852a958d7b16fd676e3c",1010296512
"24857a7a80d5f13a52eeb054",671893376
"f9796e9d13fe1becef435e54",898630528
"1c2739878e452a340a4e8972",930651200
"698f3f1929a2dbbc69865b65",758195264
"bc230105784ca8640e499ca2",618619968
"622fdba953206a65224f2c82",562033216
"6765fc17d98c08142d3d7757",621307776
"6f35fcba4ffd6a58bce85892",580628352
"d8654c08e95b39e3b4891cd9",766517056
"33305df46dc2186c7e3f727e",929570112
"0cec193a20d720af010383b1",676619008
"734efe04fa6b326ae1d072e8",463894752
"69190139558b2ef3eface18d",506884288
"bb084299ad23f245d7cc5b69",593360704
"d4c7b3372d70b898b167b92a",785114752
"4a119b1bbf04b4bd6051c5b1",745699456
"f844345b6224bc76bc3c6f91",514743072
"052505ca8210e5e651fc0b63",841615232
"5731cdf8cac0b8371d786c90",824749184
"594d8d78af90086bf8cdf09c",779690176
"fcaddcc78938f3a234dd2d3f",499623072
"1574958978c9b5d23d9521b5",705131136
"55902baa0ece72e2e8c869d6",796681152
"46161effff173111bb6c3a32",823915840
"b3fcd9cbfd485e4e1da6c89c",452369568
"213ddc1761cd6b018349786a",710868480
"be3b1df5f008636e14bec3fe",706612608
"dd27922be5b6f730f8b4e058",442857024
"cd2aeb1b2649ef421102def7",764970048
"a226b4af016a772dc7e39ac8",657827584
"dcef5b332fd31d0ed8d754f3",581359744
"481492907baba4574d4a6f35",812867840
"10e5e54ab66b58b3f41ec381",720595072
"d48866a153ea0fd23a858cd6",558422656
"d273a2075d28e343a657d9de",947477824
"90a711f776d53cf654614649",711349504
"f87c76eb5071c5b309e3ac3a",419204128
"74df03749e60c216a3e1292f",451096224
"03a84af05df0f577e09d60c1",639630464
"78682041182f01ee4db04e8e",1023550400
"25c76b5a1da0c2d8158b3732",748630784
"af8f09175265e1546200ff86",553238528
"c8d4ffb290aa9cea002e8d67",516171744
"cb89ad8156c3428ac80a4db3",585678272
"7602cb1e6fef087d8ee81aac",698482752
"00c75d59ed4777481a50cbd3",781317632
"fd36cffb856c2a14982a5fa9",630034432
"06ccfa37fa6b011ac38422de",468599424
"257b533b6a66b40d0f097c55",638594048
"736eef4bb36681acbcc3c41b",582876096
"e1a4437b17f7bec650d8cd97",680656960
"ecabfcb8ce9bb47ec3089c7e",680656960
"a5a46af0c9fb5c0a03855660",670323712
"920b50f4355cd2674ceee068",861315840
"410e5af026805ec8088f2e71",766481792
"efa0c01632d13ab59f629ab1",690437248
"5965d19a68a8414b0419bc68",746727360
"64955a117f2d9264eb59fa82",830991488
"8cd46b5c9cbd056d3712f155",758195264
"65f736c3fee3d14c31a57d1f",726244480
"66e9c614882d58c022de7a2c",824749184
"8c787c1e6161b18601e6d7de",481379904
"29a115ba5b198689fce5f93b",517553152
"de8ee990e70c8e5ad167dc89",619922752
"0b65098a19c2fc1caa6577ed",812867840
"70ea0403b722a1dae1ff9b18",785114752
"5c77e242474e477513b60ad8",551435968
"1655a92b20740a11a5889519",615043776
"1709b1446b20b21482dd2d36",878078336
"e5dba7fa0cfb81488b0c331e",475009568
"d09dc3a3270073e5f1cb353c",745699456
"368e740cb71b9175fe5b7b6a",929570112
"b8a8ad4c0215077d3e5aa472",922630336
"1f4a78e094987ce29f054fb8",529502752
"aae3a99ac764b8e9bfc562cf",594158720
"a63ecc5539e8725af4128cb5",683146944
"a29e18f37ded2e901181d7d2",792000384
"14ead7469d05e5eacce6a575",688100608
"1cbf39c44f6b0fdbf9554845",813054784
"9012294b64280c565a88a1d8",787436928
"dc0e9ce44b9932c6e48a9390",661876992
"a4f272acb4b3b4f5fc72e99d",588803008
"b0a7295da89516be1c44512e",645983040
"b638b937d4f62949b9eb9fce",792878528
"cadd4a6e1075b57f7b74c63e",704250496
"a88f4eeeeac5ccd1ba9b8a4e",896335872
"29616bf14b5f1cd42786a91d",591594880
"f03f97ca55e9a43928c18237",533009280
"5fb9bd3aee2e1320dcbea448",581659840
"34bcfc2f0cefad790922879e",877372288
"8c9849cf3d20991e5126420b",821697664
"ca7b9296080c9fc9fb232782",863824256
"63a5989d0dad994a6af7734c",566400512
"7d25023ecf668945c87e0666",522180064
"fde3d4a4a819b1fa40530238",561428480
"e3338ac993873aca45755dc8",549649280
"bfeab1b12dd82efa96efac31",553218496
"2d564574f0191164ff1d068b",500631168
"5529d858e9c9e3e92ce8a95a",507106560
"2755af908b841e9024718b3d",506159936
"623df36ea9610ed5c58dbd8b",524793216
"77924a3c7880310a4822e5a7",498859264
"24fd0b7f75feda5db89a4127",507426176
"c2b9a3b2747f32d26c8219fe",524224000
"3c3c7861a9727bedf5e3cb29",767276032
"822ba8fd3c7392bda84461a4",596106816
"4625168852b335b223a05bb3",591600448
"b732ff1637ec53286e890865",604796416
"706bddaf0b87e4f076247450",642796672
"917218fe1425d2c222da1ed3",615592704
"7ac0428c4b7197ca14f3b86a",618193856
"e828e83be8651bc2e07641e2",538752640
"4d069f925100b6cad0b657b8",639414592
"a50640d13126880a423521e8",609190336
"45e92799de1a5334c3d2d72f",747981248
"93ca9e75cbeaceee69b4f0e4",678051712
"8fc4070ce12262679c381515",773629888
"63182bbbd5f94cea67de2d8b",726119552
"6e163c3a0e30e7bf1e909661",770100288
"3cd016f68705e73b819cf74b",762097344
"3da41d55a2b9f78c2b10c75d",742598912
"0eb8f10c9d5ded1b09f60baf",607601920
"330c37fb5065311564fd35a2",687841984
"b849cef46f19e13d3fc9d5c5",791486272
"7bc034984b19479f29886cc9",804281088
"5cae4522fa829a1614739b64",716426112
"bf6bd06201e60a4c98c8623d",620514752
"549ebb2f616d50ca778e92cb",955796416
"448ad6cf4b43298a39c7b5e6",585600000
"e9a37a1a4150461126dbb6e9",759352384
"1d4c50978603ef41377af057",523286464
"bb71a24bc5ea4051d84ecacd",751024000
"286ab2411118455780314355",689898368
"045108344bf09b01b597e7ce",764445888
"d714e15ab5c2d5a2503bffcb",738607616
"60823c81f0b98e8a57192a9b",768991680
"dfa988a524343181a0d3ead5",777840256
"fe8bcbd17b16ad023a202843",658433664
"69fe76202cd89637a15de1d4",726272448
"e7cf67cbc08fa04be9f0a3d4",600676224
"670583e7a2ec6e337429fbf9",742544128
"796935018bf2b241646a2dae",779715648
"5f5856dd16c0e5131835e650",725795328
"ea2e380226005bb55c724ce1",710250560
"f40defb11ff73ba4e3db7611",777912320
"a4b2dd2771f49951c027eef2",741335808
"a949ede7227c8f8587715029",775141184
"83f402857435d4fadb27fa36",792793792
"36ab522893b5f01caea4cd0d",740569536
"8e4875b7ecd0898571f0b1ae",576589760
"7ef3f8bfd0368696369ac957",513220064
"73ec13a5687c542137eb9a41",510256416
"6334eb4a37d102ee00c6e2a1",409183104
"fab91f0b03598c943fa425dd",555590080
"c57c3c7edd591e16c0b7c1f6",511673760
"03aea1b6ff072f117ec733af",546516608
"91b57e8d6c41b7afe949bcba",531499840
"ebbc5fdad817b304af3585c4",566234688
"0232a50c9afca03cbf4277c8",566715392
"05b12b1916e51a804419c654",502210016
"95c9cee9b36fd1d68f647aa5",556544192
"3d31144a77cb51647f3deb02",608849856
"ea87e3259c2b0d6263d39a2f",576861056
"61f634438de4a10a861f42c0",554898752
"c3ca43d0474dea2f2dfb9791",555464192
"a13a3638569b89ddf1260470",499340160
"124959d1429de095473bf5a0",534110112
"4d85bbc09ae56cd85a8f87c6",623519616
"2c13f29a8b9ac9b464e3a582",553112960
"70215712bdd8ae7585520550",483845472
"3352469ca509e8ca652fad1a",506738208
"893caa7433c200e0d43e9f27",700904512
"767cb14f03c909c595c2a731",507061792
"11433baf7716402e8c58bd33",699733696
"e07ca567b0678126a1aec803",754974784
"b2286067a73bc0049328b55b",559416384
"c85d56080167254c7bc19303",574111424
"5b9ef8d6defdaf13dccc5ae9",636140864
"f7972b1936c6d9e95d3f632b",606781760
"defd03ae7d0c0a44baf80abd",873354752
"6fffb7958a58a73b0e16f2b2",621521728
"5d86a1db39e324770ae58efa",715436544
"c56163e390d9e5a7a76e77be",547747840
"fd5ba2795eb7b5fe338d6b4e",611504512
"24d6d85cd0e2dc3deb2db896",654269760
"feea3a2bd9f643219de51c46",612096000
"055d7c66464d7e327711b497",692082752
"046aaa4162cd410e92b216d0",657851648
"b6bf2760cfa26cb28fc989fa",793930240
"3a6262eed8967d695182e435",825836096
"cf3665f24927de548639ee4d",687647296
"4c243fc50d5511a1288bdc0f",722279168
"d753227b5c685e93b378baea",622163136
"149e49c22fa0eb163a36c932",680929024
"8baa01b8c6d29c82a6108cb8",636113024
"2d437a09b860d9d46644ea23",680187200
"66bd80fd26836fd426be5733",771207424
"a30e69524af9c1bddbc5de34",541356608
"fcc96840d952d32a7300366c",689073792
"659bccaa707b94f303610225",643671232
"df1c66d8dfb9520c6818a32b",636092544
"dd1dacc0c90022e5b40849bf",531720384
"1a06bfdfaa9d9ac754ad07bb",639641280
"a0ecc8ce0592a40959bd755f",623135040
"739c2b9be0941e4c126d2f3a",663951296
"d723eb2516802250027312b4",783817536
"04cc75f46642efb1192f1875",523427872
"9f37bcaa95fb0044aeef6075",605412160
"7be8abb5d23794ac47ceda32",550992960
"c06c737cc0cef7fafa3fc4c5",554199936
"48e71c45f41778f8dca24cf5",595616512
"b41f7c1cb9cfbd188f8e0233",897924416
"32ce96d8adc8e549b90b4a8b",690126912
"c6bb4ca5a0c839d38dd8ce19",750096384
"1d91edf33a141fa2181abc4b",665225152
"aba4e24dcc6998e5020731c8",690126912
"00af33cff3ff7c6927306df4",682762240
"6d2328def08bae481705e20c",761147200
"7815163b8e4a54843d121dc1",746604224
"c9f92088dbdc0d81412968dd",777536448
"8e1bd01ce4b7910d42f59be4",795675712
"5fd89a857727753eae6632f3",794056512
"332e395d4ce62523a2e3208e",511366176
"4fc89ee51cb0e1b9d6459819",690851968
"2571fe181b6ab939eac19d2d",715815168
"af98a0e223a825cbab78ae49",605775936
"ae187fea3c46c3fbee7e6e8f",628033280
"c681519ec1ee1a28f6a3607b",719874688
"bebcca3e75e747b5a01f5485",754192128
"0842a0730545c623043b1d8e",674017600
"973afa2d67c20297aa108bda",528057056
"64a9f0bf04f1c890cc6e31eb",713324032
"9e92b27f554068b7dfb640cd",601772288
"57b7aff18c444fa3c577b079",564454528
"6b23f191d2ccbebf9166926c",867831872
"b80c961aeb98d24d968c71d3",914476928
"064c1cd5e94efdf8c7262fec",530521600
"723078b6cbdf02c88286c596",798367616
"e239ff5eaaebb287beaf76fa",725212928
"b3b30d8b869eaad2382c5447",836799360
"3f295e6c14e23cff1468bf82",886235776
"be78bb0e06d5768ac1908247",485830688
"4daf52564456895ca7f4429c",542526336
"c832701653f1e7f01913660f",709213760
"82433a009defc21498037127",868632832
"b53d3d578b1d7d9e00c8a00d",650204416
"36fab4c38cdd91de650e6abd",879036544
"bed932e11a599f7cd4bfa31a",921328448
"1d9addd835c9fe8665e01500",367545696
"d8216aa4e029c0d3d646efbc",662618240
"c1b0ddd3c104ec4482d5025b",531415456
"bd0f754b0fd9b7af284419b2",831188864
"01e907d7672006fa2bba8b0f",541786176
"7ad046b20064565644ebfaca",476648000
"1ac2b23683ba89e9175d1b99",651547904
"ab4c55e78eb83d80c153f50e",452822944
"2ad54bda875fcf8c6b675bf5",546017600
"07e76c765d1137cdd7c2ff53",488152096
"5531b9663c5a37a2bdd97e9a",729692800
"c740655aea4eab7066446c42",573415808
"3b6c37e7e6ff1c03ee4fe995",659659328
"1b5d3ddc71634099fa1f04a8",621643456
"1ad916edbe6fd38f40289a04",671561536
"a1368aa4d3ae850bbfd90bca",648052928
"0f728f676325ece6a001b4d5",452919360
"0f98c4e431100aa87e6fa6af",843607552
"91a08474a18644c43224c62b",612914176
"185dd9366a6dd1e820880917",632235648
"e364018f4d994cd15d4af374",836883072
"77348acef84ef77f6a076268",513939136
"7f8f506137780f4cf12e73b6",405468320
"809082a38e6fc3faa66845b9",626037760
"2072a783a44474cd0dd10d7d",621577408
"b71905255273cbb0af1290a9",537766528
"c7d5f021595b58c507f47d3b",1316325888
"65ba1feafecd7efdcf214ed2",845629056
"72eb64cd02ad2a54b65083eb",891802048
"35d79b2ac92083bc439124ac",537808064
"2f7d36523df4a5eee3edbe05",719733952
"b0d20a04106ebb87e2cdea37",941628416
"43650eb8b70dfa256ca64979",711671936
"311fa1bf3c405f9bed13b38a",549337728
"d12dc721a59af021e8ac68e5",549337728
"36f9a0ea831710344f468bba",549337728
"1eacbf36422a54f1327fa291",549337728
"9567966987eb1d3117677cc5",527149664
"e5bc85e227ed7dabfccbd005",549337728
"d1f39f86c82916524273bada",618283264
"deeb837c2c6bcbd01930431d",722237120
"57aa22792684debb8d4079dc",543179328
"5b0530f544da162b9a8ff772",654898944
"b7d66c5f1ad06dfcae5b33ff",481379904
"bc353a421fc579770e432176",526831040
"45ae1e929b0fc88718151191",667254976
"b04449c499843cf46ccb695e",714351488
"e4d89c9d33a0f2659df21185",530478208
"b2a7a8ccbbec39b63e4cd028",542526336
"3be69554b1cb31ed5732a836",685004992
"de7f584df6103e8bf95f4a37",536697056
"0f4de499e5bd2c57fcc75013",569555648
"b4fd0aa09f993bbfb1fa8abf",525515808
"88a83e58eaf136a82ab1fe37",553754816
"379429ee3675d1adbf816cc5",576726080
"c6084b85c8d95e0ededc25d1",755168256
"8eae4346936f8c6c67be81ba",509402784
"a13fc9e9b4e47340a5d53bcb",593886912
"7b8a4d701066372dfbdffbec",599769472
"a62a6094ffed3ea7a54fee73",542403136
"bf0ad098fbccd3548d834ff1",525515808
"0a231779f131c36d8e6910f4",753543040
"51ba7338f5900d8ef12206fe",548174016
"81b14dbf863114fdddb38579",622139264
"adaa406ec9ac311e9f9c0bbe",522894784
"4cb11f32806c0e07b4251984",507908544
"3fee486268a1451a7b9fff7c",663433856
"5666f3c36f0ce4eab2c39299",770783424
"8a8dff62516671aee2250cb0",666725120
"ee4fc6a146e888e993a4412a",728934848
"5a16b30f4d580352710e92f1",664735680
"424bb491c71e913e900db76f",810594624
"100bdfc998bbde3d00548bdb",783701696
"d793efed9a723e77ca8272f8",745804800
"725c029b7c5807a4b0ba2bc9",877372288
"b6d3345346f43dba053ceccc",740915776
"888bc3c4ceaa108e048ad28d",736525056
"267e000c89d3416e551462c2",744956416
"0ab4a4b8adda35f634812221",897924416
"823ed628bddea9b56792d108",646135744
"a189bd7e4eecdd18ebc7d353",825088960
"da16828139a19aa11bd94ffe",588803008
"874102a58234cc7888902d42",647325056
"789e5d19fa507823cc4c5296",785961920
"174bcb77be3b7e408e61d7e1",598693056
"31a1492e589f317a58a79df7",739499968
"0825f2ca4baf5b34231ecfd2",778346880
"ebc96ea800887a647422b8fe",738036160
"969b956eb7769b6f509d3ee6",688328320
"6ef9135481d8fc882a1a735f",832932288
"5f501c4532ade3f412359a1c",754331520
"c6d075772255b1efa52317ac",725733312
"535bdffc5b79d62aa6179c48",871774144
"e95653d504208e8da19fdd03",588803008
"e4e529e778dbc89f854252f1",644393792
"ec5866fcdb9afffad2d7f5c6",741246848
"814694a725a50c306d774342",701516800
"1cd6531d8539468cd5f4b315",637395968
"0c3e734afaa6b7c370754082",664735680
"f80eace37237614562f942aa",783755712
"3aee70815bcf6effcf0e5fdf",877372288
"ea21ddfa37d60737492509cf",699871232
"67c78ce1b8a64f36ddf90cf6",676619008
"fd2efcb61008dc9d11756381",855938496
"f51658b9fea670bd943d6db7",863840256
"b83b0a53ead29faf9dffc0fe",829932992
"c1329245f57c5d9019105382",920221248
"98665b825fb3a06b914d39cf",1033116608
"24e90a7d9a2bd0c30a4f661e",857902272
"6e64677f8d730e1f9ca240d2",792268864
"a742819d8e4cf8fdfda6e094",903854848
"ed75d1c40109eeb51fd636f1",920729792
"cfc2ab56604b4e3734d7cbbe",878078336
"ed5622c308bfd10602e939ca",848841024
"5f537d233678443192d22642",898472576
"aaa79ce67339dc53b4f41dd2",893675712
"5f467c6c80023b0174823d85",811735616
"46fcc0d53b263beae95b8eb9",872606016
"2bd47c19e5d29a3157fb8465",1002152704
"9c9c2f05352c92c02d080e96",1005943936
"cf8fb8db6f74c236cad0cfcd",941008384
"f42a53a05dc90e617e0e4c38",454182656
"bd612d494e2f21051556ebe7",737263360
"ed1c8ac25a3db5120c92525f",500601536
"2c30c2736472590fe45277c3",465060736
"bbe2c06e6f90c4234a7781ab",848930368
"b527813993b7bf4a10c05683",742483648
"2f610d2242d583654337d468",1006492608
"dc25c9240c67effcf655b02d",644004544
"c35f5ef73168d03cba1b1f4f",500488960
"e88009be52bf5803ba3665d3",605898176
"12a63d4fcb56c1d690e1bbb1",559871552
"1d58ad85a82f7731e0f198dc",1012306048
"a2fdc7da13d098cfeba13b76",456108832
"1969ba34b72e61337246cb5b",539111232
"8be43cd8653accbb8fe8a270",489697728
"10092cf2f8afb3658ae475ac",672340096
"0fd313e5a0f02df07eb6b104",617665920
"9b5f013e795f5fa610d03238",461922464
"b1ec4b8badc955f9f4fe2131",611015936
"e491adef93281c097ab08dea",536875136
"9a65fe451b30c59beb3d62ef",544946624
"0d3245463127143a8a52014b",751206912
"a0e3198470f97f6a169044b3",877003136
"33e4901b6e72593513a02207",587367296
"f45234a3f0aceb12341be024",768353728
"a71d53ec4fd0d64f8c06da2c",1010296512
"f1b30c4ea99f19a81d12f73b",950299968
"a52e2c893f85b49e2499cbab",710258944
"b2fd7ee866066f3ae0dfb3c0",749943424
"5acc9d767e3117bed0fd8464",785114752
"0449a82dd1667c8c564904f8",881750464
"a0a8d63b5f43b87c0c7e1fb1",853201472
"03de77e22e987fc3fed4eb78",738768960
"3fed1dd17fcfbd2b86e73143",485830688
"04fe204d03bd1c9876242ccd",721271360
"32bdf33933c29b1cbf89539c",739499968
"3f6c05c97778fbdc86304bf4",650058496
"478e13e8c1cb5bc80f1080e0",758195264
"3128a4896665d38feb72b456",785114752
"fba6203abad5f4b3b721f29e",632754304
"b25f461b3d48d833a73316a9",893675712
"1282e129e1a355b161621dd8",739519168
"293320b55fad21ea3f4a5899",639141568
"de2f5db1cd1024a9734871c3",525474496
"200897b1f8bcd7c116a85306",496468960
"7023f5a68e1ce9cfd23fd021",476387008
"13faa4142e9d60412abb4184",526347744
"d74d0241fe5222f5c5b67222",672792576
"0e51111c47813a0b0dd51b64",680086976
"25e3793214088669aaaa4ca5",919062016
"43d7b77a99e86e8bd21a19ff",948774720
"38b87cf007043b76670207d8",862137920
"8fedbf13ebb7cd3475fa3074",874427520
"4be510fa977b93e34a789f26",576726080
"8f165174bc07c28f9fddeee3",803704128
"7ff6f389e364e67c4238df8a",583066560
"2c91099736f3158f7f09778f",434175456
"7bb1bc81e6eb3b4390440165",781179840
"74e43ea3081841278c76cda6",574366208
"9b948f070b94c18e00a857a7",643202048
"99340b6cf8f818392d501e9e",939774336
"b27088c3ccd93e7d8d5571c2",728456448
"4b45cba0d601f29c2b7db97a",775494784
"362212de783981c9ddb767bb",630134016
"5aa78a2bc8ec5e2be315fbcc",858139776
"92fecc04105a999a622ba3cd",532834080
"5098115b26f2473c812b70ed",653588928
"e9860f6b4c3e6699e62f6c31",550575360
"71273ae563da6bbc66aa87af",604075712
"6c6e7af42a6ddf62b04c35fe",548118080
"484922bbe02cb218ced0e779",516464576
"76745c2648b66151008f6399",547536384
"2100201e0851e80488371b67",585482816
"5885faa4aac834118c5e4351",584023168
"f340405bd7f2c4bf524c50d9",542381184
"1951c1c8855fed5db8031e5c",546301312
"7dd96ddad0fa88f5c5978e39",533962720
"db7535339826028d0fb3355a",571756288
"4317746d5b88142780e6897c",618183552
"5796e37eb1a995db5cc06eea",662697088
"817915cc3582112fb5541a49",633212352
"ba524c4e2f13109ce814ea38",644781120
"c2439ab65fe194d1d60eaa07",716451904
"92e4dcc5911b42e7f70311d7",599468032
"6bf86a580c8b510b7447071a",516644256
"975482a692bb98df98b2f243",664138688
"336888717766096b24215b26",672538688
"ad79f4fa23a28cc84487517a",675551552
"d925c1d4dcb68990c7204b33",696530496
"f4658aee77fa0e35a71da7f1",634646784
"210d58091ea74bb902915250",581588352
"186d4731b3af01bbe4d08b23",615322688
"b760fde2d4df27a168ce0e80",804871552
"2e653d2567a47067df169d97",758681024
"8b63358f3cdf8df0eb1f43e2",654475008
"c09d691e4c7d7b8c8f6a8370",904498496
"4502e2809bb5bd47b2781212",655768192
"d03101c7f823dd7d17e49a83",895254784
"f5dbd7dcf63b08f711561e58",712784000
"9855712ed7be7e865656de13",855656640
"5a6397b85f45fba27dd9311f",751296704
"4d1b0315b5aaf21bac150d96",721753088
"32c7a2d032ee21f8bbc6eccf",596524736
"beae197df95b84881128790d",589189056
"0cf7a6d43221664a060ef681",717149568
"c431fd6dbad57351a497fae8",487391616
"b1f8fdc8e3e25517ab80c065",496569280
"7b346d5a5f5ec7165d1f8644",496569280
"947ba86487536d611f548142",1361012480
"8398ba3b03595704b5897704",581693504
"3f895518a7fccca44e534578",536875136
"232e859fc353dbff75c97cf8",768353728
"b234ef225690d57e7c2af4c0",877003136
"393e2e7ea1f20eb6b4148d60",654822912
"668db5244c4d5b5c76b0b395",781946752
"646de9441934226c2ffeff77",785114752
"de53880a3299626eb6c2cdf9",950299968
"07f10df13b244dc33b464582",703063744
"e4aa393309860fd5e30f49d9",1011653312
"8c714badfcdef8ccc73df9cb",1021907776
"0f8ded86be8d3543a5069b6f",532756320
"3e9d73530ff24d3f4a543091",500676224
"076ceb408227ab2563a663d0",506310336
"e0ae474a5307ef4057da4994",523708320
"d41fc79d800458b1691bbb87",673579264
"dc8262e1493ed593103acfa6",647094912
"bd6c24498bf413b6c5adf81a",600493504
"885c77c839d705ca7d04d383",864320768
"b8896656cf6f5dd7c33ae46c",466322176
"34a9e3ca94ac06347d879942",797156672
"ca3b5cd3505049f1471c47e8",605790400
"8c05c66be6008af7f6dcc10b",822192896
"565fb93190cd34ac8b01f01b",828753216
"6c8119e00b901efd2dd40f0b",607121344
"34c92caf68dd0cec9fc383ef",842353216
"68939c438c34e79a317a4f3b",782560640
"dfaba547699e319462abfd6d",591937600
"dd1d2e305d37d9dde55393b0",788260288
"c32df77def9978a84f8ba7f1",710258944
"62103a85a8ddcfbf5e40e284",751206912
"93bcdd2a8ee1d5b61d00d58a",781946752
"9700892d7133ff2c0d1763e7",929570112
"fca6d7455056792cd61e2ddf",630449216
"4e84c5953b493be7ca96103a",696399104
"42fc4101da60fdb41f41f0a4",800286336
"12d40725335f83e2fb9b937a",739057984
"2b9681901b216f2174af0089",779358976
"9ab74e81283becc00a779172",548888448
"8f378dc1215f9213f187c02c",616665472
"4a3a6698b5490216e8f8e6f5",1091673984
"0dd795526c080e8efdf8eb0e",534530048
"3e7217f628a1d0fc9bc47071",637395968
"157195fb2358bf2d5051c439",637795264
"37063e689732880621e4e733",889848000
"3bc68bc2d6a2b81f9e3b9a50",642941376
"ce21f368495d385fbd98de73",572149888
"1a6af7fd6a5b0602052c4c27",740466944
"e38259adbfd953bf085a69b6",607235264
"0cb6801c9b57e874102ca349",545927936
"79f1a5bc0be914956d632658",769936832
"f571f85be35a72b2ac358d27",443000032
"163bec92a997aa8263f5a909",590996416
"9ce3000cd80aeec2c5188e8e",472117152
"6a6178c4cae2e92a08b0dd0d",605898176
"d52cd6eee468311666218625",686034560
"8eccd2a6352c33d8c7abcea7",792077888
"53d3e32b1dc782308e352a33",762829248
"be26f0523e5cb13846539384",597792960
"ad7739088e8febc68abb42e5",717743104
"add4f9dd26fa34829aa25eaf",855889856
"17005d6ec889a947397ab980",600119488
"3fb3a581a9a74146dcf9b71f",455781024
"51c4a8b438bb0d97f712af31",700853120
"0aa1332c56bf357f492da2c0",633518400
"6cc06c89c226a062fc46795a",647617664
"682b38de3539b2a584446922",395932768
"1cfe9cba4c2015e7b58f05a0",705605120
"17d34f9cb105ca5010191142",736431104
"1fc0faf46f3b533f2cae2c06",818228736
"12f9e1f78c630defe302f781",822346816
"87bd6ee6f17d2bd5b61b0ddf",954812800
"fd4ce3ddaf79d1b97043ce0b",1023550400
"97aacb0847561f45a5540f21",730710080
"a6dac56445613d70e49647e5",1007857536
"8b1acd29eb268fd684036180",533863840
"656c13ca7a1974df58e1b826",941008384
"56f72c2d672b7bc3c264f7fd",854133632
"3771c66b9ecd6db0b201d4c4",552553984
"45e2395bee937c187e3486e2",625377088
"7c6880b05c212c66b8961b71",530478208
"e0ae8d2a51c771aef5f245e9",553529344
"3573093e56e95a982a41879c",773583104
"0920b2df9df4f0e509a7efb5",578076416
"43600371d44fbbc81f6b6fa3",614898368
"2684f67bcc89c8a5b95e5592",605078144
"ca463fbe3e5cacc152aa70a6",552553984
"0935e87627068206f6d9c0c4",576240832
"10afe23f1f58f96422c97934",627625280
"f3c8cf1fbbd6cced1fba0930",447112128
"abfda926d174a8da1d946e27",514413632
"fc9fb2f209a4b5e66f89712b",654822912
"15d10635d71919d0c9663fde",615663488
"79733fdf8881b0d25412abcd",684077120
"7254c91fc9b51e76c6fd2a99",772882048
"b732021729ecf88d6297b48c",853766528
"edf4e11d1f1aa6f8080c3156",671929088
"0706ce398b2bd64913e68d39",762298752
"ea4a797b3d73d1b2cba9d651",637680384
"6c598362e322971968739673",443619776
"130a119701171ed3c439c527",529417952
"849c918d78991c57f32f2031",557442880
"036fc9e01b2b1e3ef4574372",841805696
"e4ee1a81aa121aa5f55e20f3",930990784
"de926223fe4296d96466c685",849913856
"340ae520163a220061bd7f28",514402880
"11e36a3effeb0119b8bded5b",739499968
"2492a7a74edb57f784f6361c",595188224
"1900e7808046a5fe89d8e440",765887360
"fba35c04cfb7b6db50cbb57b",792437184
"daff79365fd94d1d3a2bbbd3",636692416
"51230c899cea0054bb74cc44",464004832
"5e04875f99a5e4476c0b4186",563173952
"542db19bc6b9a1366715dd7e",809749248
"a117f625c794b7d52ec67cd4",730332032
"4c59acda820b7b75823fa277",574478144
"f040a167241599987e7b0967",578049856
"4a016eba4744dd01954f137f",552686080
"0d995f0ad226dd21bc96ff6b",545675328
"3d44c742b1aa4c022a968ea2",423681920
"e47aa2541fb576b9915fd625",464315360
"61fe9ea90c8a777971db8384",806516160
"4a611bd82c9216a3771ca7b6",769316032
"0cc5caa9b48a835c92da7653",866879040
"9a7f24ba55c92696d377bcb8",730233152
"32366fe92222b329e3d03b29",731314432
"aa26461420614755c2a52db2",763252928
"53a447ad5e011909080c0ecb",1006492608
"9d790c8c474c9de2afeb00a2",573265408
"dbf200ef5f1e15211e2fc6d3",714908096
"b96c9e2591a4cdf9c4e0c09d",793037248
"78eb6f51d94a61a967da24f4",726673792
"fb338e93dda9159476b8382c",490366912
"72536bfda19f78d370d95f26",789761408
"7c581e2b9daf20131803eed3",733713472
"50cb0ad562ab5ef4e06f84ed",635903424
"a24901956dac4ee0e4b0c91f",843335168
"c1b386f478152f9be1f546ea",578321024
"1f34129d15f992a3b62d4b21",586870784
"299117d35bcdd48afa4c2eb0",655827520
"4ff6c53c0bcfd1d24bac7ad5",763252928
"2e52008bd11000eb776bd80a",1243244672
"56b78bb57b2d1f064c47891f",496015008
"ef64a8989a6444cc529dd1cb",793005504
"078f7c6532204fe046b13d14",842373440
"28c0649dd8b294574a876e95",925902400
"6b9b9d28723c7ad176a9306e",847093568
"a640228932682c0c04538ac3",873048640
"b19efe9cbc26d61daff5ae90",470874048
"dc69d70e4d2713fcdfd93dd9",719162432
"358e85ba765ddde3ac31be33",617665920
"5e6b2661bb7ba0ce4776d483",523708320
"0b6dcb5c1952dcea931e2c20",692763008
"cde84d2435eb1d0d4ffe2a43",654822912
"bac550d41b2cbdc6a110ec7c",486592576
"78fbb49efe7dc0d8e144ad83",1021036736
"606affed5c707249158c4b49",708860800
"d44778d36fc789f8b8c745b4",632575360
"27ee3504d1df34ee8ae5dbb2",953256960
"60bae7a45a084f117eda823d",842087488
"98aee6a36f208227a992f9b6",1222875264
"388a6dbda422f886e503e685",1011653312
"2869a2d2689af65497775b1a",951430784
"19993833220392781bc15279",1247921792
"f0efda3f7fb18af1b44d6aa5",751206912
"cb915d1ef92dff803c5cceae",1013690176
"4bf02d040efe5358d4a5940a",982671104
"1382140d8fb634851d4d210e",1024007616
"b8ea07763f2e1a3d635eb23c",472359712
"8ec00d454698c119085cbee7",578144128
"30d5185ca2ac2fcda2bcb79c",474236384
"d0ea7bcd8cef8588ca50c778",500908768
"fe6c19c6f54606a611d412c8",499671840
"f22ae3d17c92427f5227cbf7",606550912
"92b3b7d8dac6b2f6d5fcfd9a",548041536
"8c44d216517f5c59e2611aac",637676672
"b85fa4bc59149a7a25447537",496756000
"99f10097f39b32a478877340",732070080
"44f8d5ab70828e06198579f3",822192896
"1f674965c913f9fe282d07cd",576539968
"60e768892afb284b0e5042bb",687300672
"8a6d013451e46411d35c2b6a",559087104
"6f953b9964d60f6a74c81226",590529728
"05076b448cfbf9dede72904a",662508672
"47051c25acf866250b5d3ec4",713624960
"0952c73b02dd5432aebdf2c1",597251072
"cc3ef2f4fd5568aea96c257e",548813760
"834fe4a1e9e4efeefb5aba08",602684928
"104cd052884247b14d697673",750812224
"8bf61f106e60d6be03799de7",756595328
"c13e387f56342f88c993f0a2",817606656
"ae664789baac0c47d13c3c19",783088960
"ecd1e3003c5d74a3c7cbdb11",721981632
"561cf254aba002fdef8258ff",737428544
"98799228c26c9e4899bed65e",541405376
"03025756be203027ab75aaae",628678464
"8997555e7bea06f7b90ce821",874650816
"e91a3f962129068a3a76d209",637275840
"4bd0a354d75759510ab6bb46",789403584
"f6c1705a83c039f7a7d46255",770693248
"0c4afcff5f5a90cb79807682",802574976
"d3222a7545e302bf10894658",502962816
"03463535ae93b8b123eaba8b",569924096
"360e5cc9ee1282e5a6ea17dc",808503616
"07f24808e42c9e11a7c20232",611637760
"b80d0456fba49a40fd774e5d",797430528
"f865411c20924c43a080794a",737364928
"c578eb2dffe903475aecbffa",611992896
"d639498fabe1db1236656593",563504896
"e6e3bcae6ba114caf108049f",592257152
"7dd9760286606c45e6a15926",680822784
"2c5f07a9402cc93f4c683759",760792704
"e3295e732bcf306a2d338387",566798208
"240ccc45a242f80f817b04d9",636614976
"a7ff59863f8719590146e71c",612354944
"e6477c2014ad081d22f12b9d",621366016
"807687fdb46614d9aa139b20",549393984
"317d8f9d18599b346639a4d1",552854976
"b85acd44e18ab485d3ac543e",662149312
"e61476e47d7e7be706d23fee",743797376
"270a97e07eec2be02cd89a86",742540352
"4c9dc4494a3428435457f575",660756032
"26e58d0b13e7f7f5a54585d2",702448192
"166e1e60acca831bfad07736",733086080
"aa25d9f8737f142b8cfa970b",805531072
"44cdcca08e1e66a1496fac6a",664045952
"d75b7730e8c291ed41d7caf1",749140544
"6d1534800bf0ce97197efb6f",751382848
"8b13054b3318289aac1f13db",545913920
"c6cb6ccd3f5876c9b9e29685",596740224
"0356797c1683d002bcd94899",873350976
"558cb38bcb8de04588bdfa30",668402496
"0685f2225b939147c8482e6f",592063040
"cf1ba56710023ede80a8381e",781438784
"2d4bd56e71f90e6fb387a2b4",1234565632
"b96b8e1d636f0c10c63e5c6e",765519680
"534be635a841fe21c7a702f2",671301056
"dd5b4eb5d20b8b9c813ba52b",591609216
"46941e09b153ec19f86c0c2a",843601984
"9f06ad3793ede2ba7f39de43",596818368
"b3df8c66475021fc04f107a6",577945472
"468df200fa490e667bfaa31d",780036736
"8130ab67c5e0d96a9a67fb12",770566592
"f7ea437311c0d217b0d572b2",441615616
"ca0b59b35225b44447967ef8",429223808
"90961073d9887bc1023315a0",514454752
"a1421c30fb33a249bcd54394",483340832
"c87d9677bed80b0fe06308b7",375227072
"d331a4d58875a393080fdc48",387337600
"2f3281ef06475d2114fbf9a7",529948352
"487ede1f7f155194b69c531a",389204928
"04308f869d7c992ed3ea646a",629809024
"912471caea3c71e3f9f70877",597587200
"1baabd705f72393167dba5c8",555133248
"aa4c66791884ea2a8357924a",542857088
"1ce08c19161bd0545eef8a16",654898944
"01eb0a2c1033c30830161321",635785664
"b2759de47d28e8cc05c94e36",605574144
"bcdea05b890394a10d24601c",531787680
"db9f66f68aa772fe29e37edc",534288512
"bd094081331ab259b1076261",535555904
"81e7c8c1894e0c3a9315ff27",487694464
"7cc9cdd32c209a62908a18ad",618498240
"1e18024ab7d931bc7ab5873f",815447744
"baa146a6537e8630180fdd35",785434880
"8b788f742021f2438ffbf528",426741696
"66d41314804d77ea0f440695",650474368
"72dec1e6e65f6117e10a2473",511897760
"4066da904062a0041a809b02",639918272
"b7570bfc5ddc7caaf610908d",638830272
"f6c6eb3fac9658c4951c4222",645827648
"5fe25ab9cf4ea071cd6287dd",543775424
"0ef36d33e6c378c946b8a65e",696448576
"991a94dd1e99de493672da14",643395520
"798d87a368f073efafead25b",696448576
"9e8cbeb53820394a460f0879",633229760
"7b5582907bf47bb9e873a513",681885760
"0f21ea53a480e4363b8d7aa9",715078336
"ee667413d1cc49427ad448f9",610370496
"12bb70a95996dc6e286086ed",548370752
"9e9e3655ffa5921889cd8ae1",906146048
"f2bfe55b6188070fc5c3f59e",891334400
"1f00fb18ad48b32c666fd319",649523904
"86f15ce6ea8e97837e6b9383",695368000
"7002d00c9acf8b8a4a5865b6",906582208
"3e85deb0237521f1a7a8fa84",857902272
"1bf77cd1c4037f4d2ed28036",825921984
"ce8e1e2e4a79fa55a8547457",904804352
"73a8efbc036911954c07b91c",878078336
"9a2051367d6dcbd90a4d60e0",870695552
"3804d5b313b742228ef0f1d8",829932992
"fd7b741b96080ca5b964cac4",1044144256
"c4cf9ab3776289a412684892",743859968
"1c51566c7dedd4a46503131d",1053900160
"62259b400be228a30a655a59",882207872
"e5092b4a94f1c231a0c47680",1002152704
"6f435cb10e5728ef45be9f29",961947904
"04a071d777e60627223e28d4",471666304
"1117078fa37ed101e9120923",635552960
"d56fda10944b088d9cbe1162",516290848
"e01c49250329331a442615d6",560051904
"30ab0bbf876dfa515b266c9f",556005312
"6aaefcb58913bb3f49954b2d",741437120
"629a6122db92e378f0eab96e",748230720
"a8549fa4bb56a2bcc0e15b11",491065792
"34291b30d129222905ffdaba",685004992
"cd5658fc146ae4b5d78fb565",560054016
"ce14bec246191176c16c4e27",610157312
"46529f0455fd35b2f4a489d0",532228224
"52b3823c59546a6ff3de4d09",490259712
"959b7ea50d93bf1c36e35005",964981696
"5c6edbdf110bca5a66a51585",490118240
"d4f6cc3cc6e923cd37d0fbb7",533330048
"2865962bdff8929888a51341",666725120
"105bcd15e02d39f70ec2ecb7",514461760
"b2357bf117ecb5b9082871ca",491823968
"273cb73a7bdec0d291e845f1",516290848
"1f4cd62152d4940990ac6a9d",400118752
"a13ff325f90eb49363f59052",831014784
"40871d7ade3e592560d0b3e3",576726080
"ad2081cd75928b8f5e506944",942761152
"1508ebe40f90f90a68f6dd69",516290848
"d3cda82d1fa53a7ca1b46a33",817451712
"dc20d46be2470d85ad9e7e45",489521248
"0a7fb26822c2ca556f62a257",560054016
"40a1cefb3cbb7e2972e30d97",496235296
"4c3a2b3e3d5999f747ae0d53",887292864
"a8870552db951bc4e76e7f9a",524733920
"cc48e66185c23195cf958612",777955328
"09d4b5b5c2f97ff88215708d",817440768
"a59320023948e2d915c07306",617542656
"a74214a0d4d40b898ee2be88",499860832
"dd9f28d722d43112651786e6",551025088
"275360e29bf3309e09ec41d9",532524768
"1e21ee2ab4ef88194cc85166",520450464
"268c1e17bc17dd646d1885cb",498797728
"33e22ea4154e8f71062dba8b",725594752
"5b5db88fa09ecd8f4b9cef6a",748684736
"c41dfc0b917edb6e6ef7b1c8",530687648
"3ba6b07e752fa580f630eb8f",819256768
"fa6db64bd7cd8b0f1c0e2453",812660800
"2422ffac7337b402339dc550",839623040
"dd6d47e2626e2bf24f842f21",770783424
"bb433dc1bd769d684d8b3352",853363008
"812ad0d57e4291da184bfae5",487694464
"51a0a1a680770b625579e25b",1011653312
"a91fd5b9b1a791a6af59b70d",855468608
"094da6ca19427f1a943105f6",858685888
"7af0a604d1901925aa179436",848624768
"890df90091e14d1c3a1b30e8",392548096
"aac17b54a68bd216e2bd1d45",402202560
"fce26c7fbf0bc93937ea5198",625901824
"b4245f075bc41aa29b55d324",856426048
"bb70d80b0c6ad3022160c8af",572844544
"ac85c8f7605ceff58dcb55cb",634303424
"520415ebcdd1a4059d18e2fc",762506432
"81547b223494084af3e15bf3",654801152
"a0f1496a0b4a7cd8b850f010",852232960
"436fd4dce2ff0f71232f4b6c",390706240
"3923f0e655615aa6b52721b8",752683968
"afe03b938be9cf14e98d4a0b",479883680
"0f1c472b94feffc41f1caa44",466496160
"5b76ae185e6b41243777cb4a",417363424
"d70b133f81d6f1c9d93e2ed5",482890624
"865459f5342a0102d255fa07",558739648
"fea5eb95dfad452d6786b042",412278304
"415622d0f7adb1a9f7009a63",331608736
"543edc342ad39b149501aaeb",549249536
"89e1d01cb5bfdf567faca443",738185344
"e86b99e5dac8ed0d8296e950",583393728
"2c85b19f02bb3768c10d14fc",609347648
"c17a3139c360750a6de5950a",680305472
"cf76e6077d47a14abaf0cfb3",508550528
"82ad4b3d5a215f17e745d77e",548217856
"dbb4260c89524c78de7433be",578720064
"5b312ebdf71ab7971f9fd2d6",584704768
"b3413352f0280412f53562e0",641773888
"28fc5f188c5e11717cdb4a98",647593792
"c4d7a906b747428aabd368cf",792750208
"a4dec2ce375ab5e4bffa5966",617060032
"546d570784c7ab8746bba80e",548160512
"cca9a08bc4a91f317b851f11",954922112
"bf43226ba66a3e2033d32fe0",517397024
"c2717194de73e1a1d8dce40f",383548416
"acfc06021a7a81313d85f62b",374902720
"2d531a26f8b1a8afa511e3dd",650442496
"4a8acae29064919c68fc8600",579621248
"691b030abfe1190802349715",575474944
"a302ef23e1d0d6a273274cd0",449012704
"a742f415d6c57e8493762c57",672080640
"4672d1c9c3b04fcc87a0ae9b",841517824
"371a0ee537001f7a9d58465a",809402752
"ca5eecb01282d4a84017bd50",799425472
"40eefaf8c26b8b4736308bf7",705965120
"a7ff08f7e09b19c1546453fa",686770880
"07a6da2c9c4833ee4cbe8625",669391680
"b2d32589626abfc81e44cf70",797802752
"aeb68eb7eecc4aecd5529717",818479680
"3c0b438c7a4fcbfaff9f678e",787616640
"c37b357d57918c3a651a5760",703461760
"b65c0544e9deed76615a3138",787153856
"3a8b7b9048c82797fb01a8a1",674546944
"7549cbd5c8003204c85ce1a5",587030464
"21b4c1ad11bb1feac4d02308",698961792
"b972611aaf1b68340de16545",728183808
"eb3356f3856526dc140be7f4",831797056
"93ba409ab36d3e10eaae18c1",960963456
"5717732a654405ba208c0f5f",1040435968
"aebb556fa6c9275a9b5c543c",1215896064
"fc72e535900c592d6053b806",882611840
"04d77c8ade9a55fddd28b00c",765170368
"028adaf559a05c8882893767",824508928
"95781f187bd3fffa3d1b19f5",782071104
"cc2c78d41e3fe29de0b4ec4c",864235520
"f78886545677e19e472fd0c4",541417088
"3dcdbb92628e6a200adf48e8",1311403904
"4993d1487d78cd9ae2c23619",1132419712
"a8a2c61f2b994411af5d9bde",977570432
"57fd11f829e31e198326ac98",839752896
"59b9a5730cc8a41bb7a1d16a",840208896
"85b8a65f1b00f78e67622bfb",753098048
"971c610e55f133a1d1e6c2b2",893206144
"0f9867abe3ea0b9c5363982c",1008612096
"086521dbe18727963538aa7b",753010880
"bda3c74ea6f73407a3c0a17e",681262400
"257c765ac81bcf773473039b",400066720
"80d2415c0460088d69574285",1195486464
"1554f8aa4c8fbe17e9e82d0e",828540288
"00f6a62599f25ac506113149",829225024
"ae26e4726c16cb2f6a6d3f2e",920194944
"8018df1613094a9e4606c875",847412416
"eae4a1cce7c039c644f01c6a",883567680
"b07cd6c30350efc5de211a8e",911232704
"5a2624a08494481388f6daff",769437632
"b8eb177e22c63e84738e7788",720452032
"ca02c904cf5eb96ad20705ca",631941312
"8e6dfdcc28f830f2696de9cf",840908160
"99fdac6a2ddb1136f7117f0a",482147552
"22e9f1b4b5e887cb5f0dbfd1",513138112
"d89f812c7edfeb3121bf639a",638139584
"19957244dabc3f727733527d",514691552
"ad1322132f3b533b4aced580",637671104
"40c2ea5f89f5b77cc09d1455",529521824
"140c4de69883df9f3fb3a538",506120320
"5529091bcc05ba5cb2156b15",513091296
"55c5e58ec636586755df3dee",543585088
"6049fb02c166ec9b4471a7c6",647449536
"758b4df32244a51b2271a891",466783776
"2ed1ae5e6fa77e447af230fb",826200576
"527a1c27e038e45d2d1fcd9f",581107136
"1d0c3ba50087cf01637de6c0",610235584
"d0804da971548399183ecb85",821154560
"46a7d0f520dd1e78c0cbce0f",821154560
"57e5120d0b71ec6a67746a59",790181056
"b5292c1e1683d40be46bc2de",590781952
"01e9c7531cf3c63c04b9189f",635175296
"06e91b526821a6ad1372fc44",660676480
"34bca71dc9c74a2072f11e9f",719850112
"22385ae2b3e7640e8c40411b",623540288
"6e4adafdd872a2837921276f",564467904
"8cd3031963c612efd0049f8d",695335488
"43b2fb09efd1593a94b61b4c",722689856
"74448f56811e9562536eff6d",826503552
"44f0e088fee626993778e7fb",801107776
"6e6f7fa167c0f617f50c86cb",749915840
"83da5fb4c15e3daf727a3cc6",809879872
"b45c8a6224ae2656b4189526",654476416
"0d926a0b5ef567c627a7eb0a",846042560
"c73a1177d787a5ed72b8a9a7",529270336
"75c1083db5c940e626c02f53",440441248
"b925c9218f5132c6c81f3a18",625552384
"9a091c59b3cb4c730372b34b",344797696
"bcc704b2e178dd20497e073e",660436416
"6f65de020f663622146b89aa",565894976
"9f3680d00c86707fba024dac",654352448
"18d5cc463455fdb4d443a6f2",513992256
"f1d76d78f9266d9552bb86f2",639673472
"74dbd25d407e51337f883659",789373568
"88ff73eb829a6ec5bfcc0222",796112064
"ed5559fbfaba86299e87ed89",671139456
"5d97aad3e83e26b551c3399a",803203648
"2258ec00dec6a2b85f439135",803203648
"6c94fd185169e708a08d3535",544366400
"ddaa88a11432ca21d3eca774",604476864
"2749b5cfd2728ebdf124a0a3",533352448
"a7546a6c6194506dffd65360",599242560
"6de7bfc5e8149ebc40ec0e4b",584180864
"6f83f14861e13af92a2b8cf9",569421824
"d71d0c8357f09fe2f77bedde",513460544
"90b28f5125a0b8a0e3b10580",848760000
"940e08f8fc66ac29f6d76687",764164096
"41d2864e1f73e29f222c61e0",806445568
"f7399e57df358ae7adc9e08f",742536512
"1679719f26e7c650f24eee6d",744757632
"0803ef3270948a30b3fee2f0",495356352
"4a3defc2b7d2cd751c9c970e",869977472
"8bd2490f83568ba653cb74f6",812225088
"b4ffd0a2cdcadfb962578199",770503104
"7e5064603267b61520d8f83b",504660192
"88964e1202647db0519a8a00",583838720
"f3d94d0616744b87ff139533",707192192
"60704a08df293592e4cb5719",516720992
"347d5081f7bd36c8edc1f352",678005440
"41d3afc1118758b5314db48e",666306816
"80a1dc97797c41b61f46ec6a",657285952
"c0ff8812c1e8eeab07c698a1",627827840
"a9a4a765b1daec2f3ed59a80",656308032
"33258f995a375ca192ca4d3c",749876224
"80b6c823bad5b4c0fff46657",833471232
"719055eed27f361071cb9eca",677810176
"9a354d8c526efc5bcce59dca",794131072
"9850d970fe9fd9bae89f09ad",685491520
"f2c87b07466aad7328b7e0b0",718759424
"27ca0c2320c520342717355d",523326208
"e958bd2b19db118c31f893cd",523326208
"46dcddfc78444011abd29870",636150912
"061d3fd39da1b4b1397054c1",702154816
"3d1a8884a9687e53e5fb0bb7",735321408
"1c0236d4bc291372483a9151",634703296
"c1420f278d45b85c56f415fa",903632000
"ce6fc507df0105c68c29214c",531212448
"e4f26a73bad4e41c375dd897",957291136
"719190aff81379902beb6497",881755520
"da627dae6941b59d1eb98e35",670115136
"2189d3297ea703e50ec34d96",877701568
"c7205874bee601a7b01a0cd3",727871936
"a22bc19d0d83b13a53630b7b",588565120
"8acebaa9fd7e917d7e3b391b",506373056
"4e104916ab915cf3c0bef846",743440512
"b0df95e9fc94d9aeebc960df",705841536
"ab419cd48b81038c5a30c721",519005920
"5b9bae6f556700e099fedf08",569284928
"989360149d9cc6088391db4d",732203904
"bad7560aac04600e1ec1a9ce",550802560
"08d9f04bc4ebdc74e9d80b16",750414912
"f4311c45516bafcfe8864c70",613855552
"c84e1db639ee43ad83f930c3",496015008
"f778fa43c92344cfbd700432",680341504
"2019bd32dbd09fa285a388f7",765801344
"4db834146c4e73b515d510ce",533675744
"9f9f2548425519863e2cd6b6",596473536
"6c3bb7e1696df587990161b1",507806944
"82f08aadf1eeaf2058b50592",708280704
"753e74e4dbefeccf3e6b27fb",603014848
"a26149f589edb9a903782a3f",718805504
"bd264728a0464376e22b6bee",569555648
"2d5564a502635dce2d46ef8e",813802944
"05bcc7d7db8d352216a4af59",618070656
"4794d9994512f01a4bbb6c48",579056704
"64a4528640fe492865ebc0dd",753291008
"f655ec98cd42b0bf2d7cfbfe",729176064
"b09de5f1e028d4fafeb8a22b",646135744
"4c79f17573007a39bb2b4b7b",771008512
"824894236c20b081af2c9868",755039872
"107e76f0c913e19217662faf",872169664
"d5e2bbb69ba3876b93af2d3c",888512576
"a2905faba4c1177603e6cd5b",836073856
"d13e3d432783206eecb0e192",922054592
"6fecee4b1e5f50c0b27dbba4",894393088
"57891292fbd530872cbe68b2",889007040
"d0d6a1b5c60ad420ebf2ab8f",760671872
"711736da4f0e8282fc8c9e69",860382144
"f32a3b542efba398907ec912",518387072
"299a94a02e887c6ab1de59c7",456461056
"ad844bdb1150508a4c6d57b8",660908992
"78c17e6ceb87f7587364c873",387178688
"22e8713e2051c88cdafe2364",484148800
"79c5085c14068e492e402a26",924792256
"205e9d987013859f391b27b5",936708224
"36aa7d0cbfe40adf3c86a134",774973568
"d54d787189cc8f014ae58aaa",609363200
"fe2f1459eb0a380dc31e3a4e",819216256
"ad663952ff2ba1953efdc460",610000192
"b7320c35e90f33fbb1c28813",645214208
"8f90134b8e68948cb18fced1",465872832
"2dfeb06300828182d4109c43",731374528
"3f5a0cbba1433e9b6588dd73",636957760
"f952c40e24c9df4ab2d62017",807182464
"462c7546b358b00e617ce012",518658400
"e0df3391aeb8d3f4b00f418b",694081600
"1e48878318d35476c3e87520",508217760
"e3903705d5a48c6d9f828ab9",673231680
"9e590ad7d22105456bebc767",693028160
"d0fe3d393eee5c0cea5bb6e2",535159936
"57b3791f2c5acffb0097f7c4",704191296
"e11f9a5cf9d6ab0ffddd6096",733189440
"9a3920f803b087c29b487cec",524293664
"6cc0fe8ddc318f1bbad360c5",720002752
"3e0c656b64d39ab38201a112",431249568
"cd55abdb54bd56d54b11fad2",705248448
"7cd39eb8de56700519d8f287",632280320
"d762007a4ea5de370738e875",705605120
"f4fc67d9b9c6078003f9af35",774791872
"dc0a4632d7378c25be351760",685410304
"530a3bae5a13291c69bb8474",502235680
"32b678be83da2a07b37f3012",520601216
"349768047d470d2fa6ff1930",781946752
"e017c3311e2fdeb50a686547",845484928
"bd0329ddd50f2dc4dafebd26",881214656
"f6252e878aef5f8a641c3d6e",626681280
"45ae8ffacfd00fb4a4f53d0f",878209792
"d186e369ed884150e71906da",895818752
"7b9e6b7eb3a5db0443193fbd",744755136
"1ddeeae13139b7c9ada353a3",467375680
"a1ae6f9f5d02548c89b23904",770783424
"dc298d37c5235e15b4cd68a3",770746816
"f640753edfd8fb1a995f1de1",431353120
"69a1f439de0f06e1143a0006",633691840
"98f253233bfcd16533e2a448",843279552
"ece6f8c652d4227370ef0fcf",1004884224
"599506739a6544839bd97b81",740586496
"a12f49f4ac3c5bb0dc7d8d20",444603680
"9da00f8ff8e19d26c1342274",1022594048
"cf5213877dfb4df98f0dc10f",540534912
"84c7006b5a63add890a224e8",730682880
"88aed38ca59c09e1a6202672",774489600
"e6bda9370c80a5f7e5cb6b07",683496704
"3b54ab53b6e3453e333a0939",517719200
"e72ff7414cceec6b162df345",587584448
"f2d4c1faeb7694370bc65ec2",541956608
"e1ffd027cce28c44c0d2f80c",573583616
"5c5039602efa36222e64108a",626337984
"b50f2c871166ee1009416be6",575148864
"5e7e36116dbc08932f5fcbf0",695715776
"325ce336d3df17a078db5166",585192000
"a26e967b288a1eb6d8e71d46",589234688
"139331d23d9e3c40cf083a7d",826458304
"1704b2d5f4a33401fb153608",380912640
"ee70354146295365bf241d9c",464315360
"fbb0a76f05908c118f7a3df6",383548384
"2aeb794adc9892354aff7240",517244864
"b0a32581cbb586f9710dc3e2",758344256
"ad7f3aae29fa1e7ec900b563",737263360
"1695225258263bd2f463b21e",748468416
"f72fb486fae49fc1de1fdcfd",888486016
"6b8f7074aed7ae7e6cfbb090",947181952
"619dab52b321ab297a604185",965036480
"b5bb9af24f9de68e91a1df76",1006492608
"ac3d21f51637207d3e031c2d",646135744
"2aac28d03c2110d871b5f274",549768064
"9ef498b11563827597c82947",623194176
"4f2ca698ff03df0c6386e48f",597587200
"606df4826416ea0f146ddf99",523420480
"9ff08a6ca1c63480c563442c",734268160
"ec27554aa1c62314f4d46fc8",490214752
"762374e94f17a8783a66d598",569555648
"83ca3a41ca4b5337107c197e",724693504
"c166a9293fa27e910e1fa9c1",729761920
"57f8a1e37c4ffb1b8cbd342a",636085120
"393d99ca47315ae98fe9e7c8",959316544
"9bef4aacc63605f2b2b62292",656316480
"a266efa4e41df357ac4edda4",865896640
"adfdb0eda9aa97f0d3005c4d",704705728
"f05aee3e433cb036653b4375",587628736
"2dfd1808bb95170a088deac6",785040576
"dadf0a00434e8ceefb3e26af",840333632
"4336ff9b2dc1d97ac8f9694a",439517312
"eb14a5813f860bb74740da2b",491243296
"3d580d0df1bf9dd124c282c9",514402880
"49bb5311607e4c7600caa03b",543179328
"78a39ae05ac53535ba0fad2c",694603584
"936e18fcf06ca3c46eda7c8c",589728896
"23f12add67accdc9ed40f59f",500842720
"eb1b9e15dcb88964f79e6a4a",526831040
"e2b7f984616fff25e3dd6a3f",797156672
"b8e2b98548a234a245d7935c",748172288
"79382c56606e701e44d55033",929570112
"983874e637a1a5782f31089f",649850752
"3da9de8f610e5c40401a5b78",638755200
"cd69a049dd8a3822e228ebaf",741071168
"604f1b5149f770a8f370fc75",426266496
"0d24fc1c5deb78eb1a0caa51",738249856
"583af1118e60e46c347ec593",824345920
"13b181b46359620191e6e4c1",608750144
"50d8333064f0560cbe549f89",643612864
"d9000c1afed253d05de7819b",449795296
"792ac070d1a314f585f09987",522156256
"3e874c25176a3abb336b31ac",514425792
"419ce7158ed62eb6897cf09e",482482400
"b6b87c05c4238be76d94da2b",497669792
"980d809e549333b475477bf9",539038336
"a7df3d344010d5bb7dc70bf0",492581984
"3d474c6a88ceb86e00f68b3a",528944224
"be4bdb73add69f12f7aa6d06",510446336
"fa5234ddf23dd0d9cbd3cac2",541776128
"91a08f81b621333ac58c3845",713700672
"702aaf395bc78986a008d70a",575952000
"86b0c9c1277e9143ee765b43",477504256
"9c2c22e70cffe6836f554f24",566873216
"31f56b841b122b35615bae2c",484896960
"41227dc9c9948a5f0688e426",607070976
"781989d4b732f961f91bc3e4",536671872
"cfed0221146f4d83d641e1aa",505215072
"8ec491780efb2c27df8dc08b",626093632
"8a5866428508658b4a2a4cb4",596433152
"156dc81d6e14a71716aebcab",681081536
"c24be8293c8f4080562ec0fa",571809728
"7fa11c05ed1c123c1a457b1f",640548544
"a63c36f6e7e7ce7c7e7fe457",812012096
"f9bca38d3e08176649504e74",635775488
"3d389130627ca7bade643f47",668031872
"70314b0bd995a4b03c771ae7",479265376
"a3c3c9fc04cf2e2a051a12e6",564437696
"4cbe75a162b076c4c454dfe9",547221952
"0c62d4d501a426cc8fde0c36",629431104
"533363375cf2cbc50d86773c",689414912
"21d0f28d5f30a64352e60ac4",513397760
"471b5135fced50f7cb4197e2",577692096
"1c7586fd8a1a38bbda9c92cb",551987392
"a0f28aaedd12f3d0eee8c6ea",469001504
"8923182b6dcc9f2d8be1ab53",554199936
"67f694b29bfa494bd9d9cf44",649797888
"b721a5846527d5338322c9d6",625601088
"ed09fe201c9ab02a91779dcd",676040384
"f49045b312d12268eefedcba",632709376
"22ae194316f34d482bdf404b",571809728
"4f450ba5de4766e5ecb8a4a5",542022272
"235a2209cde8f8b0276c845a",570613888
"f563f0899884de7f9bdab405",549758144
"5b462279f602c5b67ada82ee",638454976
"fa4af69aa064a4306cb110d0",559952064
"a70d32ccaa78ae9417aa7e4f",570823040
"77c9e5e3a6d965ede708cda6",639213632
"5637f3d3278ea049333afff4",536740160
"1b1c220eb91c9448b520b76a",636614976
"f4a6ec71ad7790df9578324f",579720256
"217e1715fdd5db76ce93cfe2",549945920
"2cfa1397c901b4e940d9f673",579268352
"44672de0d6d9d0cb3b4ae938",645012032
"1c50477e5b3a67f3d8fec62c",650638464
"0a2a67e8b310471b115c60bf",556289088
"06220a42e68510eccb4d790d",525419392
"611a3e1d63c6ce5ff8779243",542249024
"1284d7ed08122731aa7c0461",507491232
"d44eebc871d1fa6981c32ccb",561414400
"43272151f217feab78190393",727552704
"6bff92260afd556a98d3e3a5",675064768
"00586a92b53f4a8f9f6b3022",793126144
"745e7f6a83b55196f231466f",744657344
"9c558e10e5bbf230f16968f6",769212352
"1b425a31cbb73b713f291e19",825525760
"076ccba20dac8bfcf184b8a8",723717632
"c8fd8b729f4ac6270aff9c9d",746465664
"52f026e670e9851b08c70542",690126912
"00304df33a3c9a7e396ddd3a",767649344
"ee27eba49457286b5ab76172",823432000
"97b57932e5e20416bad6919e",864373568
"e570c5f58a20fda42bfb535b",717268416
"79acb227b5ea365414982957",691706688
"d24258de8d2ca10186660a1c",777393344
"8a8c202c069c20696c2de85a",722228480
"40f301afabee5be092ba20ad",771649472
"afa842858299a6ebee166e31",741864192
"7641dcf512a05ca754930bed",651479296
"8c9b472c55d4b99e44041de5",738327168
"88b98c026b7650192034535f",722784704
"9bdb1bc52a9ddfe92e6a948b",840372480
"4abef5720fd889512ecff70a",755947520
"58b139bc16fa2731e4b76f28",679417472
"9ad9ac8728cfc2387285c24f",666209728
"75fd5603c4de9678627f81d9",768794048
"9f4a25a5550f016ef2370229",762058048
"d4f4d0ed36ac9affd71f302f",691311872
"51bf7bc1c19fcd42e71f2463",624798592
"49ce19caa1325233d0de331e",789084352
"5aa1667bc8db26bac1c72f5f",701201152
"b43b36ea4f81bbfd4dc4d781",727214464
"2a623b33f3cc1f54620b5233",767252416
"8745eefb9e2761ff7eef558f",800273024
"0e49eaa5cde9375b1f026820",717171584
"f5acbf43add5776430d8d4a9",757929280
"ca50f7143937a99accef865f",905511488
"0e1bc8ba1953ec8c28e53b9e",620963776
"980bafcd065c8e3d6cece127",638199680
"c81133d5a58d7e8eebb10c8c",810115008
"09656004f0a7f544580958fb",745487040
"edd342f84fc90478e344ea1f",603208832
"76974826c758eec5c255c5da",776610304
"63b09e45c1b7dca181491030",745760960
"89952b237fda041b09f0efa1",688328320
"219164e1d9b14cabb9bbb8ab",767953216
"ac8aa244c21a9b86de4ed599",764755008
"92ba222e2dd63a4453a30637",703856128
"bfaf8b7796c8c57bb5997be7",839566272
"dd5a565f854eaef90976c5fc",857395392
"f8ccd21343b112d8f9e7123c",794551744
"a90991f865ac81cdb3de201f",783297024
"fc57fa9bbc16d1b8106c2c70",744631936
"9ee3218bc61636cf0d7f8107",768283648
"c00592c7c0c3a863a1bab9c3",707243904
"f0aa18bf86a36daeb59946e8",773430912
"e186499af986f1959f729b9b",755058368
"18420ed4661539a2d72ff400",693416064
"957731b9940c9131d92a22fa",781313856
"9172caeeaf6498737fa0c6dd",820766720
"c798ea36d2e4a8119723eae7",662398080
"eb963f082209fc077aa72bc9",813635648
"07b7ba964a8e30dc16d66443",1000085952
"7fe364ae771a7689d2fa5584",938021184
"c59e06a2ed37fd750cf39976",940775744
"ce03d8ae43a426e074ed35f5",997278464
"b76c45ccae25a06dd5fc432e",878823808
"f855725acc115bbbf03bacec",843776576
"b0b0db3bbe07839bc2b600fe",895986688
"cfc8dcf337e020b875ef1572",897985408
"390107256faa08574d7231d2",897018432
"fb10f3b45e865b4626f65ddf",789286656
"75f167e2273fbecb2c81ac0e",899203136
"a7b15424d7c025d885636a72",881750464
"f9c11e980254045d7478f273",908376640
"e0b13f6dc213d05133252d15",922054592
"c12f362b9060344ad044cfb7",806401024
"f872f224d2af413cd104f24d",964661376
"092045750c36a8945c526a12",639096768
"5ef33cf17d4b45277edf35a1",594983424
"fc64387d7c3c91a6e6e876ab",600977600
"c1168159d4e2fffdd5662757",751486976
"cb604e3a56cc847189462004",961447808
"9e95710c61a4706e21cf70b3",585715136
"ab37f67a3afa274e719ecbd8",753341760
"970cb360eb64128037be7e23",611862848
"e42fc32db529e088f15cec8b",815804416
"8925028d6e7a6cfce9967779",634859904
"759e76e38d84a4188dff5446",745763200
"83a376df2024c4c9fbf2a0ca",422420416
"a8bb80d99280e332084b3950",700439808
"c16ab4a11cf67a39fec6f049",501636384
"9cd1127b1bc10db6b8ce5d4b",1011877056
"ddfa979b1d7cdea1d7dd0a86",467767232
"d78f7a1592c0779093150ddc",646594176
"97ce3e0ef38ad12f7fa8c4d0",601220096
"5c789f2834a1a69aede6316c",533772000
"c29ec380fc7295a9a770a74b",623792960
"5987f6171a2bcb37062ccc94",770222336
"1e91de6194769980800b4de8",818943168
"0a0f206f04bfb10c137388d3",944394496
"34dd15023216e187daaf5a07",708045504
"33d2d1db291a13affdc209bf",650352960
"6fa5e5160d7c2bed824bc0d0",594214400
"8c04aa7506b8c80c1bac23f5",878956672
"e5d445e39104d9ee6b244822",739440768
"2ca6b3016a89139ec7590f9a",816372160
"e567e9e5862b13f0085505d4",623851392
"edd1c4fdbef4e6beafbd39b8",494098208
"039a9029c4341b1528ca6b46",552803968
"fa1533051ea4145f7f710ed9",599193792
"9c99a85c5dd878568582dd9f",500655488
"9ec426691c80918203394ee1",533303136
"66f58d9d1e1eb7e81cab24a2",820424576
"0d0f8ce05ebe99dd3bb7b23b",691790464
"6a65986cecddc5c47fbddb9e",669993984
"a82fc744f537ddc6fbd16883",779331200
"d4c40178c19d6cb2fcc88e48",637789952
"4034cb3cb77e9cb39cc98fc5",759934656
"41ae9d3d280d4eebe510606a",548174016
"4aaf6763c105ddf2a6eddbfe",511437664
"633a7038a23ffaf4b3f7896d",877372288
"2a531aa9576c5f91891cc8a9",677646272
"85d58cf85a179e167428ffa5",757063040
"42f05e5d4862d653efda75c0",750186688
"256a46a6d45d168169f63aab",732866240
"4b0fba692104472b36c38c3d",682447232
"253c85b226a15d0ec2fbbff4",710396288
"b0bb2299d5f456f800993a11",585415488
"47fe78f6299f757b231be10e",759689216
"4d09ece928ffac7e7d270bd8",574964224
"fc762d2d172737cabbdfcc75",886577152
"2809252a96f47776d12021af",753153152
"29eb473852b36dcfbda0c702",723371904
"231c050bebe12f568ef92afc",335072224
"acaf9e18bbc7295633d92e01",727117888
"860435300909449c0443c10e",844313664
"f967ad5e086f485c27f09990",793281792
"678927546243e932b48d6058",847469632
"c537ea2620b8c3a3f013c0b9",844038208
"10037227b2a24d9a72ced322",679216448
"1b4b3662ca18e731acc18928",862998016
"e6717956eeaadb3e95840256",914352128
"ccc4457f68fcc1a416e3acf3",593183872
"94d91969cc4b9aa1e856d801",789537984
"2cc821cd7b5fa82b27308f87",495123104
"f05b3779581ac0015f29571f",592573248
"dfe09a5f848e8e819c361ac9",534890912
"ba87ed2a657b0b042a05460e",522914400
"f967aa89a4440cc1c44bdc54",486860416
"81fc8d666c8735e1095d0d4a",963454144
"fd8b9540f1e9da778d566d25",428831328
"70baafa9789d2fcf1bc212bb",637514048
"4911f8879e5bc9c27ac13bb1",602449984
"ce53f3477814fdea2889cd2c",414654816
"62f022e19ce6608919eab5f9",506464416
"55657bb933aa2ea3083e0b90",532413344
"808dd470aed6064f02aa5103",370841312
"39bc028f3b42d9ea48808ad0",615788800
"c0c01ecbb9189d77098659b8",546316096
"57c68d470f6248d00b6719e4",742483648
"26c66cf2f43bea00e6387326",747871744
"b5f0dfbd34392f6855bb4b52",587912192
"25202264e18928158b89278b",661472128
"e93abbb49b24717d3a0767e8",658864576
"906e1f2e1bc5cd51a55b0266",848930368
"eef1d35ffd08dd161a36a2d1",946357760
"35e0cac576415a4e61acec80",936708224
"53ebe061b85f046ed12ee9c5",1009203136
"059d77736dc72013de7767f1",530689248
"17d7986a62e0b066e4e5530e",642804032
"8236c798dbffb3db51d5d744",525415648
"587e67078115103d184970be",437579424
"7569fb4aaa9a52d6a525e3b0",439450176
"db122cadb7a9c33f420fe246",444466144
"e852246b7661d30dd2e1f0ab",439450176
"f04eb16931448e87aec205fd",525949664
"90e858d3740d4aec0fa21c12",617773824
"65647ca6e47eb2b9ba20058d",718308416
"d0792d22549d1b3f63baf3ad",521728416
"76c4045b5dad9a8226e9244a",602187712
"fac4f0bee67523194fd4312f",533553120
"ba89ed56d156579ce288dbcc",592003584
"adce397b6d1473b9b6d02865",712773568
"f1a924badef699637ea8fcc2",656343616
"3bdce823d3b96e8f0170d96d",690413632
"439004dc23f97a878ebf371a",613897152
"192e05cd731950f91fef1d83",1162855424
"5110c49047db23ac3aa4ace4",675909248
"f4f7bd9d03eecf35e9f37619",903751104
"141dfd80a005f7b32bf70375",973574912
"08513fe1cddb2cad74874a59",563891776
"6b23aa3ca5edd20134811cea",333949632
"0fcab263453a9f196468e552",800143488
"127e08fa99afcaa339eff684",670362304
"d2c46ef63db73ba3cb7e32a1",703128960
"7c50c93bc9e8846345892c12",688328320
"63698398738ebc7ccebac817",660070336
"417e974a3f0d97e502e49800",788756736
"6483f2fcdfbd26c621a527fb",822316032
"3b739666f401ca6b2135652c",854477504
"1b750e6e2e92e8222482cb46",716073472
"dd34882ac55c57480663f7ec",744757632
"026c6384ceba017c5f2cd66e",659423040
"3f4272a3a4b14ce152fc3abb",438199456
"5cccf025fcc0a7d9ea01b170",568301696
"c8d179013c5bb6379693ef03",505354304
"8c258d10ce32150f5fe5b712",741958720
"eeb6fa8f820ec63aa0aaa303",848760000
"ec8b305ddc2bc211a8a05d0c",586009920
"5a84e6d2ab8db0fc60775d03",655823808
"015d17895f32e2a8b616ca1b",653816896
"6fa35f1af6d51d341a3165ae",764350592
"17821a9cb766b0f3ecf24e83",587593408
"23141c17df584746755dc508",534712512
"00076c8f390d5dcccc133309",825825600
"25488b1c8fedde6250b413ba",405851264
"5ba6b4953759b45cb83512c7",999962240
"8ea02baab0c59eac6584f62d",946251520
"b5c34f90096fc88b8ca758f2",940217600
"35bc25d0f9de2ed4f714fc8c",713989248
"8b0e1911b8ab8028409dc9fe",1034698688
"2ba1672e49c023258d262d1d",579466112
"2d778563921376962d126cbb",549328000
"bfe7c873b2fbad871327994a",656921088
"72d0f19409c85dbe32cf6ec4",814943104
"d406baf5cc9b4473ae9b8426",332201984
"070912b7e5fb205918c1f4a3",505795584
"659abd72d12756ba0670f466",401130976
"7a464b948b65544159cd0db0",672192064
"e89774d061d50c83b409a071",484259168
"fd6b2efe5da2c35058333bbf",688921408
"4577c1623c8407e95e893e63",642211456
"21adc839dec9e8efb128abf1",464315360
"aa843a050ebe8e4b3a04e9ef",885879744
"0252fcaf7bcde09274d34be5",781045312
"46d77c92811f0c87d2d4907d",792393472
"a8c662f906075eedb098ae5d",714553664
"b8b46931b93b7750e0d1ada3",679425856
"efde559422ec1dcc55abc686",864545216
"339bc881458ca34bdcb771da",931891264
"d7ad6527cae719481f849927",898902656
"df3abaff81c430b4ba85d4a3",869052864
"bfd2f20a7bfb0d865d7f7193",1006492608
"fa3ee96e6b6ffdfd00aa335e",970635776
"163228979751798ded8c3fcb",454290912
"3578144f12e13e98e8cb2480",534904736
"7136cad475a0480044707984",572453504
"93f5694b4854068f42ffe55b",654869248
"51608bf64739db05c47a3bc8",734617728
"6a01b6d09d516d67f4a2fb43",412851776
"5f26f33bd89fa7563ac6873f",490905312
"aba54b001154ad881dfeea6c",452669824
"b2eb63e5da917ce649a72142",481379904
"1427aec89ee9564b95e93cd4",524908256
"a0087db5e9e2cdd6073021a7",543101696
"4396f94f7f3c403c43d3ede9",575904064
"aa703cc78a1ce659901e711b",589965568
"0dd1bb83f0f18af30da139f4",606064256
"37efd3e2a5b6567957c62081",516906432
"ea47ad6335e74dea06228b16",543330496
"8a975117ab302b77ac057823",472649632
"ca5949c4bcf0b63e5d1be784",426358080
"e9f3f41366d5d784c2928937",609571776
"7a9c505db21b777203d34bf6",496053248
"238cf9f99c4b01777a97f82d",471416480
"385fcde12021f4bbae6ac2fa",485603456
"d9eaec557a7a6674565db1ac",739921216
"30b0c440c0bc8c6005855ff8",762784128
"09feba43c0b8f3560fe09be8",740915776
"2547bcc87b618d3d7e22dc21",633738176
"1240a616080d6ba5459335a5",699011200
"7cbc8fca4f84908ed4e7192a",588803008
"151a16e94d538a7a6d658ee0",731884288
"a8ecaa9120c6da21229cf145",716925440
"3ca34fa833e6ba10cb4b1944",671918080
"dca2e851b82c512f01611ade",727972736
"3747996611a842c452865a9c",689723520
"3528df61a44a9895248336c9",596551488
"398a67970cee5dc873d71bbc",850084736
"1ba2c2eedb352ef9bb59c638",610113216
"f6f4a467f40bace72ecff598",794960512
"b2af9047dbf58867ed0c42af",808964288
"012b8d616667a6dcece0dfaf",871144832
"0b117f10e699f10f97a7e7c6",878078336
"8d5192b6208902ddf4804839",836323520
"b86cad78da7bf06b5ac39f99",896585344
"4cc8c95dee29e43463a8dfd9",602961408
"76846ed8b7ab36821b848f2f",600762496
"5428bf7f37a94ce9fb2dd435",632104704
"b22c39c3df7d8e32cec2ba43",584067392
"44f5380847c175a42becfcdb",1147691392
"fae53fba5d405b2e6a3abf01",413641408
"3b52bd5eee5ef8e3871dcb3d",1239247616
"21eef7da02b0f2a2fd987135",544507200
"1dd6b0ade195edae38a4a20a",705663296
"f359afc7bb50cf6a61ac63d6",611706752
"b0de107a8cfad95f09876eb2",760098624
"2e8c76f4ed59cd3924f7136d",910115584
"06a2efde5244f7d653ddfb8e",700051520
"f72e2f6cfbd32d97bbff3ac5",715730368
"9705748d2bb061678a80826c",810939328
"9620068cef0622c404e15960",587032640
"cf2e8824527989d3cd29c058",525660960
"6e606a7c8bc632ba0ba37184",564735872
"63fa384ea296390350f23d7f",482228928
"4d3f5e7ecf4d361d7eb55f5e",523006240
"e31a209077a3e47712588730",596225344
"5f18524e839c2987594a11a9",670374272
"def06f49a0b8230ab613db94",673647040
"faa72370e4c7718964930805",673647040
"983503bb75d84c410d1c5d3e",707694272
"30f381306494ebaa760b990c",589768960
"5e72dbafa642e4f416e6f01a",596854464
"3d5ece38670c1c96df4cfff8",589768960
"1bd6861d451d128c8bdb72e4",727096832
"072a6f084d31a5a4be4060dc",753781696
"4d8deb43d663fb079262708f",761268288
"f00b8eac1812a500d7a732ff",864119488
"77a62d5e2c89da24f66a2118",766653632
"961886897eda4b0ce54d1d82",779162048
"6f6c83ff891e43b7c84728e0",838027904
"ca8c85e8100f64416146368e",823036416
"24297f4a3e14c24c941e7720",871370944
"98d7f0935f021acf313630a5",869842496
"a362533eea6c235049bf3359",793193792
"2ddda0ae748b38a6258f660c",984013568
"b18107a422b9eb6da9fb692f",896899648
"11cd643195dbe5dd4567b62a",939401216
"c9ee7f0666429c0c15c37499",549431296
"c386d1ac4fa8dcec4cbf9788",591455744
"21e0bc9789139640ea33ed09",916113920
"cacb91ac1b835d62422b8a8e",826208448
"bc41e69def6bc7490800c4a4",441064320
"7a13669d2d7ed2e50b80b4d8",573791808
"08dbbd8d672fd09463c061a5",567039488
"cb93b0d5e9a26628b0462b14",751142208
"d6a43f209f810455fa41dfd6",749063744
"ed5dfe95f82f4c087af07045",798948608
"02060d2f56e979a61427f806",724133056
"88ffa9f0bc3f6c9f2e589a75",848229760
"b48093abeaa178d1f7fbd83b",729919104
"b42734770dacb7e580a6d742",593036032
"d3aa845e96d22f31a3656aa1",467667904
"becc3ae7a71d597bcb16d261",709038464
"8dcfc24742ba669335a2d65f",811954432
"45e2411d38589a2d85774c5f",706535104
"9761b0f43949eb5307472ba2",902758848
"e07035cb49625760c7da85d1",641870080
"f88bb9c5a471504c13d3616c",472740736
"4bb5265c6e63449e5fbaa270",849842304
"ac73b8700744cb7835f328cd",728800448
"a632ececd6a023aae8a7b730",602160704
"858288683063dea9d5c57420",573553856
"d04f549fdf8f34bab19a171c",486632992
"6ed5fa8f114431d158d35f43",508947168
"f849dfccaa8163d24ed935e2",831370816
"bfde6e7200fc27e6e6f1497e",870550016
"59c11d3de7153d2605cc2273",792557760
"33ddf4e1ed8c864e9db16887",551855872
"00f5ba660a4fcf6ddb96220a",630090624
"a13004b87c6d7e7bf6b75730",787275328
"eebc02ff14b6d270746ca055",799304832
"65ba6e178f3565a84c6ff973",818480128
"a57f40f00f80abc7450aaf9b",680053248
"df37b916acdce817865197ae",782869184
"b5c074ee2e2538aeca099fc4",918705280
"004c9da9ef1b3b5e309e475a",594373888
"c5b47ac5c4b7476d50bd56ec",671175360
"778ec765417db9ee48d697de",788556736
"b287339babba162e290d0fb0",703085504
"4d35e00e86a9d508d82ea90a",572069376
"0dc2a023fb6c5e0b92d86ae2",643893312
"5787d7c671378e596edfb58c",797682112
"8595b5517cb3f1ff8094d67c",538341696
"f4d53276bdb5899c6f059c67",826488448
"9562ef63320854bc6f94b5a4",548383040
"c04e72fb6244d9a9b28322b8",719581632
"3d141576443a97b0202c9672",853651904
"7caa4bad394586a46dfad854",778808192
"8420bb74fadc0c8853cda025",398859456
"b274adb68a37458cc5181fe2",575852288
"8561bc940a91f029147430f1",770222336
"258a968e403e747af5693a3a",794372736
"0de34892fee879f449facb19",621200448
"9634cfebe7e6b095f0065ee7",618223872
"1f3544c9f47bc00fcdf59d74",439822560
"e3077f6e47d130106e7165c9",857024128
"f0ce47907c3c30b6b5e990b1",821342592
"1432cf7de2beb14fc7603ae7",902887744
"60f0df18cb4324ce5f4bf650",693537664
"7c1dc421f5a689aea5babe4c",762390464
"020dfae44183c65b708727c7",552971328
"92a9c07259efc617e7d58f9c",551534208
"18531c57f6dca78763d360bf",686615872
"dacd62440872b6e94ea56fab",580205824
"b607bd072e8293d6594f3829",505850848
"eb86c1da60250e5559fc3cfe",572812800
"fae649fc7256b9a3ec036583",687074624
"b7fa81aa571906a93e9b6cba",968995328
"0823be832fff81b3f1291859",584130048
"fca3a0fe5db369235960d285",515022336
"496fd5c93b2a578d970ed55f",508244640
"9c63c6c27c74c03f071385e2",555620032
"6ebe90f7140b738b3696f086",572752768
"7110d6374f3fc282e4f4bdb0",599193792
"d33994c75d98941acffeeb90",988735744
"b8e8d84450f5e0bc8a721c94",844419648
"cba57e3b393b3e392c7431fb",764074560
"fc2ceba651bc629e7f690849",740078464
"857761b5fc5c7d101cb765b6",722964736
"55f67dd7302b68477e803399",773014528
"19f538269846412f3e150a4a",672458048
"75e0fa8e5c83c49d3a0dea48",893762560
"fcdbfb9e15352cf210cce7cd",764952640
"c2b91ce4b1bc8c576a0ce1c8",709200832
"73eaff92528288fdbcd61e2a",922888704
"f6544a1c169aafe6c8142907",849791424
"cba9aead5bad82b31da51e6e",825745856
"b239bdcbfae846bf74791728",653345920
"3b823e81c5378ee3c977e863",528298848
"1b4db5fcd1f92d3aadd5c28f",738611968
"b50a6b85399ea2c6b5c33405",635785664
"1e6176a558f301d81bb050f8",851246016
"8bcc1b035ea93a5192256b37",804947584
"71a3f0980cdfea0ebb869935",506971520
"8cd0345dfac13ab380240b0d",528298848
"e66b2c71519ef8756db69b97",554807232
"c843044c1fb30819300448d9",464835648
"4ae10e7fec364242c88e511b",629929728
"c9e92b994e48df83dcf9976b",1001728128
"27f41f09ccf8d182c79cd48a",847373120
"d8a7c0b01bb545c414e12a23",875336320
"f3e2fddf1dbb400788a5517d",785123776
"89a066b7d6a31dd066fa0d32",729176064
"c245bfa6587eeb55227c8a4d",456258144
"500d7c5346ca11ba934e7ca5",575799680
"536fa59adc007df763949045",848303488
"223813dc0188fc229b63e8f3",871751808
"7c972ecb7b90537b1da0deba",520382720
"98d8411005ac05d77cb12516",753291008
"d12c08cf48be75014a149873",808103808
"955544a0bc2eff312e965c2e",881393600
"20488db7a62f765ac8da0a2c",587132480
"3f370094239ab6fc817e9ec0",889007040
"ff54bb34225682d25c551178",808103808
"d0c7294b2184d0b4d0e2fa07",889007040
"104e960974eee31e7e0eac6b",886685824
"0d477acd9c95e9ec63839a53",693323072
"6d255e0026d70dd44229a2f7",771274176
"926cdc0242544bbc850520ff",511631520
"e75a05dc0018f29517948ea1",605813056
"dc40c56571cbee9c2b7770f0",622513984
"2f76a2b53e091df35a125b13",571756288
"a4a49182c79c72854732594a",577215104
"50287f73d47b4cc4c2e1840f",843169152
"5efca36c25884a2822bb7a81",576725312
"4347bf26ecd61ebc7a16b4a3",724071424
"7c979648ab3729b2c0cd2106",725452864
"f40acdcf5cb9925c09c9df7a",659961856
"6ff3eaf8b5a2f16efddde1cc",598671424
"d35596846155e74d1a637d7c",707402112
"a389a1ca097a820fd9af9d15",770783424
"ef450748c440c4958e5db54d",577546816
"02779b92b2f9bafde0c75c11",662909632
"77e5e0b64140fa00b0227a3b",645580544
"eb55b0778607da932c3b311f",577546816
"9fa391febd5d0a8e4c6ecb8f",440502240
"6270356f1cc3dff186d0ff4e",771379520
"ea7d5c601c3f8c86ca8f15e1",590446720
"072efeafd082025bbc5a25e5",555478656
"d8bb6151d30573c7595ee7c0",542526336
"f26c43f2304c8c694c818a9b",555133248
"14ea4a7c57d830eba13638b1",650204416
"c1ac42dad98d2f23dcbf140d",753329344
"aa6af44635b5d51da4b02059",724071424
"291a4ea1a695347e1901bd4b",793818112
"024d2e34a561efaf4811c17a",897924416
"e5a40a555d11d4429b9675c3",725856640
"3a10398b72905bd710ffe9e1",859080576
"340d1313fc2dc8e5b6918262",744757632
"699bf5460c63a4d0e4542ade",877846912
"e98bb3a89bcec8650e33e730",586230912
"5de86bddd492f76596b17a0d",799894336
"95dae083200a9e43a5aaf210",825912768
"23fe512fcb21a0b84781a318",371291936
"a9dd62f527cb0dbfa51aeb7f",615178688
"8964dbb5b0cbfe509613a63f",622793664
"f75009356c700f7da7106cc7",674846464
"6f502f363fb55811478e3b88",577759296
"a48f29071cf207b27ddb03da",619504192
"b46bbf66cc82a4345c5da177",845148800
"a460aea3370926825b0dbc13",765751936
"7a21a8d99a85171334695004",779906240
"279f6f594d3f8ca8e8a5e2d5",950299968
"bc3c509022e3f6104cba5203",1007928000
"654d2a3a0e02065560ba2484",563148352
"02a2ebb6eca5772e3526d78b",683870720
"d4646b7f4dbebf9785963cfc",651925248
"68fabddb27fc928b57efcfea",578177536
"53688de79b052b3185fa9435",770287744
"bb962a9e3861b06ae1daf833",630581952
"d80c5f0b8ba55e7cf105d282",737424832
"ed88c773fa9ae8bb29645fbf",604388928
"0c3af9e0e9c80a68acebd041",809691584
"0faec12daf0493a512b2fa0c",1026007488
"1807debb0a0b590b9ba4ebcc",840610176
"20a2a0dfc963fb8a355e704b",802869184
"a2c033f497e62ea10ff8ba3d",950316608
"985e40843a30150e6892e4f9",764147136
"2ba0807f8cbdac389424ae04",694464128
"9a565e7220cbc3d5d340e8d7",892991488
"33598222854631e92fb72baa",854856384
"03fb5bfbc1895115a04e8116",602646848
"5045ba9a65b4bce4fd305f82",731313920
"277f6440854cb0c98728e685",729483072
"12c7037cfa63de49e984a789",603691264
"ed9976e922a774cafb601f5e",533359872
"ccc70d1d8e4411331730bd7d",626029248
"30d38a7bab2eaaef1ff6be0d",778865280
"31a6c440ca9eb29acc0f1086",750474176
"7a82ce4b2dcd2b43485f5047",799152064
"a74be48ad396ae4aa33ffed6",812021952
"4ea46b833575642ecb2ed1cf",625552384
"b780a0ec18c61b0760df9433",618127168
"b83a5c303a2b079585b9b94f",465274976
"a3c45875c0834b144f834798",423500832
"c3ae3f44bbae215f7f2fad9b",477794816
"5d54a0a596d49d9f85f1b5e8",523906720
"355d1fb69bcb4e8e8ed9ba1a",848930368
"cd791a46ed616911ae7d4fbd",743494656
"d2d2f335839ed35571b19bb1",816894400
"0823b0dc92805ab05d3f8650",1169631104
"f92f4d135119fa88994929ec",890514752
"401f0de98764e9fdd4055406",571921984
"68a7d01e50462f7506f8c8d7",451899872
"e4434407771070783b97c014",657198976
"7e1153d411af129357ae5c10",418036096
"f409c701e200046f574f4e06",538368640
"30a8b9c197bc42f088d0b873",647586304
"d5abd56b5a8ab8c2f61a07f3",738441472
"805a27aeafb3ca91cac56d14",840864576
"1ee04111d277e8758f740139",490175776
"b9de7d7b9a8ef7c64e5f6bdf",615212544
"5a12a15af3c0585d81ba8f5a",502608896
"abb63383766a9853c1091c5a",748288768
"1f95c205d5094c674f6e45a5",788404416
"4911a6285f548dd30c8061e3",587148480
"0b9730cff49bcaeb4d703c06",717150272
"f033750cb9db15e886b156ce",748514240
"fc7e93bffb7fbbdebebfaa2c",1048549504
"4f500afb7f7bb42189820a18",820035456
"3921d7b508fa1591d40802d4",444733600
"caddb9dce27a7e8012478da5",606414912
"4eeafa126ac5f301cf60f9ff",513019072
"59afb00a84b4f2a9ffbf71c6",770715968
"7baa3608aad1fbf357d789a6",779528704
"a5b8869e9cd3d0cc32a0b298",879878400
"d084dce4ab9c4008ffa3bbc4",796112064
"e3ff13537ffb7172336ab5c0",877708800
"1bc2ae31ed1970ba52b1ff60",1193275904
"eac7136b26bccb3c5d2b6202",763797248
"073fccba71b28afd815be434",581910912
"9b1c23d616e9407fff6553d6",471632704
"4122eca7b73c1347a7814a70",482228928
"cece8267e60c2461d6c409a2",1008530752
"ba4e89128058d5564987dfc5",471632704
"69843aedb25a928097a22a89",573680384
"a45863121bdec787e119b14c",609579072
"02e8811bff38125bcf8e1a6d",412851776
"d709a76487a49bf257489c0b",421784960
"46c42803286c800351fe633b",565251136
"2ae3ae7f794d558ec119287d",650474368
"76991a35e9c1b69e1616659d",710789376
"3de5d35f742cb4eb68d5f314",828599616
"a53c748935206f61751dec1f",557834944
"ddaf8a1e5e6922cc3dee5caa",436005472
"841fed959f036a03697868e8",520152736
"ebe1b5c9471f3441a388f7ac",701366528
"f0f9bedbcb57383511805d17",735104384
"f9402b785deedebd3ddbce6e",682301312
"d1f92e6b18faf07ab70ca1ae",716365248
"6e794276348acc39751eaf47",716931200
"4b04e0296820d04421db5219",739964224
"ea0ca17e989ec57a480aa464",812867840
"cc6fcb8ea6556f676c13a76e",741078912
"2778de5e56ad7ece898249e9",804414336
"9f0bdae4f8609ec93588de3c",779171968
"90dcc3f9428a4e7cc396a15b",744596544
"2d7bf0032580e6b6dd1ce36b",859080576
"c45d86d17d1d0519b455b7d4",689508352
"4c7e7cfb286d82aa96356fb5",855938496
"edc204c3e18368e0a9eab593",848991552
"e789e801fb5d4501b5d64e2d",878078336
"3997c10ceccd2f8c8e43cda0",904804352
"580d8eee8dc4b7d43cb193c7",857902272
"c823e3fcfbf0c43bf2d82586",919423232
"30677852542c78698083d4f3",1166825088
"8fc78c514a2f1cdbc5ae6e1b",1002152704
"73c618d704a2e1ac2bc41954",822544768
"4ba85374c1d1f1d3f4632ca1",483825632
"9a471715e4c4865b822a6b77",459323776
"4e9f1e21c855f1166428fbdd",428726080
"f11137d27a5d7fa57f94e97f",729165568
"5fe5f3c5919c0ebd57ec8e36",483072288
"e40742774df7d2b614f32de6",350701184
"24b28522c72f7fc359f2a718",722010496
"26ff1e1f4a6f6bda702fdabe",732730560
"9e617d1fd8a4f33d7b66098a",1014653120
"3b4e889562e4078f8f369172",518488480
"3a50d40f15b1cf5bfb338092",581568704
"cb2188cb8e534973ea3411a5",514402880
"fa57f96bc6affd285d10c4f9",375105536
"c0ea6c76eb977d83c163fd7a",310476896
"367cd12d7f4aa93124047eb9",526831040
"54952b5f463c64c605576601",423417152
"57eaaaf24cf82d885f0f1dff",543179328
"f2ba4a7a0765c3ce737b5c81",563080576
"5282c3c48495dc31359e70c6",401696448
"552b01d72edb192663998c4b",796010304
"5f3a1ab21669ad9234d4dc63",745699456
"68f431548c330f84c46174f6",588803008
"048051ce9bf8f6a48e9451fd",806004608
"fa4028ad48fb2082d167989d",614568576
"5b1902dd7768f5144ae7704c",797156672
"be0a8f4be774eeaa42fe460d",785114752
"16263617308958055850aef9",751206912
"729f5fab1578f8cae4fca8f9",946884608
"bddb9388922dd56737d8847b",868715776
"9847a4ab995b7b1c30196704",821475904
"d19937a773269962c7f9e8a3",929570112
"b3c8714dcaf5322475ce2c60",836545408
"875126e5776dabde40e29b09",963665280
"3a36f59d7c0e6c4eb85ca0cd",958059840
"630f00e15cbd7826475d1509",1010296512
"434782c3d1dc2b9ce7bcbbd9",708080640
"a470bd174fc7587dc1449c89",950299968
"99c6f87ac92cc323c8caa005",882207872
"ac9ae945fe25a46184057606",873027136
"15d910dd93e0aec22ccc2083",1013690176
"6e1a9c8457d3ac6a57598052",716591104
"14e179618d1a44c5c55e23e6",548681408
"2b8b979cf1952fcedc63ca9e",588361920
"7cfc3061c0b2f3bd48375ab9",898541440
"7200e3ba2013876cdbbde972",1124690560
"9ddc1924043ee8361201b39d",892625280
"f22d6cc8c9611a7c23fa8969",715074944
"b7c0a0a4f5c5b986a70ff249",663482752
"adf176b63ea23e08d252b5ea",744453440
"77069fb9fac6b61aa6a89ae3",837637376
"7f0f27f6d30c743acb3e867f",798419008
"7e299fd8c2d53ff1cf95aee3",666668032
"f309733881a4f89d9c8a8958",860132352
"0f937643c067371018c8deee",990364096
"8e35609c1265ddf59e1c015c",704696768
"c1ba606f32ce0337cbccc2b1",861532608
"15f02dd18da12f4d7b0ac2ab",639634240
"bcbe8ed608f233d5ed7362c1",789963904
"14611fccccfa2a6499b2acef",551987392
"b10b428245022d55db248b72",483248000
"13e6c5cde1004803fed93cfc",536135136
"ba31c38eada33f680d44627a",793855936
"3786daeec4a4fb40ef07d8e5",725733312
"7736ac030d8b587f44f7898b",680079808
"98f89d21e5dbe53f8704e745",843106624
"981fcb79db3881259eb303bb",502517920
"08bb88dabf0070f72a801a4b",831999936
"32d56542ab5486bdaf4466fc",844009920
"c0f911fe7ee2113ec59cb5f8",722111936
"3adadd50e603746e5e4fc082",816721728
"d117e9672b3ea0435e7a894d",503456640
"020473766363019ee40d6685",720708800
"b04d16faf40ee02eda59a9af",503872896
"bd6f3819a1c0e551598fb9c7",521959200
"5520cf373444931ed8630635",527986528
"40355fef059659469e16e3ec",485123136
"deb844a2812586991b3022f4",677443776
"ac0b895f523b53b4abd013dd",755056128
"ac208e250f5ae3e5e1008351",594903936
"0064cd1c55914cc8370a096f",673756096
"165fab7a9f8dd404cf4e9d9a",511135104
"df3eca0f59974a812b4ea9b4",754077056
"1b7c062b606d0560e850a2e6",564759296
"87ddb3a17b601cf7c61e8c07",628204928
"837cb6389640f3919bc73e9b",714428096
"77bab76414ecb20888cef7a1",932758208
"a9268ef5b7133cf6ed1a376a",842895360
"cf7cbedea50333cd2dfb0e30",650204416
"b0cfed2d25a5d78c96d39d20",574216192
"ec0c283eeb8db461c20af1d6",556151680
"27c3b7ba2991e7bc0c9fc322",691656512
"0332c7ec0d3e547ec6d61664",727712192
"e58b92216ee6438a921ee0d4",791037376
"f7959842378c94c9f620f561",492827040
"cd0236af88ded6bc15b49eb2",680079808
"d40e0c2222c0debe89735e88",492827040
"2bc9bbe0f0216ed9d865a85a",570550848
"e9bbc31499ca187c6a492175",671331584
"f2409d037bc8b3e63ca69fd7",797335232
"5ad71b7cfd356a75021174ab",574349824
"67dec8c47ad4de9605d56db7",586764544
"c6d679cc07ce4373197748a8",947710144
"a36ff3637b7d2b1c52999ea8",893091200
"3a384d68b7ddab45e01b6e99",686687552
"42d34ca2252acaf6e777d23b",930588864
"c4b2a42a8908cc35e649fb16",627081024
"18c38418824075acaad8f960",646649280
"85bb6775065df76bda33f738",644393792
"14cee0bdd9dd5537b96d0786",683938368
"ab332133aca64315672a7192",837780352
"d53b60b0f2c65918153ca2e5",563926848
"ed1f81648083d4d2726710ac",586952320
"b6692a933facd74b4b11569e",433440864
"90e00fc58569167c00fae7d0",534471968
"8a514fffdec277cd46c7cc71",596048256
"7f0b4b5851c77d78805320c5",540641344
"fed1a608e3c0f2b79cd02ebb",541844992
"075a5474294e25da55373a09",498338432
"8826b9e008064cea38855d35",509954976
"660eb3b40b2bcd07df8f5c3f",472359712
"d55cdfba22aae78b6fab5491",390706240
"ea6e83dbade169818975e5b3",560876224
"dcac44d3f8024c6ea1632432",671152576
"2772adb268cffadfb2917c2f",469634240
"3192bb7190b9130c4e67be4e",771372672
"9d892f73b02f001c2f715607",597028736
"c27d72aa1fc5d37f4cc105eb",627976768
"6c0ac32bc8a66844197c5fb4",621613952
"52338f4f7c8af6c649106a96",571756288
"356815b8ffc300fe03073b7a",729512896
"22c780d56cb97fc34f29e9cb",533937376
"806907598158861a6958388c",686879744
"449cddc4dc3ef1e93b7f7c26",582876096
"b225270821758e45cdead76d",605467968
"e07bc486c6f5541e4788f83b",688647424
"970c0d4928a9292748c0fd00",725231936
"f73f720abdfe4b5adfa2bcda",645453632
"48d3b0ef6e5f999bb90fbfc1",745853440
"b3ec2f8af6e9adce047536b8",807364032
"0e1c66f843e06f14d7264864",769168320
"91c4f018fc7939d150593935",773330816
"102434eee07ed18268857a9d",775125440
"a4c70eae507d630c2f285eb5",810556928
"45abee1de734dc32936d0b1d",759352384
"82bdf442e186baa829e06da1",708198592
"019cd320e02a64ba3ba9a37d",821164608
"ba1b3c8ac8afafef56233c84",798521984
"3c3a0f57e030472879f454d8",761408768
"d520e90e7d0c44a6b8852e5b",560796800
"38328747d2e1e0e568c05523",754259520
"659e9ad0f593b644071cd850",598361152
"3e6645f2cd377ba17ae2e46e",523574208
"307eb683db84db535106c445",703193536
"26c8961848e3a77d98049638",817499840
"52373e15e9dc1ad371a0c090",631300416
"e5b2a446c12222efc187e02e",661825216
"156f706d1d30de19f7e369ea",491789664
"aa94d2ad36bc0e91bf561be5",933684544
"8ab41842b8e41b89d8670ecb",532211168
"b19ab02a8e22f3e88a26031b",724071424
"a6b1ca7a4e91c4c0f4366984",727031488
"a277d5e8216fdc3d7c93eb2b",725039040
"f939b7271c4d399a5e647f8f",821837952
"941392f9a135909273422dec",727319168
"e07d8e9e38e309958288a516",834270976
"258f10f742fcc835d53063cf",807161408
"fb672b4cb1b66f2022f36a40",815298368
"ce9dbb6d009cbdbe654edcfc",891693696
"22e524f1fab17d5b8616d741",828483840
"7f0d874df9235245f47b04c3",635896320
"27a8a052b815998c771a1f55",828483840
"b80593fba07e21f8bdbc352e",974241536
"d18d990404e7fd07424f5a77",540959488
"033599f7e7ecd8d9c8cfba46",668157696
"51cf2fa527c3db62914169b7",706038464
"2b2fa2ed0055a19859e78446",866886592
"a8e1adbf076dd737c079129c",774371264
"adf948af7b24f9b6f29610cd",317970720
"23473bcde48f634641769e22",485105312
"c90486bba327ede32dec60a6",474581856
"d254d88ea0989a609b71fb72",536875136
"2373c595d24a7b862b518ec5",728560960
"ec401de1c0ab2dbc149da048",780695360
"17c0a8fd3a2c8b5b18d61e4b",639316224
"1a1016e7a96da2237b391be5",616121664
"c5b40b510bf7f121c93a2332",825610368
"aca37e216a27b4dd5337df99",1099521792
"96f59167d17d1c99f31be997",799371136
"062b36cb4a87cec372f9f91d",771649472
"0466a7e06b152c1860d44334",785961920
"f44726680d0c594a2d430bbb",872785728
"8aac8946e7ae5725971c5557",810977792
"e1aa6c46135f4d1aa1b7a1f4",716427584
"fdbe5801070756d1744211cc",725192192
"6ec4c88b8d3a16148e2e7348",716663616
"57c87ce038e4e523b4ec189b",780580992
"9bd500fb24eebd53d8262b62",697294336
"85a86e01443aba593f95dae4",586165888
"13e2ec0a12c8a48a753b85ef",541157696
"b93dc01af5f49e6dcfb7a547",609428800
"71a42155184509caba01a1dc",410080736
"25fb1c0c4aace859265de172",759352384
"6f63e4f866bda86d5c993c8d",469001504
"72bc42a5c73e7b1f9d54c835",713624960
"c06f36b42021a1512cb6e3bb",403528672
"f1a7fa5dc1996591ff97a34e",570613888
"6128a8deb1f0bfbbf0d67769",654652288
"b5254c6c29b4f6984d328216",540805376
"6cb19c3e491a60bb2c166669",542526336
"dda4ee9f3811c29e2b261a5c",560796800
"7a564ce9a4ed3d2b8fbb1103",759352384
"63b982fab95cd17211a4a58d",498085984
"5272c50f1d8fded01f7fb0e0",660608640
"02b47e60ab77588aff6cb433",566873216
"ddcc7f7a087aa5f4797a8a5d",572752768
"77a887ca508d924ad5203194",717026816
"b57ab7afef2b8aee016ce6a0",755762496
"640a801d503d85835eb65a42",897924416
"767ff947b16b2271f516c28d",773454272
"1dbb46a250f504e9c8673bed",756613120
"fd6e9c9ed7679485dfd0b022",734808000
"7dc4f9de14c2924b229ca0a3",638199680
"3064379f468404110d594c87",738327168
"6005ebd6442c62f8becdd2f5",702036544
"b62e960eebdf95c2eaaaf9f3",730302912
"7b0258f1aaee97661c34de64",632564672
"91e2f9f7d4ed776d38a3274f",669915776
"d505277049a254f960e114ef",715425728
"32040dd7b8edfbe331773288",607513472
"70e427235490d7d9c9239676",719142976
"1a2aa38b8e18fd7ed5be77ff",763235008
"4883f7ce7086ba9c8ddd4315",669585408
"4116cde03803e63a3e87e847",764755008
"d6de5d741702387dc3f4481f",714369088
"2346533f4712f3bbd036d85b",988735744
"f6a12c0f02fcff1be042ed0e",740078464
"eba3cb8156e0115bd7dfb525",909463872
"ff27ae490bf03513b6bb386f",922054592
"e87779bf2f8af86fc4ae9583",376277568
"4a809b3987cff0290c1df8fc",473741888
"8f4241a17d1211687bf232c4",629771904
"bd8c1ff6f9919ec6f1dccda9",697969984
"081e008e772c6a79b809a87b",705012416
"0eff08cf4bc42dd442a70231",623410368
"b4e084d14962cc58d4089955",737263360
"d02c3b5ac6fa0ed6db06e490",877705472
"e8abf103cbe9fecbdd758516",737263360
"05308c4f3d0e0887e4a68a92",764127424
"256a6ba3ff423a899229f154",616373440
"097314d920292b46eab5dbc1",545365632
"4ce0fcf14266d144c82f8d4b",479441792
"548791b5faf236b1c03b7523",593421568
"40ef1682158d0c3cd07f484b",928009664
"7b473504c85e9cb576f951e2",537586752
"730c7382d76a07904f559b28",554741696
"e05598d3c49f409b937ff2a1",611916416
"844dc89fe6588acccf0c7536",537421760
"ad1492590bf61d2cc83b493c",801443904
"88fce3ad9b8a965dc11336cf",473973408
"b76d853ea415967415ace0d7",676702592
"c12c81b3eb12bb329466e88a",806792896
"4e27458d179a469435d02ff4",526416576
"8d15b4bb1447eba7a680ef47",443308128
"482c7150c7555cb35558398c",791743936
"e5d6be06fd53d317c8e5c7c0",552415360
"f798e7105aa8aa66750a2c85",700748224
"eb24e0a0ebfbe16eba466280",797400320
"618dede0dbd48df4fe610af1",805504064
"6fd936b82bcfd3cd2451bdfa",548483520
"adbb5c4ba7be2903799a51b2",785268416
"3a99197868ce338c738a3b20",633738176
"d4c45f35f214fc226ec85b36",617543360
"c3140ab2134de662162af508",611461056
"0fe23ccd8e42605f4d9f78a7",405279552
"8816e8101ddc4e704053e23c",650474368
"64ecb100d7882ddec6bafbcb",539102912
"9151a8c65e1f01ce591c595d",682762496
"c8a40314be3014c2a218f5bd",660749504
"29bd4cbe11f44759e07487fd",610896320
"72ddab9ba5f24941e4dbed6b",820172416
"1f18df9ee1b19359816ed13c",707252352
"fb82175fad61a81e9b665fd3",933627328
"dee2e190c4e2539124ac3ee1",691979904
"0cc2f3a49dd703e7554ba638",722419904
"ece0394e38b152e6c1571324",882207872
"e14328c988a27176e9fc63af",891907712
"a91664b9f15f9d6f262e7b2e",802025536
"d54270fd6b09b38a978cd7b9",888617856
"40c74dec061500aaa78f78b7",615965696
"cbf6faf7b47b43b2a77b3654",825901888
"52fa1eb3cc7cc2f77ff98764",670927808
"bae512bdd3b04405c519bf4a",656923264
"e7fbff0a25cde72a38e7c7bb",718762944
"d3f297fadece964afe5f1cc4",748017408
"2679ba671751ff16e76f1807",659585344
"8059e45ca26bfefbb18d8e40",827171264
"9e7ee8e17b1e76965e96ef95",767116480
"9039bc918a76e486041842d0",741996352
"1d7912750a5e345f7edcdcbf",529122592
"4fe0482ad622080f55a0460f",676399424
"953fd7541735fa8d9a342642",757423168
"0b3021c156324d1e7974ce3b",972438080
"b0a8e4b4ef6678e6b43865e2",747201344
"bb47fda808b52f30364a4d6f",581562112
"d846dbe691d0ee3ac5c3bec6",920212864
"21932b5a5fa65d237ddb6293",575904064
"07481a101afc1d5db45245df",818187584
"d99c00c516cf57b6fd9e877b",456208960
"6dbb494acdc64c03742fa730",673559552
"35f69c7a9870ac62735d7639",540057216
"2721f5495ef5dde16fd29cf4",776196992
"0c068dbfdafa3429c71189af",562078080
"f3293c4064d71f9322ca97b2",858172544
"5eb268b95d7b6006b064f9af",758195264
"e13a1c06ccbf814945dbc768",654217664
"935a1e8c7e62ca9d3bff398e",877372288
"f0c7ecd3b2261873d3664748",824749184
"d2f20425e236285124eaebad",622952000
"05926b977b5df59857194ec1",585028352
"f548ef815603ec44f4629a60",924352000
"6cd147720319f60ed2599361",840372480
"6302477fe8172d08f3b4815f",618426368
"b0af9b1e84a1886489d46b91",548174016
"5f3a2a31f6d1838e0a9531fd",831912640
"96786aff35713dc21f6bfe5f",688328320
"68de232e27aa83405b4a19b9",988427264
"8d252e9b0912f09703110b81",554170240
"f4e646df504728ee1e6ad0d8",453507648
"e89cf4cc82c5283f3db6f5f6",536169920
"1bc2c099466f9a989266be0d",604726912
"bef2008b362c4af1fc3be566",524793216
"7988f76ba063d25a4f467730",708751040
"391a98a344e894c6397d62f3",609327552
"5ab0b8b0d6d93c4654b5cc14",664598272
"305d6abea2f3e496e3b6fcf4",814406272
"f512fde4fa3f1f7fe885de83",756940160
"c7b6e7a287602275f7854ef0",777912320
"3d11a16b008c26fe43deca03",690070144
"ac7f21d22d013874c362d440",575351232
"c933750eeb53302db0245782",550802560
"766a8ff17723a5c34324576b",741071168
"802fe3175a2059f12d7edb99",468418912
"508bfd077c80b6cdfc5a10e1",751613312
"ddf8733adb641e15837bd728",689073792
"17914fbe0c3634dae8ce9d71",650773184
"09e4397bf9794fe24d87d07c",748938048
"302918a3460b98acb64fafdd",583857280
"a7e57a8be8fc8d8a844cf9f0",553409472
"7b50b071f4d795c9b5ad7531",633288640
"91a7bcd95c0c960e4cc22d91",598056320
"5d4a23137173c0e2288ec418",628833408
"751ba0c00d4fae1078c02fb9",648980800
"e6bc998ad1d87c5be3559ab1",570542656
"53aa9cd32e2a6aa346d3d789",570542656
"06f22f7a8e4e78f45ae81638",624238656
"2105c17a4e2f97183e24aa4b",652500544
"ec13a869c212c39b6ba21b57",764578752
"0b49dedfb53ec812962e31e7",727720064
"69e6fbd4d3816c4cc37b265a",798172544
"ad46f8bd482500f3bb935737",702294144
"368f7a70a62962bf31ec9583",975404416
"07412230b931192771072334",720287552
"e63d334d9ae8b672dc7b7d5c",975404416
"3e1c2c5b0831edf78f7b7082",720287552
"226277c02e8532922a1c769d",823778240
"7902ada9116a1cf7458933cc",845604928
"b21f6e217d6733230a8eb7b7",662986368
"09ac622c303bce9ad5514442",534562240
"ea63bca8e3a77fe88d88fafc",439620128
"a3c7c54fa12d5b57dd997210",452076160
"cdadb2607807935a0a5597e1",682903104
"8d041784b65d33c76e5245a4",740256192
"e6807209b634455bad257998",640849600
"b1e3f1efb232cb0976506cc2",813909952
"dea95d98e8bff87b905f9172",864619264
"44b6382d9195ceb3f12d4939",881338304
"41f33deb9990562def18c917",578888896
"0a61250b2c208d42a3077bde",822544768
"c714b30713eb7877ed3cd92a",393237376
"bf120b883bfaf7641eda65a9",796443200
"90b34ed38e0f18988f11d77c",732092864
"feade1f4b3b06fdc12ec213f",732207104
"00bff9be2d524083e3b3149d",764127424
"f1e38e53ddb8a9d5b641d934",917591232
"49dbaf0bcca86f32f86e641e",782599040
"18539b6cb6884f753e0ac18f",701854912
"7586a79a0151387a1c0cd85a",695348736
"d533a334c2ad9d510865fe54",626273216
"95f7bbdcfb59b4cdb41b0394",754866432
"4a2ae08359e1ecd39b43afbc",659304064
"e8cf39cada5b7755f60306d1",626248512
"0489a476b376f7f6efbc193b",443091680
"7b31b5e53015f8116fedb0c6",866338880
"4c0892a39011cc6a37fc1145",484950272
"92d7d4fa9fd09075bec14a3c",783220032
"5e5ea93675900efebecaa19a",521780544
"084de1226de9a6f4a6075c2d",651031872
"54f16cb9563346e15b019102",478910496
"512a6de80962ab797ed2bf72",757583552
"871befe27fa79fc1e1813b19",890078272
"4e0b1df5e05ac505c701f519",604837760
"37227e66adec69299f853e51",736784192
"0a0e3ee960f60d04ffd6bc0a",601125312
"82b15a5da307865c7045dd56",763560384
"44d596fa36e3992208292ade",510308544
"3569024b3ae4865240973e6d",384924704
"31d3215c8345d48ce9734c65",586824384
"147e7f5381d3c951fc446376",661348416
"77deea164a3a622df41249f5",476278400
"3cdee5304896e4cb9604ebe3",556266048
"f5418917530b72c9fea14f66",550802560
"ffcbce226963f10da8c53fd7",713187712
"2fffe55a1584619bd7c489f6",741071168
"3920eb3f72b96fcb58ef778a",429223808
"d10bdbfbd411ae625dc80611",339151200
"d61ac80c0d4737c3529f4a2e",707475584
"f8948886cb4cb018eca25d19",412438336
"da5bf7f1c7b2f4ad670e2382",641420160
"f406c9c3c92e9b31310a50ec",752794944
"171b560236ce760573a990fb",865428928
"4d852bd93332172bfb081aff",865428928
"2e1f7569d134a931098a2ede",906022976
"6d8d2ba62c52445d78f687ed",755168256
"65ae1a893abdc2eaa63d9271",943209920
"c9c51c39725d7df94822fb20",562828672
"56ddb54e50deaf650a25e82c",648865728
"aeb330dede55fb66654901fa",857902272
"4f4e3350c429c6afc0bb0094",647325056
"39377d0d271da03ad85c7bd1",543179328
"bda2fcbba2b412981e708054",878078336
"eb89d0b7914010148e6bb597",728933312
"513d0ddf1ce44ca671675fe1",812867840
"14cd5f188cf6d2433240b5cd",526831040
"dbbe0b6f5eb07a5f9ec873a2",597587200
"f9acdd3fa50068bc0180d008",574107072
"4a85c36fb854e922936b57fa",518043136
"937876bdc44c3b8fe063a9aa",557859328
"001399d3861c5792ccb8b515",904804352
"f28514aa4d6ffa36104411c7",619005696
"3b185e3e31f7f5e6a1b3193c",709003904
"f4c7cc4a249ae7037aa0b35e",738686336
"b74a02ef5cc838952bb9afd4",570527488
"75f5aff9fa70208ddd843779",544018624
"b7273cac93fb7a0034039600",927985024
"b73bcc0cbfa173c9fa404369",777554368
"3c4c18326318a7207b589dbd",458995968
"29a230f7dde5753e65b661dd",656975872
"c083a5c64c4d6952accd7bdc",625135872
"1cf29f882ee8b458b8f27091",826480128
"94c15574aacdc5c3cf5a406b",505704672
"661f7eaf134a5b142843368c",519693536
"14a5bf235097782f468fbf23",559296256
"d2d46c70dc048c92c8e4f09e",751679104
"f6faf74c3f4e02a6b333b7af",632220032
"6dfa362ff7a0d55693793db3",786818624
"b070e3747bcf22ed67509efc",722242112
"7333f19416625d6f4244fe02",749729344
"3c86651d9bbfbb335f15b544",652992192
"9d8affa93ce4dc7c1a21b3a3",760443136
"eb8cc67810d95d1b102410b7",746016896
"047f94605add5f6f84fc3f90",856426048
"56ba332c82c36f07ba6bd271",1014823552
"5814a1dd61362ded4f1d8d8d",1012390656
"141ac7bbe9637f9e5142135c",1011877056
"08db0ce5cd15db2404ff3d28",529178304
"c38677ed0876b7996f596336",517202880
"daa4d7da8d7df8efc1adc9d1",444714432
"f15c6403c6d4e3676a607780",549823296
"4d0cf77f8cfcada2265ac585",630398400
"4caab3951bd6cb6dc71ac8a0",566940864
"7cb64b94877a9361f20027cd",512000320
"3f438d6202cfd4527bd8f983",592003584
"b7763beef728bc2021ebb841",553137024
"4cea8ea969dcc433fcb59d96",722375040
"24fadbd1dec637edb728baa3",681027520
"63cf422266e7c39a6c895b3e",764338176
"dbaa5d47ff63125584bf7ac0",907097024
"da12ac932dd8a2fabade4bdd",485113344
"f35538e95b4a567f9b834034",866145920
"6ee1e976768b68cbc8008950",612301760
"a910019b3d18da92b4c6862f",648208832
"a09413ca0b723170c26652a3",652316032
"2b451da55be3683c33e4de31",773605312
"561840990333852ace562b82",569593216
"b6695af1ce28eb50d7a2c25d",883620288
"9327563b40f2a0f888c68f28",842362240
"3438e5d77044f21743e56edc",871164224
"63cde4fad1be942dc5ee695d",461140832
"8e712705b7de6e791c8735de",461922464
"85de01c0aa787152c77c6180",389662144
"c9b0673becdedeede0209697",427629952
"15ee6357e02b76367682d6bd",877003136
"5f284a75ec8e9c72abc76695",820562304
"37e696957da15625da71146e",655086912
"96a478c359fea0014fde607d",706217472
"1a61721fb7306d55dd77b6ba",706217472
"a7577260fa10bf408f1997d8",745141056
"b3f8ffa761119a5441a44ad4",908689856
"a5c85b445f503a56e0e2a924",1084476160
"5aac1a1d5da10b76ba4b690c",766571072
"1420543e2eb5f38e4d38ba81",1011653312
"a530e3ff6d7bc1abe333245d",548483520
"aa9988248c7dedb016d8b6ae",847677568
"fe8ab5495cae81b5478026a4",632564672
"b463c62e3c21e339e7acb52f",728933312
"00a5133e7373eae3f0be8f2e",542022272
"38b424cb0e54f0f7f2745781",739499968
"c43530f324a3ac90f53a8849",617543360
"abf93b2418fcdac14293c9a7",570613888
"9b1be976725ddd512cd222a8",797156672
"9b7f17ddae12105d47fad7eb",792878528
"3caab5e89722761d5ab2498a",551987392
"a2f40c8227b466249d6cb659",765887360
"e6a5007ffb7c1321d4fc21a8",576734592
"0d50b435188b7830a6949026",570542976
"d4bee60a74c2e2235f507ec0",597513600
"b474103c4b637ca25b5d89e8",618115648
"ce6ddb82d2ece3b8d58fcc63",566036928
"28403f16831effcb75471738",444722496
"03f518e2e5861002772345fd",449795296
"011a6d0f12ba108ef15076b4",431950304
"93ac0b004ca60ea56cc2bb9f",604247872
"1b70fbd3e46da8c47c3eed61",569614272
"cb40d6ea6a1eab77a60c1ba3",638828992
"87c73db5d50e8ec3a22e6ccc",713685632
"9aea45bade274e4ed91ec301",535555904
"43c22bfa9a14df7b0126c12e",549596032
"6d848e54ee68e6d8f23b3b1a",509402784
"e5cd7a2aed48057b0dc8d970",531787680
"bc4b94c892fea57ebae3eeb6",668771712
"e7bb12e99318573a6e6ce1cf",762521088
"4b52ebb0f0a8878def4170c9",717743104
"3e85b447edd3b23b5a0d3b79",699113792
"15005fe7eb24aa25b9e3cee7",605790400
"22e00f8057294350ddf4d42a",846522368
"ddf2583bd65f02abf7ce3280",798257408
"704e5657734af93d19a0e5fa",693825152
"cc1a11362066152d21d4cc60",589685248
"12062de068acd322b610fcf1",755168256
"e9804af0513b2f68daf182b3",559461120
"f13d8f4b2e3114d71e5ed941",626687616
"11bccaef3431fc17953eb81c",753781696
"ef2b9c11f884cc5f31c26f60",902367872
"25986c851e13c92ede6c6d6b",894581824
"37e28ed39a51956880d211af",922888704
"9530217ea0b5d2395adfcc9d",940217600
"d8607e3261ef1546eb0c30f0",769317888
"22a025ad47ba22ea9fd1a094",667738752
"1c88ddc21f3e8e4ca633621d",469826592
"e45ba581daff88707ad842a9",554138688
"d7e97cc158c6c54b02fe635c",650538432
"04bb7cdebb8b66e783058248",527909152
"d60cf6dcb7b4b40077536604",988735744
"85ceb648cee9f6f3d221254c",709896896
"f58528d3ddce3bc6c71bfce9",703095168
"c269765ece36cd93058efab9",520545856
"919bdfeb16dd0bf67787d53e",572752768
"ed8eacb8746dbcc3c2ef3aa9",593886912
"15ec532ec6fb73074b9b12c9",622139264
"58a724e8a0e05140b07539b6",740078464
"2b7a5be93795a65d29970b02",792268864
"6dde9af12b6597425160a47a",993402304
"f0ec99c13c61e89310ca9b8a",629496896
"65c83da72c07b8e74bf581f5",663378688
"3ecdb7a7d178b48361340ea9",650879552
"af22669e3ed10470623fd8eb",793045248
"748c981380925e1247b9e64e",671929088
"78ab6cb1f62a7e781d4c4d0a",609916992
"e80ba06329760362c7685ca5",473870176
"3cecc0cc43ef46670a8e69bd",500925824
"527e4b1b06637b5362c8f17d",720056448
"cf9eb2cd0f20b13cc8816bbc",382435296
"4b3a6baf8196a59bac8c08c0",491690688
"9bb9864a6bcff25b17477717",640804800
"4f7d630c921cff500705ee5a",683778944
"7b7c0544ece4aa383fd5b4ce",709026176
"191094739043620c72aad2a0",688265984
"a20435d582c7646db231e7d2",722010496
"1555743ec7e2f38904852860",636346240
"1c7452cfc46652a60b7a4f05",813893632
"97439d5a82f970e7f50d51b9",817342528
"7667cd57d0bec809417c9b11",653363776
"103f6eaf04b44c4013acf097",860240576
"e6ef433629e193042bd30f4d",984141504
"2ee7f959d069c9ca223115cc",999353344
"b46625b69fba1afc154471e0",839699008
"5cc0700421954934cd8dc445",812379328
"066f1b68f7c053a196662fe0",760572672
"645e1c7b799a489887086a1d",824749184
"f426c41d6d8bc99f359f480c",571975104
"d1be4eae680cb16d0c842606",924352000
"57a5f4f83a474ae156f207ee",758195264
"53eab0ecc3ff098d55666699",908595072
"54022fa49ecd9cf290aefc89",820298624
"545db4962e6294cc5ed07727",797156672
"8e17bc9f09099ba3138c232a",759049024
"3b4b303bbeece313f92cb85e",785699904
"d0119d7bb15452c473ed28ba",772356480
"1a36f98c62f5126c8064314c",796010304
"96a77e8e42d676b0da3fa572",730710080
"d7d6f668e3e40d957163276f",491634368
"5b908b8abd8dd0862440c172",724673024
"81716dd4aedf72a6a14392e4",574935744
"47d252717c4bcae3e1ff19e4",821154560
"4f0b2f7e4d787a108a4d2537",560206144
"90a43053efa1d292af692a87",564268032
"c3df4b9fdaa4dcb13723b5f1",729858368
"4b905620f76873355d317dc1",748496320
"ea16314310144a10c81da9c7",530303712
"0e5db1a36a521a5d2912b238",653906048
"c53c58dd7b26902f67c3becd",508549312
"6c17875f20f58b1fb211c18f",778578432
"200020552855ed39d1af999a",610684736
"b44b862cbd855d46954eca5c",625660480
"ce47299ee877638c4729f60a",630569536
"3a28bf9841e6a9d3f1bc293a",843540736
"3a488b9e24d9b8fc7c222e20",523786656
"5469c33200ffa87952b356d0",528072352
"b57174dd86ed451448dc501b",602749760
"ebe09efa32acf6d680341840",656753664
"33f7d5aa494288cc90d60456",1006690560
"de9a32ec454c2696cf75eb0d",596263168
"df4400c44a166c851ff46eab",652801408
"5dcc8f6a6854a864dcd27a87",566177600
"bc08ce9f24533cd644ef08b8",486156096
"2935cc0e053bf558a8b73054",566177600
"f08001f2590d7b734467c58b",525560512
"5a9892659590355b91442979",726550848
"ea34dfefac91681864c2bfe1",645916544
"ee3b5d47d05a80c07751f7a1",825088960
"448ad01af4c5cfba3feeab26",825088960
"bcf43ae0b4b15ae168abca97",696251904
"8ccd326e4f515bf7e817a14a",661636544
"94535dcf38c9c6461a73db02",582855680
"9b3557302e940d4da341cdab",637609728
"edf8c961862a4ff8e1e44f1a",874115648
"6e508fb72f189a4fa91bde58",696346880
"7d0a4771afb00cf9a38ccb81",1006492608
"8c32b6b31d1a1d5736c4df61",885909632
"da782fc0c8a79e3e250f0f67",695743232
"c86e643b7f7b57b4482020ef",461076768
"4632f1e8fc93e268ddeba07b",637428608
"2cd372392fda500e6526695b",611820096
"a05ef49ad8b2d6c466ac7412",806106240
"9f50ed2b7e40847ffd877f4b",697833984
"c00083aa30ba7d953361674f",519297120
"50857161c59b991304f5c55c",733463488
"3676f63aa0ab23ca7cd344b7",436334144
"3710ec95af4702c45f165279",605790400
"16db516a238934a730ced1e8",559929920
"d450dd622183c7cc43a20d70",572445184
"ba84fbef80c8a82895ec599d",917499072
"ee85a12b8f764bc15164dc7a",645603328
"0038a3b703f4ec779bbcfe6b",837766400
"aa643acab634ee591a2a43ce",654822912
"d6438814f4ff3853bf6cdb13",744757632
"a37522af63bbed2f4d10900e",1011653312
"0b715ccd3b3e01444b855857",416418528
"fbdb9caee4455e99259cf921",624530048
"b3c02569b8fb721934f51c52",554320512
"c07e2ef0bed4be12e41c783e",498254144
"1b4e4016cb766bfadea42f73",557318848
"ecf4e968c925cf8322f8a0bd",499074976
"6cc0e6bfd30ed93fca2bb217",437274688
"3e7f514983daa92e49a7c87a",441478016
"97a22807207cdfb341d5c50c",536690784
"3f9e95762d2f2056e9716039",577670912
"255c5b92d71a00c3a73b9aa8",578474432
"58d24ab99d74ae4c449c90ba",723717632
"51d1df6e1f28c40dc9074b74",944958400
"16261339c3a99635717fcda8",878069824
"1475cdbbac4aa486266e439f",801494080
"2a9974fe07b1e4427e386e06",654898944
"cf76689ebaa20c70d9db4d51",812867840
"f9379319f992cbadc43b9189",760966592
"62313cfe4272d263173e1ea9",722989952
"b2c62bb0cf8d210dc4635653",828116992
"5d2fd288d33283826210cb90",940217600
"3454ab4ad567d2d22d990fec",807657280
"58be66aeab226c35330d57d5",790366592
"315ea6fbd6b3261cae7fb900",773470336
"6930d8e260fafaa5c317dc82",500667808
"0fa99fd0e8cebb71a3bb0871",458816416
"fba946e4ceea37176170835b",434672032
"b53d4d8d0bd4a0ae84fbc22e",501443232
"8bb1a2ecc997779d1addf12c",395016576
"6dd97377cbc262b07ea2eb99",429711712
"5c50853824c890a5a7f0cd70",517088640
"4c3865a97f5877090e7a9649",731261440
"a3cb2a035f98276076f2d848",494451008
"40d04ff9c405cccfc82ed5a5",655123904
"22caf82aae904c79057fcb3b",612997696
"eaf87358d89af17c3e004c21",640085504
"9ab5ef2c5650c4bd05248990",557318848
"d96e3063ce77ab1235e2ba26",508453696
"665d62a8019b27bf5ce6e6b4",505218688
"56234f11aae98489ae00a8d3",553590400
"76a5158e1a5c1f9fae8ee882",572201216
"d974970034de145d469d09c5",479668096
"7b5db1e4f4f47b4bf7c827ee",597371456
"73ff6ce99ba5dd8cfab0faed",569555648
"e1cecc8f17883ba6e2723826",553848192
"857870b1412b84f0f19ed751",481379904
"d89dff35fa1944191aa9ed98",817154496
"86b89233e0176e034ae3cb7b",791659840
"dd3d529f3745159d9e7746b2",742831680
"af10ec1529a63d0bc10b056d",729648128
"a2645174e4e15c49331f576a",707669120
"311dcf366691c44243b7b89c",874056704
"4cbc74a93e33f7b4812e1a7c",669412416
"6e0140e1d667cecd155c6e23",707184896
"dba6308e2358f30b7ec33f59",702143488
"761ba98d35074faee3594dbc",773277440
"b961220d34be930fada80887",733171968
"c9c3973bb37b5c688a7c0157",748069952
"79a0bffec81b17d606a606f5",707669120
"135f6f92c4ec95847e8840eb",596164736
"05858b1e4445f56f22e1f4bb",710190720
"623b7d96c0fa09e50148aa7b",626687616
"e61e5d3288f02b904d3b1e38",808103808
"0d173e7afc8f8babbef6ae97",777199488
"7635a792e5002ab99ceef583",653009152
"4da93e7126354a474d435a4a",756533184
"a4c71322f79dbbbedab3191a",787762688
"57ef53ecf8b709ddc05aceec",646135744
"65c3e09ee6f1ef0500ca4316",941568576
"74d0b6e87c2045f95fd493c4",728763456
"4a3d0390e005fa5b4c9403f4",879580352
"a3aac701ae444b6d91b7bb0f",856036096
"4afa3a1b63c076123e7a5279",938662592
"c97adfa6f5ad3e3db6b80edd",843449728
"58cdc29143b85386c76bedbd",994180480
"1f81176d8a0c61a7177c6c2b",945037824
"1c2e69465c75fb3af2d57351",825845440
"7a10ffd970cc822108ce7cf0",932464704
"3bfccc757ef82ff2774f2db9",876290816
"3c753ecb3a4f8ce43077a6c1",851947136
"100e9e2623cb0fc52fb08813",904997888
"90a269d52e47c1705f9b6cf0",1002152704
"34f4df9fce2ec05633d0cbd1",638209920
"1e4fd826fc8693b17f6efc3b",894134976
"efd9d848677015f13688453b",495795264
"07cd866c871333283ecb2d23",720156864
"76a307d6b36b8a51115e91b2",725510912
"080969c751cb94822aeeb755",501482144
"1e37fb708b70b6b5e8fb5cd2",624613376
"4e47d2c8ccf9929ad9c84544",546127104
"3c877a0fbe08cda958ff8f46",748288768
"ae59a0d6441697841d86cfcb",507503072
"2fdb80ee4f9a35663e92b3b2",620989376
"3a513410a390c75fc14b0b3b",449968736
"0616401503f2ebc05af7ce4f",486457120
"98b973c8597d5805f87dd074",638669120
"7063abb555d919d5300af3aa",827979264
"88c4b21ecffe12cb6c408a6c",669915776
"75a4421cced1111492d00298",514402880
"0482cd89d767b3b7de976c3a",469800800
"bda9e5d8048acbbe5a9d49ea",582144832
"2152ed6b2b2eaf16ec272cb6",461829824
"9bf2e0c1bc82010e92da2540",708860800
"110af3c21ecdf156898c7c0d",877003136
"2790ead3eba9370f00024472",654822912
"9b06c7cebd33cd26cd6cc089",1011653312
"fbb89795386c14f5088fccdc",781946752
"e8a3d9d6134ae8d631791e52",1024007616
"5c535b7d92e34c0fe4b66891",714204480
"d88544e4e85add30aa795ce6",666229696
"01b78983d268b52137e5ac1b",521557056
"25414034e50ca33fcdcda4cf",723256512
"2212e0125cb7f75390020951",723905856
"a4d5ea1b907e98be72b5c49b",639029632
"2df90c0a3e2b9138fe276a75",789352320
"c520b7e8de3796450ce49a30",533380416
"35114fa32397272437e67a54",464455424
"bb5726ac16b4ade709151159",508926368
"b4dc6733589bb35444b74c55",648526464
"3b0b0bb06d95c5ea1aed2d95",660750976
"fb7bd85c05cd74d945d22de0",524658368
"6396667677a878ff61e1b536",435857152
"47b5804ba1a998c3e7544092",706028800
"ad4d91ed26c1fd5702b94064",730303424
"2b802261b8bd839aa0b04b16",781045312
"0bf9fe130da23aea7142bb7a",725302080
"90511f2411d4a37a7224b995",676619008
"1355fdce5b97bb36da15734e",888553792
"775a6affce535c5a19ea5f30",783755712
"e36d70d72c2758d7fef242df",561795776
"2fde05df6a3aa9f57385e6a7",544444416
"5e0100ae728e347eedce5b14",924352000
"a636ffa140f80412f003734d",850131968
"74746d24b9bd86e23338bcd9",758195264
"99c539fecb3bc233288ff905",714493952
"44760087930212643641eeb4",1023550400
"2c5d940b5ef2276f1fac1ca5",824749184
"b26f22f1fd5a991ecd1e07f8",680302464
"1ffafa78622c45ea4127ce82",745804800
"32a555016892e7a74d231545",730710080
"8d06037db08d0754bb67da4f",760572672
"80255211d99c72e343b32798",862998016
"070062cd1c769f3be9255af1",1023550400
"0451f65828e628c2220df77f",785699904
"d96f6225db81dbf3d1a0e9bd",547087296
"b1527eec2e6709dc51e03f9e",588803008
"5464fe43eded098294d634ba",676619008
"ea37ad89fbe4159940586718",450111392
"4057a676e7012fd37af9c3b1",511631520
"51273a81121232e7f30cfd1e",402949024
"3cfd9ba5c6993718c0c532ff",506413120
"8567e677b30c410df80004c9",666217984
"7a34bcd9f86f5036b526c3f4",692726976
"3dda25226646e1e91f4c948d",692726976
"a2529027db6b525e365e7be0",649658816
"c6115d5e908e04e67915a581",764390336
"8d0ae601094562744c8dba4f",649300608
"55209683056fe2f9faef7fc8",566011840
"e840095310907e82a159d683",692726976
"278fcdbf16e3064ba42c6785",845436864
"74af10afa02e7724eeeef108",790703360
"b763f71e8a5bdeecf0f3f0e5",503909248
"5472d536d1b6b731537bb67e",549389568
"995ba6d1fd63d5160fb18e71",799949952
"f424ca724e7df1c37ed78aa9",725426688
"c2aa451b62293042b7244fff",622964032
"d4ca9506161d3f4bb3ca57fa",568885440
"799862427c1f335eadedf4e8",373706144
"1f3b3bd08063993c23586c93",606964928
"817422f4c278ff27a22b05d7",625863744
"db9798a3f9ac287754f3ae01",794488960
"7ead45d1f505649429904307",637928128
"ac7ab254166442188c6c5c25",704018240
"67250a8950aebdbc67f7fbfa",789992576
"641f4319c315cbb74872b8ac",472394944
"710b0541a025b1b6a5a80c41",308738112
"a10f459124248ef30f290cad",640096256
"1aac53220223d0d823e70d0f",535349248
"9d0ae0c4dc11d8c6d94e545e",770717440
"be685d2954b8c7337ec94942",587239808
"e43151473292e4e98f121f63",500179904
"e04fab3d74d14be3b8dd2c8c",610776384
"c77509a6eb6665bb8eb07d95",684199808
"9753470e033b35407a2eca2d",882921344
"825f57ad0527d4abf41cffc9",764911488
"0d8074979d302868c2534262",1224901376
"15a3e60c7a5d55243057d7df",624633856
"6de06f867a28393a9e95c7d4",439012576
"4d418d0079828e244dbaff5a",612223936
"2de93fc191360ae22b0402dd",617782720
"86792949f2e6a347208cbffd",533537248
"6d8a0768adedcc1070d28390",778523008
"459963742bbaadbd9db97723",887738880
"235b10cad7233d579a966948",493984576
"4443407341bec8b7b0af40b4",781946752
"d7047492f4c53a0cdbde60e5",845484928
"5541cbe23acd6ffd4aa0d939",702294144
"1d0853f825cc0aec6f5544cb",710258944
"f016623361c6ccc5163e79d5",881214656
"d280fed64d1c23ac9d79ce20",749943424
"7e86f11cd63ff6c8a3c12fe2",783575936
"9d7f161ee660b1bcb54574b1",1013690176
"a0722c5527c6d3cd5cac9477",1023550400
"278a2cd98528eb1341a6b685",527846368
"b755f88ff3907bbe2a417e07",788820352
"2bb55b0a92d62454867bb158",898095552
"960c9349b6ef9b747ebe5829",943391616
"2c8352c418097f82a50d9bbf",874883328
"47d7ba800f164f397fcafa9d",515343808
"610061a0e67aea7d222f08cf",924913664
"a33de2559b5f56d1b3cfce08",719911296
"f020fef57e9069e4dea2d71f",929201216
"883f095dd3f7e972d7dd3c2b",733469760
"b0b784bfe2d3c1b3b1320613",668355584
"1ea66dd4a72d93f5967be730",580402432
"90b04117887941ac898a67a8",414958080
"022357a3d48ea87d58ffb46e",465342208
"292224fa68b0303a90063801",626248640
"6cf924390dd3ed4454403887",483845472
"555a293dbc104e00f182fe34",631512768
"e13ef02a57d35f71a4fe6121",627649472
"c82929467d22589ec62c0475",633937856
"18a74c9a49ad381aee5e02de",533485888
"da40d46cb91d9e59fe12e6ba",640210752
"6320f26d77fcd56675db6b97",677357312
"3307731f3bc518012912f1b3",701363072
"ba94572d1e050bb92522f112",541067840
"6e0d6bcb01e99fc4959d3f7f",431326752
"dc3cbbb2fa00043d02958219",661200192
"495aa774f4db66db6df30e93",505118848
"6ba298925ffad32daae55385",542526336
"8df5099d856c7f9de43990ab",802086912
"93c5c5d9d1e99824178be9ff",552864704
"ffbce3ccf241890ec95104e4",554711936
"2c03c38782e365e68b32d6bf",642669248
"7734421098413f27fae86fef",682713344
"2b50969f1faab80655bb9104",633462784
"025a98586386211b1519f9be",505140064
"6013b8c04f7b9fbc74ef1ec4",547518336
"11075db1cf9899c8640e1b90",575912832
"61ba09084039a467410aeadb",584063872
"eb2880c2433c4b2500fd40ef",422882272
"f7f8607535159c82dbfc6c14",449105600
"35c7a7c0ace36f4b95423c4c",608566784
"c71123c31d02408cdaa74daa",622139264
"dd8aa138623604829d56ac2c",431326752
"cb94eee5ecfc75d0fd5ba6e5",517088640
"ae6bfb4eb4770f2266e3b961",720806464
"573ea1962372999346590c0f",855577536
"9f7204b4bb3ffb8591e3164d",672458048
"a4410bebf9843297fe32d63c",682762240
"2afd9dd680803e3c12d5242b",827967104
"a7618c242fd918ed894304b5",672338880
"5ebc5cc2c1488f681cd119f2",833862400
"cd53a991573ecb5c53f47986",790992960
"75ecbc0c0e8e76bb8d734f60",847913088
"47c2934aaa5934c68dcb9e51",770306816
"386ad1ba1cada9649f3415c0",634393024
"9ca0839c9c294674e86eb691",820298624
"bdbaafd11259af6300321a89",662858560
"2e41ceccc918145dbe7de0be",635973184
"11df35a3fbcef34e47747e38",619255936
"b0bcb64f2f2ba69cc712e0ae",574216192
"bce0a4447db2d54d36661011",562036928
"ef7ba10407cd74590ea3fff3",803210944
"a743dc3903eaf3576046ef3d",771692480
"b3d072ebd7908688d908d350",778645184
"a48abdedbe3d132276dbe403",897924416
"c6b7e739125907c86a8997d3",803009216
"813d9415d9abca46ad4d92f0",842515328
"c631f8920a2fd1160f6b15cc",710748608
"16194707d4e85fe332411bd4",650204416
"31e241881acaceb02ef915d2",598453504
"a3f1214ea44063ad10956fca",807641984
"ab086fddcb949e3dc0ed9b5d",754440320
"ec4df02b32d90c019125d108",695690560
"09eb808ca3859318d6328db8",567477952
"f520fd12dd3ed32ba78d357b",881851328
"0a2f7379cd1bed7d2d2d5a01",761470272
"30652905d3eacda34ff61a9e",711052992
"0509650d34981639b9c64a22",761557440
"77cd6b199ee485314bc74626",734851136
"10c836c2e566dfe9edcf3d8e",897679680
"e109ccb29c02c9b35b789c90",917630208
"2d60a221b478264cab9816f7",849791424
"d34c48ffe935cec3358b2247",981526016
"9cbed1ed72b444c22d8c1614",801025216
"735c3aff4c151dbc32f9a76b",862119680
"a4b6ceedaf89cff74a292ab5",863901696
"052957f95b6e7b41bc625009",914886912
"33a61cda27fadacce0d1aa7b",915330176
"6c3bc8c58ce67b8bb9f5894f",824119552
"1988513503246248b80c7f17",892445440
"57c29184563b31f5f752c5c1",855253632
"bc6a7d4ceee8bbff9ac5eda8",889118784
"f1b7ae24195b4414e6d6a001",870310912
"e7b3ec90b47c9e6009ca8a75",906019328
"39b62c6fca161b80bc6726c4",1075233920
"55163359d7cd910861059389",956959104
"df35908d6ae2847dfc73cf9f",940363776
"ac822dd448e04e9f8dd1721d",931928832
"7e86148f53beefced6e0f3e4",605009024
"6eff15cd6372aeaab2e665d8",593476864
"0a1af9bb571b90233856289a",560476992
"b3cc5930a3cb26e35a45e09a",511188096
"0c12f73305bc7d72bdbd9789",639552448
"ac048209de77cae737d60545",472291968
"9239fafbffc066dff0811302",549431296
"8e0ba427ea909cb7943929b0",501194336
"b3c99f30b16fa80cdb4f213c",482015072
"d1dc16c82942902c668a5c9b",717548608
"5cfc9e48ab90da0f4e98a7ae",708224320
"9abad9f79352ed42d1a9f099",440725760
"dedeafb60b4a39950e7a984d",440725760
"74cca5cd08c4bbf5d0404d74",687473856
"b6aa1cb0187c4a1715517fca",440725760
"e22bad460ec1bc991f14bfbc",726081024
"594d46a91315527995cbd807",787611648
"2c0b4c8269cbe25a4e85e049",529861856
"1014d3a98e886e1a7358e29f",738924352
"73d6bb3d6ae08921a6117f5d",556127424
"de3b619a7c80549db6ab16af",438334688
"da34d6cd832009e428d2b467",359439840
"104722434c2deed04a901aa0",463345376
"cee66eef685e4764b9553a02",569555648
"58b40969f1b73182cb6d30db",569555648
"964e9c3f87176e761484543e",566980160
"19487167081a9b0dd09d7975",883976128
"7d8e345c9b16d0fd69f848ea",993550784
"7d4ba999100c8e694fd820cf",837072512
"c6b157e7a6ca08d04ec4de4f",486888224
"84ec2d5245cfa146dab05065",804637376
"c844a386941b86a3d4c0312a",476650560
"0648aae13097ac649fe714b9",753092032
"34f220a8ee1f24bcc5790364",416572800
"d12eda0ba04f846d73cd7acf",924838400
"c12904320223ddd043f39c63",436334144
"8bce0097d22b34a804b502bb",427317760
"ec1171cac1eee089be6f427d",431272800
"5d85d77a06d0f0324d15d162",877003136
"0349908483ce628a0a5fc164",1021036736
"d74da3bb780515b1273d741c",781946752
"64cb8fc8412c9247a5c243ce",1024007616
"3a53919313bd750f2b1af906",738092416
"91d265ffaa6b407e9747b15b",953256960
"1db1d1b76e09197dd915a8f1",1342344704
"6645a3080e5d10779672d139",777922048
"3ff6e77706eae698f86eec29",699265664
"4670d21fa84e40184f03d5de",346265408
"ee8bad3fdc93f7fb79c9cbd8",770915584
"b624f0438025478c9f66fec2",877949760
"37dba4927e327d3a4a0c1d36",513124224
"8d16b1bdea35630a3b09b192",502109440
"d54a4c353cebf18d452be515",548712704
"c402811ade75f5e3dee73ac3",598250752
"dd926903e87d691a0f15dba3",657032000
"cb01687abe09df6838e1b224",575249600
"6ad3e1a47d1055b55d14e091",541614272
"b8d50a94e8166e471fd8282b",654715264
"a77d82703468f2f9e8f2ea0e",783137472
"5d2be469f69f31090769efe3",694800960
"c4e8559ee733a551649a5dcf",682827456
"5996fc90f923d6e8527097ae",635465984
"32d5772adbcc785ecbc2c55f",556804288
"5f088237d263c37e78264bba",753149248
"799afa0396b9f268f239db51",376390880
"bd23b1463f0936d2ced5fc67",724730112
"8f35a5d800d98481d7a8b6a4",574766336
"371b5ecf08973fc6e6849d14",527269536
"fa70a55dd0e2053a1b566de1",461950144
"584364cece0bc4d17f0e7fac",590466560
"cd968f8973a267790a38f2f2",454076704
"c46b122728ef4c9ae8be444f",572353600
"4056182cbd8c12cd87ad9e84",652560512
"6ac747618b6ca674e86cd275",652915200
"afb02897c700dbac941ba8b1",479464736
"198cd3f4e9be65b83f01ceea",663426560
"c92bdf97d7f0a9a12c024406",480151328
"e00e5934d1941490834c3145",904968128
"5b139fdb19ff722a846d71f0",781045312
"8b554961129384797391d1ae",874179712
"854e27be18fb8f24fd433eb7",731314432
"241d9f8599ce6cadac1d6609",837751360
"b85b37ae83ef95baa03752f9",887863360
"5b3ba9e56e24e08e1f81e220",585315456
"58c6518f9d2d0526d31e7566",638199872
"38a1e2050dcab9b4c70c5e83",718873216
"da94e4a5fdebe3ae7bb1adcc",756327488
"49fb2771ea6c1e8950cc9a57",648505152
"f2b67c40a560af8729bc6072",692882816
"13fc2dd1cd32d9cfa457a5b1",634633152
"b6ebc3b8408793f5058cbb90",724268992
"75ce506dcb994b10497e6816",707664192
"6dbfb281abaa9a6956c080d7",387623360
"af67a68803a18663e4b03eb1",375075936
"a9c212f77a048ddc33ecebba",620689984
"df89fa06e32e90b0b6c2014e",643577536
"f20a7f264a8285a75dacdc1d",815806464
"61a363a73f3c93aa1775c4ff",853220800
"d8c1f7303b205fbaba2890b9",550836288
"70962daad7cd15ee8af564fa",1080680832
"087caf4bce7b0a3fe3c47dc6",579466112
"5d2200b04fde91f830478aa4",481425888
"821eabfeef3dcc622fbcbfc4",431352096
"3d722d960b860b4bee79ae2f",515450176
"4d3d887d2236c2f897f3bbd4",607410112
"7fcbcd9e274b75a157cf5d5e",654710720
"88ea2d2d7cb6d641df3ad76d",882948224
"c06088db17767866b7f4ba7d",877705472
"e4a9626b1107b9397d0067aa",673095872
"82abb1fb693f34877bf1327e",888184192
"3279efb86571efde18eeebef",473333312
"afca7b219d52b22522abd00c",615178688
"7712f963ee37e91abb7342e7",624378048
"2a2f455525c8e0bd709db91a",778345920
"833ded72a8cc9c0d606a7a74",788652800
"f3bf0be37be6292ba0a8736b",789426624
"c06c8b6425e3a7c2d7481e42",568810688
"27d4f17375f76219b446c092",461215104
"9b7de95ec90da0dc8cff7011",605032576
"8fdc9f203c3de5d486de7ba0",557318848
"ebf2d540aff82f1aadf95f9b",610134336
"51c48d17e774d6cd84f4c355",535555904
"5c1d1ee26cbde5b766cb4ca1",755168256
"2d26b8360f1da9a677670fcd",654898944
"ce1b06502cb0c5d9846cff9a",430803040
"3186cd0a3125adf3b25587aa",733171968
"f839de5370a225ff993f5b2e",646100032
"2900dcf3f944a7fcb33aff36",697890752
"3f54091296f773f5a1bb240b",765433536
"499f6f4997474415f0bd596f",745451968
"110539d2ac34e5180e3fd95b",786645056
"dccbc668caff517f649cadbb",998704000
"823c9c7abf2d00140766a2bb",952088576
"94af5eccfe170cbe7d428184",665603584
"dd21457e18f07d7a927c0104",502906048
"5219cb469fff40cd9606bad9",549337728
"5a83bd697db5076016c0671e",592736064
"2a1edfd6cf74573521ed74a1",607173056
"40aad45bb7a980c9c5e1884e",646135744
"a315b497dd8e80464bf0480b",815476160
"7095d576a0b963eb340d8fdf",569555648
"9d6288cfead77d622f5f5b95",813069888
"4caf356c110a50c6c94f3eab",726014016
"23101b0002252f3d4b3e1d5e",918969664
"8d1f7b0cfde7e496e7bfe972",630267776
"28e572584fea1555e2a517ed",571530496
"6666ab486afcbc162fb560c6",884007744
"b0978c973ec3291e950185c1",884958592
"d6cfd3ddca2a59f0b6999d77",657656576
"a77f5c03a98636d90f50e11a",832079424
"e6387696767d20cfa4918ca9",710670528
"1dc0fe5bcea9d08874871326",437274688
"ccdf0abddccb1a670f31c2f2",615602688
"3ba769d65f02217656e0f5b5",779064768
"628b3b56449724e7d945351b",811329728
"b47713520859d58efa95bb06",707669120
"e6c6625db90e519f9dcf1b23",525856288
"3e1a1b2a518d3ca2fe3950b4",542526336
"24849579dc9ba7fef1b24396",543179328
"6103571d9525ded3c09668c6",445651552
"a678e89692df9b14da9f19b2",488064000
"47bed52dee0d311ae0016b08",595885952
"36c0d26b83e575a500a6c30c",594676096
"34447730b60ad12f4775894d",904804352
"aec1778ae3b5e60cac280b79",897924416
"d95f38f5d1293c74ac52e823",904804352
"5dedb7b64b6ad0b514de2bfb",810594624
"60c71a98253b5550d773a529",710670528
"099ee1a7c91105ef46b5e7e8",718072640
"b56533bb19eefcb244e69470",833218816
"62f46b8989bee43db86ff589",519653472
"4d485ae48974213b1594c905",878078336
"c627c6287efaeb6fd9049312",481379904
"976945e68af6a66f6fb0850d",526831040
"93e443a5b3864d52765e6484",792268864
"6ef9ce7a53ba3bd892e21f1b",730965952
"6f3041147f930cd6cd4fae05",538611776
"3917b95a3d05a5e58c117f68",580221952
"d61ccfd4239026feb484cc93",524936672
"b443781523fa0b5be4ad7739",657754688
"6f0fcd78c473e4e04fd411c8",807557376
"7f134c92e20aa9c6f084edc1",598671424
"75075631f0fd84fb0ff49417",661166080
"eae4243c274735d616c6b9bb",892995008
"25d233d2779009affadf5e91",778459264
"1990717d8c7aa8e732bb1165",992114112
"71b99de83d83dd970b00f07f",899957632
"243ab5db6e47f3536d04d312",848892480
"61cb98125f43429f7f93c898",781045312
"6ed772640e5a311cbfd17c31",615064832
"d9f0b4c92bdc9476f50638ed",464455424
"796eb5ae3ca5b63c9fbb240a",865891712
"e6f3eee9f5048005f24f0943",730303424
"291ff191bb029742387a72a3",681608064
"829bde7f8716daf76f65ffab",763194688
"110a2f124bad0f9381edce7d",786898240
"76b719681617ff7f28d33df3",825168832
"eaa6d58e226904e9993b3493",664705344
"af3e3a83257eb507b96b2a1f",824345920
"43969367322e86c68b51c2fa",426266496
"50fe589dea73e764b7735938",436454048
"13c9960a03a1c446aa5515cd",555133248
"e7834f52ebad3d3cd00d069b",603544384
"fae37ecd6046e53ea121b1c6",704376832
"8a0d2f8860a90322d6c3b61f",557395840
"008c7a02d158f3b17ee8e015",517057408
"3ea6e8da2cb0bf83872dfd8c",633653376
"9b184e58842bcb14dd42103b",557505728
"43eeb2567c61bfbb059fcd4e",461517216
"ac7f6087e19c2d3502368fac",498375360
"73494d52196ef9838b1be34a",770915584
"112d996c4c0662bd13af3ea0",877372288
"8c3a02c9ca043cf0f322ba84",655245568
"a757ba01a02acbdee50462b6",864373568
"64e3401f22d18b573ff0504a",631306304
"acd7394afcee30e084844c63",587061632
"35255f80583ffbd504250554",792657344
"370a0d0da794efd58cab251d",722502464
"cdb5f8327360c750469cee74",594769280
"dbffe8f46b3d9da2e57c97fc",777922048
"25b1ada57fd1e5c88d939c71",690458816
"05f79195e285c126125d258c",685625536
"62c017eac96743cfbb61e86b",588396992
"3ca7f183cc0b303e5d455309",910604800
"a3dbd504524f980ac5325150",822609664
"5703df84eef7ca9bec5bde45",877949760
"513aa9c91c245ee4be31507c",933513792
"d41d07d1aa700278cb81ff30",762441728
"207e39d9cc4402edd48864d5",624297088
"7134b03f54b10f282ac34fcd",843220864
"6d860c215908949c4ba1c536",523354400
"f35f884365b1bf6fb303d7b5",533382656
"4f480aae78aa068901ee9468",521668672
"39a12600317b58457f68b5b8",489951392
"5f0c7a6b4f46203648a0bacc",550680768
"d01f6c0b2b338289e9fe3768",603041664
"613ad83abcebf6598f0079ab",769063232
"effc32659ff9bf30faffb3db",743688320
"73fbb3e6b22b957ba6b7557c",678863936
"6c8c5e22025ca4f450a428c3",644606464
"d6e333e793f75c2ab34fb127",620415040
"b82e52830b51e823ac7187fe",567831616
"35ed4187f732a1ea68dce712",689014464
"0c5067ff99e15fcf99792cbf",689014464
"0ad01fb039a198262ec59b72",612719360
"906014f0ee3f3f4f0576d4da",690719232
"13477d8ef90576ca84258984",689801856
"3083a7ab1deb092f7aca6a54",601688704
"a92ae34df90cbf8af7695ed0",698054592
"82d22ca21e31222068e1ecba",768816960
"11727589f7c66554e9114407",775107776
"9982169d6f3e9ca61dacfed5",673908608
"2de0ad9bf15232d6056285fe",749438848
"eb6e6060b78676d13d6bda48",719506880
"6f37300b1fefaaf746f53907",694046080
"7698775967b96e3e7bf66e6c",771842560
"863e5cf88a808b8ca96907ff",784064576
"77b5c9a5f534a5b80cc16d09",761937920
"ade0c9cf1f9106e342c69bd1",675964992
"6fb45859693c703fd9c812c8",569275904
"45badd183bb1a4c630174f3a",574361472
"f66bad2cd4b09ac29f540f63",732571072
"fa3017d74586eb4c3b5b7db9",668616320
"f09bb33b65b5ebb8fffc3a21",708865920
"600dc823c42aa64f60fc3ab9",718560256
"c1d9119fa7ae7d44362f18ce",906938368
"a1305fd943ae63715529209e",726675200
"8d81b4681ad0055c274e7da4",720538880
"cbb10e7618b1385cf922e815",655994560
"b09111ea69c4be8ae120ddc3",798835776
"099f07f9ec4ff6d835337f86",764845824
"c70f6bd5ca138bacfdf8b5cf",746727744
"a6c86ab7381f6c43fdd61a01",503838976
"58c2b87098ad454b1fadb13a",765741376
"6afff7782d129021eebee968",793532032
"ad92f3ea52673dee0a56902a",722375424
"3e040e87b89a043564f0d0a2",773937344
"49d020d2056717c2108b0927",754962368
"a4ca465294c114b1065bfead",794618112
"ca9520c7b8432b0521b2e8dc",621835008
"4d20f253940a4492b4f6a9f0",509861056
"09b61cf8ff3ff09ac892d073",589402048
"86e81141e429bd81d7f0e73d",592636736
"b9826d7a6132b16df1bf58e1",580904064
"a90c60e05e29b77963a11246",472117152
"6e9984a3c3daf63fce5cd3d6",721871488
"a9eafeeab4ba51d3644f4052",540387840
"f74eed3a7dad1bd8d92854d0",745422912
"5b377636fe30946fff973f3d",650473792
"5bf6c1862c0bc967da2cc484",1021036736
"cd5111edd2fe80f56db29531",761330304
"c76c4695ed005277a59451f4",761319360
"7dab6cd1002a8521e5825bcc",741905536
"5b57258272dfd1babb29e7fb",752321280
"f68b7dfd0579838324895097",785522496
"812646c7de863919cae5edff",827212608
"0da10eb6093728074b34fb75",749116544
"c64346c8b0ba32a55292e66a",845484928
"ad6317cbcbb8bc27b0774fca",881214656
"9f43c80d2fa31a09592b030b",981526016
"5b84f5de073000ad4d4b1a04",1024007616
"d94d18cbc812d560c1e38ffb",902617600
"ab3110b5dc8ce81471f69c16",902036672
"138a1990291ba31024455eb3",860588800
"646bb3de5a1cfe4bfb7a7ea7",862791040
"d8fde541f142e6a7f0b28099",679191936
"ef61986cca74fe8585b1b287",430035456
"e1d8eacecd35515eb19f9135",907720640
"8346d64ed6211083fd420ede",666507584
"4340fcb9c80733260565c24b",835232768
"ff5a27ffe7de039e65170f9e",770566592
"ce407c1e25333d7c7eba1b0a",837766400
"f927027bc766ae6c111fb685",408926432
"3f9a3edf25152433969f98e9",707841472
"987476ca395533347581b2df",673339328
"17d0e3208fdf10c77e95bdf4",658483968
"b485036419de03f5bad01f35",806222336
"d3f7847147c88352bd3b9707",753873728
"aabaec5accad3f545f864a3d",616665024
"400a103762ad652e81c8d3c6",713507200
"acf15357c1a919b6ee78f676",940217600
"8d983b9ca65f19ff3d69985f",976316032
"b9a80a4d84eb918792324dcd",539121664
"223b3c04803ae7b855f9fd10",786247488
"e5c8f2d536c3f931eff2d70c",666235840
"f976ec33e004b2d4d32c2eb2",610649920
"cb00e44cea76a92e9c44e793",505589088
"0e6dcbf136294f2a99410052",432327360
"102de0a5ee4f19454b922b96",769000896
"cb1c8ab11838d9f0a1197e25",891772992
"2e2f1072d8db7372b2c2419d",498868480
"8c4cc779f5034e9c10b2e698",494929248
"85734fd69714897264ce2214",739352128
"5694c1f689779fb5ca95686f",656702656
"f3bb60434cb36fcdfe218478",798565568
"cf8bbd3528d3e7e2b8f50c29",789281088
"7db1c8214f229d865da455cc",582333824
"f3478cf008a7ad268a434ba3",626229504
"5440ee15bccc4eaf827fefa8",727482112
"78e85ca7c532a77700bfae6d",776121856
"eb5e382e1372c4e94f467673",794905408
"5a11cc89d3b01eb87535ff1b",716663616
"d0f5cebc2059ca89aae30c76",542857088
"883371e374936fdd74d09fe8",531876224
"9ab4e5f8cf2b807603329cdd",546192192
"c37c7859956931d77cd5c9a8",610296000
"730804efcdd755786bf734ff",503955072
"9d021f3fcbe5f82fa1c1fd94",468955936
"975ea2f56001edae07f28fca",584130048
"8fea95d0a70b1ea918803f58",584063872
"4718488d664194a3c0c5b446",756532800
"1b87ffa033dcbf4e2805dbb8",633462784
"1a77ac51e03c77ad280be447",535555904
"228d165257ef052ad50433c7",642669248
"513a83ac5bfe27c5b813ce4d",483151264
"73bde441e18a9548c034372d",583291328
"26301269301b6f96862af599",597587200
"7b30dbf2f6d835ea0c14b392",648865728
"254de3f3fc52b8cb62141baa",682713344
"f566603aacc78da47a283804",701363072
"990c8d65ca11a97a1d34c5e5",461517216
"a9878134c12696d8199a1ff3",505892608
"58185ef7646efa724e904f5b",510928096
"37d5b8f329ed1ec29d4bc035",604956736
"e6f948282e81570fd03e4df2",749273280
"8b801b4cc1d254d0277fba5f",672338880
"33a334a16c4547b9d7842c3d",662858560
"1ad9e105d9da875001111075",826826944
"08ad96681afa49c74721daad",673447616
"beb73d27906bea7a7d880791",855577536
"bda5b2e5a87a4905a30f3b8a",710748608
"5cf70a67ec25288657d6fff4",771692480
"baeb4e9d612bffb63ae3564a",842515328
"1902f509aa05287ba42f546c",683154304
"c0cf9517f20ae81c79ceb0ed",778346880
"2ca8b22013c529b412ad764b",770306816
"b38816ece917027a179663d4",763235008
"c89167e42af0d42c88e8573a",854110656
"09254c66d93cbbf2675b775e",803210944
"89f8ccb0c1e2136adf87a10e",853931072
"cff851746578050bdfd46090",889118784
"d53ddfac67129aebbe054024",863901696
"53b5ffa0cf0dd12e4eeb6a2a",862119680
"62db5fd2a4eb831d281ba8ba",897679680
"59b5fe8d4f5ae272dbaa5ba0",904804352
"3c1b7a0a306e16e8c22d78c9",824119552
"5219c3cae1c92b52551a8571",943138880
"de6aef9a5e47a614b75ee576",826677760
"d168181ef0dcb853171cdbb4",1008251264
"6c8e27967ec63e6dec4bd6ac",956959104
"8544bc14286a51e60ffee7b0",1361012480
"ed48916725be6970cd2f273a",581233856
"9ff3268cd15cf039ab958413",468780192
"16cc5c280124618cd5d00027",570286208
"ac028c1580f6e4da4ccedf0c",546592000
"673f2b913006ee8b33e75b5e",658191040
"191f96722301456877893b22",707118144
"a7d8e636db44cf5d3ceb67cd",668779456
"1310e9cafc0b9fc21c212f73",710677312
"1bbbe4e1eb264f5c69467e50",446021664
"283c1142d027be336a7bfacd",617665920
"4d09c2354c67243c968dbbcb",539155136
"db3edc43e89840a65749cd94",587771968
"0274166db611aabe4e946a83",549123776
"8153b36347669087e363801f",562368256
"e04473aa943812de1d662058",798784064
"7742e8923a4b832e3d94f3c7",611015936
"536b5a8aea016aaa90fe744a",939265280
"d2c02052de9c97c531a4453f",651028992
"48378a6148532f71abcc2f98",785114752
"fb0dbfeedbab00cdc7eb93ee",636378432
"699412bfdab1157487c81725",871776704
"a63c26369cfbabfc9c2603b6",751206912
"34e5602cb58501859e32dc9f",888633408
"da83b03a6c9d405f55714b0c",877145792
"d938d682332fa9e5c4986024",703063744
"e9e39766e2c96bc783d580a9",950299968
"fce89a9ffaba32f9f7c5895d",1002152704
"2d6aaefe0f50db8acde6fd1b",1021907776
"1710873f951e7f695fca3568",542303296
"0ce068461fb3bf34eee000bc",542825984
"b5606ddf3a4e60e2a0e0d6a8",708732416
"2c2e56e3e5210c111c7de708",777767168
"94118bd8c3da3f14f9c7836f",549123776
"d20a5b3eb857e1f4b548066e",586957504
"ad37e23456bd4d90010f7784",652128704
"c5602c608080e2546dea5463",542014272
"e3bd8bd5884a55fc1a151687",658105344
"aa31e5995379bc38dd40b8f3",805153856
"fe8a10fb4031669a9b21c919",1010296512
"08eaca41f26eb387b67bf30d",1063442560
"23ef4d57d130e4130205f30d",721319040
"d6f1594affb8db7a865e3452",581074176
"abd9cf3c36309d590e58c2a7",504062336
"1c177af5bb41e26ac0135b4a",594407680
"a05da8df13eb4b121d536912",597342848
"5a5a581ad5540fc82cd3c2ed",658937920
"b50ff8bfc0b4c4b165c5ccf7",724159744
"2abbf26e80643dfc1b75edcb",764911488
"ec903c33a379d8d2cc04ab36",755341760
"c062d873af3b7cb98ccbeec9",1050024384
"927de0269795dbe0566a0326",863664128
"ee703dca75c4dfd5d035c9a1",504219520
"b8a42b02c50438c2ad7598a1",567359680
"f7216fd19f41ca5ea66a9169",567045184
"f487761a658a4247563faa38",807165824
"caf878b42daeee3c7de336e9",734929984
"29d0dd2d4b120dd54c34b13c",591895808
"1cfc7d60ce613536d23b093d",964863808
"c6c7409bbf52c86461aa1dd7",684943040
"312ef52e0250429a5ecb3b27",790245568
"48299e52748ecff3b69f7a90",580120960
"a02f6ef1f148659297d46b33",733387520
"67f664c8f9250a22c10b4f67",611015936
"4977af03eebca1aa266289e2",676563392
"39af71aaea23b5c1e987de32",508077504
"d69b019e6d54faa1cb044d39",781946752
"024e94e72ae88464621539eb",708080640
"b980c778ecb2709696265c10",950299968
"8780134f8b40f0fec4d1b661",1010296512
"107f29b67164ad6861cb7059",1013690176
"c8958d280d0cf2d8a0b481f3",541204800
"1f8f74ce8831d5532f330925",745699456
"7be46b6dd9891ab771fc4be4",595394432
"4f4f7d2b14079ddf8754d6ad",676619008
"5921ce922675f6517f8f0007",1023550400
"49f0323d28ef0610248c87c0",782966784
"3ef167ca6c4ac77f6968d17d",730710080
"8d2f9968ec8aece8d1a20137",699932160
"4bad47078442f3416b2c1ff4",633994176
"5e1cc2905f7a701f895123d8",716427584
"a8633d3336d097920bc8a9b3",797156672
"72fe83366bf13a53937b7034",824749184
"ce78e1dbbf0f7aee98e244df",796010304
"11be39d287e5a8bdbecb5994",785114752
"40a561bf79fa7a08155e1183",903996480
"3dbafa8cd5225e261ec9b6ef",449795296
"68cd88b657b59f5671f59e04",568539264
"6a2ce95a8be0654f193592e5",507348320
"4e613cde51f9760d3c051562",785699904
"1b69d2c7fa8f802c4af1369b",730710080
"f126c4b36c00d0ca11c21a2d",627064192
"e6a7e6b41e6c6bbdc16e1e14",676619008
"5a69ebde2e113923ddbcd18d",668832064
"72f0540aab38ebaaf9a389f6",760572672
"75b5bb7b5ff8ebcc863fbdcc",745699456
"096912698fd9a59d94935478",758195264
"f0ad965090221d2349e90d5c",588803008
"1c224347a1445ae01184e0a2",1023550400
"0ee7273686a0a92fbf48a383",924352000
"e2094d28cacad3e2a711c5ca",499671840
"f50e0ea2c3831235704b8c72",538186688
"1e64759f297a66524eb07b7e",755024256
"7636a187e29abcbd8fad6244",469634240
"9b858a70a031475e422e375f",821498176
"56c2e8e14f9c6c9a9f046a08",575904064
"1bd7b990be19afa5acc78bc0",498307488
"8b36b7364e4a4c80a6e50bed",727319168
"d348d38769937c8f350297bb",891693696
"f4350916cbddd5a544c6ae46",554794240
"237bce11f35d32ff029498a3",575084480
"faf92fbca9baf8cce4a00063",596453696
"812c9b5407424f956d308b06",685798336
"9fd4adb5c63fba5a11661b23",334473952
"168f81689afa1f055d8bf7c8",764131648
"2a9bbffb1b98c49d79bae509",753102912
"b95ecad591e5c69fdad8763d",445445184
"dc51caa89a74da37ae644ff8",449685440
"d97895a836e6ea22ff3265d8",441153376
"de754bceba2d206a9cb4f116",495768032
"036177aff84b1901e0f18759",542857088
"8a6cb559a488d6ce1b641585",611495296
"74c4f233c7f385be73168e0f",526831040
"27a6f3e8f9649ccce7680f0a",588081152
"711045fc099712aae3fe4d14",535555904
"01e033f5bd502c4ad398ece7",543179328
"a99261116e0158109b3e3bc3",495495840
"2d8d64261ba659302da4a481",648865728
"9adaadeeaf6a403e1c8754bf",779064768
"2ab24b9c5349427998338d21",721371392
"09ce36a03c52d6721bc5276b",639340160
"80b37d5ebdb325edef39258f",840372480
"78a080fc98669c0cd9153904",822506432
"2d14ad8ab9573c406e203ed4",675289984
"145f33a8350a080231306bd1",647325056
"b0aaae3a435fde30c4c02fac",857902272
"b3f5af523b5d6d938693ebfe",878078336
"25d62e6b1a1a52cd8080354f",826721344
"5a06a8b33611251b62d77e72",885331968
"e93a9b257ecd815c860d0b82",691136576
"610f192d22864016cc2df1c9",809670144
"4e665d479b3bf2e25cd463a2",744981376
"343be18b0f77260f32ec05d2",473217984
"33dbec39ef8c0667e4c3f039",750253504
"b24fb90a2aa5d9d0c7e1541b",781522112
"b56a3a017449fc4ce417009e",506259776
"e0dd5e6879d824a95c3c1773",680374208
"156a20e2bf9e48b9a360f9c4",513275808
"d5583fa23ed97a3b9413e910",682311936
"4e6f695bcd4d3c0d8497c1fd",1122430720
"da7a511a5f470d99ab2bc4a6",717815168
"22a6058ffe790c98a8922258",873504640
"0c19c54de06d1c139df99ab0",888514560
"48e687093fb26d29cda9ad6e",357476128
"3ad3c519ced4b63ddbfdb0a1",381801344
"0b221ebf810f632568c1e2c9",514347456
"7930f32456e796e40fbf78ed",848930368
"f084bfc530f4039f6631537b",743210496
"f9793063f561dc76c0b49a9d",878834176
"4d2ec23fff8eb502a9d93353",795695424
"a6f570e11883e74654898d75",868140416
"cdf11b53a23fcf9b6032cc8d",1017880384
"6f968f62a6fa4dc255397bf7",820591744
"d692ba46b098c6658799ea8f",457956416
"774a4b48d34052a978b1180f",469267840
"acea4c7aa1185baaf6d3b60f",617158144
"07ce6f95a7719abc9a204b6d",732853440
"b371665aece480b8c1602773",835099456
"5edc37d9746cbef8352f0fa4",718899136
"26617e1fb3b4f0e4a70e1b0e",669434048
"b1a13541b37964b8b85f4669",479377216
"94213637892f5fe643cbe8ca",487746208
"742acc26686d04596ba60a34",634060928
"acb1d16ce30aee0a39f01f09",561915136
"e0d837e6d5d74fe91d39d23c",626867648
"29028322a6d692edc5ca713f",654866240
"03d54a6e80d48c96a7f6a1fa",531325824
"8616b310e335f539ab1109dc",731314432
"6c21f6a3513869f93b32e9ec",929024768
"10084cfff54a17bcda6f19d3",743372480
"169c742419c0d4335d09fb45",653610048
"0f06896d7502890175cbc4a0",920066496
"7d2e3464d5f2f79ac29e6c0c",531402432
"de9053a55630670ee8e59c9d",665537408
"8d54b9bd24cd9da341cc942a",721913728
"95570bee1792641c7c12e4ef",786284096
"6d0c5546a498fafba15f2e17",635540608
"ed43b0ac46067bf886457c01",760904576
"8890eca19a9e1cdc9e0f0541",871918272
"760a5dbccf4eb4ccc2622b77",597053760
"20fe2d7fb3910ef786cff965",589169728
"602abdc140c40112afc1dc98",544708416
"b7f906741cae6861bd5fb922",557318848
"4d45fbe5a5d39188b5eccbfe",806254976
"08f74ad7f06f2c409903ddf9",607728896
"7be186f4eeff5c0efd58e424",569465024
"3d1a767dc286fe1cb86ed9f6",755168256
"2ec9f5265334241fc594976f",744757632
"d737b8b7b39e99f7d877b7ed",730074304
"8fc50169e6ec98a3f4229ffd",756266304
"942133ad6b84f9d08e1d4e7d",874056704
"c965b03014d21473b27072f8",707821184
"f1c8da86597a427e24dcd557",749273280
"8ed5e7770d03c43ed19abf42",729483136
"68ea36e3f441cb6da8d36198",1207104768
"c97715bec6032974060480d6",812867840
"e6eb47d050702ed49ef5c49f",787703232
"5a82fa348f3b97e74cdd3a61",831831488
"cd05166ab9bf3128c23fb8c7",774335744
"cbe4318f63d73fea6238079b",836862016
"efcc8d268982e95fe2fdb311",1024007616
"c45d7f326a2f279760d1a4ae",896967872
"7c5ce0e65cb26773edc9ddef",894581824
"357fda0abf79ec95f73e3584",696020288
"a1e8f0c7cfbfecfd1549b0b5",568004032
"3f208f32cc24d8ce1506ed90",707143872
"87ca8a2b3251a38d45730f5c",535759328
"728961e03bfa6e3242f06d8a",494906624
"b9f9dd0d368df912e6e0ce70",855515264
"429b049255a7edf227a980a1",583998336
"a6259664a05091ef92129c7c",684085312
"674c915c52b27df2c06b8bd3",701952704
"f8be64dc83c5923983fbb770",802212544
"445fa7f5e8e9d7f12e8991d4",830651136
"0842816a5ef4f24435c8df22",650648768
"40558b62d83e4362efe1fe26",412843872
"bc474096496b98177e40f590",614850624
"2b55989b2253416428ece917",614850624
"7158e3a6d456211d4533e246",378096448
"d4fac54e137f5d27ce5f457a",757113856
"faee80ca0efce20e731823bb",893745408
"8ec09555f5a47f96a8683699",913767360
"2d7a48a6b9fff20ded24f86d",624609856
"514b09016ef85b9ddc4fafb2",764097408
"a1c975ab16effc6f97935e16",661125696
"e803e3806630c6579f004610",850734528
"26526235b34fa5b7349df00a",545644096
"ba762cf12cc038e5c43bc6f5",623407040
"45aa335dae223bccb31ff7cc",650125248
"1dd3d7e197075859c1ff5b23",733983424
"2db9b3463f85dfa87347d6e3",712212672
"f72cc14d79ce15491a96ddfe",921423296
"4e25bad08182b79f5ba9639b",898158400
"e724a1db86d8d0c6334041b6",559760576
"8fa53bd51f5d54be50b3fa29",502012512
"fb7048ba61e9e6b1de829bdf",715978176
"4bf70f19da0bddec9241d310",596088192
"13c7f3592bd432c7cd0a42ab",693963392
"cb64b363295d36b9b0fde3cc",601295872
"bdc17ea3f30318b11df30508",619902464
"cb7f62ac4c1afbb4256601f0",629623552
"5d6c275d9d3326e738c875c8",811847104
"9865836c04a9582688f50496",554340224
"55a615b65a28b64d46ec63e4",530212224
"dcc9e2c9c1151bd9f93f44b8",829757120
"1a2c0e46bc18bf3224450064",768919872
"3de8187003cbf6c4813bee45",492819360
"d62663a447beaec69808f85a",503933856
"1ae17f134221d5d9ee69ebd9",634881728
"35e55d060b1c4239a85c0ebb",726322816
"45917f1bac415feac7e41124",702595392
"ed44705c17c414af8442b6ae",705771392
"6f01f2c67343ebb8ec717a5b",627248384
"8f2218126da9580268661c70",714827584
"5b36bc6e78872d2ca6d3d1f9",569569088
"c5c7631ddb5b485d0e992f7b",691613248
"43c88f1874dc7f91c899df36",858466944
"dc544c90e6ee38346a6002bd",774801472
"02990998f3621fc5a3d0ee63",523993440
"dbab5ea45ae910567c97fbb0",624230336
"bbf80c409ab3a6784028eb6f",540520448
"40e56beaf4a7f28f8108b132",540520448
"e857db57a89e165eade00770",611593856
"41fc4ca2b3f48508d840bbb1",604754176
"08c1db1e620e975c4d476b2c",528321696
"8a1d93bbc83f4728657317d1",678648192
"6be0ddd4180b5eb92908da05",601594048
"ff1498465e4db86f4f652e87",478563616
"6410d336f6e61c4a81403c61",562166656
"169cdb07bd175b4325fd28fb",600333184
"546b56fbf616a6dfd1ad9d88",661960896
"666af58bb684c2d8e7574e86",704834560
"9fe75dbfd537f9ebc6653f18",669163136
"ef961c130fa3b9015b103154",788698496
"035ea0f13f2ca01c902d5388",526080064
"7800f742ee14c4b4142f8b58",832461568
"0c621256c4d7ca81045fcde2",685647360
"50db9d168354ea3d75a03a6f",623891968
"7bcd1fe7a140b6eeb4df2aae",591003008
"49a4cebdb22fc2d72bd1aa78",523778240
"69ae1f2868fe714ad8e2f114",404621984
"ca4f4a66d83f2043a7dca261",377003584
"c0ef32a7a294e5891505bf35",377003584
"5ad6f4091b77715b7f74587c",628668480
"331e915e2a66fb70380282d6",684102784
"3a00543fb00cbc044a5b3527",419377056
"81df59c6d8be19568d16ea3e",519237856
"88a4da0d72977b0c56b31061",659108288
"3ff9e75c6de41de517d1c4a4",542260672
"147f80fbae69dd577ff19950",625522304
"78beee9b7fab8600d420fd27",486764672
"c3733b88ebafc0a05f5bdc99",597545536
"568509a7aba60f8fe2d0cd5a",775358528
"f6d3f7e963c9aa1783b3adab",747610688
"ffcf6794a400aba909383b41",958245632
"fa0aa00078cc178de0cc7d96",767516800
"eec51f949083f39691e37e15",820685184
"26f3d5bc3adcd1396747a414",940217600
"cb9e058f82b10cf80990beea",785075648
"22a0f3315f7600e5120db131",458606240
"bf6845aac15fde9b89a7208b",700847296
"6e3cbbbd3f4d0578144cf021",475183936
"98a0289e513d5ba036b24252",519693824
"597d3f78e2f413acabf825c0",374203168
"43a91a731e86b9a0784f717d",580288064
"f34ff57e272cd08056e6a243",700142464
"6f68b289516faa0b7ef36a34",405767424
"8bd8a7e19b6d3b8bcabb84d9",433237696
"74b64bd536ebbcd7c30ef8fd",1030585152
"f968e756cbe6504fa0f32458",987194368
"e99d9dcb9880cbfd219b4297",787899008
"4c9e6812520f4aea4ce435ae",847851072
"78419be95416d2991ade8be1",569570112
"d417ff438d2a418b1f9e50b6",528258880
"3ac77ed776aa4630c7293240",724159744
"95173735a8f6e554f083c065",1159842560
"83da39bc1a2eeb75e2825c22",707618112
"4bf89c9e50c5417ed669c481",739677376
"f90fd39477c8da38e33ba0fb",574181760
"b45bb2d0d137de6984d4e1ec",610815744
"bb812343bd6cd66e9cf9a9ba",581907456
"e299f614cd8ae525fc8fd0e6",631947008
"521e9326a2003c7b56fc4365",787861184
"dd59ac4f6706a1399360bd14",781045312
"d6c6e7f923ce2cffba8ff9df",731314432
"df07a34d0ee2f78f115c45cb",858302016
"db6061f876f890071f7ed957",877708800
"b31601cf48b268f3b4107564",770783424
"3a9b2ef74c59e96a6b107357",478845792
"d600310e19c926cda14ac923",845484928
"183f2cf1a1c7eb9700b6e72a",1024007616
"42556b1bae874a5c09777873",881214656
"57c1ed738536d177d66fc52c",1011653312
"26cdd114566b7cc63cd96fb8",1021036736
"0f679cc583a47b30ea132bbb",654822912
"32ea7e13e8d9391aa9b7ab9e",617665920
"0a482968c7cdf212401d72b7",669585408
"85e4ee2583c51592d68ef5d9",523708320
"f4ce15aaa352d707b68cf773",1168836864
"7d383abbb6ac49c6599ffb0c",761993344
"6c67b1b0991a1d79251855c3",1034922816
"9e52ce2cb6f6b7e2a152dd54",671893376
"bdeed3a7395cdb9b175273a6",751206912
"423ddbfe2f575e6bcb22e7b8",896841216
"3247399a31df838ec5fe58c5",745718016
"bd57e5cd29d935cb26006835",702294144
"bf00f36c4dbb273d7ba4b7dd",579244544
"48b9efef82faf72bcbdf66b2",877372288
"d2526a3e39ea01f87c99d073",745699456
"651d5cd65f80c4938deb7da4",528886400
"0be7803a34b11d89133beaf4",475340960
"a54b0b282edbd217e9509287",814889408
"550c5061428d09afa0c409f3",654279424
"7538c609fdd115c9dac551f4",784499840
"d7e3cdd3ac239a5c318f2e9b",840089472
"9bb193ea939c5308a738fcef",493596896
"33425419e1a8e854418c5180",381328768
"fedf2e30e390f5cf74b27e97",334528992
"024c5c787d005adbe770b9bf",583136832
"13f681a090b36edf38a4abd0",479147296
"442c6bda79f63bae28674b1e",509570560
"47e0c773f65485ab7c78d49f",497644544
"9e30b310c820d0426f504d90",378096448
"8cdfda9067e0934a8ebe0894",798151360
"0a8aaa78f68d43e3b1bf6c51",627159552
"1101f533fd18cae5d32c1cbe",621476672
"9f6af9ac2404a8d55f24286b",637947264
"75060f295e0aba8e1224f766",631488704
"f0e68102ff84f49d90fe38f4",469102368
"3c45bf3e3e31e7804ac91704",548314944
"f908e1de4c4be0d77411a998",778174656
"ca643c04044fabc6fc566d12",775766784
"8aa76df8fea21a42fb6229ff",670366400
"c214d2383936dafbe0652c51",877372288
"993898470c6676ce46ede92d",713988608
"18f6240cad6e92f9151099c5",749055808
"1e63fac2629793fdcb793f1e",757113856
"e0137390f0186c98f4e91263",729630464
"e35f95823a486c52b0f4c2b6",573626176
"ede10672118071a215ae09fc",696251904
"fcf46edf6d612ff1f5ed6134",803982208
"df4be33c0931aa86231b7a2e",799517632
"53fdb16ec08e794dba9a10ea",771649472
"74c24c5e142e5267456b24a7",702294144
"f1bc08407f40396c094e0499",814365696
"496ce19c015093e97144d375",557940352
"a183a1c009abf7251fd725a1",937228800
"6bdd97526b1a9cf10853df1b",894540736
"f083a8f187e2227696695ee1",523672192
"2621e068043a5019aeed6c8c",673301696
"3b43e7acfab46651b099b1ed",799091328
"6565b3281cc2d632febbb6dc",942134848
"09e47ad8508e7cfee83c6d68",878209792
"88b02e7b20ce6db956afcdd2",866935424
"bfc41facefe9428865e4c29f",856910528
"569bb17b961fbdadf7106d56",996306752
"2314e3ffc7242a429e00207c",874691392
"4bc1e2cf5e5ffcbe1020df08",982513536
"949c4a5382aff4750b4dff83",1008251264
"a63b4a22614d334b4a61ea16",841618432
"734fbae84cebd50aaf71c48d",969524544
"f92935374a7ef86314223c5b",769255360
"6cc8e22f11d382206273af23",662202624
"701768887155444b77c4f446",361382592
"13c86cdff4dd32a9f8b9adcf",832803456
"8002e2cd1b70ddcae88ebc4b",847561216
"d0d77497c8a7d567f01d3afe",737444736
"95a7b01cd60cd10e7364a600",544688256
"d1e38d7cbd32567c874e194b",649894016
"e674ba41f9657ac8f30d4f7c",742361984
"6bb760d54e5b0f54d9612a8a",760572672
"9e3bbcdba89c647e4ce53182",584085440
"72927abf4bcd53d6907aeeda",785699904
"aebaae467e5f01db3afe69ff",467329408
"3ad457c8855ab8921a7974c7",824749184
"1f3d3fbcb686ada1a96e01e4",524908256
"0775d831f68b88ca59eb871d",850084736
"5fa3b0993cb43d3c72c30093",877372288
"bef19d0084cfc9f6fa37ddd0",641427392
"85a856b4d0dfb1fae861f513",730710080
"07fa1ad76017843232107517",1023550400
"4049086139009c35dfebb3ab",426358080
"655120f80a39c19221623311",788886912
"71dca93007d6ba45fa40eaad",676619008
"9f41ce015f02d67e193c41f5",528374912
"9017bd24d173b2fcf564b32b",924352000
"e5ef29d41082025c42f7c921",606064256
"5c60d7880850970facc54bb8",861382208
"f51fce25d8376d48fbe73a43",489736768
"9dc7b0a394309d8b76d0bb7c",486012288
"a12ac99bf63b547fd9180a79",355379424
"378d846a7af35e0c3efe53a9",882273728
"0872198056be7edd5eff220c",871937728
"efddad1eec775ce61d3b7b64",733602048
"70c19d59c6b9e194b6bc09fe",702427456
"b0d3d98076883f346cee8d04",732682496
"c7694e92a97bb66794e62fbc",560770496
"7b4fcc72822460a428c19282",839185408
"a6baf4631223d9b24de8b590",339151200
"a6f616d63d134f14ced205d1",984378304
"50c123baa5783185ddbe29c6",639295360
"24756921525595f1684929ba",689027264
"caf9c761d21329c993a0bdf3",743394880
"193d70ead1ff1043845e7671",560961152
"62ea31859e01c2f4d4e97baa",667859392
"272b5b5c28e46c6f5ad95c22",613785152
"552ab0964056c1d1d1b7398c",709745024
"23799891583435710f66303a",700845696
"34896afec0b639648c527483",838737024
"eaf53eeb911ecbae638409e5",491206304
"b1fdade0fbf0470060fc2708",563824576
"8a20478528e97700dcc84abb",494451008
"702525f05b47353c95b0905e",595142272
"b84c837c5a1fd0f1ebc5f8a6",604221888
"ee2d16316e6f4f2388494c7f",588238336
"ea4af07bef4ed93e81ded95c",864248128
"1a71d0d3503f9eff28acef6f",919563776
"1fe392004a09aeeaa6e8bce7",512626400
"46d4b0cdc81137aa56f516df",959485568
"4d666967b74ccdf5b04e9787",342401600
"fcf79745f8cd716d3ff9d27b",560479616
"aa8a19a2fd3e2cfeb3b7dbd9",597682368
"f055602beb49dd6040641c9a",565271872
"7b1377c8d81755bb9b501064",671342336
"17d0418e4a439e9de8006f5f",707342528
"48f1c6e343a4724ed865533b",742881536
"353207faab3dcf10feaac8ee",851400640
"ff188e88378c8e2abed8119e",645681472
"424b41f5e01ea2e2ccd3ca48",588245248
"608cf4f46a188cf84f853c72",556062912
"f9e7582dd99d36bfada56249",773430912
"d52f04fb69bed41ffb10fce8",663422400
"ea84b58f733c8e491db98a52",749943424
"68699eb9653684fdd3fc79b0",797156672
"31f52502e89beb1b2e0dc3d3",710258944
"fd41747287a480d5c4dcb56d",929570112
"b7afdbc1b57b52e6fb03accf",1033190464
"48b270a493af4fa28dab9211",466692288
"2a787b39e84958ca6b7001d0",656301376
"e439c77c0d871996bf06bf88",646135744
"91b8b9db5372a2c3a5c30c58",650775808
"038272b33c075765464761e8",553221440
"fe8e45caf7605fb91d6bc5f7",843531648
"d354a2581dcb183c0cd70540",559675008
"9421ce9f204f373a50357fce",490076160
"56bd3b61805077405af098a9",553647040
"0a606d19ae362a58922b172e",652310784
"ededebb1a544fb3246d3e131",614609600
"6b6c365359d20be719ce815a",651602880
"b8b22c1afac62b05ad389dc5",417015968
"3e3717eda8ec9a68c9d83027",484960128
"03be8ec62dae56680beb2cf3",806509504
"fe6c8cd2e792d62a4c324da5",710102720
"f9c133f7a12f2b8c1b2beedc",625810944
"4ec47b8100d224499ec608e8",788685632
"143ca16847cc47d4a4c01ac0",575904064
"22127243f7ba3a68c3fc33bf",697617344
"835eff7679889fcff6795d8a",503873056
"4ed3eb724d4e57a7b35ddf5c",754056064
"4d743a1250f7d91e2782708e",643761280
"9f5cf735a842860e7ac753cf",704565824
"e54a8b735724b2af56c7a36e",572162624
"3b39471f854357b7e5d2853f",746476992
"91bd11b5a8e0c0124be78f46",418356224
"6121943254877ee48716c4e1",436736864
"3f4c2c98a5a6cb78d7d26327",527247872
"2b6d63d6b072901effbc8e1e",742483648
"7e4b240c601e37977faffeb0",742483648
"ac29d71a80307cab65f29ff4",781833920
"70c77552b1bb67a2a71c2ee1",936708224
"54a09a85767156b072c808c8",802569728
"244210fb4bcc0a04f2cdff95",925110272
"9a2b53c1c7151a8b26a71edc",564759296
"918c48a512fd6ff22fdce5d3",719726848
"effe4219e6cb56e5ab70ff6b",843106624
"936e6d2192f28a2b40939a4d",917710400
"ad9a1b23979f0edd2ee19f38",658657984
"8a8e4996e24142eb413c0d12",942134848
"31c69cf4d197f97ac594a896",721314496
"143f07eb2a8f0a9e26fc4c56",817511872
"e5fd3cdc6a19653275c7f4a8",810381760
"5c7efb015b8ff7f108c99723",783937600
"394718d9d069a126e13be804",791037376
"56f30ea777f5493139f22384",930588864
"37d5a902f1036cf3d80c275b",659479168
"3f418a8bcc7adfa87e0f67dd",603847424
"051416c05445860d5b4095e6",572040576
"887761f34ce0996bb05ac48a",895029568
"e02fa06a8de8a603e417d5ad",518856000
"6f5929e67fb8da068b91096c",740915776
"291479f573955e063f2d8bda",871774144
"e60850405ccec092b8fb5d02",642942208
"464864b367e16547fe319229",739499968
"4c14547b7e02e75204ca9f4a",681918720
"6183257f16bce94113879745",553665856
"46c34a4e5987c20eb1f5ff99",514402880
"3f39b25dedb96409dc9d1947",885255552
"e7a85e64ee07971696f555f2",765887360
"33043b254b9085fc82ee1f7f",550476096
"bd2759d469829bb8926dbe09",630096000
"affae17b6cc59bdaa30e29c2",883942464
"e611d41aaf38a58acaa0bf23",697155840
"0de426088a306321990cf60e",444113760
"685982808b30597cc013e2c7",651937600
"4cfd1be6a93641b110fcaf67",579211264
"68fb3b3cc3e5b13440eb014b",1288675968
"532bf5813d7e70958f71a480",786500032
"06ee1d8f3ea326a0e3a9791d",781170624
"1862e0c4d8e89fd2302ab376",1489670784
"f3dea3d678d959aaf6b2849f",1325910272
"2478e48a3c6bedd57c13c72c",687636224
"efa36c7738fc14a11cc352eb",577492352
"2f6dfe9443645d6629eeccb9",633369280
"bc7e867cad6f221dc44754b2",777910016
"e4f2fecf58a038d7b18f7160",822621248
"a7620d5599ec354541c8af13",1159754368
"484cde8e47fbf62a339c8219",527902912
"5fcd9836a3ea537fe86d457d",612462016
"1b288024824312c8b1681bd9",617265088
"44e4574527acc86977f5bc41",676678464
"8b716bc4d6d833f9bff3e729",528010816
"0ab85344c5fe6ccb0edb6313",715859968
"03ad99f1799f2a20c8cc0a50",654216512
"6db318f828d464be421eb572",912483072
"c3e648317c360c76b94bf541",479240416
"19cb65620d2330624252d01c",337023744
"dba9fa9642ebc97ccd765db6",470659328
"1d2467e5f991b935d676e906",448467360
"4091a115125eb4a67f494620",528737088
"d197410ebc0e3b9937464923",369359584
"722699e593085cdd72102baf",418390720
"c059affd0c19f6d4d76f37c2",559794560
"855dcebac302ec5760f67121",692841728
"f433278518a80c3301f26cfa",650204416
"66a45b0aaf5f696d35f5cebb",567132352
"0152ffa8757aaaf417e9f997",1057408448
"55b72f6c7163a9b0b3b0b262",713590080
"c8346a875be8391145a2f9aa",569532416
"11c86230e62bd2c9ba44131f",761143296
"c4b97a459e2c6d13710fa273",344960960
"8bcebf3cdc54d4ec99ba0d88",470366208
"ad159116d166e45b70329bd5",529415776
"6f060a8ee8d6d15f46289759",651728384
"ab5f089f9d2ac1bf52222ec5",586732800
"f4fc2da675d6a2583054fc56",570296320
"89eed91bf5148b5645408222",624157632
"0761d0b7c6e319a75b06d420",533436672
"ce84187750fa7aadd141b5fb",743031040
"ad77298955813089bce818a2",573755520
"3abe8f334f0f20f8006ca5d6",849116864
"36445c32822146606f75dfdb",632285888
"f9798cc6285c9fb3ed7cb668",593661376
"59dd396f70b8458772307895",594085632
"83e91710343450cb0812a6e4",718982080
"1e7a931100be734988955242",838243968
"bedc5ab20edc896f814c3f06",826956160
"f884247fa6414f384480bf38",575958656
"f34a38cdec7eb598e55fa41e",667362432
"106ad411e13ea21ad68e5f59",833262784
"a87c585acf2a147e381005f5",540043072
"ad755859e7b6afbc021fcf6d",609877760
"8015080cf97316a08453a9fb",870769088
"f56d8f5cfaca0691c6ffbe00",737537152
"8ad016d414e2d2be053d7612",733861888
"8b91a957eca1985938860c28",693729024
"20bce83e2b75fc535a148dc8",536020608
"5724ecee1b12e888d538c1fe",590277312
"1e90d068f3c86c6f691649ff",761779584
"0fd954262ee740999c31d407",545525568
"a6d7b144058ebc326b9803bb",752357184
"a81abab882910584371c7b66",711400192
"9e41c4b41cbdc2553d80e362",665556992
"b6fcc49ad3656cbd3f4c2ea6",813696768
"9a296eb9b63ffbdf2a07cd0d",843335168
"3fbc0746bd620a0baabbd859",517408832
"3043d0b025fac4ed90b448e6",480535072
"219555efc5b4291791143252",491038848
"a00863c7c53b2c059ce22dfb",451550752
"28b838c94d10823ceed62e0e",436021984
"7e64ab35f5e336d5bd2e1b51",625506368
"52f24ab479fad35c8bb5a8f6",539433472
"0d1ef14606c58310cae371f2",563516800
"a465a567a4f60ac534505bdd",884701440
"8694b149f7c0deadf820f0e4",639661056
"16d6b756f5ebcacf221918b8",671248192
"7d132190218425df1857b8b8",758732608
"7c7a3f51a58dfd1588d7c088",481870048
"64d1c45a2968b0fbf0eeacaa",876071936
"4fdc382b65441412fef509ad",762323520
"04ece9352b3810031f3f9a90",730951040
"8b5b351e07a26c25cf51e176",615855232
"f923bfcb8cdb543c23bafd52",603117120
"a15a12446d2e5993a0a6c423",520672672
"ab3e1642655f7e705cb047a9",603117120
"b62fc917b3e8ddd64bb81018",572620480
"835842cdc8ea0a2206c2b46e",615213568
"02ce5bc5d5d286a4cc0928f6",795112768
"d8e51f7b40bf1887ac007163",669448192
"90f320e94aa429856e37bb35",574868864
"967a7676754d6f9aa3e14473",522869344
"9251f3dafa0e747b6e78f295",753123072
"17b5e8357e17b516d947ebe3",707132160
"f943cfd29effc9c048b8e106",742997056
"41719542347401b04dfbaa59",696498816
"bd6ad9a9ab28aaef9b4955c8",697123968
"bbff88040e5b20e874cfad9a",699291520
"3d6a9a4f2336a46eb62e6a47",832012160
"493367258be5d63dc8db97d1",832012160
"67cf2149b4c214da77694088",853201472
"8d2e85825e95f6941445cace",847093568
"01afa737bcfa6b1ab530eb09",858509184
"25813f7204a2e796170c4836",570048448
"3cb1773d90dc240c4ffed5c4",846059776
"6c81a0b90366db9f514362b4",855329984
"44c8131b88accb3b46b79ba5",624609856
"ff185be4fdbe3790c72d00cb",547653824
"851f50292e30b0a464c0804d",462899392
"6fc2a4f29e3b896bce631ee0",461922464
"cabc4fd04b60a66bdbe2cf9a",877003136
"61e9c2375626a18bc9920c5d",627653888
"396c8060d9767b4debf2a54c",653877056
"92ba019bd942fa33ab742924",730732736
"ff71037ec8e5a91aad6f0686",545137024
"d162a90b37622c1dc6550690",417029728
"e1490f0730f8fdc36993027c",624315200
"5a066d6bb65d28c2094051f6",664339648
"9c7bcf000cb37f48d9f15422",578549184
"528a6345df87dd0db33bf822",550200320
"579ee47bc31f5408314bca28",577731968
"eb61a13df1c8d8d0efc4db3a",515686432
"b649d315ff3c97c4e8e9db73",608346048
"d8dd26eb78ff22272358e302",717561088
"6ae2221c504027acfb7368e8",535462400
"3ce908c9b70f349158f7d04a",737263360
"7cf74cbec871e465ec2f6a61",737263360
"02e9b077d6cece81387fda35",873774720
"865ed399cc344e0638e45128",803274880
"d9ed55fb72efda67f5144330",844170816
"9fdbab0b428f19e7e8dc35b0",939633920
"c061b886b7136a1b00c8ea2d",823333888
"fd0f6c0b5234ec1f6c7d1fd8",732811584
"9df90c0644948ea5539939eb",595065408
"547661e79bf0c62cb8de63d1",552916800
"68963f5f3657cb64276e3beb",687491968
"cab0a460167bb64c037cf25d",482985856
"31977cd5d4c09eff149e74ea",845753664
"23264fdd1059460e079e5810",585951872
"4769743185eaeb0e4158e0e0",575403072
"780c809c52509bb4855a4efc",568451008
"f64d4e029592761bee698958",465342208
"be364e85b988ef8627ece74e",496193632
"c73c38b652e9418f06f89b67",429223808
"213032fd36fa1a6342570158",627114368
"d519a8de5fdd1a84ca1baac3",802086912
"df91a494d5d244f20dab0eb0",499074976
"9be92b361ffd3ea2c69be23b",640210752
"cad16b2ea432d926d961109a",598692864
"56b22bd973f94a4bfaaf6b33",633937856
"84114798ccd01ae3dc97cb27",580768576
"fe2bf1f402addaf17a213030",677357312
"e01c1b69abb6a4c1c69c77d7",755168256
"24671f63cd061228ec0b5b9b",407021984
"f54c16df774e70d49355cf4c",608566784
"5537b994e85c2688fe555d5c",514716320
"1e5919cbe4373aa261d672d7",557318848
"cc125d0f70d6d0819d6d90ee",631512768
"51f94ebbd6d2533862a1fdbf",680812416
"fe409f9ea8d18c9d9ba4d02e",431326752
"753b47e2a3b9fcdf9d7fd9fa",547518336
"6bdb3153f267395eefbf588c",627649472
"9bde9f216ecb90814670e87f",683515520
"7f5280804c59f56fba3d6201",508077504
"ceaf16e097500022498950ff",541067840
"aef06b27b0a080b5ee539b6b",505140064
"abc668bf93ec7d1951c65cf6",431326752
"56822f406646f93fb39d9e60",449105600
"2690ba8b22a95cb837cb87b6",477445920
"180172e4eee8ba756207b3a8",531787680
"c11cd2e00942ffe56db5ae88",654898944
"75a287d87aaf6ffe7b6db546",434653120
"08f35bfbfe1bd663c40d9e54",575912832
"c2bbdb2e5d0191071e6db37b",611015936
"b129a508d1d98a1b6dd2f61f",661200192
"335626f385c28e8370c207cb",422882272
"898ed7299f0c7b8a99e4877b",626248640
"a98022fc80dd6ff27de693f9",505118848
"a59f1631e721d231eab4d146",812867840
"98c9c866109bedd605ab7dbd",827967104
"cc9743189c3671adbb1be49b",598453504
"e22b8126863c9ca8fb04df9f",790992960
"247715511199c5b680088b56",730710080
"6e51ca1a9c2bba9fa0cbe5db",764706816
"ba8d6800443dcf95bf9c1037",562036928
"5ec6e033b9dcb454c57050c3",833862400
"156ecfd8ca6004281b191db7",1083785088
"edc3879a1102740f2f96227a",761470272
"c02ce25a3334860d3bad53e8",567477952
"d041129f83f1f13fd7b35e4b",778645184
"6946fb4c877f35e9215ef4be",847795584
"ff2897a56a0fd08996d19424",634393024
"e1b64df8e809ba220c9722aa",768299328
"c13263f9c8628bdef086106b",881851328
"e2b8d1aba0c583984aab25bd",758169472
"3786baf40b31a20f3bf3aa80",619255936
"bcf12785c25f6e600eee8fc0",635973184
"f85d09bb2ea40bd4b68465da",749943424
"1f40dff9a973064aa4737eea",695690560
"79beab95c6857412ebbbdedd",710258944
"5ed8cd2cf2c6dd5b5241d6ac",797156672
"ca8dacc29a57d39640e3e59c",672458048
"723655990d58df33d55009b5",820298624
"79a675215fed2e293b27f43d",803009216
"57999ba0ed9089739a1f4de1",847913088
"00cea81b78d6007eb405d5b3",754440320
"c00facb3e4cbb27c47a621db",950299968
"d1481d9d2bc9d1a3811f2faa",914886912
"26313750bd29b2c59a81b58e",906019328
"2bbbe93b615c46483056bfe6",855253632
"0f8fa0a074b743c92f0fc56f",892445440
"b925f9ef733930be26417458",917630208
"0183b38955437e8d0128a013",849791424
"1c9f65b631d2f2856bc97079",723085504
"c11d82cd360eae99c04009b1",929570112
"4a80ffd8e908a3291a32fb6d",870310912
"1a0134583a5854d5aa9cdb9f",915330176
"5f5346deedcb7cf5dcd1e9be",801025216
"f17c8b14e56a76ea84a45fd6",1075233920
"b8ff548543842246ad439703",1023550400
"53462704cfc47d32492b4847",931928832
"25f925538316d3cdda8218c4",1010705472
"ffe653c61bf13df43fa22190",576510528
"228d98c82021e2325263c7d2",540337536
"f32a7d08d176bf9177dbcab1",677705536
"f2c86c1edac4eec6c01ec11d",475399488
"06e350e3c733e5a0afb613cb",567595904
"e2544529df4efb7e90afcd21",560844480
"a639ec3b943cf90cb28bc1b3",551532096
"a1320186028a726935bc1cc5",781607872
"97337d2f347a50e0ef518516",519297120
"8f619dd7fcf5e1a17af301c4",769163840
"72569ddc5828fc702b2fc773",900503424
"ec674ba8cd16c2264d270901",980265984
"2b05f001ed1a84425a45d0ac",585325248
"0a7758f69ddd8fb27a839661",626490496
"e3ec7a8fba3e1ea07a135dfc",534901184
"4163b665043ed27d7bf26c00",459754400
"69f7b81b70ea61f304ccd36d",711665152
"ff61104cbeb37f077c565fd1",412438336
"883ee78c03efdb4bdc57796b",522686304
"fafaa5dcf66d22bff322c72e",513928992
"eaf0f2b00b6994a9ba8c5ed0",522578208
"9b1590945c0c7f7b0704d287",731301056
"766d34ea891f3af53f1391ba",619303296
"b8680f925773229571014e61",369191904
"2fcab31c752b699af5e8ce8b",874147136
"96d14697ed6847ee757d113f",743127168
"ded79c11c30167a9d8accf77",497222048
"ac50dfe70b599ae93ddee4fe",721483520
"3fc7a0f9c30978f24d688fb7",699782272
"083f05fe52ab15e8d481ad41",796112064
"075be16d8d9ed6831d139b2e",645650304
"ffce0b151f293cad0a6f770f",970591552
"5997da918101ff14bddf20eb",571310848
"e102f1d841d7cdb596d50624",391687104
"a2c3da753f0116aa5842d4ec",743494656
"43228eaa1230dc0f7f1473df",466178176
"4349d6bfd5a518fcb231cb3f",717667136
"c6c978051fdc655d21a370ab",806732672
"f4cdf3ff86fe70fae3e59f4c",591642368
"ac154aaafe98dae45bf9782e",839025472
"01f6c99999c154461765f4c4",729347200
"d7d30819fc6ad6e7e41453c1",823380672
"383b3198861942064a63184a",558539456
"3a2f110334251e97abe3583f",464741152
"9b9db425b698a4931173b5a4",628043072
"3b51828a1e891f3a52a4653c",503346016
"c94dc49efe0a350bb522a56a",684368896
"39e4765ae5c8284e1f3f618b",633818496
"04b28e63fbba92daf83865ba",1009334336
"b9643a26731cf2a9a243ef33",888334080
"19e03fc1a7ca4b0761eb9ef3",813711808
"c0224f0cee5a388014db4f55",1126375040
"c4074029fba935dafd82eba8",438491360
"0a8d749a2336d8f66a4f19ef",521983840
"e84da6ce78339d50a72cd87d",318918880
"e9830411c3092327f4e66a99",537989312
"17d51fdfe8fd16185bf5feb4",683532096
"f07126d58455b20f547c4380",728152832
"8fe7db56d501b9c11461f62b",535591744
"1ae2058fbe26f384be45df4d",472572960
"e74a31e6edd4459d4e215c5a",576738176
"c91945dcab0bf200c3ef321e",536154528
"933018604a8d5a9020aac221",664735680
"876ebdaa0bc953890e323843",622588800
"4fd907c202de4f06cade3b3b",888956416
"e40f616637f6187024b34086",931396032
"f9038f7e24e0a29bd9f3e24d",786881024
"b27fc4e7f6042d70a7651038",836895936
"e68b18b57fbc5fd6cbb477e1",531611104
"326a82671272d893ce699476",688688000
"d2655e69f5dbd09ddb9268e7",756253312
"440cd2efd45c019c7151902d",856404096
"e5099db945e4f04aa3f0bfeb",589817472
"3477d85a434f66df58fbc094",648303104
"56991f74ed430ed942b2d6d6",677883136
"7ac1b85bd87929705b7a86ca",730975168
"0e1fbbe248919eb71e53ea75",482015072
"75c16273d3a593752446c27b",712456704
"7e74469fe0b030254756296d",823006592
"35fca2d53ed17ea7637c528a",799254016
"963cc728f3bc207a7ad74ec4",874115648
"fa9dec2129f7218b4c4d4b35",784411968
"1d0a6bf40e609fc74a319310",746644224
"b9551c416341fb167049d4ce",749779776
"89131a0af2db172538723b08",665280384
"3e66557e876a876c259c40a0",449111168
"078144699729ee0c46f36123",767346240
"fd15189b99da46b098a949e6",628347648
"d69209d7a26bd306bde5a37d",892563264
"89690c80b7adcb8a8afe531a",659290688
"0e0d19168609ac1d75253edc",691780352
"6cd0aca2bc40d83473a39885",633413504
"6ea0d50e822913d0f444d89e",597757760
"39579c195f288da8d77f5ce9",848133184
"bc54f5dc4e9ce267ea592813",621650752
"1d43fd3f7fb4e24a0b7c9ec3",586052032
"2566d8588566312ffa4fde42",832466752
"8d27746cd9d2532fe9cfc408",466799264
"95b822f76b4d3d6ceb0c5077",810934144
"eba86391ca00fb217ed1f774",585787520
"b9a0575867a59dc5dcbb9cce",600846720
"0845e73ae95dbd4aec3f1f43",493467936
"419a2f823e87ab67b1311bee",819821184
"552217c633d2562cdcaa81bb",635402176
"4fd7984773d2872e51574ffd",747090432
"a87ed2154a2351cf26f0027d",703168064
"a2522c9d3edb7e7a23a42b74",748139200
"357e58ef96c53f39e267b80c",936708224
"cf0ca58262feb1f8b0dc7b68",917029696
"1cb79aba890b35f9d2a400f6",1205632768
"d5c79ef12f43e2bc19e22fdc",820069504
"776e1192349cb7cf1579056a",755211136
"7de63633c7666484bd098e2b",613009280
"ca1b1c17572f776fc1059691",537891392
"53e94de217ec45ad576fd83b",674089344
"ed5c3d2952d2575b1bb757ee",751276992
"bdfa334bc331e3e547f7568f",796112064
"9c6a01e3c7ef87d27185e9f3",925884800
"05d9818d3f9f2a5c358d3911",839886720
"f6c990e406b3756ee39b3b30",560523264
"19ace6cdfbd8bed6e99c86d9",553112960
"6a04f8684e083eb6319b5272",536277504
"179bf83034539c8a391e0310",601919232
"a42081eac6834da0560ea4ef",713205120
"784fa9e78f7cfeca4133e8ed",796312256
"978edd828fc71300e6723e06",843808832
"61d6969334fc63611c810e2b",881408896
"4d592a67596afbca92d26bcb",835982592
"50f8068603edac10c87411ec",494070880
"9965f598c5b95b3cfaac50ad",750068352
"66cf83769d16a4d659edba6d",755440960
"9c2c2b01934d1d519e651786",570627712
"2b4913f28d07628bf2d3ed92",926160320
"9baf7967c49fa209de8dda95",684151616
"7a0f887a9426270ff3c24e36",795400384
"c1034173dda31d20c4efbed1",794807552
"c4a3d64de5e401a86395a919",455623872
"c4cef41167a5e8354a61feb4",736988224
"f52226b24ca3d5b04b7cfcde",877705472
"36d5003f0b5ec7f80e89262d",860619072
"641600a4cbb13b35dc7913e8",932918336
"c31c4bd09d8cfba562ed2b41",839623040
"0df96c81adcd6fbc2f7141c3",739371904
"4499adb2aa3aee94d1f1a1b3",938161856
"4ec06163d39f96baebe11bd3",582236416
"692cc1c9949d35ae11412fd6",582070592
"f1da5388b772159ec90c3210",882215040
"e7ae63f81f8fad37bb9c1b32",752656128
"d39797a12d9a4aaf15ac11e6",626229504
"efc5412fb02ba9d8f604e493",719199424
"bee2e008ee41f8a711fb8d29",610792832
"80279a7533c44bbae477ea4b",682835712
"edc43e57b2905405a13f8f3f",512815264
"751795587d1396e0daa25783",547052992
"6d90801ea8cbc12f9e2131a3",573642816
"71fe067a5ae994180f530686",573642816
"2e99240e23b0542f1cc75026",591218688
"fd6112c82d5808311b08e29f",557458112
"0ac639a7c5ec115b3df8111b",590972416
"af0cfebd54f32b9b92c5fdf3",573642816
"b0015b31facc48a49f1313ef",485123136
"2347f69ec1ce4a3fb6989eb7",494896192
"209bf65e11bd7053d9658824",687499968
"41877a677d1856bf609515fe",658044160
"cf60297d9d9bf1268f35ad95",756083776
"a33800eaaf178e01558ee926",750186688
"69e663ffb4935aecb875854c",679947520
"595415e95e075b70c39d5c5d",796948160
"719679261d84d6b93035143d",801232000
"9f149071cf61295815e3f875",808964288
"3d24d985b95a3e200a734bc2",854084096
"bbe705b86c6ed4da775b68f0",488463424
"e1d875468eea7b2eecbb49c7",676619008
"0802b7e10706252dab8db909",730710080
"2f412384597554f3dab07985",785699904
"da8b5c8a320821ab8ca00a80",796010304
"0f10d20cff5664f9564bc88f",1023550400
"ab8699d3c685fa834d7ccb3f",760572672
"85956152686438c48c52e018",865355328
"ed9c4f4e06183b15b877f077",636267968
"12e32a758e15fbeefa255207",765521920
"22cfdfbff44541dba9091753",930569088
"314a1e163d0b77b0f384da29",527608320
"23959a0f6e27c8c2b4a7f436",882290304
"6ab5a87a537d2ce326c867c1",582376704
"d9ebae84cb53d29bbd8a466e",453848672
"9511afb73b656135daaceb43",925641280
"9231ec89e58a3daf459c5b43",944234432
"8d97cda83fc7353a86c9393a",981023232
"3b380c563ed2505b7630feaa",852694912
"6e5ca223128fa2de422b4009",515457536
"ee30ab004ac5270daf59758e",693393536
"d6fee4f680569a54f4267215",778741760
"db3b84e5b3a9097392a57319",763075328
"cef379fa831f936cad745dbc",559945280
"4db8d32011163bc4fe01d02e",548741504
"f842221d74340270e757fd41",793232896
"f6173e36f95ad05b8e94321b",797888064
"5960f14f2a81075fa66568f8",491631520
"cdeba97450c735185e486eab",816709120
"f9a802cbc802d49a087cf23e",951608832
"6a9ef848f22fecb9569098c2",788936896
"f3986309e4fc4cde2b5feed9",834045120
"6c3435048735371c36dd3892",763418752
"f019dfbfa7fbbddec988fb25",875004352
"4526cb4a2b8238dcc4e496e3",956020224
"95561bd325f60967cb6653dc",729468416
"9f3e09a3461bce2fee7e1c40",1292703360
"1034b1af0331daddad70f3a5",445578624
"3ee9cfee7b0acd482672ed47",788939008
"adb51a572f3198367e3760ef",654836160
"5c802e198dc0906016741026",431353120
"671603ba1f755be5d7219a01",511892768
"001d77bfb387bdf0b53e9e83",751247232
"fd9fda1abfcdd1066a177e14",626592960
"e1e78f3432ea2dff6b69c6c0",492469024
"378e6374da00b72bcd7920df",671468992
"54ec4fd8f49c897c644ce83a",707711360
"a67ef3a182aa268bc4d9ea14",708987072
"8100a4b0288d5d9d9dc86d2f",588481728
"699ac8957d9b4eb7fcfbcc40",812194432
"7b35a3e9f3e67fa1974f5c25",765850752
"6e5383a7f9a68147c2788565",897790592
"fca1c40a338288036b1eb25c",925462144
"237da4784755f090c89f07be",604563200
"21a7c5d6ea818dfb25077e13",725890112
"0cf7dd52e117832b4698b310",794823552
"677c8056695a5a539dcfa3d0",600330880
"e4b85269ca413066323f66e0",903527040
"9019f1dd02ede61479b62406",566547136
"958f3e102c6ecf5f6386a004",549835840
"b05c741bc5013a7a6abd31d6",549835840
"2c58f2cbd00035febac060e1",635358208
"89d36acc5f617a6a97e02f23",624392320
"2fba6801eb9a7bce7ed2c081",629478080
"45ccde79aee811756030903d",763158336
"5bdb5174517b8faa23df9587",836323520
"36a11817b32bc24eda6ec8eb",524908256
"f1319a9332946bd68db250c2",540114112
"39f70d6b68b22668a0631f37",592015616
"3958d0cb732f3d623764be54",564404480
"f67028acda5ecaa4c8781ba6",675425024
"76f50ce5f30cb96d48a69357",484960128
"9e5efd4741a57b9af54e9265",738165184
"8c45ac143f5cc43e9249c17b",658344960
"2a66eb4d2a205bc4474c0afa",749876224
"85cf1ee98e1a85ff4619e27c",686357184
"84c2ab0573d3cbffa0be90f4",676619008
"48976c41de22ddaea3f8c296",547109184
"001c03f6103d35389825b62e",669915776
"ceab390b6906d5cbe65fc402",508983648
"79f989fd66108a2c38a9764e",785114752
"cc385eff95aa00310eb22111",717091328
"ed764bed1d05cb1e9a4e67f8",873743936
"857c5dae475eadef41c25603",741921344
"7148b0d9e2e1e92d41633230",753902592
"7f3e02524981fc7e40eccfdc",660436416
"ccc625df8f51248e3dc93214",557097600
"b38776cf09ec8e90fceeec84",402611648
"48ebc3d79e01061c926066ba",629196544
"9580bf8358095abb15a10c36",425323584
"d26d35e33a0cf88f735a9322",586610432
"b4c2a0a1a63d35a9a08a6e15",645381696
"1bf1913f806bd4b461233551",418654336
"34d1394dbb483e55d1cc2da5",588359424
"7bef2da7f3c160e94fe91ead",426110208
"528014ff6b7cdbfc174f4fcb",612164992
"bf1dae54bab00fcd3e8c9ce2",514196864
"f270dfd9ef449a02b6d7ae2e",700243648
"31d6f089626c4fd08536fac0",526324672
"259f4f7fd5d851be70d63633",563011840
"6b74ef5c8ab1df614bfba866",758169472
"7ee7fba3a30e0e7c2ed3043c",729981696
"b24bd44eefc3ccf053939dfd",619504192
"0545fc14aece3f37864ced2d",679288064
"e07eb36210e90ef0419fa0d0",858208128
"3991b04509fa61b36a8f7d2a",766199936
"387af5fb4b4a7f5c3fdcce57",671893376
"6852e8bbadc1a9f4fbcd695d",779463680
"8c3373f9c0372b87ef021512",889132608
"6123a0dd128e45216f832e3d",772164608
"0913364c688d7375d0f7af5d",499074976
"8831ae77efac99a6c58ce05d",877372288
"b6283a5714e0b977110318ea",481379904
"d2d8f5356f77507f8839280c",808103808
"f36bb15462fb29f80b127458",904804352
"7abf9cd6b26e2e2bb6d91e5c",793378688
"1a5f6f7e8b7af9d48644f1e0",599429760
"8e2a5f8431996ae0db65d0be",656709696
"29535d858fa3a11792697820",857902272
"8e4df02eee6cab9bd1011987",597587200
"5a4039f0ca12767138ae585f",536861408
"d84248b3ce8ff6f5fa480a83",549649280
"5838e86b74020a5bead56161",498859264
"02091877f01c926c350b013b",524224000
"df298574e35dda90fb568023",500631168
"d8b83253855448caa81f7780",522180064
"1163ab2c0bc8c998e121b922",553218496
"14f9ab54432e5f54a50be4a5",657360192
"f4e0fa1172c1d4b70b6c4d73",606324672
"4345863fe83682f6091d8a77",639414592
"6c5bbbfa3a1515e5cdec9ae1",708751040
"742da63af109164c21dd57af",604796416
"fdc28a68bf8a5bc86288b4c7",700662080
"0f4b077de4ba5f5db6fb0065",634112704
"320ff6c0320674fd278f6fc7",596106816
"6acf9cef08906fe569c38572",799319552
"853febf898a1dba351d6f917",615592704
"8ae41ff6a828f175a9f628b2",533705152
"56ae6108c1b53c649da2f6ba",644031488
"aa990d4e5f1a0fc4f0bb29aa",609190336
"cb8b826e929f4f8a8e3687bd",613368512
"b85a7389bab2e651f05369da",747981248
"1fe929afafa91bee53df4e86",618193856
"02e89c055b7692dab024defc",594601536
"66bc6e56bcac9bfc4a7341d8",678051712
"63cee15dc4a6808616a2c2e6",523286464
"9a889078a0225c013570609f",443663712
"3548fa5ad26ba2ea999380a0",558891968
"d9d8aeafa748f8f1ff2fca22",777840256
"9e2c21d635fc25f7790cafa9",438334688
"f99adfe85d32b0a66f4d483a",607601920
"eb64fd330053a41ce5be4a7e",569537216
"ea8d704272b2cd066a7e7867",791486272
"e7c92ef9784a92c8b7fca693",741335808
"a9b83e18ae78d307d1b39b15",768991680
"ab8d6823d905f1f0ccf4a75c",721702784
"8447ca83d928dc34c2e7f9fa",564303104
"5bd24b842a67601630036d0c",770783424
"38d5b9319bc16bae99fe73b9",725795328
"e1558509b120809eface5b87",742598912
"4b8d7217da1b1f225f254914",655062656
"09e0c3a1b90d46c361007323",620963136
"d090a9e520ef74848bb060a6",770100288
"07284e4caec09fbbb16adf2f",716426112
"f8bb20be599b79cbe29f36cb",710250560
"07dd30f04c5953f325df9aad",764445888
"622872d345b4b0d9c1b9302f",689898368
"fc9151dd6f8850502c747bab",634945984
"0fdd03a2dfb18e323d96f468",751024000
"ad7cfe29b56c915dd016897c",600676224
"f40a182d82c489f55c64ab7b",792793792
"fb06aae0e711d628b16eb910",775141184
"7dabee85f750266dce02399e",740569536
"ebcab2f8506c64a461591d1c",635693952
"340f96c7de105aec5b7a28b9",666349568
"be1c6023731fb633c4f41f96",473424256
"d6b051fbaa13e3d92a798521",773259648
"bd04c8b6b5e381cd5f881379",555996672
"2ca47f5c36ea5d1cf00dbd2f",625462464
"3f2c18ea5d8e9a25adca4c42",547683456
"5bd59dbebb0d6fa71efa4c66",865109248
"bdac2f1c4b306a7742f60ab9",671839552
"a0e26a9d56cfb3b7228e5d75",628074816
"933740e21e9b61721b2c6053",745431040
"a3b9c1a3b81f17e6b22b6152",679829120
"445e241d8bfaceb149609d6a",592736064
"937f0b37f566f65a1871615d",648101440
"9a76a405640f670c6355630a",569962752
"7a0f351e8562fb7aafe6e714",718611584
"4c5b79f3656501fce2e2178d",782244544
"201053b106a0b89a0a47e2cc",606301888
"724a5f9542f86cc43334d3e6",570752768
"afaadd87a196e04b934e0b1a",543675904
"a46cfad2458ac7ca4134818c",600281856
"f640eb21bdbb9369acc4e863",422882272
"8b3350aaa66b9fa1c682c15d",550588416
"1340b0805cb34eb9a982190f",542857088
"055d5ab6b22d4d0ac325fe73",597587200
"faed63c1287896e97987c4c9",680014528
"a094be8af52cf76977fa5083",701170944
"feb3384733ed8feeedf9ce8b",701170944
"eec4d59429b1d1bb75b4d686",583324480
"3e9754a961d2cf348c9ff7af",552864704
"8f8a92abd28c8990534e847d",746724672
"256491790d0a2d5e1ebdc2e2",528623136
"ede7995bc4e7e672fda4fa5a",765627712
"9e8a11484838eed1f4673a32",662150208
"8aad5795547ade3c804c0ef0",702089088
"4ec4683fcf928d9fb33eb7b9",720923904
"ee18825bcf4065d29287b54e",802498688
"485cd615660dda11586f797c",756128896
"8b450ea6c21fe0b5157529a4",693242560
"0d45e78397d4bc0d363be47e",610113216
"bfa4cb65827c4ebb91478e53",805113408
"deb2c93acfaf6994bb3c0608",705409472
"571e1a8c252cd67ee0475974",672458048
"04e337d3c692f3429d47aef4",796214208
"cd2913f013727119158b98c0",848230784
"ba63594585c484bbd20ed3a1",669355392
"beb7b99cf12926d8714d1c5d",653140032
"0fbc9e52ccf1b7ea8136cbbe",753109952
"f36031f3a3f77a3fcad337aa",808969920
"7738f18d533d0f0379e3a06d",878619328
"20c3cc21b44eb37d0b359c1a",849791424
"78257e76c16db549022fbf2c",878078336
"4baceaad0b0081bdaa37473c",857902272
"6bbf67d88846e94a63014eee",894581824
"edb259013ceb62ad9b23eee3",904804352
"ecfe155a407ad2c2f74522e8",980925952
"6906a20be4962df7725dda7c",940217600
"5d86b884df3627d93f206952",966338816
"cac3eb4606346268cea48e32",1010705472
"e7439820086f8d1cb13d7c9b",752409280
"b940561f2d48444e139eaf71",554812736
"4433060d0fa95ae1382f2de1",512973056
"27dd503d4fbf4d5f5d850d4d",629457792
"42a73bad238f2d3f5e376044",514429280
"2b53b13cd912f353cf9c4757",571563840
"4cb59b46927df31150830d5e",546545856
"2f3d01cbf0ee0b985386418d",511032800
"d12e6de49fcca906c3586994",468199808
"8f541a839df1ae79d563427f",464658656
"ae5ff2b5eb4f9ac44fef666c",508018624
"ca77a424800783bb9c5c0450",762953792
"c0ec1e7ae2c6c3c2f2ae34b8",677612352
"2372f7c0499de8aa2e5ffa06",615529344
"46de3fbec5bc6c0e256e7751",574924096
"4d8b338266822739bc9c8fc9",775835776
"86d46a3fd9d7bbcac3319829",825501568
"b13fce1462ed87e57ddec917",781703040
"625caf4f4f56f3f6bfd3f786",535242240
"2214e2c62cf8d2d14f11d47c",629488704
"cee8fedd5685633435d77a06",745447232
"061386497cc2dede3ea70b1e",569555648
"3ce50f34a7974ec17178a79f",715866752
"855ce1721230ba103fc0ae84",501901664
"ff3b85eb538fb9a7dd03f459",515300896
"111bf82100a6fab0c9ded743",671173632
"8877941794810464749ba5d5",646135744
"1122a042822658cb504dc147",671173632
"d7d924ec35768a3e6bd39b20",431430560
"27cf45528b4266162f7c9029",581773056
"916f946082d03023ffad6f2a",807557312
"68181ef118970fdb1d83f030",873743936
"2f0bbbbb466fae3fe5c4f614",522894784
"17c8b228fa2591e3a234d55c",595824448
"e5d9afdaf318dbe749bf9950",698912448
"ce2cce355f493a75ab59b242",571756288
"b6825cfa2fde9b42fcf04c59",665708736
"6fb3e33e16eb81331d389ad7",438334688
"e29d9a401a246c00f5eb2413",724071424
"fdf103976a39cc12f5effaa2",724071424
"d1526bc5e5446680841a9cd7",834270976
"a96cb9d988f5dc99bf5df4ea",834270976
"760125efabf13246774a9f16",761200256
"229607e2faf76efeeadcdfce",588307136
"f14b11d270282b317d9cbadc",739499968
"8a41638edfc5183469b6c43f",489356736
"ba249dc7eae0609f20ccf234",778695360
"0dfc7d77d3dca86a221fe62b",929570112
"ed7f61ea4c9095bd4aca258a",533640640
"d2ce77db7cade7f2c6189002",481379904
"9d18c354e8939c9f18598f22",494077664
"b95689add02915dab555d9f7",757669504
"1c35d9468cdc55670d48db84",812867840
"caa4aecacff2beded2e76beb",605412160
"017487de3455d9f642a7fadc",618180160
"8ed9c13717d2bb274a81e460",878078336
"c2eeb1cf0549df1359ef4dcb",453201376
"3a413637f3108ddf7bd53bcc",514402880
"145a241c80430b1e4ddebcfe",572953600
"c954618c48b70cb00efb49fe",563301760
"fda6cee77fbfbce6ec0eabdd",607923328
"b92c9c464e23f8b987290769",483151264
"d81b170177769c0121b8935a",656391552
"7a832790d068e1e85182b5a5",598481600
"462ced9cfb28550c160e5664",824749184
"edd9a278b86b1c56e237a0f3",481789088
"fe9b6a82fcc3266ddcb3e36b",797156672
"fa74fbeb90bdaf8eb26f8329",758195264
"a70b6661eda6ef616e19dded",485123136
"cbcf4d76223673724b0f9811",557848448
"ba16ae6ca55dc3c0d5480944",700840128
"3c840c206546c20b3e53d4fa",629045184
"c61076b24927a46ef506322c",736151168
"2e797c8302fb7ada13ef2d4c",752336000
"3c9e3b97db788dcd10acf0e1",738249856
"28db5acb7b224d44e3d7ce80",603832064
"c7aad87d39537083a5620757",567132288
"099721566fdd0a32546fedbd",600180800
"bc67f29c8679adf31353bec6",778725184
"eb40a304997a6e66c550b704",874948544
"3882da646752a82db088c614",571563264
"68c319925551b9484778bb65",651203712
"711b570ff195fb77229deb35",835316992
"e7a2e8e1c22a52f78ffd1b19",776554240
"814d93fc94b4de6d3a860bcb",515038528
"817da44fa842fe304b93c199",400118752
"5cb29f5aaad14b6c33813580",543675904
"8a1105028a1a1b83c5080abb",347497536
"82b69c38d041325a4bb2fbce",617115904
"a57d01ed5a9641ad64f7f032",542857088
"90186e67d802be6d12eb3696",698840576
"f781bb1ed340e08b23258ceb",515022336
"db05818b6de8d77c1c3fd053",407021984
"f4ed8924f5d1a3e6374715aa",1168836864
"d792d1eec60822752c8d52f1",663818112
"47a3c63f65a9794384c655dc",597587200
"ebacf31727972e81d0a0d904",560796800
"a759e4c03e49c419c8f0cd2d",759352384
"0648a4bd7ca088f4b3834401",761993344
"b25734bf3ca94e775f467e85",530076672
"65a8795e7a5b88acd7a469c4",571858688
"b799aa1dd2de813ccad401e8",788106752
"c01440b8ff0d80e7bbad715c",740426752
"a20cd5193779526b43612ebe",571004800
"0cddda1c211fcdce819d5f8f",768283648
"69bcce6b58fc3702580d3234",751142784
"ac7c0c806b57e4942d9ead3e",709515840
"aa9e131fe4e7982a374bbb84",599429760
"290725d6b15062397597b954",651479296
"5f0fa37b7c5cf77e0508abd2",792657216
"c76f482d2a8f8db5eb79ae89",1005420032
"f651cc17b051c962e4124795",750904832
"250d84aac8add089061d3204",843776576
"d3f9cf66c1c05f55325b894a",904804352
"7198cf5aae5d0d5ba2e43b96",878078336
"766c7906cf0493736436fdea",951387904
"78f670c0d7a26c0323281ffa",774831808
"ec0eb8d68807f52b681f138e",874998208
"446138cfd3749c0b6715b0c3",762964864
"64b4837e4550ce39f2f85342",881659456
"1103c663f6b5ed0309a767b2",614618432
"b9a573a3f2cedd87c7dc6477",581623360
"de54862f5b7b8ff345c6b297",455684000
"16b3311b337c0cb9312ddba1",542857088
"a1c2003dfcdce97d21f9cd15",597587200
"262688a95a32f10fa070a887",558315072
"8e374b19fb87640c56243088",524461408
"4032d6a6a13399797a794ab7",663291584
"99f1712af0fe96f67d11037b",579720256
"bcc584e6a08822158e2a1454",629025216
"ad14f4403926de76de2604c6",523708320
"01f855427cbe3eb51b38288f",671893376
"4673ef4fa28aabb0fe61043b",617665920
"f4cf541f02d99ea1851b9f12",595250816
"bfe19954cd4680149c682587",611458304
"fed8f3bf4a2d7a426901706c",700303424
"480aa7fe286f4aa31f56d4b9",785114752
"1e9850a50070dd51861a5e63",730074304
"e26dcf5836f5bb53553cc413",753989760
"c7ac975025713f368bdb0af8",751206912
"73fd5bc0aee47d89a160f5d1",632827776
"5bb9dac6e0e9409e89aa6cee",806393728
"9b15aa6c85804621f5c42566",878078336
"199fe72cad28e4554e359ff1",857902272
"b28ba88f3665a2f26c2f8e47",904804352
"453ef603a66a34f17ae22227",871644864
"d8f4955ed4fc363d6d9ea897",796619520
"f2eca7e3226f625807f7d6be",1161898240
"361ccd7f37ada9c07ffcf71c",820159360
"e7d1ee027da436cbaa122f48",1002152704
"554ec896fe4f9d8f2e8eabe0",866319232
"ba79c72aa8bbb0517c899b59",716226816
"69dd957e78fcdd4d8e874acb",668024128
"df91a3c7f364df5e6831f2de",457461152
"77866048ba7b69532d0a18cc",688496320
"a792bde8819aebc5b2d73a6a",709050752
"6293e4a72b5c84782bcdbf78",785530432
"bcee01a5d6a36f48d99a5e4b",756099584
"c58b56f1202d1cdffdda3021",623329920
"ed3275b560f020baeb9ce3c0",471314208
"2a872557ba401f4c95e0ad2e",859080576
"6b8c1c7c855656b0e56f0bb6",744757632
"d6297cc548b16bff11eea51a",798172544
"dadce7c7a446a6a177821b73",763968192
"f5d9d8082e7652e97973e0e4",922888704
"2ef9126614eeef828f797e66",884966272
"c70439fc435337f1e8fd2f5e",900882432
"79631cac54b1e71c1022da12",1043591104
"6fca3b70ba2c68d9e0d2540f",406104832
"5b29d453bd368190e0e356c2",639030016
"25995099875f0ee622ebc31d",864545216
"34bd7be0761ab3d43da7a81c",567554240
"b8e15d182ac0c74fba332b8b",588963968
"901e3b835718ccae27c8831b",611015936
"e1c7a101e5d518583f9a2a7b",1016929408
"02f6ffcfcdd3dbba94dd7b33",1010296512
"2162e09e137eb5f4a1f32b16",508997312
"5eb815f9023e6eb97786233f",950299968
"d2ab14487e0ecf640a785277",703063744
"437167a9db41b677da7d5a7d",536875136
"c3f889c41c1effea85bcc706",516352256
"155da5ad9ad19d57a7632cd0",731326784
"43d1fb0646562c3f1dd6fefa",655840192
"8eb66c4b057dd4b07b5fbca5",638144832
"f9718594fa52500c16e3cd71",541977344
"d9c46d54ba6df0d21ed4ca49",688986176
"d3f688e0deaff6648f2925b6",426266496
"093a92c6846c924f88ba8750",953256960
"9b1223cd8c9d7b348d6a5c94",982671104
"8209afd76e36d8b5c4f7a991",469834688
"29fd909e7cef62de53430e1a",555048576
"76df3d616d8bc1de789bd83b",599060544
"8aa5d44a72b2a6851d14ef86",684678272
"eb4e1b72abce1d184dd4d5e4",720140096
"2ba24fd47c2ef8520bccf6eb",535062400
"1c9e38cd216595b33e283134",843403840
"2fc150cf6ea4141106bb8ac4",419978208
"8dd46fd8ff592358e4c3e7e5",588450688
"d5e001b2f1dad3962cfff9aa",535508288
"6e73e42a0d2ef8d6e403112b",510847168
"2537dfc786054c61eb3a80b5",566577856
"19c77db46d23e0c07a06a8b2",636189632
"e6424086fe1cf2a2931f4847",566577856
"66526276a7e8da597683e8c9",687949248
"cedd20027ebbf47baaa0dbff",687949248
"ac7c323295addefb43c62acc",734196992
"a8e74eb5eb523143cb291cea",748891200
"ad393e9070779969b496fa72",762035584
"64d9dff81c79a16579cef2f4",967130688
"ea91281d5eaf6b8f436d47f6",967130688
"06e59cc783be86bd145a56c6",794987648
"7458171e4db497a4cc1365fb",834478272
"12d73fb8f4ca87b19ca46231",734196992
"5e935d4a03c6abc86ac5adfa",747814080
"2754b4e12a7604efe8e03f5b",980666048
"9ea7a0d65493cb5487ed2084",573830272
"7845cf57552577b059dd13ae",453507648
"6e710984bbf2662a9cc7bc4c",617665920
"47720fb9e2586dced75db114",436334144
"cbd48f3342e63a84173a8dfd",523708320
"cb83c138aefeadb184d2c7e0",462531360
"397d4e490eb2db8a1b18051b",430211712
"4f65732875c007d3c1102140",420428288
"1f8ad363a0539a6f2455c3fc",515373504
"9535ab027f9f2a9a8fdc21fd",442687488
"248993a27da888a6e3ffefe4",508077504
"cd07b4553b6d3863a9e444e8",631155584
"f53fe605b0a2857cf3facf73",669915776
"ae48e30b60ec254bf0dc89ac",717350080
"2a0e902f3c07cc9696000177",566354880
"d57535248bb34f65ae678a39",605790400
"9949cbc958bbc0114404960a",741682624
"841c57617a075690ce412083",558017472
"9fc4385ea76cabf741d38789",413070048
"0367da7dc5374f1957a1b7f6",770671616
"7703f868650a8252e954e457",753989760
"4cb9319ff5adaa62386b713b",862665408
"dbb30f9d010677de2aee1b71",650474368
"0b54c51a787fe58bdf677658",988735744
"5234aeb6d817b8ad876e50fe",552270528
"77359d0d34ba4c9d825e46ed",427317760
"b84795015be5077f942f5170",431272800
"75f5290d61164d42b39d9d51",407021984
"b46d50c84edaa7feba938671",859080576
"be8c05b72ee7867fdcb05455",877003136
"356712646865d98127b92a57",654822912
"ab765acf8b87daf1673b3a97",527909152
"3a2cacbd3b4f9a23514b1433",857768704
"3c6d485d7b01ddd6147746c2",574806720
"054cd21c3b12f165bd520313",708860800
"e114160e3ffe6a703eb42440",492505920
"a38b2d75349c56ce04f02a94",747984896
"71fdd2b1214b9371ef149c1c",824050688
"10970057efd092c98037498d",514480864
"7543d0e85e6328ebc8283d75",581568704
"db1cfd89dad114c11ab2d409",1021036736
"760f24a443eb01721c6ffea3",882116032
"a1508f30ba87423e7393b4fd",929570112
"5814dc311aa87b24e26aceb3",785961920
"f26c2bb4d5787541e9c36463",964661376
"cf07a5af6ee98d735bde14bd",670442240
"8b716c3dca89b7caa7db1aad",664598272
"df89e7dea6c313b0cc262249",390946048
"3e2c1d2cba8755ffad9cff27",889654528
"6771a8c70428fec0f21d51a1",708080640
"d8171d498291341094daaa39",896800128
"3d43dd23536f843c2c5bd268",883594048
"785dea91d94ab384bbd6ce3e",761993344
"6c316d2bb84fff36bb01f14c",950299968
"08ba99aa6a8ee752209de6ae",548370752
"d177236e8c725d4405025916",738092416
"9a6b537a7319b3446977919d",1006709056
"e2e7b03feffb21bad63eca2d",698353024
"f2fa898e1bcccbdb92dd91e9",731295616
"2c340ee014e39ad0fd1309d8",1038488640
"7ee83e5d70855ed21455b6d5",1013690176
"fdd4b5fcf9ebadf96545038c",751206912
"512b4ad817c387bed877b7d1",1011653312
"3ba644c7be754c21e3cc48ee",740078464
"cb38dc837baf3e0531c6c115",750435456
"5e931fda1e62fe41ff0f2ba2",672786432
"0ce9a7d4b0682dbbca68e070",638051136
"8d114cef336100a8d8c81ce1",781946752
"ebc3a6574ebc530ef715ea7e",793281792
"4c2b14bfeacd87b878cbcc92",611015936
"577b17cb350bd2a646725b6d",1010296512
"0dbe463995c605bcdffb133b",604956736
"88f3f39ea06fb882c69bbd10",572752768
"e54567ced41a40938b85485b",671893376
"cb6d29f005078d4d4efc2d04",883209600
"1d0919344e52b315441aeafb",723944384
"62c39ad30e9a26d8cf3593b4",841407360
"a02bf67aecbac445a12da958",1024007616
"06baade01a74972cc4a419ec",680812416
"3943b64f9550a575f15d6d29",911177280
"b62d64605362afc574ea5b0b",972830336
"0ef45eb4356e2f0331ad2457",882207872
"6700ad4d4d7f70def59a5d59",852809856
"19ad2fa7e170c67870ee58f7",1103209856
"919c1e281329379c4d130416",955684544
"8a451ef547efb90a8fcfa6c8",969023872
"5c208e5c37aad07602f7cd7f",487171680
"164fb89266e40a2530400599",426266496
"5fc0f0c4fa019b6f1b2a016d",623433664
"3b16ff50ec7fa717efbd62ab",652801408
"30e6d4e1c53e9e81ff66df43",514480864
"cdae3bf05372c13649a2adc8",581568704
"170a69c11cf4f855ed015bed",747307584
"e14b31f8a454e47c383cae94",510846816
"14a8134a56af1b328321cad4",535415616
"ea8cc21bf7d48979bcae1458",692464768
"c287dbff188e95f833ab21f0",730733696
"2cd0b2d7561919f0223608d5",617665920
"1acc5749203f964fa8b2092a",393970176
"9543c16bd5eea47111e6b266",431272800
"d415dc486936995f8b3704e3",427317760
"ab946dfa5b9d7214a3756978",761993344
"803711fede531ad1621a6823",671893376
"f83f29f28978d7dd76cf5942",611015936
"4bf284e6ba81bcaa21a437fd",680812416
"d8ed50fbd5ed46d36b3d2dba",529507232
"b40128f5e17574a5d3da9a32",825251328
"506d4cc6613a07c313a12de4",604224960
"558b7d06789a1c8e488c38d2",682636992
"38410183814a757520143737",785114752
"560a750cb6f8683ccac4563b",745699456
"48740edcbe275bed3c82efed",793739456
"50b2bb276e598c9cfdb42b0b",730710080
"302adfed183564312f9e3087",751206912
"063e53d45e5e7945f1f10fc2",731295616
"6e2c39fbeb5392e6aee9b644",933756288
"8d6c523d4100ab0c83a31fed",832245888
"6d6aaf30227f16b2be29e79c",929570112
"e73e5e75cb18f52dd7239361",708080640
"dd625806063f76dcf53582d5",1010296512
"a4b16572b8bb786561baa3c9",950299968
"9446f801f30e8b2997fbd72a",948628736
"941569c4352c3a2e32c908c3",1023550400
"8b4c54125d9165554e4123a3",880261952
"d50f33fe5acdaf5caf1c6ac5",340704544
"46ff039321805b51870c64f2",798784064
"1ac6c220eb690db798a3d4d5",661636544
"faf872c4bca132b52dec368c",731874432
"d92232d77f7a124e7ff13ee9",781946752
"f9a136d7944cb7768b598a88",549638784
"e03610db09ed7315cfcd64c9",585034304
"8c51f1b43f15b70d2a294918",536797184
"21d141a84af5f0e2ade9b0b8",548174016
"55c7cbf5e572d2342d0d7071",699871232
"54c0e5e6d368ec51f6e75c1e",734002112
"434ff40bff8fad0962ec07e4",711168448
"0a199d5741b5a6213b39b793",699113792
"9931470b50580f51e1a4fac7",706444544
"89498fdf642e770ea75be7d8",744956416
"aba39002de605f9ff34bd542",810078848
"0c1c0ba7d75dc4090b7183f5",628739072
"2ac425aa592565b44b25cdc3",971307008
"c0cdcb5f860e3a974c401861",756073728
"4ec741bc6ab20515070cf1ee",752273216
"3d4c48167a8de8cb0e4956f6",688328320
"f5741fdd9f509d3bb02e35bc",738512512
"c1d0c0846ec652774ed5474b",810061632
"ed2c02ddcf0e54789d9d2675",859959744
"0e05eba6eed4e55e89dc5f14",895239744
"b29e5a75740c8439aefc9321",807262208
"218445f989b2da5eff4029f4",992114112
"0c7da0c2613129bc322b1da5",825877120
"a41210034abe19957b317d1b",826512064
"0cb4217cde38e09571fa73ba",1049029184
"9df0663317db1cf4121a222d",648059392
"62be98264dbfd418ba21cfac",855938496
"939ce1536f15c0e6bf203dd4",871157952
"d9028df78f9b14a720dbaa8c",871157952
"b05f4b5fae2f2faaddb377fb",623284864
"65ac61968819927b8fd9b990",620464576
"1e83b53963792d7445e19d27",932280064
"72eb1af691a950fbb7e8d635",398362816
"94fecb92077ffe3a72aedec4",511662784
"f660a48b0eb17e98dd77c0bc",482197248
"27fe3fc3838695ce34c5d287",456849728
"9ff4b1fc1970cd5c102cb755",1051349248
"b54940561992090411749db3",526562944
"d4990842f549d8139fa94c87",485282496
"f6013cab49ef9188aaf87972",783239552
"cc2e8713dd087d3b842d2f11",538320576
"fb8aa6b6c5d2499d404f3f73",485228736
"6a8b9fd89b745a52703715ab",455941120
"4721d06c49413558bda1fb68",554300288
"0100b3a412accebf6a3aa4b1",533292512
"215e8852679b9cb6c4029ce3",473961440
"0afec1b2e7060b99dbe41a10",502240128
"4ff17c9b88aeeff105b8301c",597488000
"6eee8548b87c9349ce90ac2b",471609152
"9b264d26a196a76951308cca",529415776
"945fad7539481410e8bb60e5",581896384
"f727924f0f35ec9fb58d0c31",548658496
"c7876dc81e250503076f43f2",562208640
"e4f3e425e9f6e393999d7a08",531743552
"cee1833e8964355b9aabbce2",622139264
"9a1819c45b01c341647a2410",650632256
"ce95aab452311a0cc27e0c7b",542526336
"e6eff72b7c5b0fc2677af2ad",496142624
"3b368c10d243f6bc9c027061",511640384
"510c03bfb80d92d180803887",500813696
"664934c8e209352d2c79c971",498254144
"689ba3a92dd7c12f1965031c",587252864
"93d4c413d2a1ac59f1b46830",555376704
"08b09c586530266c14e611f9",613632384
"7157dafd306fa99e4c2ad233",599559040
"74e15493f395fdd312d50cc8",461069376
"c34c94e7129f84267a5e4fd7",679330048
"fc0572d7185e132770c3bad7",671173632
"5c1bd88edef0a4146c871fcc",631306304
"a28a31f7d0e3fc6298606078",503778496
"f388112376e68ccb2290074b",733171968
"05d1c33ea8c89ded7391ea92",599949248
"dfd84193c81ca8430fd27ad0",671173632
"8b89813a4ae5f9209f854be1",726209600
"d7b9566ffb28c753bea96f0e",589687680
"8062b4109c12a95dd62bd43e",602619008
"6d305d6f3e3c2a53515d5f6d",732682496
"ff143fed55f12a0105f9f88d",604429440
"0fd9a2a99c44c9e5565fc17b",619280896
"7f85c59323701ee0e75abb92",808633024
"19baa03dc4143a83920a7d2a",776071872
"bc23ec33573f28442b36f60b",619791232
"9957e5492f63fa295772246b",771008512
"62e376b22a4cf0d84b7f6bff",725629440
"0867853879129bfb46dae700",897924416
"92c5129009b7e377fa004a93",782012672
"6b9d38e0b9a3e28e3e695be1",842462016
"b6da2728ee41d035da57c822",918302592
"adf5879151c7236f5e055e1f",851246016
"bb31607d0bc3ee4a37fc912d",870695552
"3ef8fee6a5cf42827d8bf562",842004416
"e6016afcc032d20fc9d6f2be",1042030144
"f3962b552d34eb8bf38b4763",879731200
"bce7369d51094d3a9d3495e6",920860288
"55bfd350162592f2571e3a0d",926667520
"3f226452520ee8f04e306bb9",909377664
"b16fda9be5edaf4cbcf07122",842462016
"e6f5ae869a5b7a30e8f0fd0d",872145536
"ab0babf6941ef43c35acb951",802570304
"3bed16373c8ae820187e3d5a",765887360
"bc1335d419a1c0f6e6860470",1002152704
"98575cb25b358dde32ad042a",902617600
"fb50f2f13a30fccc3903577e",980351680
"7a608479334951a3afdc655a",790501056
"9cb40496518bb99a7a00a2ea",1001728128
"a69ded1c20e05bd6b3a90028",776341120
"71d422db0c0c638e448142bc",671496320
"fad033a3c81708df7b6ee73d",774821504
"99fae85157be04554b236007",503462304
"dcd314dabc7d162cfc29c81d",708864768
"1c65d5172e53b4c7f1c4d6a9",620619456
"cb6d4db44c789fcfe8236b40",857443008
"ee2c509989c7155bb472c5b0",722939136
"73b60c9053ff8193c2dd2823",526699904
"2a487cfffeb12837a5586a41",499619968
"c9d285946ffc4c4b3ee95da8",771441408
"6a21be8a7a429eacb1de8c1d",699892288
"2a7fc28219bee48a2368e730",755784704
"5b169f28ea1dc473ddf11580",601220096
"58b3ab31de2f9fdb0da0dc8d",610042944
"2054c61f0162a18c6fa2291e",665567104
"39940234a26e7264b464450b",538004864
"550157aa4dae5fafc5d795b4",690887808
"ca87bd8401c0c7bbc4b3f286",853657984
"a8fdb6fb681aeae4d5c22f9a",948899648
"998c864a446f06d114f42fa2",866011328
"bc57535516748048e38d4a2d",913979776
"ddd55d8001b809f304883ce4",561006336
"b9fecb3e6a507ba17764c303",469205984
"4bd30aa3e2b4aa077ae27490",670901696
"d7ee2851bb69088f851970e9",607577152
"40eb0c78da8b51b53548d914",922982720
"1097d9a61690cc58a4b91e62",529178304
"6aebff5b1fb3a438c2c7969f",533009280
"af672710affcd7e44eee9ba3",573680384
"fbe3b74f9e11c829d4dc69d3",980351680
"6b7219005737d8660d134ace",912499392
"042bd2cfb2d33467149ece1e",812337472
"d5999beafbdc8acc8a6ad809",694812544
"4ba65b1fb8d8ab0a914b0b8c",553113344
"230864c9c9c5959f9f0d36ee",556504384
"8520fdd4f5fec0ba861ca9ac",530242496
"447dd594fdadb1b12ab32e6c",529521824
"3d405df6e5dd012419f43ba6",895892544
"e120c33346ead011ab7789ce",629929728
"505740f7746e0154932dbdc0",543259264
"e9a427f23e80fa59d9d517c0",499671840
"97388d009acd9e5ad49e7c4f",557318848
"a100f050c34e438070ff487a",481379904
"96d14a1d29b7abc2cad573cd",576483968
"f69e25355ce3887bb1078fef",587040704
"86276ef138e0babab9863276",619103168
"344f3bcc1acdba48c12f8441",754018368
"f3dbdb2b69017cfa026ee18b",638241472
"ba32f2964e8b68ff5555fc34",922123904
"fb7154b2dfd2a48c13ef70cc",670416704
"089dc5de66c6c4132734b9c0",717850752
"5c2ba5028fd94a6b9859de70",560796800
"e8544410d811163a13c6a326",524461408
"74d8df07206df08e8f3dc232",808103808
"6fb4126e3ff41b8052fd0657",565088064
"ba35cce2e715bda1684c937b",878078336
"d7997b9126bef50985bab347",565262080
"da3aafeb2d0105f8e09c051f",536627264
"5daf1136686fc538db40afad",525953312
"88f632cc304cd769e2d4be27",537172224
"c5dc941305b5fb59e66479ba",510662592
"ec422df56b811a0aa42d8bbc",519353024
"bc8bd1feaa8fca4c52e130f6",483662464
"60c116411ab3cca49f7f49f1",512995552
"75ae43992df8ef41eaf9d98a",469082304
"87ee5c7c49ced4ec99f44d5f",612952576
"918f56ffe325f21522cc60d3",623214592
"dae09210f48e5bbe0d31c728",613708224
"c1ae2af40e1ea9da6380b8ee",540039168
"e7b717278f7c95cbfceba80b",650702656
"387f18b1f01b1aae536752e5",650598208
"c036fb38fbd2d1b59ed5b7f7",722419200
"76c510c0ad11fa67f0e9a4de",668063424
"ff46d9f7dd86b8bff7cc305c",532397696
"23d95cbbc056b4456b94c97d",618008064
"fc65a77fbdd07fb490ad870e",765223424
"8f0a61533b6a01badf43b6ed",740453696
"c26990b034ee83450a4517b1",798408256
"53ffa19a09c447f3759f86f3",689923520
"86d80d3757377df6f2b8a0b3",904524736
"c757b3960436c23dfaed4f2d",695207616
"fd1431e595693fac0406151d",539239808
"42b6cf2a5225dc62342d3a20",598686656
"6f8a0e8f1bce0243ea50213c",729771008
"02277f636716264116015dde",363723328
"b72459ea34fa22d1fd012dc5",860049984
"cf4ebcab3fe4d12e1a20146a",938060096
"ae2c10850b4a8ffca934cc72",873597888
"0e22a41ec27869c8f83f9be9",768219200
"22a43024821ad081e654c5be",827187968
"2054c223fcd48a48f67d02fd",514301216
"9af6ac77a9aa0c6da3cdaeb0",617665920
"6601706d2133f96aecfcbfbb",542857088
"ce011b7462e9be36184a2984",543206720
"f759f71e444c16a59187a067",817558144
"84cfb0342a0bf2c6777de39d",573912704
"760fd4c893a56a4586030772",513700960
"fc174b19baedc11f78b647d2",797156672
"aff9e510eba008f3ba5c1847",691980480
"a5a4c0f268548993b61d65c6",641985792
"6cfb8a07fc1100569413b33a",730710080
"94301e20cb91669986c4b34f",478926432
"52c1ab7484e412ccbf5d57a5",689145024
"2538cfce1c108ebfb1056c8d",709147136
"d57541684e5c00bd9354cc35",638051136
"123106a60208725514f3a343",597587200
"7f2a2959f5ae816761be658c",1099463680
"fd5758238e7ec91e415779f7",766731200
"e3197263bf47b3d37f027e11",710258944
"8e5661e79f4fc282abac1f37",726952896
"cdfc387f8246a1bb3110d724",749943424
"c53f3bdfe8159bae98ab005d",894581824
"200ea08f57fa23013d0e661a",929570112
"603c736378e07570fb985ab0",787710336
"cc019e30685c91634d2fd4f4",878078336
"b0d394d6c9b8967250854c66",867668544
"f7a79e1211fc72e06a3a82b6",1023550400
"8a1ea9d91b3d8a66c6341243",685200832
"22903633f8c4d91158f65c58",507978176
"bb67d95fc94532b1fbe80ba6",812930048
"a8e696037f8747f562ec98fe",505232672
"72e4fa00e8aab44cf210251f",910045760
"d70948f87875325380885803",1059250432
"a0e53cdd1132bd19b8ba0c54",770274816
"882eb7115cd5b8b09fca0e47",562534656
"529d6599d8a64c63566a11e9",550724416
"e26eafffe4ca3c22b7f4a272",682848256
"4e4abc111c07656e5bbdb0ee",567096576
"46e7860100b0c09a6a475b9e",697970688
"7bfbcfd0fb8f5b6d553c2d0d",640182592
"5fedc401fc32ecc4d9ba7e89",690854656
"aee8b22ecf19495fc5894a08",640182592
"313e17c442fa3040065b7489",551948480
"26206185deb023a344eb2e99",728455360
"4a9e2358d64df916e2cfa213",575952448
"2f6515defc3b21d82e0ca4dc",564759296
"a9b18720f68c7002dc71c3af",510285728
"af911ba38d5376a8aa53fcef",569692992
"025b094e1ea7248f4aba72f0",407272832
"f81aa0f575dbbacdbdc681f9",641446336
"848067a69d18a171e7fa34f2",485671232
"e22ca3f1c8073e246079d57f",570250496
"11444a88bb3b230b4feb5b58",708564736
"7a9264f3a12de839a42c1783",596968256
"6d825b439d8622ab90245049",581801728
"d2d317f2990465269ef58c41",783297024
"2860e4435c857cc8a661ec97",763767808
"39c70622597e64c4821d0731",689870272
"2d6f5bc20de99dd0bd4e34bc",848760000
"37ac1ae3a7e2a3319eafbb58",671918080
"fe6fb32f623a9e3d5586a8d3",744757632
"501531d637608f7098ba6242",743398400
"69f59487924240bac2e75bd4",798172544
"358e1287e24c3c4fb353315b",734722112
"55e307c88e2a943acd64a9a5",655113664
"19105db21495d546e6792a25",750904832
"375419559910484b17782b47",1006996864
"c9d254244e315974cdf5d921",922888704
"adeb9a6ac3d357bd96c019ea",839178048
"b08e0cfc5bdf5bdf5068ebdd",1026966272
"8da2439f391c6db92b9260f5",817511872
"d0751cb5e704e28e03514fb7",817240896
"9051c6d14018b4894b560e2f",853371072
"54c3eff286c62f05ebe2ba57",542535936
"975ee5aeee84593bbeb331b1",535978560
"5102f4786cc032e24781c7ab",1324612224
"cfcd97bfad6e013aeb57a2a8",769449536
"f304bc9e9edfc24eeeb720d5",902313280
"bd05a6f6ebf924adf92e5577",924329920
"a7b459470ef58ef3bed7437b",510353792
"37e009a57645b845b1673b8b",676604800
"b70082fdca35092802f8745f",625726080
"8a69b9d7461107db6d16d1a9",538748672
"adf055978a7a8e9bbd88e741",451301632
"6c02bbf7f6b087a1f0c8a47a",651324160
"d91017d9c530e058ace2e017",635093952
"89016540f8b3fb727d863bec",834478272
"506b653545eebba4c8821588",1278697728
"01fe5add1e7df4b15dd73bc9",672804928
"4911d01ea0a4505d5db5bb2d",544414592
"68bda8b092d5a53a35dfaf07",951169984
"70bec150e1d8ac537cfd90e2",913776128
"0e21abdf04b36e5f6a1fc337",857955520
"f53efb47de2bca5912ad7517",861835584
"82d6244acae149ed9ed88e8e",678147072
"755a4fb96ff2b2276836f49b",686887104
"f15ae83fbc4e4ee3f646b4c9",393717856
"eac458ffc1da75fa1a4ab384",597721472
"6f7bc7fd41ed908494d8e098",594813376
"12d1678bc86ccdcc8ad756be",900484608
"6e07d31b81f3fc9b9de8e1a8",1107916032
"6c618bfe55cac120a4f1e08b",763252928
"22958cc4622a0050d1aead77",508057472
"c7c3da1f12d872a3726736f5",464455424
"ce30c2c7cda56a69005300d4",353295904
"7a26e5936765b409b7b73cf2",877705472
"8d5a73b1d27a66b3f72fa662",848930368
"3b8302dabc47048245acc09f",730303424
"909182c92bbc39b00536ce6b",525136608
"963da21c3c571d7bbc36f1b6",654512064
"a73504d5982fef268f5ff589",741604160
"50563038c05963223b459beb",834437632
"b9a0058c58cabd619e226178",923898944
"0037d98f6ac46a86e36def45",511607808
"38117bca778373247df86e14",596088192
"4eeb8b5347526d721092a7be",460328384
"0b6cd71df4dde546e665f865",460328384
"bd066d5d19d41c06b904d51c",460328384
"f10e210fc04e3fb073568323",460328384
"9f504cc4e6b170155d38c687",460328384
"3e4c1e6435ea1a9c3150aed0",596088192
"052c93502aa794e0574db9e9",460328384
"343f45e7d178eb780a9a9818",596088192
"c0c4fa199f0ad751930cf78d",455220928
"5d86154fc1769d4dccac1269",455220928
"e1fb88779e55aef2b66f2c10",511607808
"c26af6fdd00a85a17b823d92",460328384
"be3ee4457a26c6b6ad4237d7",470366208
"9bdc79dd02cdf39f92e8c869",511607808
"1d4bafec52ec7575161bcbe0",608461888
"0f15a78ce3ff90b6894fe3c7",512787616
"afa5698724bea14940667231",760572672
"4d8e365b35a6b8ebe6d7a15f",584304320
"6ff848f65f2507e58cfaa231",537860992
"e13947242fe19bc3925919f8",599808256
"c02caec41084656408c2696e",593886912
"d6fd079beb9f759fa4c6886f",557318848
"d14f7f939468e641c43abfe4",581150208
"8f6076f8ed13e87862d82255",607852800
"8d5e662ba25a71727f1eac77",716972736
"bd2f9648ee9ebc1fdbfa53b3",622139264
"da8f986b6ee6f594780f4a91",716972736
"af7131ea57639ce5aa1e102f",716972736
"30e10a03626eeaf8bc2c380e",598250752
"6caf180e36fe18078703db02",588401792
"a40861d6573e4539ee3c23e5",725180032
"d5f905cebe05262cfc44bb11",785114752
"809800b56b7b29399986115f",692149184
"6b2d7f88f15cbf7d998986da",745699456
"a0ede3a514cede68b721d994",780138688
"179d467dacdf674a66c7310c",615602688
"97f9cfef1e35be84ceea2a46",759049024
"b7e01962fda2102f1402a444",785699904
"6665e5bc4774d04321d1ba9f",637496128
"6c09a3ccddc797f77d63f1bc",808103808
"97986583e1c988373765eab5",827881088
"56807890f8587cd75893aec9",758195264
"0f2fb3cf22613a339c88f7e4",691125184
"a967a4f0b1dd36d7264cb408",718160512
"08ead1ac0b9b30c2a72db17f",924352000
"1b989360ec91f5da55806bc4",855529152
"b289cd856f9d15493d31ef6f",816432896
"88668347361a227b6dbba15e",920221248
"ec3f1679451b9c0037f89386",710182912
"9cd01a5cba1674559752f5c4",846605824
"2bd96c7fe678945fcaf9662f",875152832
"9f118569fb8b084f0615fa22",519147712
"033521a46dae036839ad6c90",587024704
"bc1ee1f8ffe1ac88f08e2459",584223296
"c62886167530efe1f84086ba",417497792
"d58f191c74d26bc1fb02cfe2",468079328
"981b55d5c38361caaddaddad",651691840
"ef26c0f1cd9e3203ad16558f",703059392
"74cd885ec200a0c21fa9e03c",644144640
"fcfa51e5eec6829b9f4f2c59",413698848
"c3bbe8c09f5e58281dddd412",654743232
"8f36d25584407d9e3c326e71",890683264
"51f4aec91124a9a96f4c5372",694288896
"b7becde9261820feb7cd926e",631274880
"65070c554133f2b4143fe051",750386816
"c2a2ddb94f60de25378aecee",777100544
"5ec3abf721e13b0d55829bba",742483648
"502aff943d74cd4cbb976dcc",708045504
"11e6e5ee92c97e31d34db891",1097488512
"b1589aa1f58f6dffa93a3a61",1006492608
"783ecf989538582ad008fd95",1011877056
"1770bd5b0a07a6aa785e0caa",644237440
"53715a484e20d6152c76fdab",856530112
"ef73428a38c201019267afb1",487342016
"932a93e3ee2093d7f806fef8",589913344
"00e9afbd1d27062a7bd40a3c",831430400
"a11a82cec7f8a243e2f90539",661636544
"e4a70600296b0bde6c28fb19",731874432
"0a1b1a3d68b04cdcb2d757cb",845484928
"7c06a2f06cb4226f9043578c",809209536
"5e113e1e878da12e312cf875",881214656
"a72f5204153b7c92f52d871a",781946752
"fc17f35d300be9680971f95b",525962720
"13ab6a062601d40843de37b8",534101728
"22abc78ce812c519511f8a4c",722551808
"faee4c33e892029b79b63742",658511488
"c8d39eef5a5422e0da4172cd",535192224
"b13683c625c97c23333269eb",528127616
"00e7c5894c739852052f566a",673748160
"2703313a3e5a6fef2157928c",548174016
"8dd453e986d05c6c1dd104d2",472649024
"22b34331d7ca2ea642d29946",573943872
"23187388f9d6e2bffb88b9ed",721314496
"6b49a668de0edbe7f8110740",779730816
"ef0e5b23069a9fe377b77ccf",755123968
"c37348f8247ade33ac513855",721119104
"1d19edc1e0d907e5ab0899e5",737826688
"c73ee8d419b96c6e7c53f95d",748861376
"6251cda3676ecbdb6555c526",540423360
"d12d6ea066b67c3db9b2dfb5",855938496
"8ba4e8e071e458a13efd179a",656011072
"9b8d798a2c455a960ee74503",549323904
"d663ca1a0d29b4cbc5cae9ce",571817024
"dc3b8d97b11cc2af4cfbcc79",760092096
"7d50144c4b2ead9b7b9f594c",747061952
"ff9cb7bc0b972d4515ea3837",617665920
"267e46cb9eaec6c7009348b6",543490368
"1769a8ec5ec94aedc397b4ae",590831360
"dadd9ddd29102f529caa3bbe",492621888
"251903f4b947b337e0134415",597587200
"e1b753c283bb9c6d4e438bec",766199936
"16fb51fd3d35db53eebbe5b8",858208128
"8f543f9c31af1eb17ef1e353",679288064
"20c3cb2d4fa486b23eb81bc2",724303488
"6fb9e9ac6d44d3a286f317ae",636927104
"15b57b0ad8794d64a2784ce6",753989760
"d9ce31250d4ae25c3b850124",758169472
"f90efcbfcafe544674c02586",742997056
"05a98feedbd3f422bf063112",753233280
"ea359d571ad0c986f826d31e",784938240
"b02f1997e6e6f97dc808b8cf",909327616
"307acb7b4044cfa5680e4227",911293888
"ddce386b0ad3199ca09aac93",779463680
"9e28972500d8ca3fb3b76fd9",751206912
"687b1dd576eb7d06a08c3439",887738880
"23b2b5b9f5bf3e1208f5f80d",1052272000
"dddaba511b6a18f49b41c1af",878078336
"874e3e3ec6f67c160807628d",843106624
"67ade5109553a9d784886a46",904804352
"6879f05563a9f0748088cc65",852885376
"dce05cf86b42124fc93d41da",951387904
"1ea5db844a6d3a926480351b",661786368
"4e9acf6e9f80f65178766740",730303424
"a35450284f8dc27e0ed717f0",1068934976
"069499abc4e393fe540777b4",596584768
"cd10d6e28fd7ce92518ea31a",934674560
"3edc0e70e7cf6a21be2f0d53",615913280
"2e2ff1e620063f416a387058",610042944
"1ffdc10c53bb83d3be84c327",768287360
"3c95dcc4bc3788b4cd5602d5",687293504
"aa592f388454d575e0006206",540408640
"f7e5bf5b0f6157ed1f604d37",601220096
"513c6ea5a3c2c560c409eaa8",1468182016
"7cf15f80838e8edf4f9cdead",1052940800
"49737c7682eff2513869b3f7",862046784
"4e8cdb49a2bdf68ad8d12625",859080576
"86af11931b004aad3fd27b88",654822912
"90921c9fce21986dd23bc645",785434880
"d79d71be963d418a4c9dec68",845484928
"c27b2b735106bd5a77a15616",744757632
"b6129a71f8e320aee8abd0c4",744757632
"26922ebaf11e35a7a320d30b",881214656
"23f859b889afe2639ad55a21",676000960
"ddf47d32045769c0596826db",1161898240
"1d0c635770f2e51aed4c8664",1011653312
"e6144e15d5cafcfe87c07c9a",554803200
"a7c7923f9a4d004eab43413b",868360896
"42b3b56289972176c20c4990",506239168
"b63f49396431089dd646837f",625058496
"e0b041a39e732783f98bde56",1049475904
"409eb9b8f2ba87ca299a7f6d",593409792
"1a46c13974f3634ca6dcb51e",686337920
"4b068c79664179605b145a15",699399872
"afeba13fa3f81249549cd2eb",679416896
"3a3ce11d981d0893ec732e22",654822912
"ed68664efdb7377c33f4010d",683524544
"93de58cb0d8fbe74b0cbb556",778775168
"faa204421a94ef95b79eddf6",744757632
"acdb13c4c8e2a48b0bdabd91",1013486208
"5271cd1cb962066407490051",908982720
"933251193ded6df07c83128a",921384768
"524e00e537f841c13497cd52",482928736
"a9d4f256527be98066c493fa",688328320
"2207c1ed62f59d6eacb3c18d",569555648
"97ea5dc81ba49ade4f8f580b",621048640
"72488318dfb2181843f17c03",776297536
"76698030899efea431dbb81f",518043136
"e84888d2f22e14a5016ac789",575333184
"d9398ef84ae71419cb7cc82c",646135744
"6d32649478d9d86d840969f6",610114752
"81600c1e6b6e3ae770e40b28",860479232
"68075b0ac8e779bf5e66dd3d",489016864
"6d7ac64b8b9f27f61fb155ec",621413376
"d3bf3146ec856cc26c607d70",911079808
"d12298e0d398e9d21d2e2eed",710518912
"97b69097fee8d8496a6b8c04",533767008
"fa6e53a7107c0e33e3d505d1",855938496
"7279c610bda9354e1c840b0e",575333184
"6f3070318ab65b867b2702f0",390706240
"e08aabb998103a941d24d0a9",514806144
"415e1faab81016a460db7a0b",565148992
"8b871cc48b99bd4190877bd3",511607808
"7240bbe28e950ed75637b504",473091296
"831629494c6d15d5ff6a00a1",511607808
"1cccddc33bd892b44d7e4b7a",826872256
"f9cc6760b1112ce5197bf399",756298880
"0901e845b6c56d4761377a09",566993792
"2a33fa5b25963f3dc928f668",684678272
"83e9507b9ca2987a21d1b195",560725120
"9381bdf491d48236e84590fa",568057792
"c041a933261204155415c2d4",776510528
"a1cd867286d6e82181e5d1bb",716972736
"240d2474c81482baaf79b6fd",716972736
"ddc1c85af165e47502447242",702573056
"58f02c785ee9a506e899b967",729268224
"8b353ba6823f4f800635f0cb",830157568
"68cda50b602acb4efeb275a7",737358016
"96cb3c08c80815907de81e73",648427968
"f54dbd8f0aa752f79c581e5c",782241088
"52a438d024af0d5c38627ad0",642357952
"1b5db6af0a1c0f7787064020",862665408
"84a7286c91f1ca3ecacdaaa2",877003136
"bc6d6249873222ac7f22b73d",741125184
"12501015fb631d7c10ff08fb",619649856
"85b633e09a41cf22a10f28c8",711971008
"7acb92246dbaaec1cc7b423f",657737152
"bfba8fe959dd2e44a4202943",737263360
"5325f16558ed6d2689bcbb46",723820352
"d4653d505cede3d24e258d4b",737263360
"5146ecaa8b7ed507c4f30785",781045312
"f5b9cbae30356fb3a1d005c6",893599168
"205ffcec56fd884ab24c5600",783640448
"ae7ce478fb66882a2c952012",688344576
"efc9ae02fd6c3f18db866cac",767072256
"2221052e00c236f31e6d5a06",566719104
"54673ffd4971d04493a1b1c7",811130176
"b0bbdcf0916b246ca95c4721",557926784
"1ef15e2b882a0da85858269e",564535104
"9881fb167319b34cc23da955",790028992
"9d2a195e645a9e8556683b4b",623075584
"14acd96163e6b3e17177f35b",553707008
"b2c5af8615b8899deb16c896",602458048
"4c40683e401dae89f6537ab0",583262848
"dd007a202a0a3d56ebc4868c",636926976
"6d9c89a406cf2e755d4172c5",627160704
"7387e7e385063c180f05a7cb",605581376
"9dfd5df5a2efca3fbf2c07c8",799750080
"2a9e75d221912230f98485cd",740120704
"86ce27f9ca03821d13030f18",824537024
"3dbf89c6e97182647bb44e69",738492672
"eaa4893a313d85fcf38dbb6b",747421312
"c57e1c323ddeaa7475e5189e",677438144
"84856812b63dfd9630fa49e7",765760192
"945202a450bea48fa7f2a95c",796987264
"fd689e54d5c418dc9f2425e7",893607232
"eb90d9e9eb53b44b07ef9613",884240960
"79005399fa92d05558fd6f6f",847792832
"5cde51bd6de3759821216d5c",841764992
"230cb38e035b85a4353220e9",760473536
"a22ed42197987a8534abf76f",512092384
"43a2ceffa8ed90bc1a43255f",403809664
"8f2fbced5d357bcd6b1c7de9",655629184
"6e895a15d402ea7fcee98156",692559936
"b6a2406025f0e1fa09690c2a",403809664
"f46d46ccc7fc415433e471e4",467565728
"71710d25975271eb32c0c8f4",449635456
"01b7bb1556b5c32df8f618cc",533796096
"56e5afaecb2cac6293cde16d",442930912
"70209b9024acb3e5baa769ff",764911488
"efb0b413b3f661b23d674b3d",868360896
"251db9c4b7398902b38b4a4e",841986432
"e3e7ffecb903d2daccbf8a53",482015072
"a92ed9a378272ff174ce2688",723249408
"40a53a3f3d49f7905966295f",675227264
"bcf2c303fc03897585831351",802203072
"4b0ac2ce45d7ee385ca369a2",852585792
"85c7e8ac008493b34e8e0176",691621888
"0ff24418ecb6888dd8ec734f",1207542528
"3164e0ecd246b8ed6cb6d054",955495936
"5f52e316136696cdb56e65a5",483147360
"5ba4bb943139d7930cb91650",815564032
"ba12ab0869d66e03df12b6d2",503995488
"1a111211207627bb4c840442",623891968
"9d2ec1ed9eac77d534ed514c",460195040
"9030f17b47b3940c2e2c4093",460195040
"3b224cf6107d815a2e78996c",726326272
"ab0e770ac42dcc82b472c55f",514115808
"75fd66abeaf040fa76eae2e7",675037376
"c31d98f67673691ece007a65",503616544
"60d5f19c16554cc2d8e5940f",764911488
"53fd196fd0c0558ed1219329",381514496
"27b06d060ecf702fc88c7956",854763648
"dc014623ed69c32abce2d0f4",478193696
"f1a8f09837660445961375c1",885655488
"b98a462d9782988cb54ced54",936708224
"6ae4843a827b36bf189a32ff",887900736
"84e4f6c6b5dec0da7f7ca0fa",519237120
"b8f2b9c2e63f0091b6038ea6",758371968
"e54c7ea1f012656f7fafa49c",545039872
"f25f5df33f25576f805a95b5",687257664
"ce9474244dc2d40f357146c0",502240128
"54bc553b5b8abad0ceed4d53",473961440
"e75d4ce522cf587cd66adae4",562208640
"b1f0b12c28c9bd2d16b3545a",555376704
"412e7b9e1de3df8c3dbcf198",529415776
"f52ce56f20251f018d7864e0",613632384
"6641ef09c0bf5f3180952b30",487069376
"ada53307260fa34f3a6411f9",588043776
"51f0f76e2a8cf50ef3650901",531743552
"da482df3d0fc97f9f8582e22",533587104
"55d47b5f3d0d2dd7c2bf4034",642277120
"1a6714ac2350ad371d8280ae",514980256
"0006c9478f4e7edc53d84916",455357664
"dfa7461510c6dbe5e119d106",498254144
"5df95b44c73b249be0fc69e3",672524608
"76bd7a0b87bfb6d2723766ec",491430368
"8570a1d8156dbcc267d3b495",771008512
"94116b7517a06255bf4320c2",811559808
"8ba2d7afde20563e38892304",602619008
"f86ab537a2f5d8c2b223574c",671173632
"9d0d2774fbcb6fcc66b865b8",631306304
"9086e6e757243bdda003878d",728498240
"5a3625846567d06dbe4cea0a",732682496
"f51a78ac4b03665561552b0a",782012672
"561a262410ca91d69a58645f",921862144
"08d90f931e7e0a6f43c9d0e0",793483392
"f47c64c8ee69e744e654d4b9",926667520
"fcc4c878af8bdbda6e1fc86d",909377664
"8d9b143cd8eb71b05d32cd2f",842462016
"ce6a3868227d78852fad9f62",920860288
"d82f743ff414299f8c222db9",842004416
"9b2c7e6cfb2d6c66e1ee8a6b",870695552
"6e9009ad01cf466e8f8136e5",842462016
"a4bf0c02f139c695845c9507",872145536
"16cf0d7977ed97d6ae8d2cc5",902617600
"d96855b0ec427f041e7a36c3",790501056
"63613a9290bcd9e1bcf2786c",784455808
"32036c1eb131e6cc4f3bad3e",605144384
"ad47e82c9efcfa36ddac0a95",499981280
"d5af3041d95f5e89969c9868",510947584
"f2387712fa17435f56d7b102",544044416
"c1c8024bb6c3635ff655843b",476413344
"11e4350271e9cbb37bcb75af",646646784
"d012efd4a77c5aa5e8d6e508",656862784
"6240b85a47c079cd0efb077b",637734336
"85e332a999931ecd0e04475d",527980992
"4ec02a406caf200b700f5c62",734084352
"f3270f2ccbcccf3046346809",665269824
"bfc5aa443994e3f3f78c6105",877372288
"aa09cc29ab2f2cfc79e5bc7e",882558144
"6eec5b03718975e5137d5e92",731497216
"6974d82e41437d61c627b16e",787039680
"ae3f7f428b49e6948ebe6fff",705789120
"a9a710b78e776c16eec24be6",740982912
"249cf6f96144f769030d1b4d",670446976
"645f3c4490ce43ed68c7df10",702294144
"3413f37549869d2172b76d6e",696251904
"956600c9a4ed31e588f8c593",858509184
"00ba709f184e70be13e5bf9b",734953408
"275c8bfdd3fec33752493861",745250752
"3206523e850b5b5fbce567a3",807699392
"9c9ffb3401ab6ab90fcb555e",1005943936
"4962650cfa3decf487ccbd0c",728455360
"a541b35c62878dc2c425235d",966338816
"2112e589911b979db6e05a6c",943184192
"c9cfeb97323bd6a0564e1903",635104256
"30e1bd4619483b0e896b5229",597587200
"48aa146a36aba8a0270a8a1d",904804352
"678a80840673787b3aa64228",837102464
"392abbc83cfacfe87c401e27",441041152
"51744814dd3a7e60c0791041",789855360
"c6faa5d2ac8e74c26fdaad4a",706171776
"1f2c22839c470363ff41551f",878078336
"5438c2127072b47e3af428d8",857902272
"32e182242a654ac03a8f3ea8",426358080
"0a45eb817938241ca988c2e3",749698304
"e74d815ad652f7046ba33295",534856512
"2887a0d34994d284759db20e",674479808
"621c3051ef29e8da01e6bb2a",531179616
"54de2275006e273686ae5fac",831726400
"b0a0cc38f73c9d90bff6ad92",865317760
"f4df4ad4366bd794594c111f",1061977408
"763206de4c26e3825b69f4c6",761093312
"d5ddcb0a54416bdadb4bf57b",611574784
"bf17eca5afccd9cd6299b9a4",695169536
"02888257efaae858fdc7938e",723385792
"1f8ecf6c089ce6168b3be52f",745919552
"fd7a48744bf966e417f34a51",897871488
"655d6eafd78be856479767e2",724718784
"27472c6c6a801eb749b9719d",751597760
"18fd9bee381e7a8c29a44c4b",751189952
"da5d47596a755078a2261328",573158464
"737c83218f0e486ef4feba40",509696832
"2390c275fccc98eb4fa33af0",586077056
"35616923c84423b44d1d1438",892425664
"22fcf0650753e2b5a2fa3786",792587840
"9d8e7178912841c2a1232ad2",616665472
"36c2cae6de0add92f32d29f4",776762752
"699b68daa574a0f169436ccc",544956736
"c3bd0b8277a37832f56be54b",454964864
"6b3411cb8c50c1498572e681",595310400
"fad4ecc419fb64b3f77971ad",755251712
"4034cd9a70d18fe0c883a0fa",579900352
"8f9417de118ef8486538955f",863291456
"33f4f9988387bfc237d114fa",461117888
"40c9f947e826f89c6ff3f898",615024704
"351701c5d1b821253e2c8c42",390518848
"f6b405af32c398147475dc9b",585277952
"45750daec6238508791d0d4c",616750400
"eb85bf9ab77f59615960fbe0",651538048
"0ab6e52af85ebf23432d7698",622661184
"9b13a371ed4724d2e2966447",687160448
"081bbc273db70f1d2cc84ed2",645883264
"e113c48e4e1b53adaca275f2",694146880
"4bb0666c55d174e0280482a0",616957376
"ca516516b33dc09d712b3154",693115328
"631e6aee6ec1f720f3c78775",492269408
"c7746198cb5871bd687c2538",791144896
"58a5dacf2f664512c2b00ea2",788184832
"6d8998442d831addafbc878f",771660928
"7d4ffe0038b3ebc149d8f4cd",711521280
"55ae7bc854658aa5fa49d368",631175040
"042ff73057dce4d92d383cf7",433787232
"807c04729620ec60ef18598d",523736256
"5dead94ad2dd86dd41448994",543179328
"bb90c874275456d5fe0de83d",526831040
"6ea5fbf037ba7e5c74d7ca39",581030720
"86dd7931177df94a649a4d62",588724992
"58ac250fa52a1ac7ce39f70f",576700992
"2861f1a224b4c879b845779f",622646784
"8d06af8e439c45e0e125de91",620746048
"bb2dedf6198be0f3ce2c4ffb",652397312
"57d8cac189a13c180f08cd2d",412438336
"db575f8a4e10a29fe81b335e",745699456
"e8c79fd41b001fb1da0d4fe1",730710080
"b81679b32ea288e9665dee49",1023550400
"841482deb90d19ecb1ec8a06",580763968
"214df9371aa59f68e5740212",698740800
"bc52abbda9027e10b879ed50",572338112
"ce8ce41a36b610be164a25de",766772608
"a67412a01feb64ca6e772858",779597184
"d87896f889ddfe1ba210d74d",451058464
"556a39ca66e10ba3545f2234",560804800
"50cb893af4ad0e21a69f05d5",564797184
"3b5a5d6536a9fd24f02e8ba0",575644544
"121cc20fd81d6322f56d5c53",538748672
"b9c893f3c3ac4dce40d0ea19",611732032
"47bf8d322af3c13e8868ed0a",564797184
"a4325969a50a14c948446f9e",737743872
"4583a6b01449530079415768",813957696
"920e2bd03c9d34e36fc38ad5",813957696
"0a59b506798fb96edd7681c7",730600448
"e8d2cdda77c1d885e21c7bbc",857955520
"8abe99f2b71b13dfe7d71616",951387904
"c07e98122103d1546d995f9b",809916480
"29fdab43da21ed0d22c9c71d",483004192
"f2ba7982bed03cac394ef87a",711702144
"eac89e705cfd337a99417320",454521312
"40713332e88c6d3a393c8b2a",525499744
"a9aad230d22f7dede73acc8c",862854336
"3b7fd4008e14e394dd09a0e9",1006492608
"098327587a877bd50df27551",464315360
"0379b6a001e4018c34e944da",764127424
"45f24dd99d362f49c0adb875",411096128
"dce1dd028695bfc5a47aa6a1",415204128
"cfeb702df06baadf29f12eda",465791808
"9ff5828e084070628ef2ad96",449111168
"6920e6d7fff656d66844949a",731314432
"31ed69311bfbbe000f4483d4",558841600
"d300473e3d2ced1177c9fbd3",663252352
"2cb64650b876ccbc7337a0e4",636780992
"3ab2ed6d140698cfa41f2e3f",496074208
"9f8697b55cb665ebb054f9fd",577940032
"7e844f8a24422ec3b833b4a8",393583168
"55a615a3b3919798d54e885f",589419456
"fd26da8e62b5d1155962f0c5",542526336
"ee9171c496fa78b1461acf88",930245248
"d5182c47a954c964445f25d1",762171072
"e064b4dd7b4e64a3e0016f0b",897924416
"36753a5e31b0edb1eecb8bcc",622139264
"c2ee475efec76c46efbf1b08",599396928
"3baeb28cb33d048bcd6e42cf",553499072
"6a6d990b9b1bea0f844d3065",527466208
"e93dbc804920c0bf7bcf8cb3",491025248
"b9ea1b9fc0e46ba0724cbc0c",534910176
"95e98113e39820523e95adf4",480317120
"942ed340950f02adf9749a36",599337792
"8538a41c0e0fdcb3829364e8",612305152
"804289a128775f7d1652cb43",666251712
"3dec1da01706b06f5d6a9266",537709248
"fe004acdfad6ac6b00911ef0",721507840
"6c679d5b6a1c1b74bf483478",785293696
"ba54b5ebc5d4f554bc56dec3",570627584
"5b9469c3ff6b197bfe3513cd",719199424
"2ca6ce8266afc6721d179335",839623040
"94160aa4e5c54bb479b1d0db",544002880
"eea6a2137473c3ba6708b576",345516320
"9969f6f4bfb29e3a97c2fccc",623217728
"68006626a3321fb0de032307",586882624
"2149d04442f73cfc78f93bab",649369600
"01cac7d033166094ab9f87b0",637567232
"15515ecdd35e9f175842a738",650474368
"86f1d6fc54152004e69027a0",725944512
"0bcf7987c4b0ba485c44caf9",699140480
"107fffd601a2bb7a3e4a69e8",690126912
"5a44636153b1d4a74d58513a",603208832
"5ae08e5999ca2ba0a1e2d8a7",728266432
"369e9e64898ea16b7ffefb7c",723358208
"192b505186d0bcadb46b7032",774004544
"6dde6686bfdff12620f198d3",708198592
"503a04e079773a04f2abe075",721032896
"42b5ebbca90572b9cea79177",622139264
"0b6f2534f862a7ef551a116c",744685248
"05e06a93e9f01dd3984a85ab",470874048
"c6706db3eb4f0bbb0510578a",698486336
"2babb357d1d828c49bb89be0",783937600
"3951171501fc51e2d830cc82",746031872
"fb72b8e0457c0199e158e599",872075648
"df865201353bc7b915b56ac6",574759616
"8d1b3071f5396359c0b6cc62",862640000
"c451b61851c8ae1e6222109e",864556288
"e1c33552eeab60683f2f89d5",882207872
"1d8d51cfdf78f1361710708c",734852416
"bdc8e1a1e06d387f9c7b026b",734852416
"2b36d797d32013a126e15709",460195040
"13b3a55d79b79ea89a73d21a",455087584
"e57ad52764215c3d54740ac5",460195040
"19e11b2d60326895b5e6ba01",460195040
"f6e1752b9f4a0a3c8573910a",455087584
"062efee92601be294d7346a1",460195040
"e2c3acee51cdd03b1f211278",483283264
"9390ae5c166e1a976e53e16b",478282464
"db3aeb3a96304f3c255e8a22",561899328
"d353be29e7ed2c35b920f7c3",582132800
"893c1b081e383de73b9f2e16",798839296
"8302e2afc48d6eda16784da6",704347136
"f1e9676bc91a76740f4e9b0e",721280128
"ce86066ad78dea43089d25c1",908159744
"c89ac55660cee4608bff27d5",519371168
"b183776d007d85bef0f6671a",670011200
"e8872302ba40e4ea413689da",606706560
"0afc6cbb60f34f1cf00fdfb0",875773248
"a811af7cf12afb1dd9b8eb86",541204800
"7947f71467036449efb99972",898472576
"2ead9549bab6f1386b7a2c77",900474048
"b54e8d557263624947f979cf",779709248
"fabd2201750747891eb6af77",1006982336
"7c3f7b513bb20c918a51dec6",831193280
"0dcc222d83e1bf05f2c2c090",997103488
"3ee3ee47bfa21462a1fd455d",640804736
"1dc3b6ea53413ece15bea33b",863013248
"f44362b932a8b70ad4b99a29",580652032
"5372f93d988c3c917629f9f3",548525696
"5c25ccfc7ae77f1d85981a79",546502592
"4df222356df121a41adadda7",366830656
"bf38bb7a2a7ea663cc8f3d57",548525696
"ad0025f5b240d00936c82f9b",604900608
"2afa66b726ed0b1492b9e01b",772717376
"a528312b77b7f84741c2bf29",637795264
"1cbeccacfa11843a256b2e2e",608815936
"d11eadc78d95c96f50b41a10",750420032
"c918e02b3e6d80125a2db1cc",431699776
"b2af005e93b0242e0f62f298",524059456
"ed9703ed896c6118a3458e78",411570400
"8ed11c1d4e7aa1ccf0ea0508",344882976
"9717b066e135a82feb422181",482015072
"294985765f4d12e51a68a451",764911488
"edbeef6a08dd17a941634d49",710134528
"26cc292628ce4aa87cd287d6",799132480
"47f7065118bcd4c3878e50fc",705605120
"e369c63f83c44329ddad488d",709299584
"383c0948aac71636973507f4",663944384
"6bd1a412c01387af8810ce57",1198558336
"4b92ca1cee4739104e620871",1202304000
"0123237414f757b9c3809f88",1119345792
"6e36550a6ff6fdb2711a88c1",1247894784
"1b5de74aea685b506a952f4e",616058688
"d85fafb4d5ec056e6db9a79b",501803456
"cd097f6cd92275ec8ace1f20",813592512
"ced1f52def08143f0b2b6849",611334016
"89a03e25c43a555b47c53864",729581248
"f8d64df401009704c152bcb6",452076160
"2a5aedaaad2d908122f28f22",848930368
"edd0b57b90629fb00d036e34",809394176
"f8731413b0d976c03b7e05ca",783339648
"01abe3cfc94be46c1153c82d",741788160
"aa7f5d0d2fd5474cc67cc70e",761990912
"4912c91afa6e4aff6ffdc6a8",898134208
"9d805330fb0df9ae73003ceb",743494656
"7daa9115f755a6c70411b9cc",796112064
"f5896513d1cb044108d23785",1338339328
"3ff2a2fd905d81f0422c54b2",542752832
"02ed31afcba033953c79d95d",613009280
"c2164829374d5e880c1a1f31",623891968
"3f6eba5c365508ac192f2b82",593945472
"3289958459cd87f24089cd14",597682368
"ecc3362a649cf08afef96fc0",604837760
"264e00a64cecb861d2c05b1d",637663168
"d5b5bbf927f763a43190fabd",723195200
"2691d7125e9046e597437f2b",855618560
"7cf183ed411cf82df26640e9",685042560
"f81107599bc083fec4a13ca3",657544448
"3c2a535f1df831771b859a86",543851904
"9e871ee8a61b183aa9051b72",630701376
"e066ee04cd3a597dac8ced59",585218944
"2f4ed160fe2a21722e6299f8",514480864
"e0ae53aa3cc9e9ba7ce65f74",849658944
"78d727d0e61a7c8b1cf6fb1a",749843008
"b42f936db049a74c7d24b0ef",710475264
"62e9330888566f1f826e1ee7",816075136
"3fcc5ff04edf753621d6cbb6",819754880
"d4ae25b207949fbf0df3b404",591854784
"14bc234ffb3ff7f974afc8e7",570117312
"64fbc9cac3f15c0f1a16f4d7",485671232
"5fa1c8237da8fc7683bc10e0",554138688
"7bf4beee26ba81ad0b884f9f",508077504
"72a47f70aa99d42320e54787",494390304
"07641db461323a5cfcda4f98",514256096
"3af2a1ec9efa6884a8254d28",750046272
"3adca5eeda4939a5ea11444b",680384576
"37d39cb7d3849a784497ed0d",641469376
"b9baaab70cb83475ac3bbab4",510928096
"74e178e2398895d2288e6fcb",611015936
"ec15e2a131d9724b012d68ea",730710080
"ee042a4b4a0bf9a1dcdf1eab",673647040
"35381d7a5b25317d7588ce77",708361984
"18ac3368b1f6d8f7171b07b3",745699456
"3dbb09358256bae5199e1318",644396480
"4662aa1c44351dfe271e3a9d",720349376
"034a30994bb2e0e446e35957",785114752
"4cdbcefc434b48ba3d51a498",860155776
"3d3317303679a6a5a381d0ea",839752896
"68f4e3d4355bb71db0f35a65",656863040
"b3c77f4a398b61d9c204f8a1",718982080
"3865974fbc1b412f24c47eaf",773010752
"84ab3ece52fe00ee50f057aa",838866624
"dcdb8d97ae65daf55570c88c",836986368
"7ea01fd99b389d08ca50c0a6",708080640
"51df325f026f4cc5ed2e9a65",950299968
"1f11cd977996d909ffacadef",951387904
"5ae03c0e33dc7d3e0e0d54a5",735573696
"da88bf5bc2a7310ff382be4c",1010296512
"035de58d60807ee2c272ce82",1023550400
"0cf82b1128ebb8d1087b640d",1034922816
"bd8b005383020611b8922147",528940544
"f5c79a564600bcad99c74f03",437734848
"b11672f22fafd555f940a8dc",554359872
"2bc88a5c4bea2bd00fd8f13c",506695328
"b2b99019a929584b4904b98d",695072320
"678d0e011f710cefa49f6465",595174720
"f7de22825945329521642f49",530196224
"79b5a037bea858706838a62d",538004864
"9f339d547d83b4ef956a3690",679683136
"127e197a2f70e7ddb5dc92aa",427022784
"65b8c48546af394a924decbc",536805856
"cdc0c282ee62c51e3a20459a",859250944
"ec824ecd0319e05d1ca6a9c7",555167360
"95f27bf0d25bbcd0d1eb9cdb",797952320
"ac0ee54bdc08632efc0d771d",617158144
"904ad71e7d108930d69a7332",501141856
"7f4e6f790de012946197e0df",661786368
"473cb30713e88ecf782651fd",582504384
"59a309a6af425b2028a2ad69",899798400
"8a1b0f59f86e33a7aa7c2c23",855128448
"1e884932e57cfcab75ebbacd",1010667008
"8e273f1dde4801825fb19742",836634688
"1f9c0f9c3c6460a323171d72",889519296
"5dba98aa20e371c3947c19b9",828502656
"51516e102f8d43a07037ed29",870196288
"6eabd14e55ff090e8a93c727",669534336
"e224f9ffc7bd70369a5e8b68",850100928
"35cb50346289f0590dd24d83",1033398976
"2aecb598de8c74d9d5108d8c",809737920
"69c7e97037c747b93c33251b",948899648
"b9b95c89c988f68429822e81",615663488
"fa2c5c19c86087f207c379ab",569142016
"9bcd34e7a974c977f65925f3",982728256
"3611c89dc71078cd0aefd2cd",538004864
"9ab273eca8cd5dd4b6339ca4",538589888
"4347966ceb1770f758cb6e37",828870016
"2a68f627f4dc8060484cdb18",972061184
"55ff644abd72eaff17d533f0",991578560
"db563e5a1cd9eb1be832bf5f",923348608
"a0e9310061ff0084d63dd242",741518912
"7ff62b2f8a28d60f6c4237c6",940368256
"c42c59e8a08e8657ab4201f1",473043776
"de28370454624724128a0688",705605120
"514aefd8a44ca048a8088c51",772998592
"3d3a318662cbe218db0878e7",848930368
"2714bcd5c0c503c3bee0e0b2",743494656
"5461aeb15c7f826f0ce157e8",607966464
"db352cbc2aa3066ea9b34184",768916416
"22b066e6dbd0f2562a0554f1",975380672
"daf8d6d3f4ba21513341eb3e",833262784
"523605d1fbb75b0c5acec5f7",523506112
"c59c2a19b93ca666b7c389d4",751917888
"61e57e5539c40e5ffeb77997",523506112
"c1fc25faadb151c73ff254ec",628969536
"63e73f1b8b385d89de1329c2",551794432
"80ded3bf4f2973a5ceb1ffb7",621815360
"e1f5f0e96e5865370423c142",783368768
"3bc1d407f7e7c8e67f7dd27c",864545216
"d87c489d3572187e3280965b",888208000
"110d49e1d79a3534e146b300",998617472
"7baf3723bac87b0b393ba52c",909720576
"8e9e35321545774dc1f85776",674695872
"e0d6155cb3cdac98f81d44e8",603933632
"bcf775187c0f5ae1cc0e8ca6",743415424
"a792122a1b292f482caf25d1",516347456
"09fe153b0027697e58bd08b5",422710880
"a7283f1587ffd80f4723475f",557852544
"67a10f161cf7215302b6ca1b",585584768
"f403b20cb52d4ad3f9469ee7",455383872
"643e13f00dfe7787a19b1254",449111168
"0eb7c68fb7ea1e58f3e76345",737263360
"cabf47337c2cd619f12fe69f",828683072
"55c5eeb4861e8cd71731274d",925309376
"363c96b85cf07dacbb10b92e",500338048
"49b59d19432dbeb8921e57b8",666269248
"818ee3b0c3862d4aae6e7776",480422816
"b15c662c56b19d3843737dd4",593021312
"03243195c467c67e67a7823e",553238528
"5db50c50b523f3d454e94dc9",589965568
"0798af235e9926b1e7e4642d",540810752
"83852e78afcc4127481adccc",470874048
"7fe25ebd70b89f4602bee6a2",645916544
"175590951b6f8c6b8b4af9ff",632580544
"d4dd48521efc020762ea141e",395590144
"a681d6e9ccc7bc60eeaf7e3c",850084736
"e137b5003b8c8f18892ee9d3",610113216
"90dfa0d7be06e7a1dc15770e",666209728
"7fb856eba0ae98a40eac3efd",688328320
"9f52855eab4ca5161f1fb492",807641984
"494580f4974c33d7ce0cdb28",748460864
"d972dc3dfccf2a48a6384e54",817792832
"7cc8772ebde8902f55e14b44",672241856
"deda3ad684384ed67711ae71",635654144
"b288c52e4d0fab9f579122a0",769258688
"0bc16b384acd3f8263e386de",886819712
"b40d1d2b7c1db9cc57c65fce",920967296
"c2580329ee6d7a03925725aa",896074816
"7e73516d57a251061b3916e0",883594048
"7749f3bcfa8339444b0a8b7e",553798784
"557e40fdc93c1824b0bed769",553798784
"edbb5db63dbd0452c51047a0",558446784
"383af3a5794a0ec3efe78b2f",575111808
"90ae7af091c23957b88de5e9",505718656
"b1d9704dd39c6cef28ae3d17",612982400
"44916ca9b874075f55949f87",587011200
"0515734883eea12cdacb7aab",514618144
"faf9f8aa50d936c1465e880c",693089856
"f37c9693e058492ec3715de9",679583296
"562c7846b05072561d96698d",712640448
"4a629aaf60a113402834c042",888327616
"ccc4e48073c3da10a2e2d08a",576559040
"8532c64eaed74b64b4d4707c",567207616
"528a96aa31409c32bc9f1f63",938228608
"36fd9fc1f1d9b2e10c1c6463",518883200
"91561030d87ff5bc0a497f1d",496515008
"eb09010915ee68091d6675d4",696566080
"56c41a58ed5b9864b68fc910",516720992
"bf6005f6f71da582a6fab8c7",489637376
"86ee80cbe81724e6919bdb73",618002624
"0caa7856aca178f826fe90c4",764185664
"9e41f25cf2e77f3fbe903368",769163840
"019f4a25794ef01294845b51",751256384
"d6fc6059bba177ab56d85ec6",722740672
"436089e2bf605d00849691e8",827920832
"02a9c37b3d92a6da473c6fbc",498587488
"bde81ef5ff9edabfc7e30d10",850248768
"379fcab709c66fa146d3491f",523632896
"28ac1562ebb5050f1492f576",733332224
"e68f5a98070efada9b5538ee",543371520
"80aef024b0ecebb01913504d",402578560
"f45161bb79292e974dc88b5c",557318848
"6de3c3d53d6aee18ccdee958",423990240
"5f2f7596a284915ebdb81a35",490469600
"291fc50c4ffe7935b01e5d9c",422882272
"42ac33321bb1920fe2a78036",589768960
"c8e00b4dcfa2d05d6a7fde26",725200192
"5c0e328a04f881674ae1046e",656709696
"c28cb417dd28fe4d4d41d114",647998592
"8e160f094a0425aca23f04ac",692608128
"a8944be7383b5689b5039c87",773430912
"cb7ed5960f325114bd3489c3",726720192
"275d73c7dc0fda7cbecfea89",684816640
"85c24df2d836cc8addd9b7b0",799543232
"0fa87864632b7bbbd161f879",567132352
"c7f422224808e043753683f8",941269696
"c51d1eff1b6d29b4164df520",940217600
"b50e8c13de383e64711193f5",558678272
"1308dad458274c698b2fec72",558678272
"6a1024c5da689de67bdfa274",660707520
"6e426f60d25aa8a4c6f8c9e9",676686464
"b80f3a46440daae51308d459",743883776
"f59ed9b8ef1726f1a55a4dc3",478438240
"368eddd8b6d39bcc7124a41e",468079328
"391cfff759030283411dfe1a",567874432
"4f140229175de685a0999773",435971232
"cd365053914fcde97b7ee9a8",667811904
"16a05fee8dfbe78d26664c3a",651973504
"c462f0736fdefd319cee232e",728450624
"b419d977b283e33c0b3da86b",813770112
"6eb27e2a66d08a8a60567272",836967744
"7486ef139d41d91423317e0e",687497216
"e663064dd77e3c63ab9222af",848320832
"9a6849637f1b8332ab289e27",1006492608
"498de85ba30cb01e9c686081",588897472
"3507f260c3c6e195fc444533",538491712
"e538d52c9b2dc994491be3db",502478752
"f016ba59a64f287099fc4af4",611820096
"380ae516dd46442f97acfe14",700268928
"c97e4d7e08db3171290e939c",784630080
"f7847aaf1491103fd931aa5b",803326016
"08f6bf438980d55b35ce7537",802522048
"a6a06973b5a4c990d5873b7c",799222272
"6e26918c69487a735a639c1c",822208256
"cfbc690c55e5c2bd8dd9d89d",738773760
"56fe5c13f11813b82dfb04f8",783937600
"296f0158b5cc1541cfc8419e",825921984
"6ed2970ed02a3e50ac984aa1",670256320
"4c9f3af11fa91e729384580c",813696768
"2ce779caef0637db97954912",730053568
"d743892816160218a63dcd35",776761408
"758efd6f99db309c67cefb12",564635392
"a4146ec09d782b08e8198e11",824169280
"f415c2bc1bc0fdca091285cf",870065024
"39ef4fb2a43fa3bba15a0b16",861715712
"874ee4f1b9c6dfd3d2358834",930619584
"e9d514f90ebff0de1936d09c",763264704
"9f15c77d67021f349714806c",591356928
"a600ed86cff36e636d204f39",650723648
"58f55e9bf743e2e3ad43c274",573530304
"af1aeb2ba89d29973f73511c",701812928
"bee721e93b8d8e7cb37dc992",691760000
"bd52dc8dc5398e5ca2952473",425569504
"b71095bf5e80bcefafb12d52",516324544
"a7f48fbdf807da68594e9ae0",557262528
"50de04936770f874e1eb86c2",553589504
"2ea47ef8f02712c32613fbd1",570238400
"27eaac0ebf8a5ee99d143218",761522816
"ee594b6bb0751dab39055b3e",563535744
"eba0410242fa1e8dea90b194",695100864
"a619d30d6f2e2aa3b9613c04",557318848
"df58a4244134d3493f3c9f30",760572672
"32dd96f4f07f67806146ec46",545148544
"a77ef77ffa731e8980d36b27",728491328
"a2a1665a693852185673f6c1",759049024
"8267eeb41ed1e68144301a3f",783297024
"887ba6b287a8b3ccdd5691b5",676619008
"1fc94e9dec93d52e0062e07e",608242496
"ffd3d51ecc85abff64258e1c",783755712
"3eb79541c2ce9413d2c54736",739499968
"fcefb2186b13c8bc39b17915",745699456
"d4a43654382201db5d318dca",750186688
"15fbd295328ad698d3c76aec",785781760
"7f5e87fbb4952caa0cb658e2",785699904
"9d348aa70957592dbc56ef32",785114752
"2ac1105447a71f68a50105d1",740915776
"d8ba9eb448ce35ed404e68e3",864637248
"21d42e80f6f818eed990bfc7",932970432
"81c890b0d7cf787a091d4081",867346368
"518858c561af5c13c8aef9f9",992114112
"01cda25ee8545b9fe19717ed",893675712
"2c34c1e1655e87ada03f411a",821154560
"48f9e9a87e7fc0a678460e05",923466432
"76ae7be5da1785c37736fdb8",1023550400
"3918fa99179953461fe07f2a",875318528
"305080502cba05a1c165560b",748994176
"5c3aaf3f75d6d3ae9b55cee6",514402880
"2ab263b5d1ba72fa562d64e6",765887360
"6d13129db564ad15e69fd534",745699456
"7de7a2a651273df62aa6a21c",759049024
"59f9cc9b23cdea5bd4cc3ae9",667391232
"d4436ad417941fde0aed2818",745699456
"80ab8d9f157c25b40f102854",785114752
"06ca01d3ff86406e896b6fa6",598250752
"88f36882dae9a0487383b769",514402880
"da474e23f34cb63de4ef28a4",785114752
"04f968f1873a655fde8702f6",522881536
"1dc1a51628b8eb1bba214498",444125504
"e7cb4cf600b9d931eb295c71",663144576
"9052c644813d546987a72305",465201056
"1e32a8825a7ea79c28e27a8d",518597280
"82f34c2a6644c4cb0649c44b",806858176
"95815bf7c79e4bff3f41b233",775886976
"f64f642775ed2c9f45aff215",629207488
"4cac81eebdeb45eb0e8aa5fe",448507008
"c6da2874d2dfbb2ebab542bf",680970432
"e7c08555cb8f5c7d0f32fdda",712156160
"10b7c99bee9a4a21e1f32d50",576730944
"f21625fb82740d6f4cf1c325",574666240
"1c3236613cf95c84c5791bdb",979992896
"b11c3a4642f7eee2e443eb32",822778560
"cd08976dc2d69110375f8541",429428096
"a44c7ace8ab50de7ed8e5a66",483340832
"fa8f13da6d8be3bc1f05fcee",590224448
"77bd7837b02bd8f2c290c9f8",589932800
"11a79681fb0a3f6eedf11d1f",566177600
"70c3b086af66b0c9db4b0b96",566177600
"64ea18085495f759116f62c9",685828096
"ebf4bda17341de806444ba83",730074304
"54228579fd8812c3ea160341",863934080
"dae0265a0f2f79d3dc010ac8",825088960
"7340afa659775cc18d83aa4a",716264512
"5ba05f67a77cebe5cda31e74",785360128
"33dfb510aae260ccefa4d349",888286784
"82af190e32398942775056d5",825088960
"a9b9263f6aafe8531f3dadca",912299456
"9a38e7293e9ad7d8462eeaf7",1002152704
"5852773a80f7f1b929c7dabc",972085248
"52fbef3effd854b0ad0f62b1",855938496
"0016e35cfd881ee2e37b49b3",548174016
"380759598c614cbe10ae4bfc",876775744
"fb63e870ceb7ff355299f3da",536548960
"285b8cb5e9c887794ed2fd1b",627444352
"f003a46a1c8e04da0052d72f",569850368
"a731b326a61043070c3c853b",633066688
"d2644b46136fd95c0fc2353d",549758144
"8248697f70c21fa361840755",1017629888
"075b5c16441d9d67cf638386",516642048
"6bb2ac0cf2369cd8fd85bc12",604025792
"2c0b3d69fca6677ba9e95327",700379136
"c73ffac843c155f24985e6f6",741510528
"78b57a58368ab056c11bb0dc",761408768
"90b25b6b913c1bf0396c149a",451898624
"fa29c89363ac9cb59667a43d",761408768
"eba756e88209c420d288c4be",708198592
"e7081fb59ffa298320321633",756941504
"db1c3ece26da7b342eb7c8a5",761408768
"f9ef8fcf24d28ce11e71d758",689630656
"2f854c9df6212c39091bcf28",664549760
"ccc66d77e5f68779b1c016db",630552192
"47d288f8f9227013424d6976",590699200
"3e891afdcb568befebd66fe4",486383168
"2d1f036c96e92d9c557605cb",662781440
"dd9d63c612aaddbd86676c34",801876160
"13cf784fb3553f75acf25a4b",662781440
"57dd353ac00d0e99abdb3733",829609728
"ed0051ae106fd0df60a14586",893457664
"0997324f14c5823413463546",1153107968
"e2cdca1756b1635dd1ac2b2c",839606976
"7700df9486a1684157527739",520687488
"e790b21630ab963a65c53df0",517833088
"2bbbd9878a1e7c55bdacb330",440667392
"decb25b7fdc0eb259831cc71",829394560
"fdbc74fb5882051327b3caf8",747290944
"39dee9b1661292cdda6c4823",628620544
"354e2de1e3a81a63e7fae4bf",652679616
"f80b9e8c51cd71c5be281652",543029248
"a96b19e82d9811d5de1ed0e6",529109344
"5e5ca2753a908aa1b7fe80a2",530429728
"495b6e61d1b887f8b4c1bcbf",469634240
"ad8ac9edabcf2d4b06ba9fc1",769833728
"359f6a66a407e30b40979d2c",695018112
"ad351bb6437583ec871b1739",755580160
"262b1c8ce7db2b4aca2400a1",894615488
"6808b10f5876ca36f569a4b8",743360576
"54c74b36962edcc922573792",634580224
"e7fc4e6b1fdb38ffe68fb680",740140544
"1c9325df5599379a73e18053",904298880
"8c9bf9031bd378c1105e3f3e",657918208
"be70989d473cd731f6d8e580",738477440
"46136f5f078dd31170c58e64",802973824
"7055f85f7749c4646577a51a",543799744
"861aa922b483f9bf7884dac5",495434784
"45f18e0bb676d2495a227dfb",471621280
"9cca7c1e9ff65766c8dd2e29",463240704
"b2b7020e66872c8d83468cec",647138624
"7634d7acd4197594271c84d5",497849792
"11ffdf367d817b582d590db7",674315392
"103687e73b0528ec29725f1e",443444160
"8b5369b126b75c497b1a7b73",628452224
"b33c9b03cc12a253e4936cc3",660936256
"ab177c5d60492f2ff087708a",479265376
"05bbd028f30492fc0a9f35d0",695888128
"2b9fd26383758104d567d474",628452224
"4addcabbe23020d3d0d46ac6",628452224
"d93ba0c32244c455e0f7baf4",710805760
"92b772a38d5e38bb51a3f621",665488832
"135ca1dc80ae4d9993ec46f5",669514240
"ed5192bd8038c77ed2e46f0c",633861312
"3a878d44356885ea61bd882b",710805760
"c29c69bc6758d5976024e455",535555904
"dc486a3d7e9e2e608ab2a7b0",710805760
"1a34acf8e509659534a56b63",644792384
"5716ed7d678cc2575397174d",555072256
"444c68a7a6cd0b794768d5af",670543936
"8a724286cf661794084aa87a",726974464
"ff9c4796bc3ef18ae7bb724e",688328320
"35984f749eeb84eaf938bb08",776504896
"0998999f12dfdd50c597c6c1",838717312
"58bc65fd2e0e4430fb353d83",734766592
"fe483817d899e0044abc3787",897130688
"183a8459fa248605b8b5bc1c",638925248
"a1f0d61cef676fbf798b5473",673312832
"d7d3cd587d291f389ba2e8d1",610370496
"ff8e7294270343a00978dbc2",738729088
"0996cb112fc3919564e87c37",750503680
"f183e3651c485e0001e64880",825921984
"e28474959994ea9c0c2eeac6",769025600
"682c0a5f5f3130a61b5214d8",811324480
"245663c600727f7c214063c9",726104384
"dea79d1b25bb9c78d331e3e6",475438784
"ba212b5f12959e34b4887315",671858304
"dd4eb14b56cb00130955d021",911048640
"4c94103d4366bcaaee4b550f",848922880
"7bd9cefba3f5dab498ef926c",910427264
"1d7a2572b466070f08c6e564",708325056
"a38e7af984a471331b2d758c",772576064
"b6775aefafa4dcc161eaf6d5",519441760
"8654295684292e74d0245238",524419648
"f0ae62ce6eebc4d07415c48d",867779776
"969219d7b193ac92e7a008ec",556318592
"651d6af0968fc05584cb3d25",645061568
"4f992c2a0526c0074bbcd875",627301056
"9536c686b6ec514d92493f9b",565170496
"5384587ecbf956275d86e60a",678007808
"bab5690da7c42909464cb9a2",525325856
"bc91072d808fe7b43e972f42",583673088
"37cf2c5c1c6fb6e601d2f76e",589192832
"4cdaece5d1dd4e089a99f47b",467026528
"b37af80bba5adc197cb51649",562839680
"552152b60bdc1ca16d2dbb71",693839040
"32354bff9df0267a5e139156",678484864
"fe4a6d7d7ed28b85c5816fa2",896585344
"afbc7773755043a40a7f9d6f",551592192
"daf2efda70c6f3cd9257d0dc",419646688
"66fa7c9e82a2876216b14b1e",596007040
"e34517b1563d829104e230b4",386931584
"222a35842b0bc09f48e1d0cf",580904064
"c5a64fe5ed5901734d98a22b",542022272
"05db9fc492801eac98f69c7e",494648480
"6e4ce81e713a571601d861a2",554138688
"79fe5105ed7a7861d3c0187c",522886016
"70ea911907d320da1f7f9c41",564681920
"e60024d6e0b5aa52e27a3b5a",507106560
"bb63f086543cde77832bd4ed",507106560
"b3c2187fa96006fecc6b8ba0",499671840
"9499edd83df77bd6a90560c8",499671840
"a947158782fe2832cea53040",510874048
"2e1608b8c646a102e27df16b",472649632
"77fbf1f0c35c1025ea4803e3",543330496
"f9e6a759b069e04b0cbf0182",606064256
"1e158f436f2a4caedd1563a2",589965568
"67af004f80b08fae38f472eb",549835840
"386ee01c3f7bd8bdb91181ad",727972736
"36ffb5566bc35fbce9e42679",524908256
"b58533a6850620b0960db713",598692864
"41353584f956b9e316c6c67d",562208640
"b1d1bc7ea83d5c584988b95c",516906432
"6b1c0866e6f12f7fa8de94b2",597003968
"fa4fd8380dd2620c672facc5",677901760
"44394e66504a4d77587ee105",689723520
"d841d6a82425710e36460f64",620692992
"33501f96ba3b02da073d586d",471416480
"831693b6fb81df1359e45db7",667547648
"7192b9d32e4ad55f6af9e241",700342208
"4f99b97100d003ba3a2ecd46",575396544
"83d969bfc020aea27d2b829b",721194176
"39be6f994f2cd3d68b51126c",656513856
"712f16cf2506710d7f2a2e8d",627273024
"7ba618fdb1fe8694eaecb64f",652397312
"d8735967c942d1a7b0cff7c6",770783424
"b4ef40e00d089a35d750888a",850084736
"7d73a548c2a29ef2d9655e1d",447109056
"63131b8d125073c7dfec72f2",882317376
"a65655a4f42564ac48bdffa4",731884288
"033d3f8ff56907db4c453700",610113216
"05e8878bcb68d03e3b656eb3",716925440
"2ff0775d2c131d19804f2a2e",671918080
"9957ccd807718945178bb847",889156928
"7bcfd82ced5d6f1ae390d388",412438336
"adcc03f332b427be46f118a5",800125632
"b5dd038cf35169bfd0e62eb7",871144832
"35b789e1d63f8f25980d21a1",932970432
"c9a215f284e095850c809425",793981248
"d26efb0e1213e19c378edfbd",694596352
"9990217fa4eae1d1c4ed051a",699011200
"2e9390c4423db604e1c7c4ec",653641408
"6faf9b6c30b176e36f2f1d32",624798592
"5b83d91f4d6364d3e4be1428",659626048
"0d9616f0ac8b0c2e9e0a97a3",562806592
"9c9fd309cfb505b628f84fab",739721344
"98b77fc0888335702d082f8b",690184128
"051d68945b95562009d4029c",690184128
"eb8021804e63016fd934c9b2",784900736
"ed6c8c45bc8c1d160cf0d0eb",863758144
"9fc8c3523883947769b2fe6c",762139264
"3e9cdf767389ee551b5349a3",470874048
"512effa47a1c7a5420bdcd6e",423880864
"0768e70fbda0e09b88c1548a",514953248
"acfa7a1cb136e4474b7efe32",803524288
"a343e6ec6eadb287711d3834",646092416
"a698d80ede6cf6243fd9ed99",877068480
"fa5c81237a94f2f78f05977d",810909888
"999c8da7dbed7412dcbafb70",824140864
"c33613eff66948d1bb8ea3bc",693540096
"a642351076b7706a733dc52f",739921216
"c69e08214cb1fbc09ced0971",430228544
"48a20e676a060954308c9ecf",429445920
"304ce5835e685778b1c2b6a1",708330368
"c859144477dcaacbc1654a8c",750916800
"98865eb2f40b8a30893cd351",634851712
"68dd15c8e9b71171348ea24b",921446016
"3c660885ddd7e98ba5ea26a1",1336018944
"c670315562766401f92913d0",547457088
"777a8d05edda0a335d89e90d",739435072
"81f5c32a2c2d3b32329a645b",482775808
"40525fc425906c9485f1ddfc",533733888
"8b6efcdb553f6e936bd90f3e",579789248
"94dc108f1d146641b221cb81",494633472
"1034ee7a5160fecdb5e8c27c",605221952
"48b34600046c903f0ae4e6d1",906222784
"edca31377b4f7299f8b45187",996595840
"b1586cdf68f36926c3bf72a2",435038656
"70b15c2a38c404e62ad05171",496334784
"ce18358366157fa869bf3833",544670144
"6883fb90099426e6f3922909",451241312
"1b7151cf29b565b2f1caa559",484425248
"f2ec3a3598c99bb8c38cd680",597859200
"38026eb43ff9876cd5767ac3",502605088
"9f68ff98e302ab06df4fc672",529420832
"2d2ee255ed2144b9fa1fcc39",775641408
"029224b78e8f358aa9c38e94",708546304
"88da5851280dbe750968c565",649850752
"1c67456195075a051513b28c",597054080
"9741ff1b895a038c32205784",599578304
"75fdbee42ec89d428143066c",705792000
"9f27627b9e439fce085cb01c",664598272
"a4a4a57cf20ad739291aafcb",812471936
"84a074517742e09a7eb6f320",600066624
"28fd0437736c1b17c7ea1f33",690070144
"beadf1de0732143f0699895d",757304832
"b027f75411dce9c742c5d0f1",795933312
"182077fd9c5142d503309490",707252352
"b1df92683a593edc3f2b45ad",592794688
"38cbcd7f88c1520fa083af9a",798925504
"8ab5eda5b66a6c2becffad29",756940160
"e68ceeb098f60054c19fda0e",766999040
"e6ac4d158437142c15bbd4d9",853746176
"a448d8246781ae78dae61619",732927168
"4e878e99ad2fc34400381c3d",728944000
"beaa09cb49a98e8025fd7e8a",550802560
"3df855d8893dbc62eabd95c6",707531520
"cbfc3ca911ca23517da8c2d0",758372608
"a020e479dc5db78794a5fa77",957458624
"6247fb0e5261d4225f6c9f1e",796978112
"93822a34ec8dcf104e7f49c4",782682368
"17d311554f40ae8b40234c31",741071168
"762e044ce9371d7b8c7acb6f",807338624
"2fad468e1c248f40ee3586ad",902097408
"fc25df25f4151a16cf0c90f8",688091136
"39c1613acc0ba4fe622c1f31",754218112
"2c15a0733cdb932ba8f2225f",784830976
"1db68ed64501f35c51d74c5c",830910464
"1d968cecf268a7f14def1af7",974744896
"77c886207faa6965238b152c",523708320
"86242b25bcb2dd775d25191a",523006240
"a8b457cf82926e25cd862af1",848760000
"fec1212eae4e6369d5555d8c",698123072
"8f59ec48e38092ab01c23e33",988735744
"490b89e972abd7e64b5ba6c2",689723520
"f8f217756d32f31faa784c2f",744757632
"1c2ec62e8ebba12c6146a04c",730336960
"2afa1699af46ad8124f76e4e",781906240
"8c1695c9a31de0f956e4ccdc",545820736
"d88bba495701ae7a44eecc64",917305280
"00571815d5a7f208eb3e7737",922888704
"d626a635ee75c23aee2fb327",901765184
"7e3937cfe43dc906983fd321",918295680
"ddd8906ea4a22b782c7888bd",716143232
"258abe0fc321f6b24d37ad86",485123136
"f637a4885488bbd499199148",757427648
"97f5e6ee143998e0b3fc97c0",548174016
"be4b96920e3aa5c57baa13b3",512815264
"6e7f3a0cb6246f13656fc95c",808651008
"0cdcd8cd52bd1967dab88a5f",594270592
"83da19e7fbbca11083090574",492619328
"f0cb484eb3f6e04b5b1806ab",621582592
"fbf8b0f1159e89428778c847",482583744
"7c316b981173919b6cae5516",644350144
"d6496a3215daad9089fcd5c6",855938496
"e104567c1cc70000692f502c",687962304
"c4476befe0002dcd0c315993",557545664
"3008e821640b33a8d70beec9",629553472
"9eaaf577807d86ab64fb14ae",344332096
"9db120a76af04028d2f0ce68",405279552
"81e1f8b1c0e3b15f2ebfd84a",603931328
"9943a2530009f62cab6b466f",515143008
"a8052c48a500926214eb2e1e",708546304
"3335313b9060ff29782906b6",621261184
"cb93bf58a01eb262cb003061",756940160
"0e04f84529d92f2832ef986f",436566272
"807d7f5155bd299afbb6491f",707531520
"76558d67def95bc708039f05",793281792
"bb19983466b1a1184ee7ea1c",770783424
"34067d9b2b4e45be1e5cfa32",495855072
"1c4fab7d9cf798617fa90a19",496515008
"b4d610e0ecfe007c133a5ea4",530252928
"ffbedc0873b99654d10188a3",508822528
"ac413fd87de33153899a1d04",573642816
"83349bba5fbddbfa2db5078a",633426176
"0a759932f763df64a463ac18",524411424
"fd9ebf37acdbb0e4bffd2fb3",534068128
"f725f6ebcc3fdeed22bee385",496082464
"ceee9fd6e692196b960443d8",534068128
"bc10eea54e4a1767881a2391",604806208
"4ed5718470ffa3e5b5f40bae",512387392
"debd031585e9527fe00f116d",686423744
"23b5f2af5d39edd25db6a522",688901184
"f51000446ab65417942e535d",644305920
"e6ed64435c659f236cf213a8",674221952
"b160d30961ddd3dac16184b8",733455552
"0cad79296edb4b18582dd77c",884788608
"7bbf8e16cc32dec423afa6b3",690070144
"acf98212eb702c79f16bb058",654998592
"1747dd033c2c2769974a06af",759352384
"d54e80ee72354c70cb84323a",759352384
"de901d3433ade456e9edcd79",759352384
"3fea10126c0c651f02de7167",759352384
"f823f6d95b4340e8e4dd0d57",759352384
"ff6fa86afbf9da2aa8eb7991",759352384
"a966f298e8d4d3d580a72d99",759352384
"5b0918cab84af6fa6c464037",758195264
"bb1ece5366ebb2ef9d52708d",442303360
"fa926bec03068764c8545d41",458729280
"3bb987adb4ff573ef09b8c12",462166656
"d7fb188814d4c118ccd83989",360000576
"ba511b37b4bda08d191c68da",442687488
"3c2f62f464aa5c48c470bff2",787775680
"3256c6c6f30aea9cc79b7283",710644096
"9844c3773f7a50c71f218e99",910263296
"23229e392dbd8fd9d80637da",855385728
"e0f47a028df2dbe9129cde7d",1011933568
"a12f0f00148e564ef78838c5",1255124480
"d3ace27450b980262ba9bf76",1185576320
"0668a4a4521c783a2d817413",799260032
"768f69f0241fe339b6f52fa2",713160128
"e78ef4d2b165a8e8781c258d",639682176
"631ecfa47fe167bfaaa967e5",470860320
"954e3065b1e8b31a68f6d4be",530226944
"e81c5c1b820636f691e5c5cc",701157440
"b4c779732e827ab2fec8e8eb",1007580672
"b58208759ce1402501f68906",672648448
"59805e5f4080246ac1d92b34",704227136
"a3fd38336516b98117e328b7",856807360
"c0bf06891690188e17ceeb8a",534188288
"efc8ccaeb09a5e1bb0bfe011",809266112
"8e604d41e0cfe9c93ad536d8",907991744
"f770b66579bf2b55a714c43a",771057088
"4e01f07ee4b1241360de460e",799698240
"dba1be42bef913f35a95735b",725630016
"d839ca90c5df85e5cab54ea1",642942208
"ffaca67ff9f0d7cbd5bbd295",864859520
"6f17875bd3ecf00566dd5c1b",689886784
"10d01825744060a7b777ee4e",736606208
"185b333862e7420f25622efa",679233984
"7f7141f5e1a7964ac6dc688e",848889152
"adae78b82caeb073d84f02ee",759169984
"4c0f9275581b5572635613a1",509752000
"9d6810aa1035e91b72de6a26",605121792
"069798704327652a899a189d",505472832
"2f34de2546f13e8a9dee1edf",769081280
"8147da5e5f53a163443e8506",663433856
"6834b61ee23cf04daf4fb83e",992114112
"59cbc0e7dc6e6922feffab8f",695011776
"7cfe5c3f5cb1bf095eb2c503",556761792
"d916219daa90cd2d99edc609",719726848
"e78ad3483c5aa5a7a4310720",702068800
"d048fdc255a5a7f474d48c0a",877003136
"b76a3fe6a49dcae6e6bf5815",738839552
"75fa60dfb737ad50073848f2",848509760
"83c1d0e2b8826844416abd9b",567578176
"8c02948b66db263420c20d3d",821233344
"33ab442cf58cfaa33eefb6dd",617094400
"d379dc03d78685ad14c647c0",461136320
"5e36efb290bb265d81706bd4",548514560
"db534a5f57e92d29b9e150cf",809561152
"5354a816a7da90e205448832",493103776
"f0862f57dd6be5e7659c65ba",447507264
"7d58eba13f418d890ef563da",794807552
"c2fc3f04c3870e14b89d5fbb",762814784
"15537000b6806ee84d4615bf",877705472
"e82508e88e3f62fc8e67dc16",733478784
"86ee57ce617b2be312a9efd6",825761920
"6bcc29a0afc735bcf3621595",881415168
"d79e2addf7c11180be222103",1000829440
"adeadac88e573824f08efa21",791004416
"922c37e46fe9e75e73fc1f35",500896704
"5d09f2d1cc5fec761ac4372d",737263360
"8c5aa3c826f325a9a6c6f524",737263360
"fd0c010fa0c4b84dc75ede86",854763648
"c23150d0aaaf932579561998",762207936
"163405cd6248bc3e832dc93a",686153088
"eed12d0c3e65e9989fc4f4bd",649379264
"e6fd53315e92a55c6b67405f",500338048
"7a3ec914a15b47726567af96",528065696
"7f02f056d5eb4aff92b44659",487782016
"2d5d9119602c228b333402a4",504994112
"43fefda5a3b0781578d9f2d3",731224832
"513211d9f07fd6645711ae31",444125504
"c3e1e0d2618556de7df13403",566784576
"b4a4d705930d9afe896dff17",624029440
"e44b023e39910ed29f4dde2d",586407232
"4e78d095988a92642a1bd18c",565582336
"92507b623f039b4ef5be8870",817884736
"e216fba4bffe753a527ecd4c",608396096
"24a4199c17f9c56f0b3ed12f",679203776
"6bbf09c3bbc3e3a000cd2afb",692726976
"b3d45812baa819caa1400255",652618240
"2688e4cd1fd441d1da455504",628180224
"5dc1fd6ec7ec8c8af71e3b6b",854576512
"f7b7e298ca8fb75e11e92999",611915712
"05b71daf88eff5ae8cf5789d",630504960
"e8a7ddb4e5d43d156692326c",932736192
"632820af2a0477aea5ccfa1e",719713728
"43a3fbb8218e73b956ca50fe",809894912
"398c195aa41ace34a16b0d7b",772111488
"ef3887783a12f591198d6c27",527914720
"e6653cc1c94306d4e56ba216",578581568
"166c21ff83e97c6e74169d92",874703936
"d0fccd2708fc7def00c72317",779575232
"d66bd7e4bc7b51d23af57de2",878069824
"8b47b76193159a21c3580a3f",800447360
"448d159391c38e4ffcc405b4",500667808
"9ce7fb3190866e6a02e01e26",536414720
"c25f892c01420855f61c3dd9",542526336
"2d5ccb12ebb6fc7d4ba462b0",622139264
"9eb4041ed9e159ec0d890de6",484496736
"c342f6492f90ccf623e8e8cf",630367296
"c3a78d9bb10165d9be188394",782244288
"1978d8fc2031af21e98a4e9e",650204416
"d6d581e852a025b61cffd6cc",897924416
"ea28f68a1d1d81d29b88531d",699265664
"a3cc0422a37512ae124013d8",877372288
"073a3ae443f3333f0f526f7e",725039040
"57238dca767ebf3a842c5f10",840497728
"113887ac25fbff9d30fe8d35",555559744
"fed1a50c562ffd7f30451adf",618619968
"b1e9075645f4b374c7301346",796010304
"6517c1efabdea4c1f93078b7",586764096
"b966fa606a3b50d3ac7249f6",970257280
"e0ad3e9588636f454e9e484d",811034752
"d7ad46cde8eca723de6510d7",797156672
"447f51e37fda773ab748814b",693719872
"a6b992c9bf4eb32ab3d1df4e",436334144
"3a9c7ec02f3e7e419669fee2",617665920
"c908280d0461c3585af94d53",1021036736
"b3616a055e722e3720cca48c",605166912
"45a8f6d942533794501d775d",652801408
"b6da1db3aa02debd11e26edc",605790400
"6d12669907d7d80d0b458a93",806222336
"5122b2e9638d3438434fc56b",1024007616
"6367a127b452cfa27043f74f",781946752
"fb3d29813052141c015669c2",518155136
"5fb76f2095eb1a5cacc2524d",562459904
"95632ec6578a204881694dc2",544522304
"846b75324c0f3cbb027387c3",626797376
"940dd8311f2b49d4ec212fde",814755200
"bd0261ab68cf56950ccdced9",629809024
"f79f0c23b5cb96b5d022582c",612798592
"795cd68f9a5ef45902712524",523475232
"d908973d90db91f772890c9e",491527392
"d670be6c848b1e92abbf415d",557318848
"87b940bd3dae37b9fdac5d4f",591454208
"8a7ddcd0c452e7993bc5087b",413070048
"8925e22f8511be30d50545cd",671173632
"1342c307971094041c9c240b",779621120
"385488342bff3d3587250c84",807514688
"f8e25b7d7e93c45df1b3a4c5",940217600
"fa4f331f05b1488990a69ec8",1002152704
"a71d187784b309d65cea0b14",1058572864
"0f44b84024412099f27439a7",554512064
"0ea1a5d32324d270cde1993a",556945152
"b13cdf9314a34852e8db4221",560325120
"75e0815e2ba7269a10d9786f",439213248
"f42b6680baf774d27fdf1e48",679114304
"5cde1a59393643d7ed4e909b",664179200
"8736dfe0f1c6e2181b0ee31e",794987008
"5859ec20de4a5036292ee947",799441536
"1eee0ff52c53f04307cc3216",523906720
"b455979bc938acd34a580eac",631789824
"6921133528bd6fa3675ce8de",842853504
"3d266736d0307404a5804073",542523008
"f4f6e48b618064ced466c302",425921568
"dcf606270a4612aafc5f9f29",590777984
"5e455623c380290e0a8e4e48",508077504
"ac3c9d9357fbe72959817602",611015936
"f48fb9d9c42b0ebee72cfcaa",403259168
"dc99f2871bc05ea7e8a97d72",633183040
"b5cfd5eba0b6297cefd6d3d5",845484928
"0dd30227247f145bae82f96c",881214656
"9f347bf53e4ca4d264a45241",654822912
"81406ce289219cdab015549d",1021036736
"a085fab6d9b9d8c24472cfb0",1024007616
"1fce0e993a57a3e3873b8d7c",951387904
"af67d51867f382dcd9cf34b0",845604928
"432f082ac51bb0d39ce45b0c",1010296512
"b6281efabdbff697d70925e6",881032704
"9215d29512b14aab6178da01",1011653312
"6218a5d7267f02c576e5bf16",554771328
"d66cca2c8e08c89af26e7622",745699456
"ad3b4ae81c322a9f91381bea",688986176
"3a40bebb521445fcd32cf033",875718848
"c1ca38f941200a9d666aaedc",604956736
"a1da74ec074df16a1e8690b9",975723392
"502154647e351af240615b98",735510080
"b57cd3eb0290984f061e1053",560796800
"4db632fdebc000c9e64a589b",627273024
"e380184391898aaa2d3dc540",841241600
"dca45f1c1a79ea5ebe639920",853323968
"961de1cc8601447b03682e1d",575418688
"60a4f09c268e61fbbe423ff1",499671840
"c3191b6b40191009ae9f4b7f",941105344
"478ac408d2a5c603aa23cbd5",831269632
"ecdb747ee4a3ebf958252309",591854784
"6c36e346957e336a33a7708d",633696576
"09b18e3f3cabb7d5469a8d51",818161408
"f1a5856ba56e7b12cbb9459b",518043136
"c378ef33f40f8be9263e517b",632564672
"b45911f1875da543199e97b6",925257472
"678c70903bcb6c90e3578d6f",928066688
"be22ce55ba31cbf7cd285e5b",680373888
"2dc58e6aab9399e9677265a6",852768960
"dae55582e86b1f514a4ec3bc",847677568
"c119f62348e418d9ada13362",944762240
"33510511ff07dc7354cca7e8",669638656
"16b79a8af9d6376c73c2478e",737657408
"714f90489426e80933ef31b3",660608640
"6c8e1cda487c9841c8d297d4",635785664
"6d9c4bf994147d8892d27f27",1038023680
"1b300634b71b898299c54671",1124025472
"181caecd269e115cb5cfd75e",430035456
"059516a91f938d2e8fbcca0b",734755968
"c42ce8f9f62f7a315e028e3b",639139840
"bc23e25cc246ced4731ce5f5",826011008
"de44f54fd6b1b62f30956f5c",745760960
"2ef897a38b95d7b769856e78",640548544
"2280b5f7c47c3b36924b84a9",450710144
"16ef7eaf29eab571e229e537",880524864
"48b1f800656bcae6a9e70802",710743808
"b4aa025f8813a3f0b132b7e0",488943680
"3c6092e8458ee81aed0db0a3",656050752
"d919dc64995903c9120eb61a",836135168
"ef53741b01120666a08db213",815332672
"c3dc5ad23dc8cfce0671adde",734488832
"a270fe47ba30ef0056ec6c4c",418654336
"f550bc7ab5992a6fb48eb60a",922054592
"28f980b3c741866e0db5b761",638199680
"c2ebd39857dbbacb99e6cc96",771649472
"bb9fa21902daecf876c0467f",945173952
"fea142787b18327108ee8929",623759872
"a1647603f732f97a99f5ec6e",1292058496
"775f25d8144580541bf2746b",789588160
"527a8fb085995119f846a5d1",881750464
"8b69bb9fd7f0f19a248f5cf3",566873216
"3b14b48188fdbb0917414039",458729280
"02259637b8ef1311c69d3d90",866046656
"50eeed30ba674cb079689afb",579268352
"5fc3634e1fcc96b9215a6cd9",1058676032
"23cc24e23a1d74159ff78464",835716608
"44551251fe345b31ed71aa5b",738249856
"82ad984f02ccda30bd60da8c",925459904
"5734cd4805f5c055d36ec645",723717632
"fc7ecefb27bbb5c3e25e899f",386631104
"5ecbd5b92092264f4e9101bd",629634560
"83a8d9df3a535fd273b27c15",1160238848
"d76fadda8063e44483aa024e",844343936
"a15bf12a6b8749ac8f9de19c",374510464
"a3f32d81f4cd99dc85a16bcb",621939584
"4029115038a899d98dc93d3a",1163409024
"2326bb628b4a571921eb7345",687100736
"471d6fb8037049e1e4d120a7",900827712
"b73945103f07da807f7a30dc",1255124480
"d6f4479f9226e52c93d70eca",649260672
"420b03095062d9571144a276",962473856
"ac0185c8f724ddd40bc0d235",570613888
"228280554ba149e60f81d639",780088064
"8a44e15417d8e520a99454b2",453427296
"8978ec4c5b2f02fbc1f57820",843776576
"2ab88dcecdb565b6412f5bfa",470447136
"1dd6f560c804c4548561cae6",1163248384
"90e94b7e392f84e01a5f1551",764755008
"84aa7d1c2590f37f0fd6dca1",704251968
"0821fde7debf7cc445434024",469001504
"b9973b07c84b99dd1018050d",508922976
"169013bdcc2ef214e0163ccb",668025408
"3c8eaefb3f5dd8d4c9f5386c",783297024
"42d91ed3f3615247f57ebecc",726441216
"a7f1397df30d6521c216e331",869205632
"f6c6ee12e338b1f9730b6e2c",421565184
"8f4687b666256e136148c3d0",884014720
"925f83e20a153a1e094bc606",931648768
"cd270a11dd8257648d1f0444",824371072
"ab11db71265771ed4d9de64b",449795296
"ec199e33b7557dd669fe1aa4",421275936
"b47fe4670c6b065a9e1db429",421330336
"918947d51e52e0caf692f22f",405851264
"070543b03770991d65cc337f",868218688
"f45dfcffe189327cb0d303f2",880245888
"d2e7484c81358d4c79f040b7",820766720
"73ff3a6b0cf4f7ffb244507b",773430912
"b0cdf05097df437354564bc8",368433632
"33ea5de5e8f5c639a213414d",984322560
"c94056bc09a4bea0e853cc41",651376384
"6d5a91ae44cad7849dc4e969",808632576
"b52e0738dec9d2f119c75a9c",576240832
"0e35349077490a01f25e2ddb",993839232
"9a5fdeb5f389590eb46e7aac",1144286976
"337c81be4cb14d494ca69db4",959515392
"ff28f1a1ea72e21acb157f08",1166605312
"e83ef75473fefbf8d7e52302",355693632
"6d3e508ff42615eb78862723",651479296
"3b7ddf527979726fb8aa1683",481200288
"7b08cade91e2be20656ee856",503199008
"59cb7abb39785d5263a156c3",825525760
"bc48ec7245297b4cb85dca1c",768283648
"0f366a36001c0766521b9dce",806969664
"6ea022e53741adac484c1798",973140608
"aebd6304298f84e7d440c379",981348928
"c5b333e454ed6e93ad32d96d",756057472
"bcd31d201096351079cf7ce4",586572416
"46cf5b18fd7bac0d3332d70a",836381184
"1dcff645d389e7b687a498f2",764929344
"cadbfbea1d03e6538af648e5",464509760
"9dc0c6ef8389978be58daa59",1132479872
"fdc00f6ebd155e84a387878c",474633888
"99c1b39476ee8e2ebfff6ffc",738327168
"8930f231a5b9d8db14e9c656",759113216
"2dee15f1b082bb986f8d9513",645098816
"346c734ce163296a07526a35",773454272
"6079fb3769f843e99b47988a",607398784
"f5802200af1d28eb48466c1d",532184512
"1f8068ab65469ba56a1f0c4a",532184512
"1ee45a731b6f0242b6d2936d",607398784
"56b7a6da82134b135fb7de2d",755762496
"340c4d762f830197fdaf0977",842535808
"1bdc0d441e63089737ac4c27",570554240
"b3d82ceeac64b64142286375",532120672
"947421747f33db213e6b1326",640310656
"bfdbb7aef98d4855d459ac94",682544960
"80e88d50c151d5534a57f61c",764074560
"d0f6e19e92c03b40a5aae3fa",947751680
"6e2a3e49dd6434ed01eb5e71",622446208
"89e2d612654b3c792311faf7",786119488
"29425249fed4a74ada083dc5",366154720
"fe0182e1795e2b87eef4bf41",592357952
"dc9cd30b760a1280e0318512",816918080
"d22313a06e43b8ab8f6672fa",412731776
"f91cc2e5edcbb704c293084a",935008064
"dae776f643e809387148900f",1004042112
"e55634fce84f78466095e730",583922112
"a507a938532411f06c57ed8f",938732800
"30f3b383f2d5e4709c9304b1",1042779328
"aaa43db51d1ddea564d1bd2e",478467712
"b3e76a0a1fcacd0218c17908",357176704
"e548ef7a5650696c0e968cf3",1021896576
"939afc1f6250d528b0be8e3a",713321280
"405baee61afa4b08dc25e586",786193280
"0c4781c598c06d538c5fcdf7",619891520
"fc321e2d9b4e954e80805be2",698616320
"dce18d258c352b7edc60c304",617158144
"7b0a2bd964c04d01387d78de",671496320
"43fd6b5cb01d05c9b1db0e65",859738560
"cf0152b0a5e886e8291ef4a8",662038784
"d05030b0eb8931161855450b",656001984
"281ea3a3fab48c028721ee1d",754160256
"4fcba82455866a6931590dec",891199808
"ecc5e3781d5e004ceef8cf76",565365440
"409cb370961c60bacbdf7416",425463328
"54445913b2dc2d6ba35abc66",606863936
"51a8c190ffb673d4fc27f4e1",758863744
"80e7c6b194b3229e3e2b9aae",739744000
"bbfc9b05caa647bd95b3c88f",536373088
"128cb9247755abf5f2801431",523388192
"ac180e846fda5cd7f1123f6d",893464192
"1e7173670334937dc61243a1",937612928
"c2555955d5175b31e5f783ac",704306880
"d87bbd60fdb8b84a9fe23ba7",517703168
"825012911321d636425cd0bb",862400960
"54561e6ed5570577ea97eeeb",800798592
"3a2a2df4f07902b04b809125",775379200
"ea7e3ba584cc5ee45ff8ba7b",829917184
"25093735f186b70beb018317",815067776
"7fe1adc0a5873cbba4b021d1",1156024320
"461749398bbd48d69b444d7b",415664640
"eb8f668912b70fd554c8c723",678452032
"e2f00293305c464b361b6178",601466560
"02a0a38b45e1b196165b0098",552546496
"0e6dc789744b678028e74d56",545828032
"58954e79191c62ceb1ead100",889609344
"23aa0804aabdc61650b8562a",744101120
"ef64565957b5278185b2429e",596722752
"253725ec3d7939088faf71b7",488512896
"a9683df184aa8b4ad5d0cc5a",726086528
"3c38153bc36b364b92548965",615791168
"286cdf6dfcd95ee9edf73a93",538314560
"df93a6e36d9f19e252fa9de3",549696512
"586fde402c82c1eb5a74d634",508676320
"5fd3b0299c0d52e48195fbdc",402575264
"06d33fff99a62c330ef2d585",511941984
"df98fd10dd8ae59956994521",657015424
"361715cb422c5fcd9125d5e6",453809280
"af68665ae8711d009e8810ff",698213376
"63f3295df28c02953241e2a0",598232128
"62d338c26b44153bb075b234",807628736
"41a269c661f20e443a7a25f6",925197696
"c5a8695b7aeba06e46266959",581513344
"17e5796a30da5eaf310d02b4",564055424
"69acab4a6f82ae943850b9ae",667552896
"5fc3ffb33090bf75a81aad8b",749911744
"02d89daa77bb313328fe0c4e",550209792
"6ad1fb94accb91bbc30449c4",487087680
"a1cd215fa99b8776818d0b0b",492164480
"0553a3aa7d961ada6dfcd52d",604184832
"c6ecbe7b57db2db74b0d788f",710524352
"a4b23fbdbc7bbd45c5ebf80e",1006012672
"3bb15c6313ee70bf4d88f4e0",628808704
"e05c52c9c8fcb792ace06b61",549225280
"5fc77edb0e5bec0ed8e72a60",932031936
"85e15a0a63ffe482c68ec474",859850880
"859025f2f41efa521a74a00c",642079296
"1672a21e6b2d8d0525df1759",430079296
"7d4097722aad95158c51d24a",696912832
"174fa597347f2b1d3e9016e3",666153856
"3f081fb77ad08f8370569bf9",531586240
"74cea4c9dc0e00dbbcff8b1d",1190424704
"4f5de1bc90694fedd216ef40",1327119616
"8fa4be9ac1ef719dda1f96bf",438298336
"3db3b80a902c10004cd3a3d5",1193918848
"bf02fad806fde4e3575e75c7",687646976
"edd2afd07fa1305fc3126078",466293152
"bd5d2030639ef16370cca032",795445248
"87e74ed42a2c8c97f7bdd239",859122944
"d1c6037d0750bcfe47d425a5",594346112
"763c9a528d0f99f34e5b0031",414203040
"8b674605311d296990ec72e7",496361216
"d7cc3d199e538258fcc83f75",469042624
"ec6ffe86e9ece6fc03556ea5",514592160
"9762ecd72557ad6728274e1d",594187520
"49a2d111903c77053d44573f",505909568
"d06ab7503c6deaf9cd405f66",1265517952
"23e7dd821ec2601ee2c6e353",897071552
"81519727c7ad9f60d2c5f224",843325312
"a4a5b6a844c14b4eca92dc49",909221504
"7e647c5e0a7d95ce87cfc8fd",1008418752
"7a1bca1ed03e7cd0e277fb95",403492736
"03eb8da7205428e61bfb2845",433765696
"82780776619be0eade3d72ef",399709408
"4c03afca943c3f2484b8db6f",392973024
"85d731901b48348f57932240",752727040
"739de8928aab4ec77a1ecb0b",586371520
"7f45d3809b08bb32a45139f8",523097248
"cd14f8aa1613d754221c4735",599961792
"537a9a2dd0ace0d0131722a1",762099648
"2d4a781f969a4fa2a4f04a7a",746072640
"e3676f99542f27c9037fca29",857217024
"bb33aa4f1a7732fc8ef19039",411014080
"9f11661702873852a3d65ed6",385282752
"d7f22a4e6daa572583e02640",353298208
"f6ce37c42fad91fce47758aa",395978048
"f57cab248d2d832725d78135",459851872
"9d73758bf7569cab4837e49c",652236160
"322bad590ae06fb48f80c533",632823488
"5a7b67d4c79ecd83b7ab66e9",903970112
"8dfd846e6df9a040ae1188b7",525300928
"44a587fc89d6b6489157ff49",1233617792
"f9ce5b7edb104d4e8407a344",680193600
"73786d11f1fa714aaa9f1f90",762841536
"cc72295ef156cb2d60d6b10f",1078900224
"c9851396352bfeb05fbd7580",1276822016
"b3561144c745ae3d329dfe1e",452054272
"7ccaf332cf87e07b38b340d9",921689536
"d63fe229354bef8b02b4a934",862273536
"2e0a8235637e98dfea862909",822357056
"0a1b14f320e330b405b27a6b",1006234560
"db41266d7b500a6daead96cc",369717856
"364b8b8759e3c408c4005021",570869760
"73bcd7efb7a25587bb1c31ff",768881536
"17060f24d81fe2661c7628c9",875728256
"98318f22c00ab335d8aa23c0",645208384
"c926feb307c493aea729001d",401322048
"58d92e8a26589e37b7123716",587794560
"54d11dce9374378326f7ac62",589234688
"8e79eebcff019c3362a76a26",683302336
"02cb957c3db9ded3691a9004",564136960
"561689dc0f267cc5011ede3a",863452352
"1533da89d388196f19e2c5a3",806860288
"069ddc5d1f3c855e6498ac50",431210144
"d3aee2a35856634eb710efa9",572243840
"4bad966abb5e8c4121ec69fc",734876800
"f059e39d22124eb9e7e8e20c",950028160
"3360f48c1ec30dd1c3175101",449966624
"2218c6bddc994984cdc6e567",361943712
"c2a9b4b389ae6f20140e21eb",831327168
"d135cfa351ed6abe4ec2033b",664348480
"668e5bdda1f4011578534f54",1303874304
"d2aa3386ae240d7387424e07",612955456
"e4f2ec7e2f4389c1efa52c0f",538325952
"d4f90a6b73b1e179d3f8eb70",433063840
"5738bc8873b341bf92ece0db",498916032
"2906d21b1d96a1ec43bab50b",621962176
"4e1bfbbd8689a95fc97fabdd",614653120
"78410b0193dc989de2d24da3",859417984
"fd7f194d9929a6f28ea57cf4",524307744
"5e7ac1ffc0886c27471d1a54",568374592
"879d9e3b4ef9063de41ddaed",406158848
"4bf620c6c6d4c916bea70e81",708108032
"573bf87f57db6e037aeb94b1",866705600
"3ff7b739ce65f0b3066806ba",816629568
"a456f85bbae3f189ff424e8f",485178336
"6683685692e955a8ff172c89",867118592
"82e1ae440b386c7da3a580be",842217152
"efd178c4aaf3fc9d05b8dbdb",591823424
"55ea155410b001104518e992",591823424
"32a10e550bf7095627d17da3",614932224
"823124264778e5ed64d8664d",662983232
"fb01d990afd25ef96ed048da",870744384
"df22426db407f4c660681c7f",769706880
"44fab96fa2ea501e0b94548d",863955456
"871204bd1b3505acfa632954",827988480
"3d63320260d150d134fe8648",759107136
"b8b9b90d5721a9ed5e72b328",426596896
"926d12cfe05643554837664c",405616096
"cfba6db03f0e38d1aa0802a7",555422400
"97b12012ece8a740944aa547",730921856
"8de317591cefdbc375a41483",599389888
"46d34fc9a8edcc199a537b30",743177344
"262e3b4091dfa6b71af020ea",718071744
"396761edaa353e0828949bbb",518385600
"8c18d3417886c150136a03ba",411552992
"f053d3918234bad409410755",591387328
"8f5444b81998e52ad76b3ddc",723878272
"0daf89cf494e0f40a94d3e5c",765750976
"dd8c289ec872be3fe3352313",741974336
"f02f6c5b97b8e3cc5d5a74dd",726182336
"5f39cf56c4e1bd43f61ecde4",772066368
"5e187b07578d582ff3d8e189",896898752
"bd018b302f732baecd085ff0",987096320
"674cccf4c7772d6091166aae",949260224
"38e84c560b0455548ce186e4",654965760
"d14173913bf5ed21e3ab50fb",425010080
"cb8844cf2070d8697bcccf27",493836256
"6b44648a905e7f4c0de6c855",487711808
"148aedc984c7f6831c7f9601",654884352
"ff9d1cf7bd90c5e47a0bba3f",457391680
"9353136b0c791bec58f93ad2",517735168
"de2137c70bacfd5087bc5c68",719940864
"12bf6b9badebc2902cc11c62",416455104
"c0706c78d5d98202dc24e46b",782786688
"4394a27b21889bf78927ddf8",378021056
"0ebbe9d3831727f90d677ed0",824441600
"caec584b5b6998684bbc6a70",727742976
"0c302f1c924f8efe0b6bb58e",826123712
"e056ada7a37336bbe878f38b",756234496
"905cea21c0ce1cae97fe86ab",995774848
"e286b12e5aa7929334322842",576861248
"6cd4e68300a8bafb9d22700d",790544320
"39124b1ec419566a371af8d4",924759424
"6110b5bf07cf38c437c7ca8a",1230240768
"6f8a22e4dd21f44bc6d383af",1203214464
"71eebcb108c4828b8bd5b84a",774426112
"5d61946d53efdd9bd0af140b",792847744
"c0620585c12f3d9f1298696f",627545472
"d27283e3c941f8fc256c3f4f",595447040
"2acc857ede19953734600dcd",642349952
"32474481a0f8af34a4edfec9",482755616
"6720db016112cd2a4a5e0358",616369024
"959d0cba47f650933b9a5168",842920832
"32d2c5f1707b00c93407a19a",413230784
"0ffdec8eb5272d9fe4775251",459177632
"c77d7a08d5b9abd4d3082fb5",424264832
"a3021c7c465dfdd38cda9f9c",734010496
"aa24974831a0c608635bbcea",591443584
"eeca3f5c399785a1cf15b1c6",605028544
"0b51fb3a65a86d7799f27264",359847968
"1af16b7f14dc04f05edf71ea",703673792
"e0d7e4dffa0f3dbc40c7da53",667616000
"cfeb42023e2737491b3e4283",765493376
"dd4e23681e00fa1cb9a679a1",478552224
"153c89081fd85dcc66a02421",721145280
"f25b2ce0d988bf5490fd780a",541280000
"8700c9b62ff5a5c3394b0bd8",532811424
"a53b105919c7b46c0cc1b003",596034432
"1c835128915211131bc561ab",526258816
"a0c6e0c6fe41e32b3bcb2b26",677327232
"4eff2f2297ce85a0a3964d2c",767336128
"57062f248424c47282d3da30",629648192
"99e860bbf3033ee4654d393b",645629376
"db8912c5c5e5e49431b2c85c",660491072
"3151daf55106dd159f27a8b6",506676160
"3e8a4318d93b1fed4c48f48d",1213475072
"4c8ca73cb51a58933de61f0b",691872896
"925754da6fea9c9cdc06e18e",635571072
"05119815bd72ced29391ba87",706829504
"aae7cca10bd7f041c8e02d23",797011776
"4890edc33a555cbbac71795c",674364096
"902fbbf9f5037be8759775a7",722590656
"d013a0e910b1fe2e3913af7a",436917056
"9c38b9798313a3091d13b340",913982912
"f04d3ee8b175c8f2f30f4f39",1125607680
"f0f883c45e8470e74280e8ca",1135233792
"af820361d5f20198bacf839c",636320064
"01636da0aa2bc223af023a13",535780544
"cdef6e87c007bcd9b4efa9fa",1067228288
"1d45332e2f04df18cdac590c",440485152
"db3dae76fed5fdbed29862fe",544861376
"f36a379e0149d4800e793001",621980288
"30d2ac3ecb8150e4d4339d1a",909990272
"7f78955c480d050f2c8ae3c9",737664064
"cb1dcee1f4ede0877be1ad15",854492800
"a32d2c51f2bd5f23bb519d12",954598336
"bcac2a4cacf13a91805557c1",524921056
"a21afcc258e50a538dfd43ed",313346848
"7202b83b651382e2630359c3",485166016
"77d6855eb6a30d268e49eb1a",355047488
"204ddf6ba4822d55ba80f713",356362560
"e0587d29cb717f725e991ef3",877358144
"c606665f3a3f70ef61fa5cf0",832459008
"44412a9e16b2824c4a520a72",504495968
"313abf19d78b719cce4b3188",689653056
"99ad7b36c3c916393e951507",621993216
"c34c2aabac06323fa180b24b",490208032
"37f39916813a58b844e17833",843108800
"6ab7f97fb9880e48fab16a1a",561383744
"0e6c74a0056ee94b10bfa86a",754960704
"7fdbc3fed9c9607e6d01e958",544351616
"01018b9796a105be650ec802",872969984
"16ede6f8833a93677d05a131",479846368
"0a53b0b7c365879a6d2cce39",813255808
"a293de027279019418c070b5",616632256
"973ab56a202e039f5ef37353",546843584
"3e18c851788fa8724ca8b7cb",463960672
"0a4b0a004c894654663bdcdb",759087104
"55d4b530b881abfce2d03e56",782265792
"405bc08707001684d19f6edd",797916736
"dffa1057472b06bfc0fa7a66",1133724544
"d061615fcc6355d79665f9a6",688139520
"6cd96d73fc58b1502bc6ead8",832889984
"db78a3ce9c6f6a7f4ecc6853",612075584
"1498ce1c1bbe2e89b84a4a45",765002752
"3035d7ea4b71d204b588dccf",633509376
"2b8e9560dd58d880dbe77c61",763585920
"e8948741a987cbb3759b7a44",741400064
"20718780218eac9668776956",760993856
"c0a9e3f5c57cfbb4aa9b2357",828034752
"5e9e9339fe1c3a06470cf7c6",750857664
"f852e0f3fb8563ea6918164f",1265473792
"e38b4072ff8b856487864f31",954341568
"8cfa1121fc87d9483ec63611",1122068352
"1a805101f78cbb783e6f919d",498443840
"98502628de3c4fd3905000a7",602840256
"ff7ebaf86962fd0ab6ff41f3",525768032
"69442123283ab024a911506e",856147456
"ce6e91b53465250effacca98",893249088
"5d42f42059617a5ca7ff3a32",661755456
"01edceb6c5afc2af1e129e86",399475680
"fdad0c86eb89fe93633c8571",280499904
"831725656d9df81b63c0ae38",672102080
"d1f8eacef9bb4d300d086837",1147636608
"3b6d88f864f6c1759f957c73",1354786304
"5a38f908d8d75c5810280e12",479182208
"c7c835349181bd3f0d964eca",900511552
"edd4d560363f7575aee42d39",939424320
"8f3924eb214f5194d21499b2",742270016
"466c542d7825d36d18a86486",575133824
"0b71d334a6db66cf6f1a8eb1",936100608
"7a91cfb02df63e4396b15aeb",450732480
"6140125d2a94efe499a6941d",431342880
"080df3efe1fe81f97e74c4c9",440036064
"e148c2b109eecef0175b3c5d",573692992
"40aaf6665b489033ba0e55b5",1130646016
"05498e49d0b875ae6aaddd83",442983360
"397d0f6319465fd7fea6f710",907376512
"7e6d8c4742b38854d819696b",851654848
"9a8d13d56d677379ebf9a347",1084375296
"06bbc353bf62fda3b3786fd0",565077760
"09fd7896d5445f422892b196",768835776
"57c63e412f3fceedd3a7e698",608142272
"32cb6246cd94f962f780a1fa",564072000
"b0f9bfd521802b0d2586300b",815939520
"2a99204f0a53c4a4d0a2393f",773294912
"7651626df0e2e3119b801466",776511296
"59e48259a076518d929f5db8",420446304
"e7b721ed96269bb195906bae",401895776
"61c3c304eb8a06b5a483efd9",838726208
"3c26b2954be250bfe239db68",409576192
"0df87025a6351b435958ce95",826952448
"df82719238ea0e102c282c09",745725824
"57c74f7b9bc5e33cc823439f",766524224
"4195a9d13c0a526d7cc959f8",562791232
"0d00fdc440d7612434a6b91f",503332800
"0c91369119a06c40623afbb4",637763328
"5a6b30b4d33e068d421bc2a1",690922816
"f4beded3c5ed9fd6cd5177c0",757844352
"95e561c7292d64305a2cf4f9",830241984
"67138978493b84ff42daad45",512716832
"7da10de45c866c7d066d2586",470617408
"3c3cc027fb179e91a46f11f4",600364800
"df3ada98307fc85428022d00",512716832
"e029c89d59f2caf4af4bd908",566582080
"105d05ab3d5334b976e448e5",573366208
"253fe7aef58ea97fefef922a",694936704
"43e11f10650837933261fa7e",551163904
"b111b17ae1fc17e3491b7a5b",720819264
"63e1ff737ea11ec607ecee08",819884224
"ae703276c49b6a6a9c39770f",861029120
"799bc0f95ef9a23fc16bb1d4",1119779200
"bb9fe73a8742dec9b2e79135",1257053824
"a9b3d963a14c2c7435f30fbf",1167401216
"7a48bc2c3f4aad08dc7fd5a8",505009152
"7621f476bc8040270958de6e",618913152
"c49644baf8dc51d3f76d7e7c",692020288
"8c107da7487ed0cd409f4daa",589265152
"1bc8874a13914055c2759a35",618321984
"fcfd6f08490be39064aae41c",530921536
"23178c72b063ecbaaa04b37a",672626752
"10bf1c2d1124f6d8f8b9497b",703213824
"c29b30cc5db2ffc273e4cb14",683444480
"f7d11c2601959921f536f804",756275136
"acbb07a2c7a0e39c0102b3a1",676323136
"844e127aa7802cdf75db074c",562900416
"e2d88f49873bbcc5476f4ff5",640644288
"42aa1e6f6b8220a63fe165b2",778330240
"ab1c43d6fc4f08e315e322d7",808411456
"9299c976b1afe4d2c0bf351e",758922304
"cd62ad28163c8df131a8f2fb",627033152
"e5e06913ec3c851340d7c91a",632850304
"d9b46a34e48e04b5a3e026cc",581881920
"782a6028457ec55d4fd5189e",591362112
"11a905e4e01e7d15d35cbb82",523097248
"3b3e423e248b23090a2897ee",478497760
"5915093d458d4b6589e86f59",589038400
"3d162a854aa05447e2cae0c0",965579008
"662a3e343a7e207ecc09d6b7",611981312
"289db1292d4ee40a1ed6e518",740452352
"d43d2bda7b6e4d5177c0d032",722521984
"b57ebf09cc691bcf009ef115",1014703232
"21f5bac85d5eec57acf501ef",798939008
"2fa288389b3031d595973793",629057664
"c900d19cade1443983274ac4",1039671232
"67bd5b20df7f2a9cf4e04358",494788608
"e111bda6d24089dac82907ad",569124608
"7910ac9782a1a315f68799c4",656767104
"ee786b818284cb382c755e9d",842824704
"f9b0a27bd3619ae88ffe5455",557813504
"ad1c32cf75ffbcfc842e3959",573987904
"5648633b1f92de1ddaa7e7ab",597498176
"1ba481abe0d3890c42884d97",494788608
"ce60e2ce2a420052e67564d2",589265152
"87e1b1170c163689d60bcd09",652339392
"bb4c7900162be66534d17541",865342144
"68340674853f0ea101e32b46",526851328
"d10f89691119d4a4a2c1e650",1047340992
"d414907e75a1c105ad2b74d1",384051168
"c9b6d3bce20b7f528fff8123",427592192
"be1695a7b8d3dc68c9887abc",621579264
"debd60afab03fd1552719270",636716864
"de060e07dfb0a5494c5550a3",575047872
"3d6815fb68ce959cb95e225e",732577344
"d93f6d8fe212ee3c0f7cca95",624842048
"1ac702e7c265717b34419fe7",618020928
"a157596804522e03efabce48",551812416
"069c529aaef7d7e0774c4a66",561287552
"0669fb98aed75d79f8decb7f",566471744
"7057326ac489bcc17d580883",727150464
"e3d6fe5d97bf4fe851aee9d3",551278720
"f80b20e0649dcf1c16003255",625728960
"364256d0881131148655e006",763871616
"0f9c26956bfe983c8c7fc227",1160586880
"9756b47e9dd47f99dbb23115",531794816
"27d413eab7b562b984c5a682",806547136
"ad17072ff24e0fc0e61963b4",631876608
"473a59415b6214218a15e363",797788800
"ef72df5586ad0cbe59e36e07",786814208
"9129b78a741bf5e24df5379d",667552896
"964734d3430de94d22c927cc",647955136
"530b25326f39c347a35a8caa",589264384
"482f57e65a3f4c6792775a05",459927776
"738e86beb569a7bf51fbe199",415740096
"c5788cd5507c577b7b585ffa",339954304
"be164f9025f346390b986668",459807712
"ea2efa1a857332559120b823",531208576
"f3dd24a17ea51b7a2b0f037e",673419456
"7aa8d04246d3e84e5ac470bc",866710912
"6361330195fa7cdc6d5c603b",957392512
"6820ee22d6fafc9c030cb286",1356478080
"472601b5b5719855ae3528af",959407616
"3ce2c7f1ee7569e1b916cddc",502444832
"afb03f7cea99023ecea7610a",606495232
"404364fe956884368e2f8300",636376704
"c658639b590415bc6ea44119",537862464
"42f1a529f5ff3a6371dccea5",682776704
"e2e4641b20d81a90033a536a",535566912
"253b34c2c5ce15cbd8b5826d",849874432
"86ff8f274b698e7757ced1af",884428416
"c4aef1d92cf264c548ef1f2f",381503936
"e8603da6012c2116a70176b7",853915520
"52b52aced4853a3e3d7fa058",408350784
"7d9a9c3b4442efdb53c24448",563337984
"a7bacd6f783756c9e7cdc068",553594624
"68a00651ead62911f850cacd",425796384
"1e7e26077db3bca2821a9b45",590177216
"8aa21f48a83be25f924f85c7",569707200
"48107a1dd2a3b027637f250a",615791168
"6bbb24fd1b9df3df4e939fc3",467280064
"aa45f8fda8801c3b4923f4b6",744101120
"ce164af02f76ab3a68b0f980",789450432
"c32249c7c0819b1a29fd611b",602468736
"f8d4ec209ad5fa5ba4a68e56",619050560
"cc03087e0f18d59c521b6ce2",726086528
"fa631a714774fc22ca15ec10",788785920
"c310efec13e312442f7e1a01",810938560
"534466a857d28dcc598e3a49",972970624
"4a81bdc14b5bcc4c84f5ce4b",397430592
"79ac12d8436c07b620190b9c",507477632
"f69962045e9aea6b8200888c",465307808
"9752758072e096fce6f7f4cf",446258592
"56fc1855dc6375dee0506133",679984960
"2fc19f73fb877ed8b88a5250",605313472
"63a25d279fc5a9e8fc1dfae3",450111936
"71978c139faf2a251db6ff5e",568791680
"f4dc67569fd340be3dc592d5",530419616
"0b829c23806ff01a0c84e9a9",608793664
"a23ff4d1b2e24f537a75242e",643048448
"3a103803cf9cf0451582d89f",574707840
"eff8b3fe996b6d7db10b0263",607982336
"9d53330b44c300e396cdb402",695214912
"301b5da33d32c0632b16e8a8",791019456
"357e653c4bea02df1b08c62a",911106560
"9af17837ac2bbe7c8ba16e0f",525750336
"246576e24f66d495fe0d509b",704222784
"cb70f4993947b640317a07b9",624869504
"949292b23ece12b655122038",509043296
"4bdff22689954e5b1e575d30",731558912
"7c69d43fe2488db51e6c8da3",382265344
"6f543782174a964402b64de4",716669824
"a59e7f0e0596ea6633781335",755462592
"767ae7de1818d645a33749e2",814738624
"e667133c29f90c8fbf30ede7",372095200
"3fcacd1cf9770a2724a5fb01",636449472
"601193433c99337fe806b158",671841152
"42c282041583e6e2090b50f2",823924544
"3bc80c56871193dd782696d3",586378368
"bee9de3e2817bdd591c02897",654993728
"0f761aab549e7f6bc025ab0f",830241984
"3b9971f91bbe4b8dcc704ba0",989708928
"8f428b58a5189effe993ca4b",553154240
"0af466463f2cf50d61315da4",717180544
"1a486877c62f2aced41a2ca0",942159552
"c9fdc3f80534b32f1a75f530",815213568
"97419310c7e696dc8ca61f7e",929470400
"49d9cb2bcc98d69222b03165",858179840
"99fa9611d644cf325e20e603",896572864
"976d317efade1dd77ef3687c",501899264
"b9bd63208716e4e0f2dedceb",563826432
"834263730047f308d71d4d8c",695998848
"d6bf8bfc752bf4580e99794f",726331904
"58bc2b0acdb0702732894fa9",432363488
"c3b8b774037044a2524913a6",663760960
"eb339d562b72b3bf51073cc1",507543040
"c8244d916b0110b1acbd38ac",760395328
"65bb6acd9be0f8d95fbc722f",831430592
"5644b84ee2edcf7267b2189c",746081856
"22eb737351bd0958d3e60efe",811641984
"0e2a5d040f6361adb9927388",647896896
"be9f5ade682aa1fced79b068",688229952
"8445e5cf42307960535a3b11",650139456
"1b002164d34a71bd06e0445b",800109824
"c80f897787541816ad63bc17",653852416
"673c72783eb4f9a02c511b83",1221253120
"3b29177e99201cf4eaae612a",853080256
"91c5967cc1acb3f108d6e0f1",459910368
"334b5b9fc68a18387ae59ebf",421382048
"c9d096d4353b8eb843e793d1",610415488
"92cade7b5347d1c00a48a1fc",854584512
"1d4bbb5b756033b4be28643a",940613568
"e1eb183eb261b6de96e20a56",1143502464
"7ea8da3b1481993b14bed9d4",493063872
"78bb43910ad6ed105610d9dd",604841280
"32c1f617f2b1f537ef703712",801283584
"a7e6d3c76bb5507e00ccb501",655328064
"6c75d7867807d942c975079f",857893376
"e9182661e36239f091259232",388777856
"c926ee21c2bd9da7da193514",477730880
"27bcae7ffb9f79b8f59fe1c3",442918848
"6cda1a7622d5577c0056ba40",825132096
"67c945ee31cf1fa0a874e4a6",526014592
"5a8638c17d14ec4f6d447b8c",574123328
"82bef17c2a4db1f6dc6eaf01",738701312
"09dcdf0b8b37c1d537b9fcf8",670474176
"2cc9f2411f98d0fd41511211",465790528
"aa1eaa63043c5c29ab6a1323",660660736
"35b03ab66c19ba2049ddb9a4",637350336
"90470cdcdd2b813b39f28ab3",456317760
"ba187eee3858263fa664812a",448669696
"c06a1d212fed896b6ee4e1c5",567603264
"8a8c8f5aa68c4e530d62776d",646890624
"662a221bbbd961c285069c49",961611968
"ee796b35e39c7beb6aee2b49",785631360
"53de17a986d62a44d7897200",554680704
"68925fb9f8f0c84fa0ffa9fb",707454848
"6a6d4f8251ff961609019ddf",393896512
"3477646f548971044f8f0494",436000448
"c82434222f4129168fa82e5b",473373536
"4c00508300f40d74c79f2596",516392224
"27bebaf73dff207d7f6829e2",604803584
"d0ba7b90f6ba3392a165b46a",941110656
"61974f593c799e5d5090c067",381556992
"c08b016afc6a07105d7703a2",656519296
"011c2017b63235bf0ed3f241",501550496
"7f73a8e83d41ea252ad61197",458365376
"0c25a552c34e114a1780739a",571612736
"21e96ca8dbe2f12b55723335",516091808
"30f6404e8034dbd513aa8a30",623651328
"f2fce80439462bb9231d7fba",521498944
"40d5384e2e8f8fef2032928a",463121600
"95f17e64d2222c904a7d42cc",551275008
"59374f70d5e7da97e3b8b35f",968088832
"ba30cf03fbfb0e36e5d415bf",1193352320
"c2424b4861f2ef50f8876c0c",681074432
"e7def7d0999433ad6d3ea412",1067228288
"7f1a4e79fa92196101baa7eb",818228736
"37e0fe114a3c7406daa57443",681750848
"897c0578bdc8d59843bcbe38",544297344
"7e554b821e6955ab259a25f3",643737344
"23b0d67dc2a0ae6e5ebc9eee",626637312
"d43f045d046fbc8f5ecf465e",623264960
"498d632cf0868a8e641cecb2",452089120
"6b9bba3c6afa1f999a9429bd",465190944
"12db154d9d29cafa574ad387",406321056
"61779f1bec05260cf10a0d2b",623264960
"986defbe9082519824ebc882",800100288
"f72992cff50931d2e19b3ccd",697769216
"0e2d6e5882fd3b4eeb9ef286",630020864
"9702737c9e4ecb12d0f9ea5c",610189888
"c36cf907ee28017eb1b40674",674131520
"a7ad9c8b5bae531abf68f8d0",690843456
"6f3dd53b0935c9593a301bdc",682408768
"11f8f836e5626605ee4b41c6",1099005952
"16fe92ffdb7e1aeefcde80f4",711899072
"c1eace64bd2c9f6bea289c4b",794137280
"fc2ac43013ba8ab17da28041",633851456
"5e6b54654c98c2517c2e31d7",793811776
"f0e8b39d2e4644dade9d8954",769104448
"22796587bee45b8f64ee6e44",648708672
"dc8c76f5b3977f90839918b0",758620480
"27663c0e271e26dfdbf4d289",590835456
"2fc96ec5fb2c8dec0a5b09ab",823447104
"49d42ab711abd95fb5947c0d",794807808
"b8984fe54819f5fcc43860fd",566547136
"8d3f4ec0c37443eb3f953584",893009984
"001dbdd202e9908ee42713a8",843645440
"fc5f41aad1b4bdcbd8298037",688717760
"34926bd7f9880e277e75a447",700811200
"00eb120ba4410ed8efa24a8e",450448416
"eb0c6a8231b38b2a1e1f789a",775968256
"0f059b39ca45bbbcb996fa45",588510208
"06a5364639452a9d663a2dbc",544315200
"cd19dcd4aff76caaa1cffe54",464043840
"7272c3521b7083038ff0a690",729536640
"a480b654e1b8b7134091e613",1401880064
"ba24834c9fb0e87c4ea7d1a0",797373056
"ac46e3eb688cb1cb17da2545",1008365312
"3053732169b2260529f90133",488626464
"ab0c047373b5d1810fe42bd9",543836032
"698383c101fb784f8e1b1ee6",529876800
"1b09c89b546d0058cb09c1a9",818957952
"64edef308b6a9805f0846cbc",1070481536
"995a5799d9a1a7e4dfe4fe34",1238739072
"d4f1fcd4c20dec55e977720a",1144676736
"21264b5a73fd27b85a4e2654",626784896
"d464858ed94a1a74948f479a",673501248
"dc420bf2dd1759b7f281cfa6",1112023168
"0a268e25a5f3a0bfd8898a40",341641856
"a3460f00d48816ef66e3acc3",502671040
"9559637fc2bdf96defd2438d",897049344
"421db6a58670e53f563eb9ad",611701824
"7b6322fd5810990820167a23",523305728
"17fbebdfe6bc0618ecdd247c",881284992
"00f2621035b1969d53f03fca",947605312
"e97c998a6a0709605432ccb1",475264384
"39e306be57a992bcc75e089a",348311872
"55d0225b44a81e82eea3efcf",870972096
"c7c5ee499c712082931032a4",1240763904
"f15f48d4cf4f85a3cd68dfa3",504687520
"01db5867a69f8ea7849d69e8",915858688
"7c29fc3861c9f074e3a89449",814337152
"5ae2fec22f535ec2490174c5",392078272
"a6731fb85da65ce14468341e",404928736
"4e327acca2e033c3fb305c5d",614163328
"37b8e8a194e4f2fed7ddcd96",604725504
"a8dc954142c54e570bccdca5",520886912
"b427d767b071c3e5ac2a078c",506168512
"a9407f510e67bdb27ad59b46",683323712
"ba7120c89c8de0e57e30646d",615546816
"4f5bc448658287ffb3d49b75",795715328
"758d9f47824eb74d1b486024",921517248
"84fb7e582456d7409f27cd2a",847561216
"0a6ade3bea1768aab76680ed",992492288
"f6e74a4b1e026352e5759b2e",822730432
"639b98d0798b5670e7bb2569",869242944
"32ecec7d5c47d02969368779",483067072
"cac82fdc4d960947bbc590c8",354163008
"c2b880a6bc90cdef9dac52ca",668951744
"dd8eff6162c32ecbc6972509",501552000
"6e2f79cf68ac0ba2b1a6b0c4",1141654656
"a904fab9fa4f41a11f673fd9",810833536
"bf11c5dfcb321e020601e9ba",1280456320
"488cdcddd0938ad0205ab8f0",1117959168
"b92929668e884453d3a0d633",521746656
"09eeb116cb0944a28742d282",693051776
"c16e9d9444f85bdfade710a0",675419648
"c15cecbbe717e72f09a84271",747889728
"0bbd23df46a4ea4e4734b680",577382272
"de28e62bd01870dfceb5d78b",632699776
"92c4faf0ba1fbac44db6d1c8",618387584
"91892eac5e9565b12b2a99f7",523329248
"ba72421716765ef6aad9b4cd",924441536
"a99df3a2cd4f2346c6e903dc",553188096
"59a3b1a44c35ed4936cf7843",524680704
"cd74b689350ef612ddf1b96a",606572544
"5664cfe452394ff9376bcc8b",432283264
"d4c6dda51fa949743a46e835",456259456
"b7f47484bbd8113c62cc8c1f",448701760
"d4dfddb6564c9f46b26e7aab",497922240
"aab240140aa4b6602234d88e",593777280
"29671ce02e285f69afeb3fc2",794976768
"5cd742ea274b4a8832114080",771742912
"c876ed979c9127674000b740",709263680
"45269f56121b796d0392e2da",1212221952
"e981d4fb3a33f372ac26901d",1107915264
"2f13a428281ffc425f2c2e38",491813152
"407e4196114b64578beac143",628148288
"342027b17940a0cc5cdbf8d9",860747584
"dad2bbb0fe138e426000a33e",611144192
"e77da26aa7ecdab5505fab60",692430208
"8fddeb4ca696706f6cbe573b",760655616
"fe368a7d2e09fe88b1b972e4",511414080
"6fcea2c6b9e39576e10581ea",677013056
"91d35b9421c4982b54dd520a",681048320
"eecc82010ce9803ebea6dc75",554635776
"b957548768ef014088a61b5a",474212032
"5790e4cf8102dba35e184ca1",795669312
"cbab68c32d78424452249d9d",787445248
"4e0b293ec3d5eda7d9fcf8b6",678953152
"1f8742e662666147955c9872",718157888
"aad38b9f22ccf36b0fba4e7c",623386176
"44e9224b9735235fc7271672",474807456
"b61e9e4f3a2e894932b58ed6",568916800
"2b36d2ed79caaccd687f2ab0",703872576
"7bdd64032a4f011bd4fe7df6",467923328
"0890a0d20f33b9af2bfe488b",462847136
"ea7c9e327eab66ca286f6726",581372224
"98510008e150296ca9d27d0f",752511040
"41abd8a2cbca609cf868f227",793260544
"83196bef0e5dc6c981bc57a9",634482112
"20289e986c1959f0c83a6a4b",624435136
"fb39ca089d05381b3a7ba847",410263456
"d2da963bf6c2f6fe724be23c",853900992
"670f7dfbe2eba87e55176257",786115648
"469b33a6f153ec334b6123d7",479406304
"c38ce4f3763795c61efee6f3",641413632
"8553a05c2b30be81c64a6295",956144000
"d8b3a1d0cffc913ebd05b931",949449856
"f0fb8232343d235741a20586",1091127424
"887d749eeaaae288b2818b86",754328320
"126f4d890004b8035a7de091",839481728
"7d157359b413e107f5f9cfd6",624953472
"65010e340fa495d060e32f7d",618207744
"8164023f628f550f322aad61",582686592
"8c2423c14aefa13d255fa77b",472379328
"e9772a54bc6638c723dcebdc",542460032
"171149ef76fe0a2074c5bf69",649314816
"96448fa0eb077563a2d168ca",518246912
"3bf1bea2a835d7fd11e47ce8",360247040
"2f4b0b1b81c792f43f4ccd5c",344922656
"086540702ba0876c0c05c5d5",1010837312
"57d17db2cc5ce1aa889f1f50",853358592
"3b6cedd9966332f0722208cf",437162848
"351a3e1b62cd51d46913a8eb",869088320
"33b702ced6de5f7ab8b29e7a",548924672
"e0e6852c6d6393d6d3719131",1093802624
"bf5e687721e030639ec81416",698213376
"314479aa7b73ef6ef44e1c89",778913728
"822896f609e7761b58e7f6e7",523097248
"5b6f21752f3744ec6e529d74",762099648
"5d91dd63b6aef851e0c78389",586371520
"0a369278a1ef6f5e9d79e2e3",601369664
"7523e95fc2afaf31bcf30979",941734080
"cb9de5719b978a78c71db699",746072640
"af8c90983a23ee15c72b8e22",994597568
"e35d8f589e6b1909f5e4132b",924004480
"ecaa5e38ff6cddc14942eb7a",1145969536
"d2eeec3fb1ee4d686758534e",884574912
"e97d03ef9638c8e1d270ed2a",335638432
"cbd78f55af1db4d89b53b496",409502208
"1b2fa2ee5927660313569617",873928000
"f7f00e13da4910d724aba4f6",458775744
"9a6b77dc2c414f0baa11effc",377406816
"bd4d0b8799fa5999c5d2ee3c",858217984
"bd6b68abb113370c35786557",1322522368
"4da8ef54252a92d9cc62c174",719496704
"38d6c2a9beac610279bc110f",546432576
"32e6518755191bef743b28f6",1075175424
"4fd8d01a5c3abb90ad70cbe6",877522880
"5d9f8f380a6434096a0cd906",559046848
"724c854b1a991f060701d005",665308800
"1bd78ecec17b584e827dd0f9",495145472
"7e6f68184d84e09cc9ebc09f",616127680
"c0174ef555bfdd648acf4346",478979168
"6463505a740324c7aa869d79",729539712
"f239b7fe0de40d208c01c45d",621273152
"bd98add659faedc1820f96a0",589264384
"ad662354d28a9b2d65f537f7",757062976
"8e8852450fd5556f748c98cf",664993088
"8fd5b95f5808b4676043de35",704839040
"73a23c9d154fec88d396d2a8",803034816
"374ca1a16b8eba42b35374ac",745385984
"ff058f978e97c389e7a31f6b",827100864
"9d7f2c004fd359136a662c9c",715086848
"2cc0129b386acf9cdfa4eeb3",710356224
"c139bf6b72a93a73155e1f5b",564583936
"0c017cf9740cb67d530267d0",609672640
"44ff213b9cfb3604b7e4b66f",642263296
"a09c957598e6cde56cdba03c",654137600
"c846d5698bb295697186555d",736868736
"a84cafc064a35cc0ad698009",693860736
"ecda0d714f52da919223a520",879593664
"b9398d6bec5cc44fa39b8bdc",590848704
"79d230806fbfe96368b83dbf",958953664
"a28b1d82d3f7dbf8746d5742",960958080
"a6555836840c7dd496ba9094",823765888
"83ce7c2d2823f888f2e06ea8",878227520
"631f4c509de8dd64f1c400db",856965632
"2afd31619c21dc537e4797ca",834150464
"0be57099d9c3ad8a16984861",813805376
"ff29f12bbd7ac4b860909966",926297408
"d955edf16ddb9d3f59501a9f",823130304
"96298da2f44ca873f345867b",612145792
"e6396355c1249c6290906b78",685365952
"39f9f736d802b166ed688224",867581952
"38a0fcb41f0dbe8b0ef7af8f",780120512
"79b955adf84fb2c52381921a",786624960
"e335b8464a61ea0781f7928d",919216832
"71a929d79a6cccbce6ac5d79",829259584
"41454361857cf70c44e1f5ac",703967232
"a16ca6293e2ee2969f3334c5",1000166400
"4083248d3d2f2bbf9589b971",901815168
"de630da5e1c9e27bfd94efcb",1049475904
"f2a4f5010f3da37e27505ece",512324288
"53647abd1d1b10c9226eac73",569144128
"e51873d6421addab3b539dd4",503845120
"be8fbefb8e06fe169237d4bd",555902592
"257c889187ad5de900a430c9",607757376
"3198c4acc62c1a2276bf15de",760216896
"b22350d505b87dffaae3a5e2",797076608
"49ad389014995f0187edf726",715143360
"025d96090a8e5bd6f786e9b6",496497152
"4a7156189e1f06b0fe87a7fc",456218336
"e91425bd357561183b935d27",456218336
"c9d996f458794961d9957c1d",459165152
"084de965e32a2a65bd3aff5f",459165152
"880bd21afee7038459b5847e",610291840
"2dba091723891d8907905a74",625411712
"a39f9fd2f143b8ce1f7e1277",461083584
"37050aba3553f3869d59f809",820852352
"35a39cf33d16f8f5ff75fd6c",484171808
"7c463a59e7d2f2b4bbd07e12",464516096
"035d955df5a765531d1d0d07",601153792
"be706475abdfd64aabfe45fb",456218336
"bf41b26c090dbf0a19252e43",722418880
"21aa860fd839233ed8b82653",635536640
"b870c8bd8f95426a7e1f9c88",456218336
"c5a5676bdb1698f8c38cdcd5",514542880
"3487768de3a13b7ee3df0254",869200384
"dda7a886135a1fd8106d04b8",812148736
"ee102e9d0791ee82ee4da2e8",629260672
"1d4891dc27e0050efcc6c403",652061120
"dc1fa8fcd0ffb8872d434dbf",598257280
"2a5f727304ad67d1cd269361",639272448
"2b10af4fcbef695b327b7d0b",883346112
"516881e914708f6ea6062ad1",682505792
"5a428139d5ce6bbd9505945c",722341824
"38dbf1b9c5963e9c3d008340",900851520
"02c6e8c7f36a2c68851600c6",756868736
"d2684e676cae87d75dea5ea0",686739072
"027947dd01dc991ffefc5082",498624832
"0af13e27cfe9b8f237a9949c",604118976
"32421841f7eeda76160d7959",562719296
"96ad0e75433cc18f20ed83f5",792618624
"b387b5eebf501a620f352504",720811776
"8ed95f9bf057114664ea441c",591228032
"114318a8e5822ece53ad897c",619486144
"3bdd7be0b5e18d266189d991",569142016
"0d2c4bbd8a4dbeb6337b5c14",622022400
"a98637742a212e332cb5d1f0",626452096
"acbec9114912932b9cbaf0a3",666707840
"fd81506b0a00fab1ff680b64",590177216
"49e531941384af389b0aff59",581773952
"8f221efe392ba42b519e5f57",726086528
"1f33395df1e4f6a185c507cb",488512896
"fa823373d2e7fc9443ebb6ff",833203776
"0a6966f19bc2c303886ca82c",615791168
"15d9a0353ad54798ef95e0d3",776410496
"0d95d756b838d3a319277424",513417536
"d644b23e4bce0e6e50ab9356",859869376
"6dbc77ad8c5c1e39f72cd2f6",789262208
"2fb5206d246ee7ab22fb8143",744101120
"f1582fc47e7b8c0eb0cc9949",772360832
"8d7dd9de4e919fec5916862e",1125650688
"0b67da6d74bb3998c80893f4",483348512
"736d25efc9e570379d32c089",963526528
"4615a8a7af9d7cefc7fe4c4a",915563776
"8b753628bd37b9759dad06ea",422683968
"5c7c83526b72ced12a08e573",596958400
"9baa578a930a94f761119fdb",381946592
"8fe1a07cbe9b8f3498cf74b0",452253824
"67a7cfe6e95aa5200c064717",756713152
"b7e3b0c90c0d3bfe5befec54",535583744
"e6a547b2c0d126c9b6800515",956068160
"b08f88ef973c9d1c3a86695d",735589184
"5933c18b8cb17cc6e4ae91cf",782741184
"64a24372d58a2cf535c3aac0",829754624
"e6f9288cdadc5851d29fabff",953539008
"71ba2f992908a5f91f832406",661003328
"3af4b54bb5ee5fcff80f1e53",451580448
"40d3f1f00de86e74e0304bd1",526783328
"3b758c26283c2f11251bfb89",1021363776
"70cb6337c8c3f5225fa80026",780548352
"0dd510aaba8036e8fd9d667a",841918464
"ef6ac2a5102d7be910a3e4c8",399111968
"24c32572ca6161a603a7d0d0",469260416
"c7be09a810b9e54d2dfba4b2",592007168
"01a5a230e8a808d844e64397",900126848
"5ade8e9c79288d511ce1fd79",706958272
"7cf50019422bc9569a985736",925389824
"d4716e228067a7bb0f30aa30",772066368
"cb79e02041eddcfa9225346a",795198976
"b059afb753452ba358fb432e",1296237568
"fd9f78fb2d2f4d01e462bcea",813396416
"6337f924f515625e7fa638a4",698931712
"3adcc2c662c8c7c9db5f0982",586163840
"6b7aff233052b9bcb6b9448a",1135795840
"cc51811e23409f4d77995768",498059456
"e3cd7b6dc0495d5109086407",726447168
"e63f468e1d9f86530d47ba4c",413212672
"8bad8a7faae115ac9007b13a",676930432
"d563312854016e9115d034aa",1122737024
"57c7684f8cd8d78909711b53",491728544
"76b8190137ba3daa55db33a6",540670080
"2bcc6a15181273b2fad05e3b",689927680
"b998aeafe2cc93bbd96dd9fd",563574400
"eb77734d12df7528af57c674",575904960
"e8df85384a1f51c31015ba08",648690880
"b0a03d567e287bf4cbd7bec3",608831616
"dc8bc7cb687a3a42b7e7d5fb",690626240
"147de03212e554abbf3fc3b7",565057728
"c09b8c236316b87a92a620b2",629334848
"f5006b435fc92111d55c0603",635495552
"ed70b749e030cc8715c0eba5",761101376
"2a9bbd878f3f45745d76f059",581779904
"503f33d11f75b6b5102ba4ad",368615488
"41479709513815cf5fc1eac9",576655616
"0181972aeb6bf451012a47c6",860190016
"0b35c4a3f20cc0eb751acbac",605644224
"e5de98822287c2caf8b209da",640795200
"f3d82ce1c6fac06e4997f7ba",576483264
"8e17d7d78e7acffdcb04d982",523433440
"f1e7a0c7804083963b5b6de6",490924896
"918dbe66979d16b147bd3322",655275264
"35dedbaace193598c9c438a7",385430304
"e67fa931031bed13c711ad00",470758496
"eb2bbf82cb615e3227305b55",475543200
"e8d83f7dcb876d5d05ae3e98",558942272
"2be93bf5132bb788bf045c28",455090592
"ac2b1b560e8bc4fa1deb6f87",686467328
"674ea6932fa9e6b7581479dc",599242112
"4893b21db2d6aa4417e1cd1d",879810304
"2dbef742d0c59d21ad7392e3",862333952
"fc16776abc877decb82a5954",1014075840
"6f84d405f419590075610c5e",573876160
"52cec2691ff635031fce9507",553398016
"830b1a2d33f7754b9acfdd82",591472512
"fa908c8dd43fcbe9f721c0d5",918499008
"90c3b93badfe7231410e95bf",818611904
"60a495b86d6eff1e345ecb06",414225632
"0468cf58f40372acb9d5fefa",844649664
"c523380518164e1e317cf1b8",701271168
"142cf530f13cbccc3cc9d0a6",685361856
"e0432ecc0c1fb2b00b5435af",619366784
"3af3a702988bfa0599727982",691268672
"99fad8a7877c57c0af05b318",589038400
"b57250de388b7172a39dae8f",762635712
"42fa0158217c9cb820f2a06b",653346688
"8fd452d3f5f1dbb3b65f5274",745285696
"27881ecd655786b093349ab0",732904448
"38029a1aa22c0a5beb065edb",751836096
"6750be41e08a725705256b0c",1034283136
"90bf218565cd67ed83240033",1059792512
"c6a089a9bb326c22e3f3aaa7",814834496
"ede08c77d6090e0900654eff",857072000
"2f7784465c1c69c8f786a0a9",1020182912
"5943151d9a76010179f6c297",548456384
"82a3742862a06803242b703d",598320320
"b815204eed4398e600b366ad",763233088
"11c4dba68fb47eb9c49df169",394319584
"4ae7dd50c6b743bd47340f20",721120960
"d81a040e22d541a74122f3c3",589715968
"34c84d0a410920c303ba69f8",484070656
"6b0828221f9cdf5cf39e7c15",552643200
"c50d5b4e75f165eeeb2eba97",665765248
"572488a9a75f64434dca5dc5",536953856
"0e67ae9abf1e2b2f66a91a28",673528960
"cb00154afcad81df60ee58f6",739391360
"75801c34fb510d824a7d8366",447361024
"98f2d7810641693c44096ada",600310592
"1fb4c88bbf995f77f2f29b7e",705361664
"0abc98f7ea1e477c6fe3425c",738699136
"b3401023d3097815687d1160",859777024
"f1ef14babbc4123c5157eb9e",611981312
"ecf47573fe1ff641f6914d0a",948006976
"0ddd21dcfe89f72e2246ed79",585870336
"402f18888d480f5af146daab",562347968
"61b3bd442f6fc8838e2f45af",545932096
"c4eccc400db2dc9627c9879f",707087936
"ab38b4fae64ab90a55b5a403",558024000
"7f4cdc01f9086bcee46d1d6c",714510144
"1be9d865ac8d01f0378bc148",1339704832
"f2f43244cda8e2f5219f3db8",681842816
"89ca905d858c7731313c82e1",589907456
"5bbd0476c27c53e2bcaf9462",644813056
"7e177acdec9c0fe684d8fe44",721836608
"b764bb8ae8ba0d736bf54f5a",523900096
"75f6d6beb64d846d965fa9ef",766129472
"b5293710d0cd75f95de001f6",361030272
"8b8ec04a78d3826b2c8a5754",664802304
"e35579e8b9b24dcccf93abba",499867328
"db5e320f51680100f1ec06f9",392584480
"59be3c447844f31267366cbe",613753280
"0f3b424c398a8e8b53162c37",725280512
"57f4a3f6fe2e41ad97116002",633220096
"1c6038b67a40f0749a72e6cd",628898176
"e5da0e3919341762d5beed25",616274304
"40efc0dc313284d3b57492f9",821587392
"601da8fc375ba0b3df3b38bc",1204022400
"61a12496ac1e6f39c5ac5d3b",1110191104
"8635edb61b1dda6f4742cac7",895914176
"ce12b48120daa5704a4c81e2",405920576
"acf4d60dad7953065b59ced3",982783936
"56e3e7d822e13838ab9f85b0",650101952
"7ea2c18341f69f21b523906c",793545280
"dd2396a42097b2e8bce52a72",757801920
"41f99600339a7afc8e386e6e",718962560
"b2d160f54ce5f98f46818e4d",858141632
"00dd36caffef00fcde85b235",840673472
"471bd64a0576aa67f494eb98",1055369152
"79e307acac5f42f2696b0436",1128866816
"e65a4eec62e2a5bbfaad5565",582084480
"4845ca0d30483b36bfa55061",648308352
"6784e116d96e03911e2a07f7",576515008
"4184fd9a546823ff1fea0b74",591430720
"616a5485bc7721ecfcc21c70",513349376
"6ff3186df9d15b65dae5bd17",513349376
"886706f32695891af743f986",720593984
"daeb02020f23715e663b4a38",583232448
"93fa1c8ebb75b77dea76ab99",762099648
"ab25a6737b3ee0c4e9cf4ae6",550541888
"c5641447732d3d1269965ffb",938577472
"86b290218a62d0c51b099a08",947605312
"d7b82133acf54bd3eac338c1",1009114752
"10fbecd8de540f1fe4c57b7d",464460960
"137baf1609138c6ca2715c7c",358748480
"f5534949a53bef05de31b07e",437372864
"466d4240af2cfd09a31cf3ff",408735776
"7478693f3e7e8963e95be8bb",412568576
"6e537e91af0de67558bc1ee2",636820288
"f5b0b51ed49be034c290efd2",640373312
"a4885ce6808ffdb878c41f97",621624768
"a14506a4800c27223fc34728",750128576
"e8e97b7919856f9cbb9ad02f",750829504
"e16685dae2bd3b0a4803ec9a",734214080
"044b8431b186eb022cf6fc24",545368256
"60de8c37c9eb96efc432451e",740551040
"59b88e154c07bb7c0ddb4e8f",707318528
"71590ac868415f3a185dc15c",763947776
"6388b4cfd09e2b1219268cb2",665871744
"f865cd15368fefd8c9d6aabf",793384384
"ffd916080b1019827491de0b",746072640
"6b8ce573bc2ee68ace26a67f",586371520
"7ce704ef5752dd496a61d857",762099648
"6b1a1afa055c15908a855e9e",716354048
"2a9338f62c99dbad25aec5d3",741143744
"c2282da3ece2dca6e8a3bca5",783247296
"5e6324cfe41c3676c7d0a5da",779118016
"f1a4afc2e543ce4260f1d781",960568640
"5d17daf3e98cf433267d978f",1339153664
"d5f41dd3258aa346367d7725",524055488
"da35c757f211ecaab20aeb3d",539669440
"8d9cd237c737f6e62092a08e",865131904
"9dd98816533e4ca8516a5474",887616320
"27d14f352b2983177e836e3c",728015552
"3dd4fa53bc59e5852f9fee98",935490752
"3ca74495aa9adbd533ccfb96",764816704
"dc93d8ca60d60a118f61390b",560328704
"dd7b4c374bbbcc60bb090fe8",533239680
"f925a05397ca6163230f7ad1",526196480
"66a59937c54eff29ab14b474",680225792
"077db8e0877b924d1b57ab1e",593777280
"aebc3c6079c1a80f8b2f1c7d",581736768
"ae41a566826a10d5a6768d36",818476800
"489fca3e6dc044412d00cca1",738046912
"fc2f58cc289d29fffe8a5fe0",559422592
"59519bb6d5d299ee0b767224",659662336
"19921a97a52bed6c6b8f4135",761827904
"ae08b7f31e69fd930ef4c832",740214080
"1b67fbd144a4a3ef40bd9824",558935936
"9e142165bbde850d4379a49d",667799424
"d3e971e2e224a20530ee295c",806575040
"a672cd6c8c284e14913222d8",684650432
"93086ab3e32aa9599708382a",909878080
"63773145b1a896df26504b0d",515488608
"17707d66753c1eb0aca28926",374321312
"6a2d4d9a257fdfb2ead837a1",366383520
"f9158cf51f5e9f644349a774",602568320
"c09c39339b5bbd48f349a430",703017856
"d470d84f5d8299c52fa24499",510788160
"9d028997ff036c154c3fda0b",978394112
"40ce7321869b706210eda9da",580876608
"3fc826461ec4648e4f7877da",618810112
"0e7dbec40eab1b3e5c6bc665",829510400
"81b3256980dd7d7f49030c78",1279530752
"fed2e1459e9ccc06943a05d1",1178080512
"c535169307e21e5df7ec88e6",548756352
"d78d84e4e42f145e02e423c9",578379904
"3e523ee3a6c2d89436539792",578379904
"5f2df52db15d2e0ebd327a36",562662592
"1c1ff56435675288e78c4735",517509184
"ec4226205a38a45d97f35828",663684864
"3214488a8fa9cf8b3dae877a",708402560
"4a4fe76c58f5735ce6b018aa",850145152
"ff3696c808d4835d6c7cc9e3",696273600
"1aee9081ac4a04490eb3f0e9",582935104
"8dd954e7312e6e6a07d6d4db",570885952
"daa52a91f1fee77f75550246",663928384
"a4ad34eb244e48afe23a780d",517237440
"0b4b741487c001323f508d5d",578379904
"cb383b7a746ed55b21a8b245",507544704
"4b092d4d5885cc224f6775e9",628006528
"ba12305002d24055c159ed34",589715968
"bd74d43d99a240ef4190ecfd",447673248
"4957e0b129c5caf47b026c58",523815360
"eb270972f0f69f1671a0a740",641948416
"d51d3ef396efd4760c979de4",379191680
"ac65d147ee69785195ef7da1",926852480
"53ab42a93b6deb152951f82f",713011328
"5826567e12ee3192785e36f3",898687680
"ab64918f2b2b4646e87297c2",919635968
"88b0d688281db2ef0a782921",743963776
"dcceb6a2073faf9f89f3431d",807943488
"73bf75d5762e3dd30fca7b3a",893610048
"a45ba5d63cd1971de19c25db",1004462336
"8467eedcf9a48fee0d72d95f",876539392
"6184f12f3a903658f3319290",598072256
"92ab018394a5398b832d0b97",695299136
"e8e215437d023387c4a55515",813502656
"7b8a6949d55b5bb27c3c6839",1204358528
"33f1a7739cb556a78af083de",756432576
"39c6bd862f908b7e8088f0dd",601441088
"ae556ff5f318b73d3b29142d",563280896
"e2fed68e0b614e65c05200b7",600775616
"c62a4288a4a0336b1436132e",664174976
"f23b32fa4894b6d59f73c151",658961216
"4ac4fbcacef08524ccbf3623",565163136
"5b5bb8156b98eb51a58e73bd",407400000
"53fbed4f9680917f0615ae7e",453921216
"730b528617c2841eea5addaf",573213568
"13d08f7e14471fcf517c204a",510323264
"da273cee807e254fc9aabb9d",635040448
"b8f7bd85b61951ce83d7f57b",1402291072
"4954ce465ba712543bdf34fb",539014976
"b7483c951d2c19de665f07b6",422838720
"913cdfdd62e35472522d0a6a",688908032
"be28b90a71e2922437f25110",677600768
"b71857f1cc385219f114035c",569732672
"a72041a40ca87928c695b2f8",686475904
"65a626faaed9d9e3b172415d",688908032
"229bcf400e309619268dda31",686475904
"367bc4fef78a9800f8616d02",686475904
"dc0ac888f1e87924e3994b4e",628857600
"6996e88c10a94d9ee7d05357",480500768
"cb8fbae1b4141461127c97da",990443968
"d2de34876a7a6914c2dc479e",939342400
"c666974c4303d43b87714c62",653249024
"e8491a7994738d098a7aede1",1109123584
"9a6440e5318b2de28b180a2a",1028144896
"9ebe11eba1a88fcb24fcd141",472003424
"78b0f0bd0494fba0293eb0c3",638991936
"047b0ded64dcae203a3015eb",691868160
"7b95396ef4d0e97de8fb4986",763150400
"08f1c136d5a456c0215ebea4",724561728
"0880b703bf2064f59f2bf20f",1003928896
"cfc069bd55e152e40b3a1391",806030400
"0a00771ee714a2f3f96c31a3",567164416
"06acca3d0ef4685dc055ffa5",356647264
"f802b026db4bf9d68cf00b16",391499680
"4aebacb9ecd0a117307c7841",905360256
"81ccb7e0255eee6274f5d930",1171640448
"cd17bb739ac79f80d6f651a8",1085805568
"917829a0aba571cbe794838d",499972992
"5b83b73ec31031582aabc527",544497024
"5e18ac352e3f3119f5f9197a",966475072
"b7eb15346797508f47ae094f",739546496
"5ac98c971b9293bc6a8a6aae",853078528
"e196b7cdeab1468d5d4e07c5",875258496
"0ea201bfd515584bbf72f902",857068736
"d2e6ab3b3106f36f2c3fc119",383981184
"59db28ba77489750903261d5",953991616
"b348c76e55613f53c8bbc94b",1014335296
"a1e38854d6725e9c48c128b1",353754624
"b86c526fed01211fdbb62815",881634048
"1d2b83d973547da8c168f743",526217312
"0fe3dbfdf25d4b013b842b51",514914240
"71a20a4daea6d31de942b2ce",1013705408
"35352b370a31d01748616b01",1001986048
"27942219389ecffbce2e1d9e",876073728
"62fbacd4e172983a2a998daf",678167360
"00c1165df93a4cfe679f54e2",751134720
"207f669778ed0db0e619ed40",514528480
"5ca0586ab7d20dce5e9ca8a0",772517568
"cc27435df779f16e6a62b0c2",771441408
"7a94d3d31471ae313659aeae",812066688
"efebd19fc5a2ab30f2ccedcf",526699904
"8037e40c0c8b20ab6e0d4b78",376293984
"5ae3359bfe2a704de00e8801",626499584
"a5587c93c012375dee920f71",698028864
"ee7f7d547af56773a4b0afaa",726604032
"9ed988dd6739eb7ad7aa5a06",839577600
"26c08d7331ae19e1934a22da",769717632
"767024c66d3a88bb18407b6d",751528384
"6afa85ee6594d1c8296f04b2",619559424
"551ca6ad1ecfc7ac21f8ef0d",802795456
"1f79204a8f62c29b0a1b29d5",367371424
"3dc0fa238745fbc31ba88853",320027136
"4bc3f597867c6844e9b47fc9",313346848
"53973c17ea7e89fbee5e6cf4",366670176
"05397b2087e5cf381809f169",452711136
"584990ea9718bb5598495061",383949120
"2e7c6a89d2cf2d835839f5f1",501176192
"5c02d79c59fb636ca4cbe86e",537915392
"114436e00c03b44096823522",858264768
"60caee98c3cc8526d16d7f44",498443840
"8207612808b5947f2802d2a6",768270016
"31a73382ae20331521bf2e6f",797916736
"c58947cd4f238cfdc0007bf7",1369876352
"a7ee02ad2a4fa122799a2dfa",901932928
"c77a63e92b9f727034913d8f",600343616
"56c6bf831d3c6737e3844969",509918432
"73ec6f4da3c277958cd2c228",1133724544
"7dcd1916c0485e0b80f9eeb4",1133599360
"cafa94c4a56c23ec73ee9071",932050560
"d5ccfaaaa739b2bb2b3d46f7",581925824
"e6d2e862f58445084b2980bb",1331568384
"62f96ed5c1e5f28117949a23",418226208
"20d8980a4fa8e094b7a5f00c",523133120
"0172678cb0737e21a317eda4",450115904
"6254ee88812e303bdedb8767",1166389120
"a812ed43db71868625b351bb",977009792
"2bd1c70db60a44d4400847ca",1009390144
"b057dd8a9c2082d1a78cba88",624419712
"2fb149a70fa14ac05582ae69",687186176
"47e282cb12ae01243d713178",436964896
"ae47cf27964393fd56a52d7e",704999872
"21642991a20d6b0d17dea2bb",662240192
"43b10ad2660d7552ab6c3b10",685582528
"64e5093d6bae57e8b4298123",894664576
"9d8d3e6fb432174770c74e71",757725696
"9f2498c12d7b41c213bec0ff",424176672
"6461c0a03ad3ecf2f8112759",797894080
"09b15382686c42fd89b24285",870394752
"da846b08fe2205d2e2a3dc71",408931840
"2a89ac6511416d0920f1b9a2",879969344
"3e9083411c44213130b2ece8",624604928
"0f0df5694eb388d843e1f17c",544083136
"ee6a288e644183bb191a6526",569124608
"8f570610ef199a3ecc49a0a5",723392576
"3115e2391cc3a078b5e6066f",761426880
"c7e45098251c687efe670815",510849920
"8a3b7f5a8da339fe19e8f138",611891008
"2f801cf48edb712627196b2c",710356224
"a147a8c29757c5d0c592d347",704558720
"86b0aa633bb16582bab5640f",841267328
"c9620e3e2dce92bf95c57c6d",751783360
"b746e4a5c9d04cf4dbf887da",636771392
"915842a8a03914c08a6607c3",597515072
"e9e6e054c1d09a22b7efa20a",757388224
"4b6fb9b705d80ff350bd620e",708450816
"9a51784f33b0cdfce8312163",743829760
"176c9a90fcbceb91569fa3e2",942415168
"c97e70a767a3661c4869bf86",745216256
"a6bdb6221b88a24c9f8381b0",540859712
"0a1e6a95a0f9598150c121ce",876709568
"37d12acc69d0e3e92420e62d",778808192
"d433ad6c3cdbd707e6839082",840527616
"36bec92975612d091a3c78b1",709457600
"3eb97ecf8069775b9104af85",829363520
"9aeed339b2d916cc89f38bc3",673501568
"f404deec9ec16a8460397815",524667872
"8a0114372706f30bf6867a2e",884441984
"681e772045fbee930fcc9ff3",959503744
"0816f29a68aa35abd5978e7c",774555200
"670fe8f7b8ebe006885b2777",870810944
"d36dd340e5875df6cba999ad",679195904
"8ae869c5033c248f881ac313",961812864
"294b04da3eaabadd55da9c20",933027264
"17b360d57782208f5afdfe4b",826858688
"88ed5ebb575d026f8d440c60",463291232
"e611a37562f88ebe07bb28d3",424206272
"e685650979374c571dea2ec1",480979296
"10d47d2c73f0ccbc97979bcd",690751872
"fe96a7d758a874b1f0c42145",446252928
"a7634531887e969c9c5469d8",371405760
"42f38b1b2dc077c88a746c1e",498443840
"25e832098d9e6e7c2f9afe2c",744530752
"b7dc47c641b46ca99fb83a0e",890760832
"0391d158ab104c5cdba31872",853338048
"a3c4d0ba7b85b9a6370e131a",1097519616
"27721beb237824844adbc289",1108131584
"6e807e25b64bf0de81f51c12",1239953920
"d2637d64e4022075c8f539e1",979643456
"faedbe92e3296977872a4aeb",1241480320
"5bbc190cdc5ff3296801ac0a",467157440
"9b0abbbbfe0bc85686304ad6",524622336
"f8263893418eb0752dae48f3",600219200
"1e73d6064abab2cccdb6610c",592063040
"c0155096575af5fc8db843cf",672772800
"9c7f7b0ebe440f60d3bd478e",597235072
"25187d9f4cfe89a525ef2493",588839488
"85815a09bde2a30e296f65bf",584942848
"fd45b984efcdb0b434033fd9",540216576
"5dac2d2027b6c81c1b7ee3a4",589092672
"7df538c0c831520e6d36e39f",604508224
"14b81320fc31c7a513242171",601594048
"8026e480ba395cfe1e09cec6",605874944
"80bbc51dd90d131d091521a0",512142752
"ae6ac510d3e46a50ef24896e",603123648
"06b90d41ad3ce1d0d389fea9",665949376
"8d911c1a195567dae3cad99e",515731328
"2876aa9ef0b44e43084393fa",584973120
"76556774906f9e12b319c232",598549888
"9662cce3c4b92d1c99849899",870796032
"de3d078e5d524d8a7b65841c",542273792
"547c8638128424b89d602f50",837555008
"c8a3dc3654c53cf66953de0e",719676096
"21c8b93e50ac884e63514f10",1036899712
"49a0715897795017ee0de843",442315744
"5d646ababb10f51c141e0d8a",764390784
"da598f8a82b1ad1b02961cd1",738567040
"84d8f7109615519f2ab0a48c",704041600
"0d027b81f8391d73fe0046aa",769478272
"079bc331430e94ee76f8097e",681643776
"61055e6eb1910507640ce6b4",678437440
"3f6effb8881ea683838437be",751333696
"92c8d6ee8496b91821d7ba3e",811659904
"78a08f21f7d7c51ff4d5b8ac",758347328
"f7ee7282cb9edc77740f392b",752086528
"694b0a500f1619c4ac4c85fb",847724480
"13d43933e04c3c7a9e5071cd",1028470336
"5abb555cb9d65db8e6c28201",378071328
"ee8103b958673c589b9cb27b",834492160
"5b3a467a3b0feb8ed81be1b7",937923072
"e570a5157e02d440a78ca008",651608128
"70298b5e8fbd66aee975ff14",716609024
"2b552d7b1a1488dfd618b120",596719680
"f4ea9c80fe71a1bd0b692475",721326528
"e6a9d5c9a82ba73e76817a81",799974144
"9b58b5c993540ec3ab1e4a0c",543228288
"00858277a3cf4f31b8e3f738",662736640
"d937ac866f671e4a0c090879",497217888
"7d02b3479cb2d89d55bd4fe7",653334016
"bf79649b531e876c5f03883b",656283840
"66a2ec5aac8969b2be538c1c",653334016
"7637c251618135e082a9e2b8",727607872
"e8c9070ca596f88bc2e0868a",541273792
"64adcb2941e9553ee394caee",626838144
"0bc8475715e42b752649b4e6",480121056
"956ad3b1dcbe8f236efe2d2b",580217408
"dc81900a751b64dedcb4ac39",450690272
"02e52d3895522d9be85c4544",432743872
"49d6752dd196e7dd583baf44",492503552
"8364aa431b2e267e41efabc2",498679168
"1b59d33f9000d2e1aad46239",593495296
"74a791baebeffcb7e7b917d0",761017088
"0a3911a1a9284f2ff81689e6",568033344
"6276bb8ceb13d174b8e405f0",413123072
"d573d2caf8c67aa32bbe592b",462917856
"57cafce17dc4de3bf8a9ba90",863568448
"1dc9e5c684c831b204d21585",751876736
"48df432642971a97d3d4bd45",593767872
"4902ccbe8456d3f0a29e5059",601150784
"3a810dc80d3a63f8cf106717",742220032
"c9859204696f3440cdb541c3",690157760
"349fa9cfa15d8f8bdcbe863a",888719808
"d0bdb51c8020a37fe8344650",936645568
"7b037e6e5d110999e51b79c9",852478272
"f677c51266f5ada9e23f20eb",403151392
"1b85d69a0f8ce1d6ac4d4475",487980128
"4570a3ca0571c70657b4a1c6",539589248
"de32ca7785b71dbcc76a50a1",770195968
"4e3cce6b581e74879c2dbc4f",513581824
"09c4d4b5d1c0118d877d5734",560261056
"b9809baae395914981a9296f",967310464
"fa56058283c975be76d7c990",743909568
"7b32938ebf0b1b167a3d2d20",618421760
"bb38c1c17612ce593e5ae7bd",385403136
"bf0485c2e267d06b9b1d90c6",700603840
"0357d0ee6e0646113ea543cf",585162816
"ddf5182c482fca7d881fcba4",848110720
"47e6a61fd652a3dd37556ddf",820750144
"a9054883a22542257c7e778f",588108672
"d7c70d831e88d552da09ff29",1049662016
"d4d138bbc80a0b29ed28a4d6",562654592
"dc9119767bf4f21fcccdcc69",961108864
"e8caed8cd754b0e3d43e6954",688068672
"033307467830cb865a785e3e",687924992
"5498b3e3ca091bb81be87166",595440320
"bcaded180edb36336c2f5b96",852768384
"ee4377ff95580b93e80ae08c",885655744
"c25e1e289cac1bbbee489122",772916288
"7e41d90a838048eda035fb27",591196864
"f418efb887a15127cf2563b1",605715584
"93b27fa67eae8cdfcb846772",591648768
"6a42271a0b03bf9a856d1acf",705073792
"2af9e271765438a47fa7e7a9",354553632
"11429e0923f804d7dc5d27b6",973594112
"c218434cb0b05ebcef935e5b",577172416
"a98e4f4db7afb8a6c9f69400",696037440
"3c35c8993bb937164ae4a880",870477184
"c23a1372c81ba03e6dabb0df",637612928
"cb332695a296899d1c798426",916224320
"2ace3da2fc4e0c022f7a8755",868045504
"14f1bf9aa68aee1ac094097c",1015662208
"649a2784beb9b821d36179af",529575872
"6bbb8f89bae38eff88c89c46",608215616
"1905b860a8d463c3048b4e46",518025216
"3ec50faceb434f716d73613c",1214358400
"99543a17b33ab955d03adfef",1070190144
"edbafba81b92efa9b1400987",1006472960
"9b3846c7abf642e0a6220e7a",520292512
"691c35e98d0d5780aa82aa06",635885888
"395fbdeb9f0c0586a2b20edc",468389216
"4803a3aedb6c20eb194469c1",448853952
"bf95acc88b60a3d531fbd42e",606518272
"b936e36ecacd7cbc3498cee4",333106176
"293c8a0a4a358fe7554a4ae1",586197056
"5a72e2a62121158efe59069d",593002048
"605276b332b5e5984b83ea8d",600654272
"d3de7e975a9215d04567e467",672626752
"44b623f7fca1a306560172ac",614125056
"9a6a8802cbf3549870c55031",538662400
"f43c684b789900c58c8b5fd4",672626752
"dd7ec9d7dfad5364dd303f49",626987584
"506f2b1ff3e4e7e43a5596f2",599277120
"090d371309090bf83b6fe0f1",796985600
"886be9a1881866ab1f300533",863931968
"ef34f331871e8ca6573981e1",776058816
"53bbf1d3345eabc2a8b7f5ff",786688000
"5bb87c8d49ba8ae67a659b52",867966208
"21dd47ac3c4e1d6bd0ed2485",617158144
"f59686ef2740247394547078",959040704
"8fac177c5a8b4faa21b33138",503823712
"b2bc172a3ab25b8caef50189",693958464
"a10055de743532d7b7bd29a0",745039872
"c344e3be381326a1b6cb5989",788746560
"3fa4ef366575bc72ca5a0582",865993088
"e9205b722e624eba0fd36145",957421440
"e75699a7693c678786ced75c",547741824
"23208132621583ce4a46de77",864761984
"558d9e4b57fbe6c7e0a09a95",957214720
"1a6ecf722b2eed8cdc19ba20",703975808
"11734add51785f1ddb999c5e",626291904
"82c9ce0d018c1d620b7a6689",662383104
"80d95b058cb11ec829b5ec96",547542144
"cd89201cfe3fa19a4eb14bf1",617158144
"d0a5f33f0689445e22db6626",459923808
"c7c99ae9259b34bf9b8ba799",516544928
"73806685dec82cf637f19384",532080032
"83007c444fa52b34482ed55e",476615168
"e08561df5747246d74136dc4",463101408
"5b0219cdbb8ed527aec91659",845958336
"119805b72aeb50f05d3a5bd9",1114504832
"fd20cc372715855081e24eae",1006956416
"e4a021b625f4ffbed391c6e7",800696192
"902d4fc2c44ae5ca2703426e",748601984
"71aacbd62d72d3eb29a744dc",734920064
"7290697f96d8e2101089984a",640411712
"314153750510e92ddcecf33c",958972480
"9d576cf721ad30ab1a4fd554",472259520
"50160783a9a0503df5a38dee",725125952
"0f4abd70b68453d3500eebb5",561217536
"42cde300d741cb134a529031",524415008
"1e9cb258a0b7e08244d7fcb1",661601792
"febc9a1b054671445d756cec",724469952
"39351adf139f820864dfe8f4",931501312
"b4fac45659e67d4e91fe65ff",589715968
"fbe555f6bd0edc1bc950d9ea",838429568
"67308f6bb80d2a203e306104",509331168
"799cb909791d43a1eb305eaf",567088448
"4354c1b6b27a87c451ddaf36",685410368
"0b937a3ea4864896b744108e",486067776
"b96d8b77fb5ba71ebce2fb26",604180288
"f4b1645da3f4286e39f2fe4a",779636160
"a2d1de4211aff373009809ec",527502336
"50b619ba3e0b2a4c6512bc97",591362112
"3d57abd322b0077efa1091df",684506880
"652793275729ff3b69e86072",569988160
"1e2270f9f49aaf3be01dab49",1302398208
"99970db787f55a4d1963942e",416914112
"801d821fd6ab7ee01b62a800",551363264
"2abd46909a251b8ebbd37133",502723424
"20a783884d6bcf1aa5697772",525775200
"2fc38ab2689eb24f63e32efc",713778624
"1f592cc4ed728909040f953d",570575232
"d1dca15e36fcc5ec14dfd870",570575232
"54f7aab6b91b48272a81fb47",542001664
"b6d84e7d569d8d0f0d0c9066",774107008
"54d10cb2a44179fd4d726f1b",598718592
"341c307eedfce3f735f4a63f",643011072
"1e057cf20757627d1b006141",454626272
"798bf22408ef6814759da1f5",660731200
"9ef3691cdc2bcece41b47e78",879992064
"fd5793113661540ee34b8cb8",689924288
"9c4ce4e9f12764544cc8bded",696716544
"542b5322e59a3273e10dcda9",846687168
"af578bfec5d84cc2f4ffb8bd",672537344
"a310528e34207b5dd813df8f",779636160
"ecf5c9bd618e3976ceb5697f",1187805440
"d342a1ae299065045a957767",1434827520
"f5dcdfdcc8f414cb7a38309f",671822272
"4090c1b86074c8e769cc72fd",549606848
"7ef2d4777310765d0c8121af",767466112
"39222ab30001b3cf45b7de65",680608640
"91a73bedc30e0c2acd95d6eb",664995584
"d1e6d6900eebd9ace65d6c36",667379648
"592c9c45c07388359f663219",509233216
"738111512f5e5052927468d9",609877760
"0db51d4771623f5fc1026d74",630686848
"82c9556e19072558cbe3a7ff",459842656
"c1e51ab95336a51885b4c672",567711552
"0eda675541a035b1f620ccc8",794775552
"cf379b41b70374ac4cf82dc4",757268992
"d90c961aa01e51d63e50a2de",752553088
"990379c9f9f210206c6f1916",890514752
"f8189811dc639d760937df95",590755200
"3d1deb639d94b292552a123c",514198400
"43041a793a13a4171f22e492",651476992
"052d00805b2602cac76fed4d",671263488
"c76207e622cf8a208910707a",556010304
"ebe33bde2abbecd6d1fb0cfc",516010368
"2e23ee2beaf5293f57a5c504",503710624
"abbd422c412c2d57f5df62ba",441879264
"648217f4d8b5e0e65dea066c",629603520
"52e7657a539be5f36f48bed8",880419712
"3a276f0df8c12422e14107c5",862238848
"dc537b5973d2b94acf6f23df",937493888
"0a41279a5ea9b92bf8cb79c0",919197760
"80ed77aff62d4c57ede6ba94",682060224
"1fbc660f780245bd72015f07",551169280
"df1f513009808ebd46ec0847",752185536
"58708fd9e83147daf1a80c48",562329792
"52b699f9900d81ae85ddc7d6",581881920
"98c5b154ec80083bf6f51835",746072640
"588400f7829874f9de919e39",523097248
"46a2a88ef09b2aab932ea02a",626193728
"31474c62a8f39e250fb2882b",918604288
"b40873d316de1c295f2a97ec",602143680
"bf4b8b23cd87377169684e98",570318400
"a34b3b037805f2ec489a95fc",526546336
"963985c57392ed0423d74caf",569002048
"a93a37e4cc75c069e14ffa00",713320448
"071f284d07719a3517c55567",668577984
"5d030db414b00948ec10d18f",561859072
"6e57de8c4ec2e42832cd4b09",689537600
"d9ee40ccf461ce3e9ebb815c",740830592
"ee13d186a24af238d06e0c2b",809338752
"f27397321c007765244e56e3",853103040
"959397711c3f452486ae591c",907322560
"a41222195e5c7d7987dc3c7e",428833952
"ad14cc63c36789bfc1bac0ef",393977376
"79ea72e7b03cfd4fdb5219b3",604345280
"cf68e05962a41395844e9c80",725191744
"4a20d03d09fb9d0ee5565ec9",408166016
"734c9446d0674b8d6545bfef",853657984
"d9706de7190ae64c83e65769",611789824
"b778282fc4b9c43055629e44",743963776
"a4d4d6480b56d6198c0120d4",740928640
"7557a9bc12cf0f2901c00264",907531904
"41376f69b086937257387f1d",814521216
"2910f3631d1db77e4b61f8b5",493686432
"3a8a506c99ede47ae2257e87",657268032
"25d89911e830697217d460f5",493240928
"365a227184022e99f1d2a816",870011072
"c6e34cb4e79a729a5df4183a",714590208
"c5c3f06bbf812593d1b95a40",909750976
"acd6ad0081960c0f17b144dc",779408896
"344a104d2210954497a5a388",854527232
"c0109086d0f49aac6c3f3f18",702978816
"c42c99f5da3248e7bcc73fa7",1016821568
"8e1e9ae57400052cbbaed9dc",1161946368
"8cdd55d191f206b0841e56eb",622815360
"c1e0b47866cf4a0120e4b3d6",582342976
"45a033d121ca5afef24161ba",584238464
"bc834280fb45fb308d957640",521846752
"9ddc14c8e7fe7ffb078e0019",838096768
"7d66238672def6f73c25247a",688943616
"2c12cbaa1f14553c1d41b958",576783552
"196969a98960a68088266261",581881920
"a5a3cab55661982b7d30bc78",666308736
"6464d5cc161ac659dd963897",643379840
"e9f44786cf982100af0984e4",816899904
"6302e608d8f37e63f4e5cc27",444928480
"ab614a5008d68aebe34aa201",755289472
"06bfbccfb3ec0b1f65f4b351",824318400
"f7f46ac9158f0a1edd01709e",783764800
"6e233ae6294318baaeebb59b",850943232
"bf6e713a689f574b532edd4c",810580736
"a7e97bdf2d4f2f62f9889c3b",607535808
"784822ba0060eac9358cce22",425964640
"13c51ea93d19df6c273a1502",413251072
"176e00102fb65cba56279287",410920640
"52e5904902e4d75ad87afde7",603653888
"728ce22c8db9bd0abe3f20a8",846006976
"e8bf121ec117e383c843bc51",1153651968
"878ff8ef3c862929bbb19ebc",678762816
"ed80ba018de35d5d76d50db4",1173731456
"9267fcc93ae3b6df8c12d9fb",638353024
"babe27dc477f5e1b7e438422",757148480
"a4173461aa676e09227559fc",596108928
"f0b2a0602bb5a83f0827ac75",810091520
"2da346c00d6fc39268f12b82",753919168
"9ec5fbf8767dd0d2744a79b4",629900160
"c85e9bd6e20ee2a883d0a7d9",556517568
"191cb509fd44e580ee32486f",752987200
"053d37bf1d988505b5e91809",614883520
"4d3a66e028dc8f3e9ad9e9cf",812938816
"c75b265c0eb946ce77e32ce7",775899136
"d233eb8af3ef7e325f6c8f9f",497100032
"7f7f5313341b3ca499968716",648536960
"4fa51848638f4437a3e31682",944756032
"9090236db3ef719edf72a330",902724032
"4dacc190eae91b059dacbb00",1254025600
"ccd2f6ec8e9841f1068b7c76",700315648
"a354cdbaff42acd1a0b5d82d",654566592
"da8d3092ed0e085a83a7d67a",761273344
"1181e18553eafcf5edf6fa05",726003584
"5b146f1914acf2ae78360fec",754412608
"a0fa0aca2f6c2ae65a98ccbc",716609024
"038bb35043651579f443c481",763187456
"430c46358b85ad4a741c7187",569570304
"4becfb041b0439429f2cffb4",542024320
"feb87029d5a2e8125e165bef",393866784
"61ffbbc24b30698ab8f735c0",456400224
"0e3067f71dfb9dc2e03bba59",346526016
"b8ec643c66478da376153333",424633888
"c8bccdccc9186136a332e995",970955712
"0f4765c8929a87746217e957",1004799488
"68c145df0ef91fb4d14d001b",396633216
"e5b92a0c67c506ca6e92315a",507543040
"a482103965890c922a66eedf",604891968
"1d917f9f5a3cd44cc4dc8d2e",574339072
"4cc968db25c2cf03991c0041",510332384
"91ba0c5b21b52734d1e244f0",737022912
"d6a8f4abcb02142c6dd15b30",487669312
"0587e7e1f03af8ea6c46290e",676729024
"61e1e0c49f3aafee6ec9179d",904178112
"797da4e993a993ef80277108",792701952
"b8acc8e72f2c498fede3fefb",800109824
"ef2ae24039bf2cff1caa4340",528943328
"cfb8d15c6b0c0e6ee4b92109",838490688
"05aecff6fd8d866c6c157a9a",837150144
"b2e37eb7cde5cf4290649ad3",1227719168
"b7ecbd35179a7658f3c11b41",1094258432
"699095150a7f3f32c40454fe",1467070208
"989a4fc1590097414d7c3fa3",418767104
"b6853999c45e21646a0d1b20",588108672
"6ddb6863958ded0d72fcc6a9",613679040
"f6fc3807b54d8c69459c4f64",586386688
"6528ca87df8bb477f4b6b8c7",438775968
"7bba885503ea7716ffea503c",546843584
"846e6f1ba1c94966314345d8",717014144
"04e6a79dd3e4d8d17c8b5387",983468480
"4d60db10157fd0b5eab9a23f",839576192
"0d7d434afcc5e93050e0b86d",1281521280
"bb9ffa04d913d06846d082a7",920445184
"80abc4c356813c1e4ead1e1e",561648512
"df8979b26c9971dd7c3500d8",681412032
"6ea18874ea84b5b4840f9b85",615517120
"aa75ed5781e6e8584143daa4",789488704
"c8c8d083c9b9600059a8b8d1",584351616
"5c8f3b7ccb4340263c255d00",605863424
"79b943894c4dd68bfd8cde7f",640558464
"64f36d32a3a64853227fa69b",1245481216
"d7080c3742cd9d72e9d0ae48",445611328
"8333d32b98625a2742cfabd6",821010240
"bddcc7fb72bb973f84b864dd",749781120
"5a80dd0f68dc2cf9fb1b0c03",482599008
"5d82060575bdb7be33e63ecb",860448256
"de416f239b27327e0f78b862",868608896
"816f93a2e035e4fcf61ee4c9",844575616
"aca1776ef24acabe172d573f",758360768
"af32aa018cdfd081a81bbc80",564780032
"7d133cde943d189c9abbb6e4",569635136
"80035ad5b3b4a948469800bb",803281984
"95bdebef7fdc2ac0e9541c51",825535232
"d038e5695b32bdc6fff1f72d",715175680
"2979f2d91d649a8c14f5453c",696396992
"a0be286778d94153d3b22ccb",785563008
"57e8ea351ecd1ff0825b1324",762646208
"c84f96cf4570158c3832c3f3",828702720
"93ab279de0b7b414ce758153",734056640
"2018131ad3f6e5aa8f4be704",914829504
"eb055771816b45213df3ff3b",421103776
"8e3700ec731701361d7bb7c9",473830240
"422e994aaca85628ff759004",544560192
"569e2cad5c18a5f393f80a8d",671851776
"7b4ca3a8d09968e48c185260",801275648
"12785f791e04b3a49547fbc6",926543232
"02ea72128a99862e9537718e",880418240
"fd77ee8ca0551b5b614b40e1",824172800
"ffbf6a54fb00029ba24dd3ad",501552544
"a295b12b773127f15e83e174",445233152
"90f0cf22cf9c8fcc290e495d",413230240
"220d466e3737f1f2a8ed06ae",660436416
"235c56f4afd6d87f1b3e199b",402747008
"eb0f3b14782c9a484408c606",931583808
"4188712d431ba996cd59fbe5",406926528
"3dfd7e954d6f7f40af60bc9d",412646944
"00e80be4feb1e8593b7713fe",554240448
"eabdd1bad2bc4351ba4a2635",891384320
"850342685ececa472945f7ed",729508608
"ecc4d05489c5ffc8164d5469",331904896
"2406d47133763272a965ef51",602885568
"b9430e8c145c2a0d7efab2a4",881555392
"4f8dfb8de411b8a05c55dbbb",689289088
"574b6bef16abb21fd67db401",640166528
"e7ef0d61e27de15f10b0d643",890158592
"647ec3f486cedf045cdd3b68",593618944
"69d83d8492db7ade6c37c3de",503122656
"6c07175274fba6a0dc467cbe",620185664
"a5a71962df1b8bc45bf5547e",777041088
"ff61abc1e7843e20b1bf8656",458594560
"540c4d7a79864885d73cca95",551073664
"17d0f69ae2c4f1aaa1aca9c7",629176960
"80de6a9303eedbfd1c69601f",845703104
"7cf573f273b14a6cfafa3ec8",566925312
"eb9ab213defc2de5d878653f",570904192
"69f7ab8608b5328f106b42e5",896044416
"9daaca90887e5144c35daeff",393126816
"2bd08c0964ef4a95295db843",818670720
"34f0542a538cee9f3624d897",399111968
"847a7fbd4425fd2fbc4b3edf",1483922048
"22428154baf95870f1d83fdc",1040640128
"18e89f083fdbce3da0a82a4a",1318110464
"63674e7ddf6f2b4d7c6d5c1b",439274784
"0e97f66cf4208c1a57d1fb17",405212800
"a90f7cd68b662c87d9fc2d5e",818823616
"2086639384041f3a9b519140",854527232
"d38353aaffa4af168518c6c5",642796672
"d994f3919c3c8fe0ebd538ad",1122848128
"ea9d6dc517c77ff8bffd596b",949154176
"ff83788b9f8db0297f6c0148",908285568
"9d9564415e52518c2817f66f",499554624
"9362189c5d784741c9b0f8e7",1001834880
"ffb510bd3f847f4ede255fbb",372096896
"7d3e4ead63a869bae978027e",944160832
"5dc404d1c214abd2d45b2a0a",1172773760
"64335f6d4c1a7514377be77d",737359680
"b81801f02a73feb1db7f5e83",885846208
"b5d6fe84ee7c6a703891112d",1176739200
"af0502ae1fe341c2ce1b5325",550465536
"ec43b2789c9cc266a8e0d1f6",551568704
"7ff8b0b5ab4fd12f3be399ce",736556992
"d5c8073e3ceefbfbb547eee3",867938688
"66379c5752189c150954b4f0",527988416
"6a3f9046cfdbf4eefca3ca69",631674944
"b549a72c938d767ed504bd83",734671808
"f48e503ebd3908838c1f2ae6",545285312
"e58ba64bfa5280630bfcfa97",716966784
"07edd16680605925192efcf1",626803584
"70b821bc1c7dd846a8be343c",412731776
"d84d7edc4a4896c4a8722328",456072992
"6d592a69209ef3356e656c44",480987040
"ca9b2ef10b512905af6be620",798184768
"bbf16146922556095f53b5ea",853520832
"86e80098f5a3e7dbd635838d",687430336
"dad46c20f9f7d834e522fdd1",868631872
"e2dcb036931bf4b2aa030036",1190886272
"aa7a25411bc0f9f93dcc40df",335933760
"e192181121fe58a8bf94aecf",535155584
"5aa715bbe2b178ad0c9e4b08",784100736
"43b5b5a9a1615eba48ab8b66",313346848
"dc91e3fe1b190fd8cf2584c9",544351616
"1014341bbcd2fd5775631f78",488080544
"7f2e9d302a6ed1770db9f7cf",797916736
"73f4074e5e09e52e0e03598f",665380800
"0460eacc73398bb95f0518e2",1059373888
"5a44be6fad8878eb2c394ca9",772167872
"936cdcce007bce08a72112b7",648883968
"8334a4cc7db8ed5c0071fe95",526628032
"e3e9d1d073b129c697c1e9e9",738853120
"dd9a60c3d502ca3cc98d9b73",798307008
"949184accb5878f82fd5c10f",663026048
"bbc675f7edfa0425c78c15ea",740829760
"7436750d73f2e56b4f29e98f",719639296
"cf81103f31f74edfe0453de8",647583552
"620e467297aed5c47e22735a",492198368
"41037a3f8625082544979179",575527488
"6a2db40e5f210a31b2f7119e",579317184
"0083ef74db679d22463a1afe",576412416
"b19be1ad7f60717a943ff0f7",523395616
"0906b6a88fb1eb0d7bfb6bb5",446338592
"f82adf71d17c261b41a5231a",590942400
"bdda694c42c52ba4803d482f",451905024
"80f633154b6f94b8fa24f213",523645088
"f69aa18a64d8b8494fd9fe3f",536332768
"3146f3ec9b237fa0944cec7b",583999488
"5db3d671b5aa03dc33f258dc",374901952
"d5239537894ce7f2a9cb5a49",596680576
"bc28e66374356a4fcf9b62d7",351371744
"3697e556be961a16a621f3e5",475802976
"bb6f66493fbafa76d70b0a34",697872320
"e78a4111d943044a9a32ed80",753518144
"044e2daf937c0d8373f2e914",750271936
"77668d4325802de9d63609a9",756246720
"a85ba83751915d8d5d1a0e09",830222336
"429460d5f5c5381e945cf449",888856512
"a53dc5c58f7384729ba37a21",584332672
"a4dba76865fbd14aa19c0286",839946752
"7573c18a79e5e3ee0610d7cc",968264384
"f13f72c1cb469db92b25c2fb",1183675136
"45dd7eee4488e88d71d46783",1244461824
"dd4fd04b9fd80818bd543f9d",576878592
"500a3c5953f89b431184fead",690709504
"d2e737461b916ba78030c76f",593191104
"e1e69b5a90431b8a44265487",581886784
"49cc8164d94a2afe8b750af4",548497792
"e9b054016b281140d2566d88",889937344
"32161228e9c502d2c21beaa3",463702208
"9017accdd4fe3229fc45280b",381556992
"17fed4a312a9b773f64861d3",394716160
"8632f5681d04d9c934675409",918429184
"8356123e4d10a479a12e98bb",508571520
"70463649ffbda5fdf3c10ec8",822442368
"1414ec3cdd3f6ab772fc7584",618163456
"937708417ef2642b7d05abad",833453248
"afbe90d764c1821cdb26e38a",585059584
"14331a3db021936067b15890",612001216
"793efc460dd25b67c644e92f",670750848
"0a9e4dd0eec86037a36fe769",666664768
"e5168779de76d99010e37c7c",771726464
"016dd08801ad1a1e7f6e695b",1155202560
"ce509ce153f452ff8a997538",799441216
"66d8ce8e6aad18a4963275fc",642841088
"8398e3b96d1311c7264f6603",941355712
"e9081115ab418ef1031326c3",619179840
"5c8240a1ebf6138f81dac715",728209856
"18cb1adb2078fef29a613a96",725158016
"4167fdc804227ed43224a32c",1252436224
"b5d0ae257748ea92c47d8fc2",475473536
"1d17f0ff708e6f0b93a990ec",836241984
"764f506bb2aa1ac4de918a71",797689280
"7a861f1e3af4dbbf55b2c301",458184704
"1562a23a312478d7a05a33dd",620414144
"0a040fd24e23a77f0c58495c",739660928
"7f0f5931fe148f6187ebf512",495990560
"9fcdcb2be94744d00e734a3a",916188160
"f181f74e96a93820a23bc0a0",722401728
"5193b43c32a2bfb3aac6b2af",942159552
"6cc7718e834ba47a429d6874",520709216
"b8d06f4ce0d6e71ba0fddc26",590490176
"30a30e4ab286fd822c68ab5a",730929536
"f99bdff027d28ceca0caacd1",698958528
"f46f5e911c6c595efb5b7ab5",755967488
"a7f0c831d82505044f370b1a",498790944
"17069e9f4ba45c93738b109a",501543168
"dd5c910c2a3d63b8fa92096f",501831168
"a33329c9ed11ee8b87aad6b4",428780608
"925b457b5df270a68b84753b",449731456
"d206aafc71e8aec2afc3f8ee",552236416
"f8232717e74332384075dde8",411527744
"f60d9f0751a14efe41be383b",553280064
"13adc7946bd4e6e3e4416e52",419287008
"230cdc90e6c825d391d5025d",443218400
"e98cb170e4383546988c6829",496225120
"5bc46671989de2534553ae49",564149376
"3b98c8e46cf8477a1968244f",574412864
"f9f5fa4ad495197a5c9b492c",451234048
"0bd42f8ee9d36dae4cf35886",572092352
"567ca46ac91cc53e3b479547",350351264
"f0ebddf2bd5aac661e4945ce",756750144
"eee841bc785b1824b6419a73",508702016
"004776514ad269b380581066",538508416
"bd3edc7854cffd6b6debfb98",573884864
"0b42bbe66e438fa81a2ff77a",685348288
"a33bfa6cf99e26bd9c49f8d8",623000832
"8b45db8a4f2c0f772c8d44cf",507418400
"262b5b0bb408d7cf53073832",589967168
"5844c83fecdf7e09b188c2f0",550758592
"9cc3c05f0e81b8f6454b80ea",493379872
"07c46b493733d74c4f384b79",455212320
"932ce2fe93b8e1ec0e7bbc8f",418444416
"559fabe06aaee537322d0af8",439102432
"f4da2c8dd901cca9cdd51025",572439360
"84eb4861db0816bc8722f379",623000832
"d0dc69570223bce949a4c17e",752007552
"abc2ff9d0e7848169fca170f",449081440
"3e3880088f0df7c447e27840",522415040
"3580dcbd0a6d7d6d3546dad6",532663264
"f123231ff18912a3dfd7cae7",442764352
"78a7eac41dd672cd1863e3b4",767447104
"97def72de478566ad58020a3",643254464
"e3e2e3080cc309d34014e8fd",594339840
"71be583d473084bc0608d066",604554752
"ac6a4c672dfbe20f5bafbd89",623000832
"f4fc081a112f5ee1b3a09e70",499479456
"d8add8f5e0aa562a63c894d7",577508672
"88ab887e18e38d0b8315286e",665893248
"07c8af84608e6c9206ad6961",624902784
"2b352d996677e67156391e25",607589056
"ced624c6debaa01c732e9f60",662608768
"ef92f63b46f27ccd2151a21c",725048896
"f4022026c279a9b77a894ee2",623000832
"e2e2218086e6ef5377c01b68",618412160
"4af83eb7718f5823ae69fe47",609030784
"ee98e745afca6de4550fe570",623000832
"bd1fda425d792fb0de7b4499",555079616
"86b2d3ad1dacb372734f810e",522415040
"98abd5139cc3ea136faf7c8c",592963200
"4582ec985de48290c5f1f5e1",543453632
"312a6b2a57dc6947f95213a5",534470496
"86a47522586da2884181f128",687064320
"b41edc115f6b439caf392941",441051424
"fac682b61b813044a3e3ad01",623716608
"63f4e57fb2cc22659e80d6fc",426780704
"4310c7a552b20afd46f930d9",522905248
"4f18341de355d2cf57a03983",453873120
"a418dbb6d04e505c133c6c1c",697911040
"afce1d7c5576dc49c80bdabf",714934976
"5ec12159380f4d1a85e8b0ef",514293440
"78d10967c36cbf346bd58f63",684524288
"f995364cc33c431b3c93db45",578389312
"99b31d0b5d5ab75a2653b1a1",498462368
"42d42ad031a2c62be9b5cdca",623000832
"73d09646de4e0ab46feaceba",412237184
"bef4759bfc25c7d44a8112af",571939648
"c038742e427830aef3ac1c17",434367808
"e96a7f5424558193663ef6f4",495131360
"1af243eb63d893b1251f44dd",725048896
"a083fd17c5e7c9d33540b922",541755456
"549024cda1c093c9f8bc2ea3",516880224
"164cf5fb9a759f2e4be67b6e",593518144
"65ff6cef76efb4c83ac0611e",574508928
"784b1db005d39c2f57666efb",477946880
"a2f06081983f748fcd74652d",545202496
"66e4f010db2febff23b4a4f5",628857600
"9702cf3039b86f97c003e20c",844158848
"48de5d43e88caea594ccd27c",634358976
"6732c28a236aa1ccc0cb2c86",704950336
"8a1d1f70adbdeb233ed3ec3a",702470912
"c775d4f60fea55d5511da4d4",680941632
"1f4109e1a4b47a9b11c2c019",616410752
"31ef69bed8e54b5e1fb245aa",854849920
"882907ccf178b23a02ce262e",608613440
"2868ac4225657a13f6149e6e",757005184
"cf6f0a3cc030024f4e9ad06d",737793856
"0a1cdd0d5c3c8b973ab1a98c",759756160
"0d099b1e1a314dfd9aee5293",602735168
"898d1eb301c92ab6603e0b81",672923712
"9fdf7d85fc65849cda3afda7",808827840
"f5ee97750fd4e04eafa9d1d7",690150400
"ef9cf29f71434be184a4ebd9",670904384
"e4559824c3390efd6282960a",582860096
"f8dc73052c66ab334cb7be14",751050880
"2e992370de3eed4ec1271589",771012992
"e2bbe9221780d01a265e2ef4",749727744
"b65a2a140ad5fc6e3e26b6e3",668429440
"3dea0748459a295fcbd2f0b6",487531648
"7a1cb1f751cd36bdb6412ba2",672449344
"1381c0399ebbf19db3a11820",668429440
"479b2c9c12602551bbd0212a",585667392
"d463fae95232d30e0f78f93f",684734144
"d0df2748d371d98d76408d66",636497280
"9551dc6098b721dd495e5c57",756867264
"fa736ec3f2f066cba4328908",601238336
"37fc4ce5dfff7faba6bebf8c",817472256
"f336d60e41c8bfee91d58728",692887168
"65e1a61d984712e76829c821",782729280
"65eaf65f8dccb8e49a93b753",693758848
"36eb8139a5ca1b8459eb52c1",792377024
"c357cc3d2f4b45ca3e1250d2",634030912
"4b75f2b374e8674e8b55eceb",879168064
"9c20784acde0823e9479be2f",713316736
"0f2aa0d9fdcfe894caa8fddc",878441728
"23374ef76774d4f95f022473",859428096
"4224e69acf9fb071d4cab498",1034629120
"a41d05f2ae3e022c16088bd0",865381888
"9b30c679d7da9169580773a1",949062784
"2795cdb2f4d568a782dcfc3f",846270656
"5399af7ea98c97b5906efe1d",840892864
"5e93ed2a9b36625c4450b5bd",877312512
"d04d42ff91707e3957b4a29c",757755840
"f32ea78bc5ea15d700d3c118",939373184
"8ce2d6e505ad1da079f34a8d",925744960
"014799b9ef7d5244fb6640ff",906041408
"f50a72cfa82f3742189b7fc0",865712768
"8876b38f90f5571639b7d879",845361216
"239a2dd25f604c730136c720",814396864
"db297b6ab332cbbba338e7a0",825256000
"5aaed76349fc95f6c12ced7b",839436928
"10c94f25ce3f7532bf4f3152",854361664
"d0ac1f63c75987c92038bd30",877312512
"db5ea791b33be91840a6d045",870919040
"8627562772d9d63bac507fcd",814881216
"b1ecdceb6ac00b6b047c241b",825890944
"f499c1513abf0b05aa1f460e",930162496
"0d8b0ca08838d1dac052d51c",923405248
"c54a573c9aef013dfa2abeff",872491776
"f02865ea64b156bf4cf4cfa4",838771392
"087b564ba475edbea431d4e4",844350080
"2d3236cf646f19a25932676a",894443968
"68b547621c25c7418cfdf5dc",698081280
"097a1a08a389439cc2c760f8",354788416
"e9c905ff64c7e2f8c21b0a9c",466270496
"464039bbcabc650d659f6683",588545280
"93c24fa31fa780d28ecbc318",474511072
"a73206cd21136b209f25c7cc",424445152
"852a11f12646f0a1121824c2",562587968
"61953f4c9bac7cac5ddda5d9",1134637056
"5a5377f2d087b7bb183783bb",657147392
"0a85c354c48921e0ca202d15",1045096576
"12f9d50fad58e4e40a187d98",977000576
"45ac018012e7dd91d41a5876",478911968
"28f905e91295a47d106a3214",1195267712
"395e3718423aeac3d40494a7",597226624
"1fd7e9b1e717578f751c21c7",669657408
"e8bdc4a088a6b99a538a6f0a",548690688
"45b894a8b028be29ed137f1e",1012390656
"f5c866d489889ab2f124799c",739850496
"3d0de71d822da8a999bb6222",618392832
"ecd0b4bfd66fe04c278dd4ae",626499584
"9a61bfe6ba2b8364a92e5a97",976386944
"e8b8d0c4cb87efc13344bcd2",956531968
"1f39ea319382fb0e41ead713",1014703232
"d61700c4ecc128290bc42d3f",375692192
"d87cbdc4896e0e0160999520",345606240
"d1281c9f037ea5c4fa683b84",353258144
"310e768d2e8836432f8b3e97",425853952
"c5498cdddd7856e99d21f52b",497584128
"d3169d4a467cb7eac41849ff",683609792
"2eeb4b0d7afa57b63778b69f",1276193664
"7b3621124731bcd2e543562c",768690176
"5703b4ab6e77d88f751bc6e7",642125184
"2c567face144ca714454abf2",884306048
"7169b5a3b9a796162de685cf",899379072
"fd19e1b2e61f5efde879f6dd",867938688
"55f0e95dc857256aec65ec1a",843607232
"ab03c034e2a420f395ca094a",486935872
"ee3c0c7fe3fe73ad0449870c",1434460800
"e59afca092e0ddaf60c9419c",732996608
"99e48a46a1a599471d3260e0",416590080
"419398139a3aa2ca2be3f941",563867904
"54c33befb89cc873771c3be6",1138961920
"cb29bd3ae3d5da88c99d3db5",819147136
"24258361a4ba8f772a83ba7c",692874368
"539c12d2fe8cbf950b75a0fd",453423552
"7b81996f3abd287b50adf8da",947737600
"0d9e73c14529fa3f1ec8a56f",542884736
"dd178fd542fc716e32b4136a",527502336
"9aad22f3d25e46538e1558fb",577463936
"93df4118ec3536b312822d90",809194624
"7c6319c04025c4ed6aa3f051",542884736
"98e04fd660ca1276d1510a72",515960128
"4a8eaccbde5a4a6747818d29",704526464
"9f6ae3eaafbdfd8d5c0e64c8",935357696
"5929c81cfde8ae068a8b822c",738809472
"b94ea2b8b847a47140d04008",788982656
"ac1b644a8d2ec042ca91f89c",857392256
"8df9256029f526ca313202b7",668225280
"e029511780468f4cfbd10d3e",559349760
"0878fd8b66aeb22f6af2d7af",490971424
"76258b7b7e8778cd60d3435a",663588992
"d64a2ad3297e2fad8ce66197",416853696
"8af6bb75c85a2789156b3696",486843712
"40db880aba8951909e6e4ef6",697799616
"c9e20cadac540faa59d9aa3f",365138944
"7d5459e48101349c75d43aec",738865920
"fb0664d59b6333ae1861f343",878935104
"bc6b57600fa9edfe13fb3118",818950784
"d309cdb5688ff7bdbb682d17",716317248
"d17ba799e68d7775f2104b3a",517646400
"2baa6afba131b74487c94d74",672913920
"0b7c8732558fc04f4fc51ec1",660960320
"0d8cda2859d9903f6202af54",488169216
"0f2913c5aa681a2bd45a5484",873152704
"de6010c57fe78d975be38c2b",741759360
"54b474bc7cb126bfe8e6c144",877445888
"b1dea7d384760535b770311a",888550464
"9e90e02c8ed3ad137e4c3abc",410991872
"b59711a5971a3b482db4d9f7",880418240
"2c37a1280b18e095b43e19f5",762623424
"fcd7c10d81aff25d9233214d",508044928
"c3b8bbc492a7d7bdd63da22f",777125184
"42aaf6521fdf1dc9bc50f88e",400035264
"3c268e9119b8027f78f91954",648798464
"c8d5a0e9614dcf96a500206f",452573536
"6c778557da9b5d99f90b1238",812077248
"4514844d15690b7331fdb6cb",832203968
"d8e981acf77bb46a9dbd3109",746571840
"b940ba03ea60d4cdc5d2d429",801881280
"4fab4e66ead1948498d2a4dd",498882592
"a5620899d410af623a3ff4a9",940803648
"f45e3be8500d7bd91cc8855a",499827840
"4b82eef445edeae7a55fd019",635801984
"29881785ae39aec014c4982c",677470272
"0d9f91cbcc9339146bf75bba",562110080
"b839e76df5d73e7d53691707",674104512
"7ac96f16bdc50ee7619f3548",802692224
"a102a0a268840439c2c8f4c6",495495200
"e1132006785632e4ec5deb02",571033152
"a041ed3fc0b60fc4ce3cf847",673190080
"84b758716f47bb0f4e4a2bed",491150848
"84394774ab45e0c8b733bed2",613015552
"2c1c91f2bb4d9dae38a44360",426418560
"8ba9304ea7b8d2b071bb0699",634368384
"9a76cc7c650230c670e703e7",778347072
"9b0833992397c6e50b54715f",704561280
"6f192e6a537c1509521e1e8a",733478784
"d1668e2d35a939ed126a3f8e",851165632
"a17807447696896bb61ef8ab",694063296
"d043d368d2584ae95ad3672c",891692160
"7f2e3f2eb5abf86b56897250",830645376
"fdb1cffa6b7346fde667d72c",516845280
"58a3a9f44bc7846ae26413e5",718734720
"af230af0c73a5f2b72787c1b",862236544
"3cd5562115870363ed5d7558",790763200
"cb9d8fe7c18dba6827836403",732459648
"742fd57dd463c1b5cb79f63e",567179840
"0d30768d188b6bb53d599ea1",757701504
"c455b8a15dbfff94c2909f37",472844512
"8541eec88f0dd8229b4fb041",448295680
"54aad3aa4a166d2d50df48cb",833027072
"eb9a59d4e85a3f124e866f47",776888512
"d65946f9c27e417e6bc60057",479651040
"dfbb0ed74ed85bd186f40ccc",607741504
"84b05da6a859ff5384f37ee7",575276416
"e2da7c1bb33be76b86b9a07a",612120768
"456243bb3fab3e74df21b5a0",593680832
"a947c2ea296f1da3d10b0a06",578198080
"3929df6d73b3ba01bc018476",591049472
"ce44699aeddaeb77f23c9b9c",1030694976
"3cd3537b5f9475657060cae8",1052647232
"4520ceed2e5fe3458850a805",933685632
"00dea98fbfbfeae74c513bb6",922420224
"16da41b1128c039ff8f83919",771881280
"111d509185303ed970d710c7",965472256
"83ad1ce7ef6d70842ec986f2",802411584
"74f8ffe35e8d3bc9be725d7a",538462720
"f5e7ab7c2edf566fa22501b9",891307392
"2e1f3fb2323fa16150f8bc88",660579584
"f8bf37a8f81a310e299385a5",716925696
"7b71229680a50bc26677a427",797029760
"1f7daef9ba898c4d8ac1c81b",655222400
"415b68c7a5cfb073676c443b",609715008
"856559e93205dd1561d8ada3",762403392
"6d534e4baa1740d7839664eb",614144448
"9ea78159ad117bd9c0b04291",542986240
"38faca2d6e338d328428f986",523338848
"fcc6c3c10bb52776accaf06f",793635008
"9120f0e5a6f505a2553bfd58",829106240
"583a8d8c5d7fa63125f62155",797614784
"3d04304c8644c81114c36f98",624836800
"21fcb5c7e497f0580b820379",726468096
"6542b39cc8d2d13dc828772d",673825152
"091f6342ad934f4e7f84045d",925688576
"fe8305e287f6a8e7899c9459",623851904
"d4492ffc4aaa4ca9c4dd2357",734897344
"319b9accf9980ef2ef81099b",743779904
"fa84c07cc90e2a2058b57c9e",568924224
"c4749eb8f59cca469236df01",444208864
"b8a5928cf1f7e704e9933bed",778570112
"c2ffdd10fe424afa1b09f31d",597113728
"f221dd5d745def063eeb7258",657558592
"319ba1ec06c9b6ca6990f4c1",908506560
"29e7796eabea247af4e8a0f7",598513664
"ddbca69ad74877086c4110e6",780507968
"c858f0f3f5594e7bb0f3b6a4",835209792
"88ae3f4a8ef76675c66e925f",845462976
"27e0810a702796d97878c34c",791238656
"7450139ad1b39b2a380472fa",907609984
"35ae7661d8191507cf9e7cdf",670632896
"93b8ea95ca1c1ff3881d91d2",602010944
"8e4709859d50a75dd08b03e5",500788096
"7026113e0cd7b2d17f8a3459",548093120
"9af956dd8d83bc715592b97a",549232320
"df10ecb67d79e645f77a90a6",813883264
"14feeb619f409386e6eaeda5",610838656
"1a6b9a6d92ec5e905ac97cce",893892480
"057585ba19d6144408d4e2da",624568960
"72699647b590d11ed9b2f2e8",566115456
"cbc99d6202cd3a31e1c14a16",511928672
"ce1d63bc4411a615b816a76c",846998272
"04f0fd25e2456759753bd2bc",630879040
"8c0154eb5be437746213aec8",859122944
"e23017438478050a655f6d67",604046144
"8f0b6d6dd914911c7e90d302",891605568
"4b38595746dcb78fbb459781",527237120
"95aebb36dc0b4ea86db49492",859970624
"f900f7a9c5e2ea51689e8992",914345920
"3fa0d9e247f28968a5bf8476",409677152
"1240f50cf2d8ef1d8713e671",409962464
"14a55e5887af840860b41ddf",576486464
"3ffefb3f453c54585fa6ef22",818819712
"c3b357d17afd631df02dc39a",840564672
"a15aced0fffc97e219f99545",417372512
"cf707785919dbb92cfc7b5f6",908826496
"70ebbf6a402f0f707b893979",558827776
"aefb3cb6ad2de9ffa90b9534",563078080
"b2809471a0164e3d41b8fa60",1075593728
"6d11001f164d81734a82ec1d",613398976
"ad71acd782a4fce4d9af04be",536379168
"ca86f53a857c23b15eef428a",778197056
"580452a616b4f5170eb628d0",770225152
"7dc609a3c7a3ab1f9a3146e6",617488576
"e8fc9a1fd4b39f946b914398",516039968
"0d3bc6532812ea618d154bdc",1183648512
"1ee436f045a0662037f9d2cf",730606912
"8697b1d337145af0ef8e4619",1265579008
"9a08127164a0bb61cefb3680",392417248
"e08e1f260e5c3231c49e5a96",411817184
"b96502e30fecdfae7796f1d6",526014592
"a0b178016cd26a1d2072e7fc",526673504
"5e3d7da3cfe55ad1fe609579",668405888
"30f77637dd52e728efaddd6d",783332864
"2202c5c9a16b771d1e242c18",884574784
"3dc8277f29d0a2406fa25ce1",756499072
"a0f86ac00934b57d85b44dde",761763968
"9168a08b1fac4c5448626ff0",718328768
"cec8daf847f52cb2845a9f58",917869184
"ab7559b75b340275587e50b7",1135957248
"a392f7f9ace844d712ab2b4a",767794880
"dd21c6799a32ce6ef27f5281",617724672
"275ec6bd936600c7eceac599",986072512
"978195f1745ab7e3d69e1f50",968217408
"0e3f82238c54e85ca4229977",837688576
"bc168cfefe964762cdf8755b",805610688
"d22d5776b6305308c9e774d7",668029056
"94d3fe901550dd4ba77ffbaf",801064256
"63717ed97f95e32b2ca321f3",754875520
"a7df0496d6ce217fadfad10d",932710976
"51a696388218fc2e412f8806",668012224
"a918c218ff761315988c6335",799441216
"d3609eabe59175fcb4441ac2",875258496
"8af2e264b801b3e155e52be8",955265856
"76e4ebad138d50c690f0aec1",468344064
"9a9553eb431458a3e30fc672",612122880
"117f37774a78d65f9e68f906",542319488
"0c8b133effcdbcd49d52add5",835153920
"5e8b2528c1c0a5c12a476919",734214080
"38d6842c2807d54f386bdb5c",854987136
"55f747145222c070fdd50175",736625408
"ca7d715827b39c417e5b75ad",709638016
"b219848e66fb065d4d2441bc",868642048
"a04d3f4eb8810a346fd29ab5",899422720
"0b06da0ceff947975cf8951e",952776832
"3f35c44229ba13940d8a705d",858145152
"8bdebb8914fbcaad625b1764",416870304
"f4635193372f669612744011",1349801728
"611a369172eb6e3e2e4bdbfb",1208561152
"6689af92cae5d7c9c3e2f215",1094655360
"e382002b0685aabb01891743",605694400
"edbb6dd10f8c9e7596368225",673925248
"89b0592a715c9e135967f947",586368512
"a67c6f6400a176e0a07d6772",746622336
"5c6e6dae74e39d33621c7119",783627456
"0e1c100d8e57de8296363d6f",549203328
"e2e639b53456889ab5350ba0",502665824
"93acd9176ff299221e0d2152",773091136
"cb482d76b3b4904c595f2dc1",665534720
"a0e15809e0a284fde27b16ee",733783040
"9a958690c3947f5a8f05cc80",897885056
"889bd77c8271961a6e4925ea",557404672
"dc082fe46a714afd43b9dc19",672100800
"99f8eedcdc31cc0ff6fda7a6",531660032
"dfa744f733abef97d82dbb32",718077888
"d50b80d68eb3b928e4bb4317",561938112
"a58acad50184e66794d8d704",761858368
"52871480f7bdf5ac3d785630",753641984
"8b083d7ac086f52fd2942a82",727697792
"301ce25214ddb4b5144373ef",909690304
"6d76a22793aa9b571da64572",905979968
"d7c48db0385bdbf7ecb7088f",1210934528
"874e2c6f3e9f90db80d243d0",530306464
"249667af8d0835c9830e2b37",465997952
"75d3c9e0da9a24f4849f2078",420442080
"9e45b127ea0303f973bac9d1",383001152
"daa0be53e7a1d7ff76f32955",803032768
"bf7463534babd284da6ca671",344158848
"0283890ab76b10547b27e634",591499520
"5fd213a5236154ae5206c372",1433800832
"317e95fad7d399673719537e",1032999232
"fb14ddcaa459b49a3b30eb3a",990874816
"4cb5e4aa83c476a5b71d77ce",808217216
"f54d358d26af89636906f686",1194659200
"f002603a6990ec405d82cc47",1138961920
"e3b7dc4e8990f3cd436bf738",634283712
"97c799300453ab511bd06361",1050905472
"3c1ee7e502c6bfb20873b47c",541584256
"cf7741583fc5315ba70b70f1",838206784
"36a0a1f0432c954604825b6e",579536256
"9836bf9b64f27104c7863b79",593095488
"68a3f9ac977f56cd39a6a1b9",1123999872
"b676ed2d0af6807cc2b28ac8",1132321024
"430112bf4fa9324f0149a879",749188416
"fa00e05d83ee890a38c3a686",851957760
"7d503f126b5863fa0626d4bb",623702592
"ec03a01c961659f2cfd9c973",704441216
"6a112af84d5a81f3d16dfc32",1330124928
"4c5d3dd8802acb9ee22ab912",833167296
"d029158b36963961fdcc3974",840896256
"c2071e85fbffa3d2c2168319",747178560
"60a04215bee81d26f20cf0c3",842268160
"6d4a961e099de1939adc6496",802762432
"2383b8bc2cd3d307caba34ba",641022400
"d9357452fcd193b6c5284bc8",1361793408
"863f8f2aeda01a9fea1cb3e0",1106241152
"d1a6132098a4bd640321c7d3",748747392
"6edd2530070918074c8e7d07",852337472
"1cfe7df5431f3dc6a9289551",1163251968
"c617d1f15d294f0b0aea8ed8",692465920
"bbdd78a7ed332e679c8e526b",410936768
"45969f25857aa7263927b400",1125280512
"cdacddfdb6ce41a3eb752496",595497664
"3f87d08afecc4aba03587848",1409364352
"f21d2c0802e3858d493c1984",1219667072
"660f3f9ed9a72d8875a9efcd",853020544
"04e29dbe2175919265c82463",895863616
"e4082fa99f92fc7a89092fff",905898304
"05402dd344c77623fa053ffa",1100898944
"c5f7f0323f554a7419f78359",725273728
"501193fb57014ffbd7bf218f",688213632
"0922cc27581d9058e55a2239",535439712
"4dcaaac494053749f30875fa",1335981824
"506763d35b04358fb0e967ff",1094544128
"8c40078231bf7af2f3a06457",390783296
"53e14e867f8b02c6043ae02a",462299552
"2364014bfd851a68a824d1da",1181514496
"f788ac4a8b2a6dc11c458c90",750535424
"093c849ad2bea8292c4d15f9",1122109312
"71a8b68f38fccf71a229df76",535562080
"ebacfa0a8e569ab603cccd11",494239424
"c963faee3ac527dfab08f61c",630995776
"ce3deac5963eeb96826c14f1",672160320
"5607cef08511dbbf3288a5bd",589143168
"8a9e6d0839f9fabad2fc3214",858115456
"ff03a8cc833d067d439b9903",768704384
"d3e119e8fa4d96abaa8c43c2",885053760
"25b893f6073bd66258a9cf03",873488640
"0d70ceba3aea278cb4a2082a",920690368
"07f9017eb4b8c169eb9de536",1136972928
"7cad62cfb4fc3ad9acb09f1f",539431680
"41d174db6f695472063ceef3",515293536
"4ecf579a5d5e70d3b4314ef7",938391872
"41df29e27c0bbb52aa8ffe49",669715968
"cd77cb445eb0f72df89b9fb7",663791616
"65766c8572b629744f00b45c",673847424
"946eb4523f76bb23d0348309",668309632
"453202a234f5b370ae9e586f",561591040
"4e1b5798dcbed1842f260b17",743540224
"f1cb3c0b97ae1c6819fb86e0",1219462144
"24a89527a6744456750baf54",672242880
"a281d59b685eda4978e0c84c",846041536
"6cc9d912370da36c38ac2cbc",1231629312
"10563c278e7ce8eb2066d398",778089280
"a1b0b8d18cd78b7cd555dd55",853853312
"3cf9282136fad24af0f7ebb1",690341376
"077659c14c3cebbe192f8247",1066662464
"c372834e8e7a4279f861aa4c",391924224
"29daf0d5008fa9e3f0f30132",511125376
"08e1ad8d1f0be0287a395ef6",462552032
"19c07fc2b01a0edec4784e64",612946752
"c2b5216a8050ea0fe4008f59",765886080
"29cc054742b256e6fbc6da1c",814845376
"755a3e09dba04bb6ba6c9851",636616128
"c98157c582392cb895071f28",774958720
"84f47e531a916b7f7dc1f1b3",944454656
"231688922448e4d64622120e",691841856
"9c7c68df14c238ce0b497dd2",1355264768
"d5e29042106130114cf3694c",441195136
"08d4fa42a34c74c94db5080b",856936960
"e89fbcbd4d3414e30c30fc29",928443136
"22af7bb676cb4c9ffe014506",453724032
"b20d6ca58e91ae70b6e0a1a5",1507146624
"5c372bd1e01f3243256e27ca",456642272
"1242d7e61857ba8ad285b6f4",1486820480
"196ac46f656726bcb8087ba9",816483456
"ae513b65e06b69e1ff2ad8ec",462590144
"bb26b45df6a70b6414958912",465793856
"9425283b41165156aacfd43b",495913536
"689b510fa99bda54284cfe7e",724008000
"c57d333e383039db0fcd2620",858667264
"86e98ed0bd2565b661b81ef4",1206958464
"0e694269bbff1e45395190d6",1479260288
"6511180e3128e083bbbb6940",1179605504
"59b271bf9e2d29ed35352f5e",470151744
"a4c324b1353d2f7ea3ae9727",470151744
"193ff8d291a9f163a4f3301b",513005728
"8ee4a7cef562d388b8444c29",428141280
"53bdf5c3cd800459acca551c",684254208
"35ef99962cd5984ca87bd326",703602688
"dc33d5ffcd2aa2b7d56d2ad3",611162112
"05c47739fa4c4f00285a2c48",1114616320
"a51d415712d8d6c8add7009b",1247693312
"71493c81121558b8ba18c1c8",465793856
"853a14b680761098d4bf6136",707227200
"c9d5c08973c493f3acdef892",572204736
"7dcbeb0aef2e2cac0d73315a",470613056
"ae5a4da0000f79f12142e2a7",712673920
"1f6050fd5261a2d21d5a178e",589715968
"e3f39c6e4a41fbdc4bc30e0f",606791232
"9d157878dbb41c14b52a956f",362014816
"e1fdbdecc84b991f582a2e00",558304000
"3a26efe201689493724ba464",518169472
"6670cde3fbc11c263c6c3163",612075584
"780ae52ac9eae675f6fdb312",477508128
"24f22d76b86498d5c3563288",738259776
"fda25a0b6b9f62f92e3ea6b8",1252144000
"678ba0c80536dd27e385b31f",371000032
"ba0d0663943a118228fd12bf",449602112
"81ba4b47e9222c15c4102992",546843584
"d9ec26c1c3e1811e38f070b2",485166016
"aa850af0c6203104e6ed02fa",588480768
"c697ec00214cad882d5e9812",507492768
"4b193d78ea6e3740bf37b36a",489664224
"08c61259a756e617d976e8b8",1131561856
"c1c1dc8df6996a94ef3c7d33",402817696
"3fdfa23ac43d1df0503ccf1e",698319168
"bd4526ea5b404df442892788",424946560
"1062419f9cf94418ba88b6b8",498059456
"1102f91444b8e1abb636f1bc",763585920
"b96b4bf38bdbd61d4dd0bde5",838824128
"45ee2db87e9ca0a1a9faf050",633509376
"556cb23459a9007127b3ad46",828034752
"a613b18945052b4576595c4c",843108800
"fce385656705a8f4389cbb6a",726071168
"bdac560af3e155db33d13d57",696944448
"fedc2418db2353b7c97a260d",939485184
"4565bcc95c54bf0c8d376eb0",861651520
"5fc559104e0ba1112ce00f5d",890528448
"74fdeb4c56b29662f13aa8ca",896855040
"fbaf74ce4c2c6e88950d3fdb",741400064
"5de0f045039122af0052c544",869378560
"e18337bbdfb106a3f1739960",754960704
"e1b9ae3e0ce3da16f18e1079",806733632
"a57435d71ccc5f032baee302",664505536
"fc5e8e45dd0a338ab5835428",910448256
"918bec54bd7587daafff66e9",994186688
"86137b9624049333f7e0315a",1144984832
"0fca6767d8f442da1f8bc6d2",563734400
"3ea5478270517f299b20bd06",687318592
"dfff73eccd591bb26453eec5",580177856
"e2dad5c148ecc797018439b3",1005301632
"b5a62d480bc544f891fd8521",1101387264
"cb09a84a1d7b929607d01ee5",721611136
"af067a8546e1177eefe24916",595537600
"d6f9abcb58befa3d05373a72",892885888
"ec2f16aabd36fd9ee2203276",1359657984
"dcafab7adc7b763bb934496b",676787328
"ede43dcb1715b959ba34a37d",801989760
"40dd67aeb6e9979211c9345d",822000640
"31f630c44db4be5360a57640",757801920
"ee8651631861c1b94283a953",912223232
"b7d245742eef110adc91b5fa",1081906304
"ffc49242bb0edf3e22076501",957551360
"5c5963c17bafef1a1bfd5e03",833453248
"6c589b7e6a3cfad34e98bd87",899874176
"71ab3644da08b8cb0a0b34b3",1039417472
"aa668782ae5d0c16e57193fe",1214829056
"46673c69814a0b3f25818dee",1549760768
"b2a417a8d2440f9124fd2ee8",921744576
"3e0ccd899ad73579898fe73c",1296315904
"e6f2c7d7317fd433e26878e4",1304923648
"2d91b3a8c62b890fd246183c",1446473600
"fa653848d69ce620a41a73ac",867175616
"3b6c94e3e3684eac73b3e7f6",1014032128
"a6a07d35b3834bc6f81beb6d",650395072
"a39617b7adfeb6ae7d5ee5f0",1262351104
"95e5e774dac6f0159e8afc0d",537478272
"995362e3fea8e54538ac135c",566117568
"42525c57e13abbfafe9bb395",1254679168
"1ae6fd60628e7d186a5e0174",474462848
"082293a465231208059c5d53",478503072
"732615f6d1526ec9bd519eda",478975840
"99e9c4f8fd7fb7929da10a20",406686496
"1a75e436fc23e7f48e639b9c",458727136
"54cdeb67ca9ea56205e4e533",1132586752
"c412ab869616d6576cbb8309",537242176
"b17840ce59c9d9619b46534d",595937920
"a14f071d8e5c338d9ebed23c",294393216
"84d8504f0e860b0760c3592d",698217472
"a3d03a25f84f4d50d2a308b0",581881920
"bcdcce01d86d648c4502d42f",462552032
"33379968a83c8a90c23e77dc",495913536
"ecc36a3a4610829ee3f88993",470151744
"f4eca80958b7a22922b0efa1",462590144
"3b4ce006ef95420847da20b9",465793856
"4fb644a95cc04f7bc6cda786",428141280
"f8fad48343ee5134dbae918f",428141280
"6e8e08e09da8dc598b8a8b2b",470151744
"56ff1f7e81fda0c8491c354d",462590144
"444f102b4d54503044154ff5",465793856
"e0eae2174807cc7ada38c726",749188416
"afde90f91b01b0282bb94335",641022400
"1d35c364daa0f021ef263c60",410936768
"8c47395a28f8177923d7b75b",458874400
"98c98982020ba42198aeb45d",858115456
"ff424474d2d10a2c2a1c1892",595497664
"971a322e9087b67650689ea0",1219667072
"45a7517c4d29f5bc7787dedf",842268160
"74a51274abc8358d628ecfe4",833167296
"11dc32d92ac579720303c019",909657472
"4c25d939eb3ec218403dc4ce",851957760
"55597a7b8637f24198415ed8",1206958464
"eb7173223a27076d16b87f33",688213632
"709d17b62bc95253601f243c",840896256
"fdcf0e439ae8b2ff5730680d",1100898944
"2524e62e917e8a1aec5c9c26",669715968
"ba601c13d20602c988d57246",928443136
"397a7d1cfb809e34797f2bb4",750535424
"b54d3ce25f3f03cf3fa0127f",462299552
"d51bcf03d649839ca803c357",479178464
"e9fac47a0f02f27abc96d568",1111792512
"a52bd93aa6b0d965914f1101",852337472
"16601a92574531c1fd57a359",611162112
"0e64230b70f4a227b444115e",895863616
"ba2118c330e19baf4f3ecf94",808217216
"055e29f236bb61603d4ce9eb",853853312
"7c5c0f2d9a0e355069fe1c64",885053760
"e781547cf6f8cb4ec0742b5c",690341376
"8caab74ced535ec5e75acdfd",684254208
"9d64345229b60ad1853d94ce",703602688
"d128186867f91603af4fa481",745650624
"f8fb6d1b0dafc28920393dab",768704384
"33b92225cef255b0e4b4edf9",585714496
"7eb78d4dea434674a230caa6",778089280
"833bd3c8ef9d4da2f304a94a",920690368
"331f0957d55d7f03df7fdc4b",1486820480
"cee124f4b9031f59c4fbef47",1206264320
"8a9663cb622a55f2a1a8e3b4",1355264768
"25d4a0ec9301ba5d53deb780",692465920
"38d4b1837c595b6d9a23e994",1335981824
"a21923caba05da05449d60f6",853020544
"63cff4b5ebb2b6528ad34cd6",1032999232
"948c392520e1cb3a030ce86c",1181514496
"b2e7fd7bcd93309664cd225e",1247693312
"9d6be7123f2c6e610971374e",1361793408
"3676e34e4824101f3fd9aa2c",1094544128
"f849ad486e84a82190675b89",724008000
"2fb8b2990751692b8ef1ab6e",725273728
"5155f70c7f8978e487e71479",1125280512
"4f076c220dad47bd9bf248a6",858667264
"480041bbef3a540df2a36ea2",1113764480
"4ca66e564ed478d06c471357",747178560
"454e4126257189bcce9b681b",1281435648
"10ce9c7a0a58aad19778e5f2",1321450624
"dfe8e2542755d41d920e28b8",600783488
"5115b0da9c95559dcee9e58d",942869504
"8a0053376ffdc75d0bdde77a",937683456
"5688288ee38f1a69894ac77a",923427968
"1fe514ada76363511cc79105",870556608
"885a312d9a5bfa8a8db5279a",491106304
"c716d4dfb5a3c2e1120bd84f",635445312
"689aafdc12fd1610c2393a6c",765382208
"c0c4ecc8d3aefc53c4c06a38",695526848
"30091c32a5046d563597bbf4",456918752
"2e58c9b6fbe9c57c83bc0aed",1024690368
"3f7c5d8304fc650bf97247ee",819771712
"56334a9db3ccc24faf138edf",590367424
"6d0680692396c07afc1a260c",645264448
"9e07dd563b6ff4572f5d9031",829131968
"1278c9fd86258bcb435e7127",795222912
"acf0f98cd8f8c8ce06f30ab9",1322207616
"5e3785bd517f4faa2bcf43d6",1042607296
"cfc61dd41ee5f5dcb76bacfc",629332288
"2f171883b97d9c02b90f93a9",375020800
"46aa67b5e0abe39dae442d76",375020800
"50cb49d65d04a5d166f96e3c",391735744
"06c1673c4a7444e7aa80abb7",412380512
"53881f29c7a6bef0ab537466",531037856
"2b028932adc74c961170a4ce",444871776
"f3a1bbe01d265470a2d7332a",458002080
"b42d5b5b38686929eadd56d9",412766944
"bafc63f23f097c24d36c76fd",556993024
"f164514211012e3a1686b148",495902912
"82b90288bffe8c1c0b5a1259",509661376
"2fe64bad1bc8a43fedfe0700",430193536
"da5b958667b31f4f9a1d84a9",725440768
"b3bc9a04a3ebc1b911326735",781090560
"9ff3acb07666d53f00d1f1db",642449728
"13a44ce5066ce00846b59ae3",726794368
"bb45c98dbab56e5abe20ac0d",719597184
"f88bade1cb7ee0fa643f31ad",600309376
"e9ab6916a79b4d5182d33bf5",937980224
"144162ecfcba71bf09048dae",476399872
"19466034c2ce19c24a179fe6",495644128
"3787f6da3e961c0e10d30e6d",957437696
"908330b0d2651093c0bb6719",586736064
"66b7baef9c6c3c7ad24636e1",698178944
"69cb0f3d422c2c78373c2e0c",1135831936
"1e866483995b30ec7f79d9e8",630434496
"866f2a55f42cf30c4105631b",649987072
"fede7e1a7a6f23338af6f40e",1027325376
"7447156f2967391975d335f0",501212896
"08451af5a81fd6a63c4012cd",539767488
"f63608198bfcc858abe1ab0a",643065472
"e9a0dff7ae48bd3fa2ecfcfc",647702080
"cc97f62e2fb9d3e31ef1c00f",748949696
"ed40f198ace8a4405cce7a1a",1121347456
"bf17b59bf2ac2d06894bd786",990497856
"e118b149654cca1c0b3a58a2",1132040832
"7f9bdd2157f6c3d488c77ddf",923297920
"9350225547486ad75c0b5ab3",1095227008
"d1166776fca47427c77fa8e1",868821760
"f719b387fac4f688b57dc646",1274934656
"6ce8991a39ec7b9883f85000",1273320704
"353743db4334fee80ac08d0b",1116503808
"372a3934e8179422b5cf5729",1060866624
"81516aa72c98ded9223db098",1370104064
"9e80db4c35139bbb18775644",1099277952
"12ed2c22a923c840ef616a3c",1065931008
"7bc57b136bcec053cbd073f3",1008732160
"77a06084509952c6cfe8f501",454542272
"73578b4214e2eca83b1e70ac",697003584
"527e571030a7d8fbbf1a41c4",721020928
"961baf163a07179bceba67a2",894761408
"76b41682fa6953a3b20d3f27",698412800
"cceb25e83ecf22252aa92d2e",821762624
"210ff5d4404ee8578a5ecf9f",679195136
"398274b1c46fd88151420c6e",501498688
"5b328b80dd844db2e946302b",358355648
"4195fdfe50e42e9981fa2f4f",466126272
"2d4031f171f965d7dbce0ef6",660728384
"fc1b713d5605b0030421d5a2",856697152
"cf6092df1f22a7c4b8ff9d50",613344064
"8dbdd7c8971a514eb7cb4d3f",739202560
"c197faa8bdbd51c075a6d3bc",628750144
"1985a2a5c3b2b0c7eca22afe",817690432
"92a1a8b617b6d2c3669167a6",690861696
"2a330fdcebb247d6a6fdea23",736431104
"c3dd975d0aed59a65a784e47",842256064
"608a2339d558a6cea9478756",714810752
"c0ccf6d535d1316e37e1024e",870720832
"229a7640d41a8b8d6d2f8f83",810446528
"e3950ce025371da2b4ad9db6",761745664
"a7e41393473834db30f2c1da",791644160
"7dcd1597e11f83093cbfd7a5",905447936
"71235a69058912dec1d355a0",860231296
"349602317da0e456d88fe24f",868355456
"ddccad3e5a4eaf791ce3a7c9",731102720
"776d7d1326576f07762ab3c7",746072640
"1b88c06bb3c1bc2bb39d1b86",803880064
"1c5c4f4c731545aa3388c554",617328192
"aaa67089a753d255215c15be",738475648
"d6d5717a4b7e2edaef162b6a",573525056
"0ba20e953e8e76add161cd6c",367697728
"13c39860029403ea94b5439a",1216967552
"d5436eeef04e1a8e51a38912",371191488
"21f00ad1214253dd5bb97817",966158848
"5a3119efc021fd0f102ab958",488666528
"331c515e7f0dbb4460810999",687935488
"9e360588b18cb15aec3b6609",772797952
"a7cc7d2ceedf4d69664dc734",468718304
"4e78cffaea2008f3919ba0ae",451962496
"452e0518f7164287e47e6354",692495552
"74286242739391c4eaecefbe",553186432
"df06b65985649c7107b794a4",499868800
"b6a21387674a509514fa5518",887718656
"6752fcf8f1af18d61124e32c",736223744
"a7e40088cf53acfc65f4b3f5",1230973184
"61b9307a25be3119effbd0d2",440792736
"3061729865dd2d68858600b1",597438912
"ad38d5660b6f1eef23b76039",409374624
"1d493f3954b15e84c41afc82",578248832
"57744cb947a923584fc6bcc4",451985248
"16f60cac352cc0d668d226d0",518884960
"accf7bdeeff29ec7a209c509",453398304
"a694b9ab05641a6325764e63",611970432
"bdeddd3f84cb0ffdd1fc27bd",547619584
"de9ab30042562789601833f6",449086656
"1a95522f43288e32addff2ba",510323904
"3cc722d5c764ac261611c2b0",501520032
"aba85a8a7ea2def1fdd18587",497161696
"b272c1025cf5c1e1df47042c",657438528
"5c449356b8b2d7e0928cce59",692798080
"a56d3b5bc13c9849cf676750",747810176
"942c934c0d41ab822d60c795",520780512
"b0fe09d086490092f1690fc2",625109952
"7abc8a11d3d6c905de3f567e",495931072
"16716773b2a43df0332622bb",498530304
"98fdd3fc6c9447d0f05eb1c0",682682944
"a59f39373ee368259b441de6",577372864
"cb778195c5d61a7c4185424c",769193792
"c0277899d5f185cc78fc4a79",703661952
"44effc9574c74ea4ad98ede4",736579264
"e2d00e4fd93a02ea81895355",760665856
"ab405cd390c0681c3c67836e",537031936
"86db204f7ef6e0e0e6687246",734490176
"97b791fd94b2339ba115a75a",610552896
"3897d9b5fe3a0cfaed7c18a6",603349824
"ce206b82f2de3793156baadd",762245568
"2c924b9d45667f7168bae6ee",723769664
"358eb586d9649d20dca9bfcd",719693312
"71b1fe15c5bffb750c99f648",711770944
"eca500b92ff96f10ccd45e54",636163392
"7b63445c5e1ce95bd12c31ee",759355904
"97d64459dfb368b1f6067ab2",737334464
"1b09874d5a3e4c9e0d544198",820416064
"54fb79bb019bfd10e5481ec9",834278400
"b3b63d292523ce0a925b871c",735708352
"09759befd8899fc1e359935f",812396224
"62e0110b1c8dda16cc7da89c",753808576
"d98ba43504fb49a4f0bd9c05",660978944
"48815b454dfb64fe60e2cde4",474156768
"40a65310ce666e80a9611d4c",821252736
"a8c5674b5d110d99a1e097af",862185472
"ee9e7dcede0ffc20442b4407",794989952
"9e858250fcb7320b65bed9c7",832562624
"bc76b078832a3a81b6d637f8",894466304
"b06d3ee14ccf3d46fe2431fb",770504832
"87332a7e03cb851342667b98",939845696
"faa37a79a1d72e4b8b0c80a6",932333504
"0821109831351eb2501e362b",829487296
"8d01d6561223272181235c69",790692352
"a0f1c94cd34fcba92f59a59a",803312704
"f6a5c88d1bca87c1e89d8084",1004180992
"55118881731616058c929b1a",864624512
"bed1fbafde11c156b655e04f",887040128
"819d2a7c3330480b7217577d",796790144
"e1967b56ab8ecd035bf39534",721302592
"08d0615cff29645ee70e20e9",883915648
"2e8af16a155fe18c8c6730a2",862971968
"882e8e77fa1a71288f6b61cf",966991872
"7930bb0822caea5f6451bfa6",971975168
"993a18ae04d78d374f854262",888300928
"e5527bb25c85988e00da339d",909241792
"07bd45129563bd2fd974deeb",430084672
"83727953ecffc17bed632d94",453423552
"2e2d3f42f4f8369733b3bcb9",665358464
"3b23a71bf40e800a66bdeab2",572875520
"894f346e0ad39c57fc0f369f",924088512
"d1fcd31555048d043cf084be",633725120
"8d48f73816b248d1166a09db",720239296
"32d5a20c542a8194a6aae965",618163456
"53870de54350a8cd7c13f014",690955136
"31cdb68dc6476128c4bb2f5c",973188352
"4be6d93d8ae1375156444f05",561383744
"33a7f6aebc3e2d480d287199",779408896
"e1e188d3f9940f9dad98488c",714590208
"76167f6ca3d2c404104b77fd",837150144
"9297c340db8a74e10dbba148",797916736
"0e001ee8f27e1a2fffaa0225",1133724544
"ae3868ac8c44128b8a955829",716669824
"bcbd20cfc50e2f032b174b56",313346848
"253560c855216bd9eb102595",544351616
"c9c769e7ccc99016f61269d0",507154464
"7c07ba1982289ca3abcbece3",708622336
"c5c024d11b3ebb2cd088bf6a",861334784
"f0a8fb06fcdf8997bcdcb03d",773323136
"806f9ab2a016e774689ce2b9",375692192
"4491bda913188aad3c66ef20",786119488
"0c37c0d27631960f9e0fda1d",816918080
"b50b45bda0905a116f238c1d",493240928
"f0f8e755058d48542b9cc4e3",979067072
"b3005057f48c1794b7974f4f",657268032
"e1e5b0bd721a67318a3848ed",397801088
"d96155b72c02bfa04f7ea98f",416549696
"3825ce5030d951ef0fc2f7c5",396633216
"99587dcb4237fe90acb15b5e",366154720
"452ae373210337b8008ea2a3",1161946368
"09ae7df5577582ce7e7b0aa7",1135233792
"b98967876009fab4290736f1",904178112
"24a4a43ae4c687bda1066227",983468480
"c509f2036a11b7132c633d2a",828372480
"bda914dbacd42b2b7c6c5179",590970752
"5a681060eeb2fc8f1b3261da",602382336
"016bb199b12846ccb0b03191",800398208
"ba94676bc0385678ce3780a3",526406656
"b2183e5bca67574df7d5985b",421137632
"baae43ea29f7e419bbecf998",639773248
"ff1a7adf260e637bf316812f",372667456
"8e56b5dbc4cf628ac12e5bef",990303232
"c8941b8d7626f7b33628158f",1244239232
"d504ed869ece1b1d6e724452",360105504
"1acb5576ccae1f0534f614df",562790208
"ff228869121d053ca7bbe431",952301632
"ee4dea05e93581750d613c59",567105856
"5d507cdfb7c233cf96dc6a83",795901376
"faae4324336f1211ce4c7809",597816640
"9a8e471c8f4488c3799483ba",504777984
"d040e15e50d655f4d19bff54",416697376
"efc7e89ddf3de559154d8e0c",903510400
"e91598736dbb7319952f0dfc",738404992
"4046ebeeb7ab85affcfe337c",895768960
"d12059af22bc7d6ff170430f",1125492224
"99d39d72083d7485e8944a3e",482461792
"b9ab2dcd8d1855e4bdd540c4",1016552128
"97106114a8d353ffebbd07b7",966838976
"d5c950db90c92be5fe753189",798403840
"119833a13f3f7df22d2b270a",471921632
"b2078743e33e1acc49c2d2ca",756479616
"fb9371f86ca6f4e62ae374c3",442232672
"6a39a747417143f0cd24f3bd",958003136
"7bc0c9e2760e4b1488522768",971076416
"3898683e5d24bab9eea24d30",745837952
"be0e466ca7d6942282c8626d",773087872
"2d65980024ded46854c25260",1223950464
"87aa28825a5b8ffbac5f2e2f",642670720
"918b0d900ead8267aab4cdf7",585984640
"0c85506b301862fb58b467cb",513016896
"4bd031478b15017efd41b2bf",889056768
"48bee96c1f65b8e283d67483",526603040
"7618cb8d215425c931f47886",538152000
"a7a219e7cd18f3c4b83649e0",522290176
"9d3f5b59b9735da05588b3d5",378071328
"6ac5f5f52cfeed2f0ac9d018",750503808
"d885902c923752eab7b619e5",393399424
"b183e2562cc4816244ce0e1e",692360640
"88622b66e6c47cc62c3824c1",688503552
"01230eede2a4a74ec4ee5105",689653056
"060451a9e3e0416ff41d253d",820750144
"3ca0e7723afebbf53e390297",922438656
"e2ecbfaacf11ed16fd71abcd",504495968
"1f0d83013ea5e4c3f4beb583",781453824
"450c4eff7e37a271fc24ce3b",604891968
"a70d331be751cdc3bd0aab29",589821312
"41ac76d4fa450fe0c377a0e5",582400000
"2ef8a530db816223dcf474a1",554819776
"d09c1af87ddad4ad11b82626",497584128
"35b1cd8020e7efbb9ba5adde",938391872
"6714f846f2fa3527641ad96c",768690176
"4cd5338bcf246ebf263baa35",573445952
"0878a639ab8e6b6e69a3df41",790544320
"f4c118396d781c140d8c9b08",505091072
"27151512d4b592014137ac1f",828734016
"8e5123f5ef1da66571ccb600",1122912384
"c491a13a87fa1ef595b35826",759878656
"52d6c4bcb442eebdab338116",899379072
"e23d93ade25e73614d7bcd77",1276193664
"43059ceabe98412315566838",834898112
"93b7fc7c4f07a7f117e687a4",725649984
"09caddf25db3ac8e1a98565b",775308352
"e3034ebf243b024cbef83cc9",745088128
"63cc884a9c5c888de176461a",632474752
"069fb1f8d0f06ac2fee87314",720620800
"059aaea3859c4b9662ab4df8",532625760
"148b157ece514d99be0a7f93",428076576
"9c4f397c093dde7de5d485cb",719308864
"e28d8dac5c1c75d295a9eb3f",532625760
"a804849802cc0820d25f955b",532625760
"fc43df7f26644fa464ecb090",554125120
"608b26adceba64d9ebc5486d",532625760
"be8bbf40db0dde8ed4cf338c",532625760
"d255f73d4066fe559065266f",529539136
"c552cfa8e6b8c8be2c963ae8",434368544
"5ee020d4adc767b3b16fffdb",479996256
"2a01945c2ce528c02b391c61",564920512
"dd7ee555ce0b2d58dbd8a9ea",431858720
"a732aefa7ea4715325e9e80e",468386784
"c6faa40acaccc1603c29df96",554125120
"fd8caba10cd4d1df27605358",471390752
"788c49c17df556bce0abf6ce",760392768
"2d0d803cdbeaec6e2626eebb",573206336
"0872074f7bd512dbd4609c85",441356160
"3f97341f90b11e6a7a7f7c2c",579534720
"2bfa301ea435f929e6c0d1ba",419251488
"1d029020622a600aad4c2991",793631360
"8a100bd7f5da66664a2680e8",482585440
"1441a28c376a20c90d72cfac",613139968
"495eeef459e80680720a0ec8",511002656
"df81d07cc6e8fb0a01c0f404",537802624
"e23ae41983b9f112f05bb703",744484544
"a2ba273b099221390bee92a9",519755904
"63dfd58a5c43cc7c0a468209",409059136
"27aa789e29e52ef8d78b9bf5",712562048
"fbd613ac06b6bf20d76822db",686228160
"2a805135d8030b614d9df9aa",588964864
"22c9b57a67cbef0920d09174",464362336
"fb76da6072bea5801e407990",430137024
"9050b1061469970ce28742a7",548566208
"96f5db1dd0f36d1087172fcf",633377216
"38cccc333e2c38bd608e1880",684797824
"efede59a47d17737f90f4bcb",917001472
"bca5301e6460eb859b7ef34a",513986464
"a23a13e43f3e08ab82c6ef82",502987904
"8437a42a8e7ebca46eb088cd",488337376
"6e3cbc252c449fd4b758b97b",476272128
"6cc6b0672aaccb8909f3a751",529095968
"c60c2efec3c12959d86fe3c8",459397088
"d0e45d520227ef8a1f53ba28",674164224
"e45293f1e6ceb2fe79f6e0d5",689296960
"4202dc3f8255586e1ccfff46",569661504
"1d04d5450762d664fcfab674",718830464
"a3f969063f78dbd95e6ee795",585756032
"2e3fc1d628f6727880d3d4e6",491617408
"22ea31eadbd3a54216443137",384572864
"6490a1eff73727bf62458b0c",622968000
"49721aafec7123f6ff4d8010",762406080
"bce608b4629b6c8512ea2fde",767704000
"a7ba3ccc4831ae7e539f0cfa",484094976
"959b2293af0ee4f7c9fea7c0",633645120
"bbbf74a3abf9cd8718384a65",550108672
"680a71ef7ec15bd919c06320",684320576
"0bcdef6d56052acd2afad93d",490631712
"1bb885a07f57936b919629b9",533245664
"8a222af682e2d7796643ccf7",672454912
"3370a48ec22302456c41ded9",494787456
"46fb04e7578da5741f6da4b8",529624480
"e9da7f2549d914aab6a30e10",497914784
"10d0506d84d778da572ec635",673106944
"966e8fc9af08e76f8b276245",510400608
"0da2a849e0f83b17b006e50b",488043744
"f7101a05db93cbefd6a3b31f",405215936
"b74fd7f7db38ec233c6ad71f",490392736
"0d63e52a47fa884e36f10810",617913088
"77fa49bcb52539888d481ab1",615296896
"6f412fbb33519fdd31e741c4",500944256
"6615da422a3864d415b28fe9",534513792
"f258fdece395f0c4f4da6a96",612129024
"c54c645c340f59dd5f47bea4",493175456
"bdd287e9de82903f210878d6",721985152
"e110abe74ba0ad062c9b575f",681114048
"47e5ea8cb7f5ab6703803690",574335104
"e71c6f7437c633e2d9da643e",639528768
"783161faf2e3501c38c0aaaa",493484288
"5fc3de15eb0cd87be5ed2e6f",518493888
"4066155e224520530ce985eb",535056256
"7745863791b5cc6d49f84c8b",450069440
"aa7551be1b8d6278d38fbb00",637320192
"d654c9bbda61c4c0ee1ae2cc",518589568
"d224080523a2bf2e81698d15",478878208
"5f8d0a2ab1f9136de446528a",634858752
"405fec98d5a3c8981173311c",545978432
"2a9e77fd00aaaf773d130914",431926368
"279b76adc4bc9f8dd86759b1",567775488
"f815ec1a63e980717c9c3290",506136256
"a8fc825e34bd9bd56ec5331f",553772928
"248ed6abe6e528dedde951a3",484304640
"2bce6544d58b6970192a1838",501298624
"352a76b301243d22d1b31f79",555010240
"bb9991da696d6e1f13a32d0f",470134656
"8e88e6cc55ca769e472aadfe",584487424
"339ca7bc687766f517ab3274",436391008
"93375efb2e74f4913d21d94f",536627168
"17d7e6d321bb7394546e6b7b",561828736
"0f601f5ee798174ea9d52caf",547625024
"8ec8cac469f2448654312aaf",722555712
"affb62139f02e524692ebc5b",556518016
"c01199a4b2fbf0f6cbdf2a65",746165568
"4d1f49443787c874ba19f968",670544192
"035c61042b7dbc7ef888d1a7",927051840
"0fc7d98f75bc1c0b782a328e",740520832
"b1924a5697dfe829b5b8ad76",524538656
"d0100c18dba3c334327b29e1",697154496
"add1a20e8bba47aad2edec69",708962368
"fe8a78de9ba7b59a112e0046",539694208
"b319d049a3a8e4a095940106",796073152
"303dc73dc1130de9aa2f70f3",578063744
"e471b2ef30c388893119a010",742381888
"9309d812688d0d2bdd33d830",772440448
"fdb192e57e3e48f70a492b87",722410432
"c514c9a35632e5a9c0476a31",708187968
"3bee8a9981a1e9e13a05cafd",699904256
"9c942287410db3d0739e182e",598993088
"f59b9c03bcd4e0e06d23fb47",602782528
"4c11f4ebc622483532c24a06",737772160
"1f53612f7029a21e2e9f74e1",842432896
"1f4b6eaf52fb940e666c1c93",816584832
"dc65f0bafddf39c6c4b2c9f2",620471680
"344823ba2777540ffa2a8fbc",729439232
"8cef9b18f20e9c5a32e7ccc9",692676736
"413d6e4fb772beff60f73e2b",750920448
"15d3ae51558bfeef80b9e97b",686970176
"b81c26f2ea6b66c8315d1146",740630208
"c3786f81345d39fd8b353da3",679794752
"6c568d2287dcf12b2aacd388",663764608
"e6482f3b6184515453d16bf2",754444288
"32c7b848ef60432d98f415c5",743561472
"1689c3e3982382e27a4ae074",772645696
"3d0cc51b7a2392f3be3b1666",723003200
"1dbec7879e793ba9685741b4",738484224
"82ff2a63a863c089ea90bb5d",849828288
"3d9856c3ee0a4b5a833c69ab",617521152
"6f293451319bae38c71b8266",711662720
"dfc817b569fd71d2dd47e980",745828544
"c34d46d83e76f54d53cadcb2",773532032
"e08ed8c82d05dc3cad8cd2c1",697442880
"e21f2a8d9c641e45d442686a",800958784
"f1793973b462cdbffb1ad648",750036352
"b15bcd6248958d98867ea585",809561792
"e640424f3b7d1db403c36ba0",645492736
"658c0b009a09339a3f312145",787349184
"f01fa45466e2730f935a4128",702964032
"b4d69c7bc93efb3790eb1422",811511680
"c2242a77d30c0abbed667ce4",732128832
"39542105a7c46ded0cc373a7",839768704
"13f42390057bd294cd787822",740271424
"183d99d88d1e7d995180918c",742200000
"60dd7dc49139e7816dd8b143",606534080
"6d2ec752890a2f1c4094044d",737455424
"0e776964ba3733f3ac18a7a0",726564672
"92369f73435d1ac3fa95f185",681142912
"8db285eda04ca37b86dc9724",738327104
"a7b14faa46e7b73ee4e95ee6",722694208
"010e676743f6afc01fd0838b",713958528
"987199d3a23c08ca887b301d",743347328
"4fd8643e1c43ce9a0c18a19e",710544256
"4d0985935e1432b3916d45be",681515904
"4623317e8c9044e314ccc4e8",696680192
"ef8430c4d15e5887b8103bc3",729880512
"cd6ecb0f77acd93cc1c9038e",740040704
"b0962bfdb6a2c79a0ca84e48",621412672
"7bf592c5c34bfe6a5df3dd40",752596544
"9337becb0628955b47e45b98",739878528
"9ed0bcdb62b2223d716d40d3",776464448
"4255eae670033d9c9e9a6e3c",729310912
"c5346c37454ac2b13b92240e",764954368
"94fd4bb5f41087921ca12b58",625934080
"ded674ba9c7b76cda404bac6",672507776
"ce25e9fd3bce9b75050aef5d",783906112
"4e7d3cbe3c62123fa7e2d969",703615744
"dcf5b42ecb23800a458562e9",737865664
"0d53bfcecf0397ca27e5f78c",805222400
"f4ecb15ef992a677e8b4fee7",516030432
"46eeb8f186f86f7859274d4d",723913344
"b5a7d4288dc7a7868678b9e4",689271104
"34f99327fe595ba6e32d89a1",620989888
"9a53016fdce3d3b5c2baf3fa",732546112
"26be10d0ce8b763e9b457e76",751019328
"2e111ff939191cc6df2c59bd",802092288
"ddcce0b9776593e3ef3ce21b",658126592
"937c0b6350beb0f51e53ff8c",547079040
"f50941445773dd62e87e0416",742381888
"93a1aefcc4ccafe4866bfc76",626460224
"70c0a72b31dbc1b97c102c13",729241600
"8aa9e1e89993aa49c5c3eced",605395072
"2a5ecebe40fc09b45d6ee5fc",650258304
"5f798656baebb094a3c83793",900461504
"596b6f435f76058493a16cd6",867942912
"1c510a71734e955f75187106",775058752
"07de14db9dcc2d4f9eac0dd2",1031407424
"29503210dfd57bfef8f16802",834481280
"89575a90c7b9b960c8f4e052",779379328
"bb5a6045d18e19613325dffd",865567680
"f984d34c8f27e3cdb7c2a44a",837312192
"90822d4e3a369948cdc4d998",718260416
"5b9a21a42d5f50ed4b10581c",848937728
"1be01d052c6a65c5ed286bf4",826132864
"b73d317e1e8ddc3d5d0743ef",860393472
"bcd302e3b5342ecd8cc056bd",867327872
"eb8956f0c4a885619bf1ff79",829830848
"d5b950c5510c19ccb926e7c8",888809344
"1e37ea0918a00bcfaded3453",770878144
"1d55f4694f3e000ee3ce47b3",830363840
"cdc3e114698984145df842c7",849033280
"9c611e246a612ac6906abe8e",853379008
"c0c820463dfec602a6118ed6",804195072
"6302d4fff078a118c3211794",818671808
"c98807fc596bb2f505b4da9b",883614208
"cdde8657b5a215915a04126d",910879808
"3b2fa7905fd8fcb3e11ebcf2",795344384
"59764968800501c68631aea3",786675584
"9eab02171cb5f15963670172",904763648
"61f84e5a07f37865c31d4a07",809219072
"1494f223c9d3ffba26e42738",824890368
"ba137cbd10757ad20e5991c4",931727104
"d2fb81a477ef3690cb11c93f",979925888
"ec4f7794cb756b995d5d207f",863046976
"ea4add08aa912717cd42f9f7",882854912
"f11d7627e2f18c9a75595501",871039616
"8095589d5e1a55a76281e13b",846041600
"f5add08cb615eb18b3153bf2",829861248
"1894346a27970572aa703cd2",954887488
"805a491334f865f06ff42329",835173888
"062d5544f5c96db90fa3a526",913042624
"332201e2583141f3a02dcca4",847204864
"4baf1bfced8e85013eca94b9",804195072
"8bc002e1f02beb4d83a6f6ae",789321600
"adebafcf3eb0d34ae31718ef",895320320
"60b5b0aa0c1319557cd0cc85",958580032
"3393fece8a6ed311ad865e66",891957248
"df4a1968046eed5326119599",900262272
"b044b9a587b2c6ca00447177",810719360
"005ab848b35907e42aa0f4f2",1047043264
"140a0002732574ecc516e9a8",872735552
"bd850d1ccfc4b21a72f3ec44",867826944
"c6dc8c201ce38ff2ea49cd68",999434688
"572ae40f693551547e13a196",961863168
"b39d1b2637dd8e307c8ba13f",861178240
"2ad02d6d56b95ff3382b53b6",943621504
"5201393754f4a5f2a476ef0e",957255360
"72a66bc6d15390eb05a5c688",733382144
"1f1f3e47f3593e4b2824e628",700733248
"bb7e14611ea6b5e4abb5b89c",660591680
"b82f8abc8001cd6731c4ef45",634292800
"6228854021e72af611d2e59a",561093440
"6d21e1de9c880bfbb17350cd",907179392
"7cfa0c98191ef9b7c45f0520",388151104
"a739d80c3fb6b166a2c2182b",608230784
"36f85981124e858c157f83df",545945920
"3d6d51ca99f2747d6b92dd19",603749568
"092b7b5bafe25bf485de37a4",718169216
"f2e0163fa07f89820739dfcf",836228736
"ba47346e7a53412e78363ac4",818816000
"f86e80b2a831572b85b04e55",719178304
"199a6f7df516a685f086dfa2",528740352
"81f6d6790aca5e9270c3d1a1",435978944
"74f099ca0d949c8042569d51",495493280
"4df3717406f9852284576caa",471410176
"5246f7d8023a4c178af6d10c",550250816
"69d9908e13bf7c8ac4c30531",518127872
"e336d9d892441c7ad886a98d",483272992
"f82e1c70884ee1285e1bc491",464046240
"0ffbcf7d58378c85b4103c7a",480713632
"3679e1844a35c0c87fffefeb",418455936
"955a15a734e56eb287555307",530243072
"722f262a44b2bb6fc05ec35a",443053088
"48c346042d9cb826a3714466",462997472
"bc4b7bbf5df92f476b6be103",494810112
"667685f89a61aa2ad5c9ac7d",412225632
"8be5fca8f4339712c6f3e29e",565129024
"09a5fd22f920267b464e2a00",777648128
"f6d2d31af94a6a73912dd9f5",981047808
"0e9a5ea81f6d91038d8711d9",618567360
"8b2d8edfa6788ddc0c7b3eba",771329856
"2f48a73bfcc91272161afd39",671985088
"a78417c74b8c99279912e427",730514560
"4d69f7c7e0e837879abbdf78",499055520
"926a7b18e48cdbf6ac3b396b",576429248
"a06733f7b3ba964c20ae2698",811541760
"02d598a32d864c289e3ba6b0",798982336
"3977cf1326ff502251f78f66",769890304
"c3cdfd0733404ec885eb3edd",714492160
"a28bb09e30bca82627e595c2",619307072
"0a2f8c8ca6094e6626d4e8b1",770639936
"ac9baabfd96d58e376149a7e",790964864
"700a052900adbfa149dd5b6c",936570112
"4b30968cdae59b4ef3298f19",856941504
"c673d94552bc3e451672939f",954021504
"75392e8381e1c891377fcb29",824865280
"a55d7074220aa6a750297c08",847984704
"81eea19e7c12d65d21e23648",759208064
"69df7bc1d82d9723c70eca70",833231680
"815cfcc4d26738f74cbb67ae",724788672
"5ea150753f8d07c71af45cd9",822525888
"f851b02d18e74610a900bf14",907531904
"76b9af8036e38d5d30ac4c7a",1045096576
"4ec5ab39cae4afc3b0e69438",792228288
"c74020c85c9fcb2a2cb3ac74",628107200
"6d6ad5e3ebaba1c11dec0f16",785130368
"acbe4eb98668ff4967a8cb86",757753920
"16a40e3dbfbb9c703e04028e",698183424
"ee5fa0932e098cba28d950b1",749358400
"5f9fa56b99677a489a9966bf",672086144
"4045e30cced205e8c5b2373c",452136672
"eb2c7a973d4d6ce8e6ae87a0",864744384
"99c69eeb96e1016a7e53b33f",719870848
"aa7f56d05ed29183b825d61d",521620352
"4630a9af58fb79c0008e5fa1",626992320
"ac003932eba3a174c5b998ee",639493696
"56a7470ed14454665aaef75a",1014032128
"a4e4f56336e07304cb946b1c",828034752
"00ce045307538da1b0bb7972",612075584
"cad720be1395e2ab5869807c",520292512
"344be03236aed65e74b14a2f",467435392
"58a86bf535b4c16b50dfca06",403151392
"d52c3915fd7d2ef8c92a22fe",432986528
"8a4b7e86a90a296e10a49ea3",441195136
"e1717a317481b0765a7a6a0d",493686432
"97fc10f5ce4a6fd7357381a6",467435392
"428f4bc76d4cd315ba8f89e9",403382816
"4d882ac2b82569f74aa08824",416590080
"948ba87dfd7993460c967cb4",470639104
"1bee6a5aed5417181a3db77f",495913536
"63cdd73026431f5566fe246e",391924224
"013e2a07f94a99323b64d370",1036777984
"ff56b24cf15289dc6d14800f",676930432
"7bdb94165857bcd37206cf18",466935360
"1d1e29d9601aa0eddb4d6c2c",575133824
"a8c9489973c54b93737dfe20",737022912
"254892c6b84c59ff5ac4f354",487669312
"c6e9772058edb2268434d7cf",777971456
"916a413537580440c4ac6028",573712320
"bab8e472424cd57faab87ff2",540670080
"eae5eecfa2fe828afbc94b0a",534203264
"da26059a2cf36e02b8702320",442918848
"e18fecb7e40bbcaf26c863cb",835060096
"a55906464634558b94d9298e",672242880
"3032ae39e739fe46e9e198e5",637951296
"663e062b85f16c2419f8456b",582686592
"aad0e527c4bf6283f76b5bed",726331904
"32fbc0f1934f7325a404a2eb",1206958464
"07d1137c1f0aaecbbad32f7b",714664000
"3058b792e3f6781e438a2e9b",726447168
"33d6b1bbab4524c3aa03756c",432363488
"c75d43b8089321e359e14264",668029056
"29ea1796aede16cab8a50497",451666048
"bed21c41b31a3bf2095aa273",515293536
"ec232a7ee3aeac713516614b",666025472
"bb7c68c2652c7e124d88631c",539431680
"697b6c6f7666391fc689cfb9",677092032
"d912e45dda1a3a628fdf50d6",612946752
"96fa88a07329d3988b6b41b3",744810688
"66019487c37339e9354ca999",558166784
"fd2dcbcb8a31e97f31d22a53",887997056
"1a309175498997e1b8f0aae7",1479260288
"e83119808dd08ca090f5ed85",510332384
"1a26960e24de046588ca7837",663760960
"379c4fce87557848548b0944",465664160
"b2d7355eb2aa975900776275",625154944
"3b05e06aa0bc40b9db16416e",432117024
"4a5405b1e181f5b10fec35a6",746081856
"aff22625564f00844ea2610b",676729024
"b40addfc0da42b0e530503f0",727742976
"9200d647b6ce9aea67ff8ac7",724008000
"3057660e38fb757dbc8bd898",944454656
"799be2171dae4763df530e4d",585162816
"819265a930d32a97533d132d",1122737024
"9ba689b29d0696fb7ebc44d5",955265856
"0f7e28b6efb9d550ba28a1e0",831430592
"57551742fefae23bb32571f4",689927680
"9569a50febeb4163e28c192c",858667264
"1d03efada56f8a70bdae6aea",702978816
"bfa56d6230b858591743473e",811641984
"ca54914a1cf1028b9c8b681f",519276672
"54304b6117b797791d266cc0",743540224
"166ae8e3d0704209d6715240",819147136
"b56659e70367566a4ddb81b2",801064256
"2641f220611056a1f5616dae",958190592
"08a82bb9fbe4b7abb50cece1",661003328
"b40a9888ec0379fbf85516a3",1146064128
"d35462df6c686296a3c7bb23",732996608
"db244703ce223e6acacbe85d",809767552
"a90df94f959030227fa015b0",528943328
"d97d462ac4f5d9cbbf04e9ca",936100608
"7fe6ac57e87b8126ac4f8530",924759424
"69c28dce8eeaa86605143419",1349801728
"2bd6682ad8343b69fae1a59e",848110720
"2e6fb29cbc1ccc3d97c92c72",700603840
"9eabba4531191127ee91621b",909750976
"d0c411218ffa7c3ebc10783e",647896896
"0c61a011d7fe0227be2b3575",636616128
"2c47c3ef9e139d8c4513a090",592357952
"f6503aab62a68ca16eba3fec",1224571904
"e7dc05756684b070b36d681f",692874368
"17484950b143d0395907ae6d",695998848
"3d997123b33373024bd2cbe1",750198976
"ddba305c2a3ad29db24a0658",1227719168
"b65efc402cfddc0aed4e1d76",889842240
"4a7ecb05c9886bc35f6b9160",648987584
"b4e14604b888c994b64f94ba",814370816
"ab37764e5f4e00097eac947a",890760832
"764da64c41700da5ee80b8c7",760395328
"8a84a073b855e37a12327357",825132096
"5a6878f8a47f1fa2fc1d600d",1125607680
"505f3d545ce83d0c848f828d",1467070208
"6687a2299f38c15598d11eef",1221253120
"533134592237b2748915eed8",853080256
"daae80933675e767b50bdd17",1094258432
"945f85a061dc4e95e779e27e",1082866432
"62dc69d80cd6ea9fb7fe52db",595414080
"153436858070f7e724f0cbc1",1016821568
"7f9875a5336a32d73df2402c",979643456
"ac11141115d391be44e6426c",636320064
"f8243b7b679dfe8303180d73",1230240768
"1376106ebc19c929df27bb62",653852416
"f591597c9a1ddd9852eb3cfd",1036777984
"a748841236a7a7fb33138845",477117792
"6ef43ab43841696400d91859",650705664
"601310d800d88f0d387235e4",861977728
"db81ec58863dcc5d12839883",618678656
"68d35dadc6d0dea61bf4b513",410263456
"ba9be0b67571b1e9242664e1",636457344
"1690af2e30b05da545f1576f",1288434048
"fc72ebf9381496067101da61",449152704
"3a2e95f5eddda4df84b2e2b3",606715392
"a660d5809085b4823e287a5e",461874752
"799301c01a3e7fc2af5a14a9",838598016
"824cad597aae34d7d59ac939",596069824
"23cfc154896b93bce4356ae6",527856928
"a9b96d2a23ed155043085e87",1023511872
"f5d529ff6a35fa78ab14de21",576379840
"9b337cb1451a8fb078dc9a07",814364032
"cd1fc7362660bce494b5117a",503221440
"26454cbe44a07cd0df12ca07",819321152
"cc5563550bebb29c83ae3054",1010791360
"109bb36f29b223a81dbfa340",900707584
"31081c78ce92e1d8dbb315b9",597748352
"502aca1a1097438b32eb362e",1121268096
"4c90ce573f1d61d11294d05c",1154513920
"87f1e9ca16a7ea48de04fa73",1136332928
"224f6e839dcbd91491f3f1ac",389778464
"8ee7d2e0692e49bf9d308b4b",885053760
"a3ff6a1fe37a1bb736b1100d",745650624
"97d49e61c1ef55451e52c8e7",768704384
"b6514cdb1e2cf37e3ff8090e",1484736384
